# Alias OBJ Model File
# Exported from SketchUp, (c) 2000-2012 Trimble Navigation Limited
# File units = meters

mtllib cder.mtl

g Mesh1 Component_1_1 skp7EA0_1 Model

usemtl _auto_5
v -0.208321 1.18664 0.21232
vt 0.099325 1.80101
vn -0.854078 0.00146657 0.520144
v -0.178993 1.14231 0.260601
vt 0.147218 1.76589
v -0.178259 1.18544 0.261686
vt 0.147223 1.80158
f 1/1/1 2/2/1 3/3/1

vt 0.147422 1.76602
vn -0.863428 -0.0220353 0.503991
vt 0.0995296 1.80114
v -0.232802 1.15697 0.169055
vt 0.0591798 1.77511
v -0.208429 1.14298 0.210253
vt 0.0991499 1.76489
f 2/4/2 1/5/2 4/6/2 5/7/2 

vt 0.058835 1.77516
vn -0.887675 0.0684004 0.455362
v -0.229755 1.19344 0.169517
vt 0.059495 1.80555
f 4/8/3 1/1/3 6/9/3

vn -0.891862 0.0297767 0.451327
v -0.206487 1.22587 0.213356
vt 0.099834 1.83351
f 6/9/4 1/1/4 7/10/4

vn -0.846823 0.0255593 0.53126
v -0.176787 1.22375 0.2608
vt 0.146148 1.83333
f 1/1/5 8/11/5 7/10/5

vn -0.85275 0.0447932 0.520394
f 1/1/6 3/3/6 8/11/6

vn -0.79929 0.0445655 0.599291
v -0.150038 1.19033 0.298961
vt 0.185907 1.80711
f 8/11/7 3/3/7 9/12/7

vn -0.798179 0.140015 0.585923
v -0.154721 1.15654 0.300655
vt 0.185763 1.77862
f 3/3/8 10/13/8 9/12/8

vn -0.855464 0.00154761 0.51786
f 2/2/9 10/13/9 3/3/9

vn -0.784375 0.554292 0.278416
v -0.166723 1.13807 0.303621
vt 0.183968 1.76017
f 2/2/10 11/14/10 10/13/10

vn -0.684229 0.680462 0.262299
v -0.186892 1.13275 0.2648
vt 0.147588 1.75506
f 2/2/11 12/15/11 11/14/11

vn -0.654702 0.683051 0.323739
v -0.211571 1.13367 0.212962
vt 0.099849 1.75634
f 2/2/12 13/16/12 12/15/12

vt 0.098946 1.76476
vn -0.788286 0.401615 0.466165
f 5/17/13 13/16/13 2/2/13

v -0.229193 1.13851 0.176754
vt 0.066324 1.76001
vn -0.802026 0.399745 0.4438
f 14/18/14 13/16/14 5/17/14

usemtl _auto_6
vt 0.266831 0.15069
vn -0.677931 0.609222 0.411411
v -0.240804 1.11598 0.19098
vt 0.271632 0.138603
vt 0.285073 0.151014
f 14/19/15 15/20/15 13/21/15

v -0.256451 1.11362 0.151297
vt 0.252618 0.136549
vn -0.774853 0.570849 0.271542
f 16/22/16 15/20/16 14/19/16

vn -0.921793 0.157923 0.354061
v -0.250733 1.08274 0.179959
vt 0.266289 0.122963
f 16/22/17 17/23/17 15/20/17

vn -0.824559 0.295246 0.48263
v -0.264467 1.08327 0.15617
vt 0.254019 0.122611
f 16/22/18 18/24/18 17/23/18

v -0.277439 1.08415 0.11046
vt 0.233188 0.122194
vn -0.920397 0.285894 0.266709
f 19/25/19 18/24/19 16/22/19

vn -0.952467 -0.145797 0.267486
v -0.271592 1.05341 0.114526
vt 0.236233 0.108628
f 19/25/20 20/26/20 18/24/20

v -0.272184 1.04869 0.0538015
vt 0.175841 0.159802
vn -0.98268 -0.183767 0.0238514
vt 0.175526 0.180775
vt 0.164504 0.179699
f 21/27/21 20/28/21 19/29/21

vn -0.90306 -0.427456 0.0420041
v -0.256703 1.01718 0.0659895
vt 0.18789 0.162778
f 21/27/22 22/30/22 20/28/22

v -0.244482 1.0141 0.00314099
vt 0.188234 0.141162
vn -0.864809 -0.480835 -0.144581
f 23/31/23 22/30/23 21/27/23

vn -0.809275 -0.573032 -0.129263
v -0.225916 0.983508 0.0225294
vt 0.200923 0.145795
f 23/31/24 24/32/24 22/30/24

v -0.211036 0.991121 -0.0675825
vt 0.197243 0.115357
vn -0.786305 -0.591104 -0.179776
f 25/33/25 24/32/25 23/31/25

vn -0.787769 -0.589129 -0.179851
v -0.194405 0.967374 -0.0626417
vt 0.207175 0.115675
f 25/33/26 26/34/26 24/32/26

v -0.181782 0.995502 -0.139246
vt 0.198212 0.087404
vn -0.736938 -0.586157 -0.336664
f 27/35/27 26/34/27 25/33/27

v -0.177087 0.971649 -0.141123
vt 0.207588 0.086711
vn -0.96002 -0.171569 -0.221193
f 28/36/28 26/34/28 27/35/28

vt 0.249963 0.988787
vn -0.96304 -0.154121 -0.220909
v -0.192311 0.951837 -0.0609338
vt 0.293726 0.979949
vt 0.291761 0.988787
f 28/37/29 29/38/29 26/39/29

v -0.176232 0.952889 -0.145049
vt 0.249095 0.979042
vn -0.98219 -0.00543334 -0.187809
f 30/40/30 29/38/30 28/37/30

vn -0.800575 0.581235 -0.14576
v -0.201661 0.939302 -0.0595627
vt 0.295205 0.971227
f 30/40/31 31/41/31 29/38/31

v -0.177697 0.932731 -0.150799
vt 0.247777 0.96879
vn -0.954541 0.14385 -0.261073
f 32/42/32 31/41/32 30/40/32

vn -0.782539 0.571638 -0.246706
v -0.20439 0.904507 -0.131529
vt 0.26155 0.953636
f 32/42/33 33/43/33 31/41/33

v -0.183136 0.902348 -0.162656
vt 0.246096 0.953335
vn -0.762434 0.349087 -0.544824
f 34/44/34 33/43/34 32/42/34

vn -0.765981 0.338521 -0.546514
v -0.210521 0.844431 -0.160149
vt 0.256133 0.92951
f 34/44/35 35/45/35 33/43/35

vn -0.627349 0.264929 -0.732288
v -0.190144 0.847131 -0.176629
vt 0.245873 0.92962
f 34/44/36 36/46/36 35/45/36

vn -0.518013 0.271044 -0.811294
v -0.121514 0.899777 -0.20286
vt 0.2134 0.951766
f 34/44/37 37/47/37 36/46/37

v -0.120573 0.930897 -0.192839
vt 0.214447 0.966892
vn -0.517 0.276516 -0.810092
f 38/48/38 37/47/38 34/44/38

vn -0.307442 0.300097 -0.903007
v -0.0568251 0.927948 -0.215523
vt 0.182783 0.964971
f 38/48/39 39/49/39 37/47/39

v -0.0597713 0.953658 -0.20839
vt 0.184611 0.97771
vn -0.318049 0.219432 -0.922331
f 40/50/40 39/49/40 38/48/40

vn -0.104015 0.254793 -0.961385
v 0 0.953455 -0.214911
vt 0.155702 0.977482
f 40/50/41 41/51/41 39/49/41

v 0 0.976053 -0.20996
vt 0.155703 0.988787
vn -0.105251 0.212821 -0.971406
f 42/52/42 41/51/42 40/50/42

vt 0.844298 0.988787
vn 0.105251 0.212821 -0.971406
v 0.0597713 0.953658 -0.20839
vt 0.815389 0.97771
vt 0.844298 0.977482
f 42/53/43 43/54/43 41/55/43

vn 0.0945548 0.183782 -0.978409
v 0.0604101 0.975985 -0.204134
vt 0.81483 0.988787
f 42/53/44 44/56/44 43/54/44

v 0 0.999005 -0.207465
vt 0.798439 0.005687
vn 0.0955472 0.107557 -0.989597
vt 0.788875 0.031262
vt 0.78877 0.005687
f 45/57/45 44/58/45 42/59/45

vn 0.085055 0.0795016 -0.993199
v 0.0616252 0.99869 -0.202213
vt 0.798531 0.031663
f 45/57/46 46/60/46 44/58/46

v 0 1.02478 -0.205758
vt 0.809249 0.005687
vn 0.0850702 0.0658779 -0.994195
f 47/61/47 46/60/47 45/57/47

vn 0.073955 0.039308 -0.996487
v 0.0628 1.02441 -0.201111
vt 0.809335 0.031937
f 47/61/48 48/62/48 46/60/48

v 0 1.05582 -0.205237
vt 0.822176 0.005687
vn 0.0738718 0.0167235 -0.997128
f 49/63/49 48/62/49 47/61/49

vn 0.0797585 0.0285882 -0.996404
v 0.0638002 1.05571 -0.200133
vt 0.822319 0.032126
f 49/63/50 50/64/50 48/62/50

v 0 1.09251 -0.205193
vt 0.837341 0.005687
vn 0.0797412 0.00118019 -0.996815
f 51/65/51 50/64/51 49/63/51

v 0.0646852 1.09278 -0.199568
vt 0.837544 0.032312
vn 0.0865724 0.013113 -0.996159
f 52/66/52 50/64/52 51/65/52

vn 0.352284 0.00585151 -0.935875
v 0.126378 1.05451 -0.176585
vt 0.822647 0.059256
f 52/66/53 53/67/53 50/64/53

vn 0.344229 -0.00891785 -0.938843
v 0.128275 1.09147 -0.17624
vt 0.837353 0.059504
f 52/66/54 54/68/54 53/67/54

v 0.066216 1.13539 -0.200915
vt 0.85491 0.03277
vn 0.343342 -0.0419801 -0.938272
f 55/69/55 54/68/55 52/66/55

vn 0.356959 -0.0202784 -0.9339
v 0.130104 1.13414 -0.176468
vt 0.854144 0.060029
f 55/69/56 56/70/56 54/68/56

v 0.0677588 1.181 -0.202108
vt 0.873446 0.033521
vn 0.356519 -0.036482 -0.933576
f 57/71/57 56/70/57 55/69/57

vn 0.379683 -0.00103544 -0.925116
v 0.131708 1.17925 -0.17586
vt 0.871848 0.061136
f 57/71/58 58/72/58 56/70/58

v 0.0688998 1.23049 -0.200253
vt 0.762043 0.462827
vn 0.380186 0.0258901 -0.924548
vt 0.78339 0.434724
vt 0.78339 0.463835
f 59/73/59 58/74/59 57/75/59

vn 0.395784 0.0485766 -0.917058
v 0.132927 1.22837 -0.172732
vt 0.763558 0.433988
f 59/73/60 60/76/60 58/74/60

v 0.0690603 1.28396 -0.193134
vt 0.739326 0.46023
vn 0.395384 0.120038 -0.910638
f 61/77/61 60/76/61 59/73/61

vn 0.389602 0.112113 -0.914134
v 0.133436 1.2811 -0.166048
vt 0.74261 0.432052
f 61/77/62 62/78/62 60/76/62

v 0.068023 1.34037 -0.179051
vt 0.715614 0.455561
vn 0.386077 0.2301 -0.893308
f 63/79/63 62/78/63 61/77/63

vn 0.37994 0.22232 -0.897897
v 0.132106 1.33639 -0.15292
vt 0.72092 0.42859
f 63/79/64 64/80/64 62/78/64

v 0.0653946 1.3971 -0.154062
vt 0.691407 0.448156
vn 0.368452 0.389031 -0.844333
f 65/81/65 64/80/65 63/79/65

vn 0.371121 0.392012 -0.841781
v 0.127546 1.39154 -0.129249
vt 0.698856 0.423107
f 65/81/66 66/82/66 64/80/66

v 0.0608368 1.44735 -0.116926
vt 0.668293 0.437961
vn 0.346699 0.577595 -0.739043
f 67/83/67 66/82/67 65/81/67

vn 0.357117 0.587249 -0.726365
v 0.118886 1.44147 -0.09314
vt 0.677063 0.415271
f 67/83/68 68/84/68 66/82/68

vn 0.306706 0.771176 -0.55787
v 0.0541241 1.48689 -0.0659544
vt 0.646029 0.424225
f 68/84/69 67/83/69 69/85/69

v 0 1.44932 -0.12416
vt 0.655724 0.461017
vn 0.0972568 0.792534 -0.602022
vt 0.643551 0.42272
vt 0.668476 0.438117
f 70/86/70 69/87/70 67/88/70

vn 0.0983489 0.791926 -0.602645
v 0 1.48837 -0.072848
vt 0.632397 0.443242
f 69/87/71 70/86/71 71/89/71

vt 0.344276 0.461017
vn -0.0983489 0.791926 -0.602645
v -0.0541241 1.48689 -0.0659544
vt 0.356449 0.42272
vt 0.367603 0.443242
f 70/90/72 72/91/72 71/92/72

vn -0.0972568 0.792534 -0.602022
v -0.0608368 1.44735 -0.116926
vt 0.331524 0.438117
f 72/91/73 70/90/73 73/93/73

vt 0.344445 0.460871
vn -0.113757 0.597116 -0.794048
v -0.0653946 1.3971 -0.154062
vt 0.308593 0.448156
vt 0.331707 0.437961
f 70/94/74 74/95/74 73/96/74

vn -0.0936298 0.580424 -0.808914
v 0 1.3981 -0.160911
vt 0.319042 0.474502
f 70/94/75 75/97/75 74/95/75

vt 0.655555 0.460871
vn 0.0936298 0.580424 -0.808914
vt 0.680958 0.474502
f 70/98/76 65/81/76 75/99/76

vn 0.113757 0.597116 -0.794048
f 70/98/77 67/83/77 65/81/77

vn 0.101388 0.405003 -0.908677
f 75/99/78 65/81/78 63/79/78

vn 0.0868005 0.3903 -0.916587
v 0 1.34076 -0.185329
vt 0.707937 0.484436
f 75/99/79 63/79/79 76/100/79

vn 0.0905094 0.242775 -0.965851
f 76/100/80 63/79/80 61/77/80

vn 0.0740018 0.223533 -0.971883
v 0 1.28456 -0.198255
vt 0.73419 0.490604
f 76/100/81 61/77/81 77/101/81

vn 0.07444 0.131371 -0.988534
f 77/101/82 61/77/82 59/73/82

vn 0.055762 0.107722 -0.992616
v 0 1.23068 -0.204102
vt 0.759641 0.493872
f 77/101/83 59/73/83 78/102/83

vn 0.0558503 0.0361133 -0.997786
f 78/102/84 59/73/84 57/75/84

vn 0.0574401 0.0382885 -0.997614
v 0 1.18104 -0.206008
vt 0.78339 0.494802
f 78/102/85 57/75/85 79/103/85

vt 0.873792 0.005687
vn 0.0574224 -0.0280498 -0.997956
f 79/104/86 57/71/86 55/69/86

vn 0.0755565 -0.00165589 -0.99714
v 0 1.13607 -0.205933
vt 0.855258 0.005687
f 79/104/87 55/69/87 80/105/87

vn 0.0751786 -0.0341878 -0.996584
f 80/105/88 55/69/88 52/66/88

vn 0.0866915 -0.0169132 -0.996092
f 80/105/89 52/66/89 51/65/89

vt 0.144742 0.005687
vn -0.0866915 -0.0169132 -0.996092
vt 0.162659 0.005687
v -0.0646852 1.09278 -0.199568
vt 0.162456 0.032312
f 80/106/90 51/107/90 81/108/90

vn -0.0865724 0.013113 -0.996159
v -0.0638002 1.05571 -0.200133
vt 0.177681 0.032126
f 81/108/91 51/107/91 82/109/91

vn -0.0797412 0.00118019 -0.996815
vt 0.177824 0.005687
f 51/107/92 49/110/92 82/109/92

vn -0.0797585 0.0285882 -0.996404
v -0.0628 1.02441 -0.201111
vt 0.190665 0.031937
f 49/110/93 83/111/93 82/109/93

vn -0.0738718 0.0167235 -0.997128
vt 0.190751 0.005687
f 49/110/94 47/112/94 83/111/94

vn -0.073955 0.039308 -0.996487
v -0.0616252 0.99869 -0.202213
vt 0.201469 0.031663
f 47/112/95 84/113/95 83/111/95

vn -0.0850702 0.0658779 -0.994195
vt 0.201561 0.005687
f 47/112/96 45/114/96 84/113/96

vn -0.085055 0.0795016 -0.993199
v -0.0604101 0.975985 -0.204134
vt 0.211125 0.031262
f 45/114/97 85/115/97 84/113/97

vn -0.0955472 0.107557 -0.989597
vt 0.21123 0.005687
f 45/114/98 42/116/98 85/115/98

vn -0.0945548 0.183782 -0.978409
vt 0.18517 0.988787
f 42/52/99 40/50/99 85/117/99

vn -0.345036 0.166199 -0.923758
v -0.120944 0.95456 -0.185379
vt 0.215723 0.978651
f 85/117/100 40/50/100 86/118/100

vn -0.334543 0.278568 -0.900267
f 86/118/101 40/50/101 38/48/101

vn -0.570598 0.23876 -0.785755
f 86/118/102 38/48/102 32/42/102

vn -0.538103 0.388275 -0.748123
f 32/42/103 38/48/103 34/44/103

vn -0.573758 0.262965 -0.775662
f 86/118/104 32/42/104 30/40/104

v -0.121457 0.975086 -0.181024
vt 0.2164 0.988787
vn -0.585309 0.154259 -0.796001
f 87/119/105 86/118/105 30/40/105

vn -0.350264 0.186015 -0.917994
f 85/117/106 86/118/106 87/119/106

vn -0.354183 0.0600247 -0.933248
vt 0.210155 0.058963
f 84/113/107 85/115/107 87/120/107

vn -0.361727 0.0833646 -0.92855
v -0.122772 0.997356 -0.178512
vt 0.200697 0.059105
f 84/113/108 87/120/108 88/121/108

vn -0.584212 0.056811 -0.80961
f 88/121/109 87/120/109 28/36/109

vn -0.582755 0.140936 -0.800333
f 87/119/110 30/40/110 28/37/110

vn -0.552522 -0.0432525 -0.832375
f 88/121/111 28/36/111 27/35/111

v -0.124567 1.02237 -0.177416
vt 0.190355 0.059191
vn -0.553909 -0.00326866 -0.832571
f 89/122/112 88/121/112 27/35/112

vn -0.358561 0.0151649 -0.933383
f 83/111/113 88/121/113 89/122/113

vn -0.361749 0.0234013 -0.931982
f 83/111/114 84/113/114 88/121/114

vn -0.35862 0.0177031 -0.933316
f 82/109/115 83/111/115 89/122/115

vn -0.352262 0.00435718 -0.935891
v -0.126378 1.05451 -0.176585
vt 0.177353 0.059256
f 82/109/116 89/122/116 90/123/116

vn -0.541157 -0.00874118 -0.840876
v -0.184245 1.02072 -0.138993
vt 0.188522 0.087074
f 90/123/117 89/122/117 91/124/117

vn -0.539952 -0.0442921 -0.84053
f 89/122/118 27/35/118 91/124/118

vn -0.855056 -0.0783494 -0.512582
v -0.223744 1.01592 -0.0723679
vt 0.187647 0.114916
f 27/35/119 92/125/119 91/124/119

vn -0.801701 -0.479706 -0.356593
f 27/35/120 25/33/120 92/125/120

vn -0.843374 -0.479169 -0.243139
f 92/125/121 25/33/121 23/31/121

vn -0.864858 -0.436473 -0.248014
v -0.257109 1.04723 -0.0111226
vt 0.176099 0.137766
f 92/125/122 23/31/122 93/126/122

vn -0.885224 -0.421847 -0.19602
f 93/126/123 23/31/123 21/27/123

vn -0.943162 -0.2549 -0.213241
v -0.280325 1.08424 0.0473128
vt 0.163831 0.158307
f 93/126/124 21/27/124 94/127/124

vn -0.975541 -0.215315 0.0442556
f 94/127/125 21/27/125 19/29/125

vn -0.979695 0.195365 0.0450566
v -0.271313 1.11493 0.110212
vt 0.153509 0.17977
f 94/127/126 19/29/126 95/128/126

vt 0.23324 0.136062
vn -0.922002 0.186257 0.339441
f 95/129/127 19/25/127 16/22/127

vn -0.830205 0.459963 0.31495
v -0.253414 1.14634 0.111513
vt 0.235599 0.151915
f 95/129/128 16/22/128 96/130/128

vn -0.874348 0.40543 0.266726
v -0.244924 1.1421 0.145797
vt 0.251284 0.150389
f 96/130/129 16/22/129 97/131/129

vn -0.793798 0.408355 0.4507
f 97/131/130 16/22/130 14/19/130

usemtl _auto_5
vt 0.037356 1.76221
vn -0.89068 0.0153962 0.454371
f 97/132/131 14/18/131 4/8/131

vn -0.85188 0.0508772 0.521259
f 4/8/132 14/18/132 5/17/132

v -0.24362 1.16418 0.144081
vt 0.036059 1.78063
vn -0.904947 0.0858066 0.416784
f 98/133/133 97/132/133 4/8/133

vt 0.007917 1.76546
vn -0.9656 0.0763178 0.24858
f 96/134/134 97/132/134 98/133/134

v -0.250117 1.17447 0.110454
vt 0.007506 1.78906
vn -0.966933 0.121771 0.224081
f 99/135/135 96/134/135 98/133/135

usemtl _auto_6
v -0.264683 1.15715 0.047623
vt 0.21661 0.323074
vn -0.973803 0.121379 0.192286
vt 0.216611 0.29375
vt 0.229403 0.296161
f 100/136/136 96/137/136 99/138/136

v -0.274008 1.12104 0.0462587
vt 0.151551 0.157855
vn -0.94902 0.237276 0.20751
vt 0.140907 0.180388
vt 0.139015 0.157847
f 101/139/137 96/140/137 100/141/137

vn -0.867321 0.4907 0.0834776
f 101/139/138 95/128/138 96/140/138

vn -0.983664 0.170498 0.0577569
f 101/139/139 94/127/139 95/128/139

v -0.263314 1.0851 -0.0182028
vt 0.163389 0.136175
vn -0.956386 0.157108 -0.246256
f 102/142/140 94/127/140 101/139/140

vn -0.94737 -0.201692 -0.248617
f 102/142/141 93/126/141 94/127/141

v -0.230408 1.0493 -0.0791309
vt 0.175938 0.113286
vn -0.906536 -0.216293 -0.362505
f 103/143/142 93/126/142 102/142/142

vn -0.898083 -0.252276 -0.360282
f 103/143/143 92/125/143 93/126/143

vn -0.820586 -0.266269 -0.505708
f 91/124/144 92/125/144 103/143/144

v -0.186787 1.05282 -0.139967
vt 0.176379 0.086559
vn -0.807718 -0.0817002 -0.583881
f 104/144/145 91/124/145 103/143/145

vn -0.515844 -0.0667811 -0.854076
f 90/123/146 91/124/146 104/144/146

v -0.128275 1.09147 -0.17624
vt 0.162647 0.059504
vn -0.517898 -0.0186137 -0.85524
f 105/145/147 90/123/147 104/144/147

vn -0.344229 -0.00891785 -0.938843
f 81/108/148 90/123/148 105/145/148

vn -0.352284 0.00585151 -0.935875
f 81/108/149 82/109/149 90/123/149

v -0.066216 1.13539 -0.200915
vt 0.14509 0.03277
vn -0.343342 -0.0419801 -0.938272
f 106/146/150 81/108/150 105/145/150

vn -0.0751786 -0.0341878 -0.996584
f 80/106/151 81/108/151 106/146/151

vt 0.126208 0.005687
vn -0.0755565 -0.00165589 -0.99714
f 79/147/152 80/106/152 106/146/152

vn -0.0574224 -0.0280498 -0.997956
v -0.0677588 1.181 -0.202108
vt 0.126554 0.033521
f 79/147/153 106/146/153 107/148/153

vn -0.356519 -0.036482 -0.933576
v -0.130104 1.13414 -0.176468
vt 0.145856 0.060029
f 107/148/154 106/146/154 108/149/154

vn -0.356959 -0.0202784 -0.9339
f 106/146/155 105/145/155 108/149/155

vn -0.502475 -0.0261424 -0.864197
v -0.189021 1.09036 -0.140887
vt 0.162375 0.086357
f 108/149/156 105/145/156 109/150/156

vn -0.501652 -0.0510188 -0.863564
f 105/145/157 104/144/157 109/150/157

vn -0.802631 -0.0622972 -0.593213
v -0.232171 1.08776 -0.0822305
vt 0.162771 0.11229
f 109/150/158 104/144/158 110/151/158

vn -0.807492 -0.0840733 -0.583856
f 104/144/159 103/143/159 110/151/159

vn -0.895386 -0.0764047 -0.438687
f 110/151/160 103/143/160 102/142/160

vn -0.899414 0.019341 -0.43667
v -0.261724 1.12506 -0.019708
vt 0.15025 0.13558
f 110/151/161 102/142/161 111/152/161

vn -0.982941 0.0322941 -0.181065
f 111/152/162 102/142/162 101/139/162

vn -0.953893 0.252508 -0.162259
f 111/152/163 101/139/163 100/141/163

vn -0.991106 0.0978474 -0.0901887
v -0.257868 1.16558 -0.0181179
vt 0.136866 0.135791
f 111/152/164 100/141/164 112/153/164

vt 0.21661 0.351157
vn -0.980886 0.177886 -0.0788625
v -0.258369 1.19309 0.050166
vt 0.23239 0.324422
f 112/154/165 100/136/165 113/155/165

vn -0.97066 0.157666 0.18155
f 100/136/166 99/138/166 113/155/166

vn -0.978687 0.115674 0.16968
v -0.245112 1.21334 0.112826
vt 0.247358 0.298322
f 113/155/167 99/138/167 114/156/167

usemtl _auto_5
vn -0.97756 0.115117 0.17642
v -0.241084 1.20112 0.143119
vt 0.035523 1.8114
vt 0.010144 1.82164
f 99/135/168 115/157/168 114/158/168

vn -0.974904 0.0724139 0.210519
f 99/135/169 98/133/169 115/157/169

vn -0.908602 0.0730889 0.411217
f 115/157/170 98/133/170 6/9/170

vn -0.90772 0.0706044 0.413594
f 98/133/171 4/8/171 6/9/171

vn -0.909324 0.0689781 0.410331
v -0.226259 1.22922 0.17125
vt 0.061303 1.83533
f 115/157/172 6/9/172 116/159/172

vn -0.901055 0.0672924 0.428452
f 6/9/173 7/10/173 116/159/173

vn -0.894837 0.120671 0.429773
v -0.219042 1.2667 0.175751
vt 0.06649 1.86674
f 116/159/174 7/10/174 117/160/174

vn -0.912221 0.0880281 0.400131
v -0.202543 1.26188 0.214424
vt 0.101311 1.8634
f 117/160/175 7/10/175 118/161/175

vn -0.842715 0.0764792 0.5329
v -0.174518 1.26319 0.258557
vt 0.144399 1.86598
f 7/10/176 119/162/176 118/161/176

vn -0.843393 0.0787637 0.531493
f 7/10/177 8/11/177 119/162/177

vn -0.756923 0.0804432 0.648535
v -0.148033 1.22711 0.293942
vt 0.182361 1.83785
f 119/162/178 8/11/178 120/163/178

vn -0.755486 0.128825 0.642375
f 8/11/179 9/12/179 120/163/179

vn -0.843605 0.11747 0.523958
v -0.138858 1.19641 0.315598
vt 0.202486 1.81269
f 120/163/180 9/12/180 121/164/180

vn -0.844937 0.144371 0.515013
v -0.140598 1.16795 0.320721
vt 0.205948 1.78876
f 9/12/181 122/165/181 121/164/181

vn -0.845796 0.143007 0.513983
f 9/12/182 10/13/182 122/165/182

vn -0.830977 0.447539 0.330433
v -0.150038 1.14167 0.33257
vt 0.2116 1.76416
f 10/13/183 123/166/183 122/165/183

vn -0.752613 0.547655 0.365578
f 10/13/184 11/14/184 123/166/184

usemtl _auto_6
vt 0.332855 0.157532
vn -0.811569 0.40947 0.416762
v -0.157804 1.11858 0.340134
vt 0.351954 0.147141
vt 0.350822 0.160668
f 11/167/185 124/168/185 123/169/185

vn -0.765854 0.470576 0.438208
v -0.177256 1.11799 0.306779
vt 0.332485 0.145989
f 11/167/186 125/170/186 124/168/186

vt 0.311469 0.15292
vn -0.804725 0.47752 0.352692
f 12/171/187 125/170/187 11/167/187

vn -0.72282 0.583002 0.371
v -0.1971 1.11705 0.269583
vt 0.312153 0.14385
f 12/171/188 126/172/188 125/170/188

v -0.222034 1.11889 0.22519
vt 0.288848 0.141882
vn -0.698909 0.581348 0.416606
f 127/173/189 126/172/189 12/171/189

vn -0.819879 0.321426 0.473798
v -0.225363 1.09368 0.236529
vt 0.293891 0.130457
f 127/173/190 128/174/190 126/172/190

v -0.240367 1.08876 0.212546
vt 0.281659 0.126711
vn -0.83235 0.315063 0.455992
f 129/175/191 128/174/191 127/173/191

vn -0.8511 0.0459188 0.522991
v -0.236737 1.07352 0.219791
vt 0.286127 0.120627
f 129/175/192 130/176/192 128/174/192

v -0.239396 1.06537 0.207797
vt 0.281562 0.116283
vn -0.956006 -0.0959558 0.27721
f 131/177/193 130/176/193 129/175/193

vn -0.801701 -0.396442 0.447336
v -0.227931 1.05291 0.217307
vt 0.287722 0.111369
f 131/177/194 132/178/194 130/176/194

v -0.232097 1.05343 0.206946
vt 0.283351 0.111327
vn -0.804794 -0.513293 0.298055
f 133/179/195 132/178/195 131/177/195

v -0.20971 1.0472 0.210113
vt 0.288057 0.102567
vn -0.275875 -0.959114 0.0631962
f 134/180/196 132/178/196 133/179/196

vn -0.281111 -0.958404 0.0493706
v -0.214754 1.0503 0.241497
vt 0.299534 0.110761
f 134/180/197 135/181/197 132/178/197

v -0.197835 1.04439 0.234535
vt 0.300372 0.102225
vn -0.313476 -0.948613 0.0432024
f 136/182/198 135/181/198 134/180/198

vn -0.276177 -0.951404 0.13622
v -0.199948 1.04994 0.269014
vt 0.313504 0.111239
f 136/182/199 137/183/199 135/181/199

v -0.182823 1.04381 0.260231
vt 0.313996 0.10198
vn -0.271004 -0.952813 0.136764
f 138/184/200 137/183/200 136/182/200

v -0.180468 1.04868 0.301892
vt 0.33114 0.111201
vn -0.275948 -0.952736 0.127069
f 139/185/201 137/183/201 138/184/201

vn -0.801964 -0.38036 0.460629
v -0.207589 1.07234 0.274213
vt 0.313345 0.122324
f 137/183/202 139/185/202 140/186/202

vn -0.801638 -0.411017 0.434098
v -0.187793 1.07058 0.309098
vt 0.332017 0.122506
f 140/186/203 139/185/203 141/187/203

vn -0.787752 -0.413708 0.456391
v -0.162374 1.04774 0.332268
vt 0.347629 0.111065
f 139/185/204 142/188/204 141/187/204

v -0.145276 1.04248 0.319301
vt 0.346476 0.100752
vn -0.221167 -0.969924 0.101649
f 143/189/205 142/188/205 139/185/205

v -0.124827 1.03967 0.349768
vt 0.363686 0.09946
vn -0.241955 -0.967518 0.07326
f 144/190/206 142/188/206 143/189/206

vn -0.256088 -0.960746 0.106703
v -0.139476 1.04555 0.367487
vt 0.367069 0.11
f 144/190/207 145/191/207 142/188/207

v -0.095997 1.03511 0.385851
vt 0.385269 0.096853
vn -0.269873 -0.95825 0.0944795
f 146/192/208 145/191/208 144/190/208

vn -0.26 -0.96319 0.0682968
v -0.111058 1.04046 0.403918
vt 0.387661 0.107526
f 146/192/209 147/193/209 145/191/209

v -0.0652 1.02949 0.409011
vt 0.403028 0.092628
vn -0.240673 -0.966834 0.085487
f 148/194/210 147/193/210 146/192/210

vn -0.234801 -0.971796 0.0219311
v -0.0724756 1.03179 0.43275
vt 0.407862 0.102585
f 148/194/211 149/195/211 147/193/211

v -0.0325095 1.02473 0.421696
vt 0.419201 0.087736
vn -0.161319 -0.985839 0.0458088
f 150/196/212 149/195/212 148/194/212

vn -0.156738 -0.985675 0.0622704
v -0.0351874 1.02673 0.446517
vt 0.424127 0.097984
f 150/196/213 151/197/213 149/195/213

v 0 1.02287 0.425287
vt 0.433594 0.082031
vn -0.065206 -0.995205 0.0729113
f 152/198/214 151/197/214 150/196/214

v 0 1.02458 0.451358
vt 0.439171 0.093088
vn -0.0697233 -0.995416 0.0654624
f 153/199/215 151/197/215 152/198/215

v -0.0381495 1.04523 0.463484
vt 0.426899 0.108269
vn -0.140402 -0.681261 0.71845
f 154/200/216 151/197/216 153/199/216

vn -0.336384 -0.665142 0.666657
f 154/200/217 149/195/217 151/197/217

vn -0.334094 -0.667722 0.665228
v -0.0794418 1.05035 0.447888
vt 0.409748 0.112501
f 154/200/218 155/201/218 149/195/218

v -0.0384122 1.08239 0.470695
vt 0.42944 0.123524
vn -0.36701 -0.179705 0.912694
f 156/202/219 155/201/219 154/200/219

v -0.080979 1.08449 0.453611
vt 0.411525 0.125944
vn -0.374267 -0.169679 0.911665
f 157/203/220 155/201/220 156/202/220

vn -0.669626 -0.152019 0.726975
v -0.1172 1.05945 0.415011
vt 0.389726 0.117078
f 157/203/221 158/204/221 155/201/221

v -0.119358 1.08781 0.42085
vt 0.391655 0.128989
vn -0.645995 -0.200807 0.736456
f 159/205/222 158/204/222 157/203/222

v -0.146053 1.09044 0.379072
vt 0.370378 0.131916
vn -0.83509 -0.171203 0.522794
f 160/206/223 158/204/223 159/205/223

v -0.146662 1.06589 0.377561
vt 0.36918 0.1207
vn -0.787335 -0.0184012 0.61625
f 161/207/224 158/204/224 160/206/224

vn -0.716597 -0.509807 0.476009
f 161/207/225 147/193/225 158/204/225

vn -0.716972 -0.495818 0.490015
f 145/191/226 147/193/226 161/207/226

v -0.168685 1.06901 0.342008
vt 0.349932 0.122249
vn -0.762947 -0.482476 0.430265
f 162/208/227 145/191/227 161/207/227

vn -0.764467 -0.441735 0.469532
f 142/188/228 145/191/228 162/208/228

vn -0.788011 -0.433776 0.436895
f 141/187/229 142/188/229 162/208/229

vn -0.852661 0.144986 0.501945
v -0.183473 1.093 0.309959
vt 0.33296 0.133348
f 141/187/230 162/208/230 163/209/230

vn -0.87768 0.0882726 0.471047
v -0.165552 1.09176 0.343583
vt 0.351341 0.133173
f 163/209/231 162/208/231 164/210/231

vn -0.84428 0.0795937 0.529958
f 162/208/232 161/207/232 164/210/232

vn -0.876524 -0.00788122 0.481294
f 164/210/233 161/207/233 160/206/233

vn -0.831261 0.300239 0.467827
f 124/168/234 164/210/234 160/206/234

vn -0.826387 0.299954 0.476563
f 125/170/235 164/210/235 124/168/235

vn -0.845786 0.269054 0.460712
f 125/170/236 163/209/236 164/210/236

vn -0.852532 0.269123 0.448065
f 126/172/237 163/209/237 125/170/237

vn -0.813199 0.336429 0.474892
v -0.204617 1.094 0.273045
vt 0.312863 0.13242
f 126/172/238 165/211/238 163/209/238

vn -0.819904 0.33682 0.462936
f 128/174/239 165/211/239 126/172/239

vn -0.859545 0.154921 0.487013
v -0.224504 1.07261 0.244748
vt 0.298133 0.121406
f 128/174/240 166/212/240 165/211/240

vn -0.887707 0.135449 0.440034
f 130/176/241 166/212/241 128/174/241

vn -0.828277 -0.401047 0.391305
f 132/178/242 166/212/242 130/176/242

vn -0.817009 -0.415243 0.400088
f 132/178/243 135/181/243 166/212/243

vn -0.791952 -0.411699 0.450906
f 135/181/244 140/186/244 166/212/244

vn -0.81683 -0.379384 0.434576
f 135/181/245 137/183/245 140/186/245

vt 0.332056 0.122591
vn -0.857543 0.144176 0.493796
vt 0.312901 0.132504
vt 0.297607 0.12168
vt 0.313384 0.122408
f 141/213/246 165/214/246 166/215/246 140/216/246 

vn -0.85672 0.146047 0.494673
f 165/211/247 141/187/247 163/209/247

vn -0.869533 0.236696 0.433459
v -0.139733 1.1204 0.375392
vt 0.371751 0.146501
f 124/168/248 160/206/248 167/217/248

vn -0.833957 0.237153 0.498272
v -0.114395 1.1234 0.416375
vt 0.393305 0.144045
f 167/217/249 160/206/249 168/218/249

vn -0.823257 0.182391 0.537569
f 160/206/250 159/205/250 168/218/250

v -0.076483 1.12456 0.44675
vt 0.413103 0.142057
vn -0.618197 0.182341 0.764581
f 169/219/251 168/218/251 159/205/251

v -0.073263 1.16447 0.432778
vt 0.413108 0.159193
vn -0.600823 0.306886 0.738128
f 170/220/252 168/218/252 169/219/252

v -0.10467 1.15829 0.4021
vt 0.394415 0.160991
vn -0.672016 0.433056 0.600714
f 171/221/253 168/218/253 170/220/253

vn -0.789706 0.407657 0.458454
f 167/217/254 168/218/254 171/221/254

v -0.130546 1.14967 0.364117
vt 0.37194 0.163474
vn -0.791664 0.419616 0.444061
f 172/222/255 167/217/255 171/221/255

vn -0.819709 0.411026 0.398917
f 124/168/256 167/217/256 172/222/256

vn -0.819413 0.407605 0.403015
f 123/169/257 124/168/257 172/222/257

usemtl _auto_5
vn -0.802887 0.459629 0.379622
vt 0.242221 1.77172
f 122/165/258 123/166/258 172/223/258

vn -0.838293 0.405139 0.364866
v -0.123063 1.18013 0.347485
vt 0.232329 1.79954
f 122/165/259 172/223/259 173/224/259

usemtl _auto_6
vt 0.373881 0.181768
vn -0.784599 0.434316 0.442463
v -0.0989145 1.19034 0.380289
vt 0.393525 0.178686
f 173/225/260 172/222/260 174/226/260

vn -0.786104 0.43802 0.436095
f 172/222/261 171/221/261 174/226/261

vn -0.650817 0.503613 0.568165
v -0.0675574 1.20117 0.406601
vt 0.412198 0.178095
f 174/226/262 171/221/262 175/227/262

vn -0.651972 0.504869 0.565721
f 171/221/263 170/220/263 175/227/263

v -0.0334294 1.2059 0.418175
vt 0.427372 0.178479
vn -0.332359 0.58138 0.742654
f 176/228/264 175/227/264 170/220/264

v -0.0322392 1.23523 0.394691
vt 0.426316 0.193948
vn -0.330439 0.598003 0.730207
f 177/229/265 175/227/265 176/228/265

vn -0.304215 0.579777 0.755852
v -0.0654731 1.22918 0.385956
vt 0.411292 0.19326
f 177/229/266 178/230/266 175/227/266

v -0.0693593 1.27953 0.371693
vt 0.411864 0.215537
vn -0.287453 0.240429 0.927127
f 179/231/267 178/230/267 177/229/267

vn -0.591569 0.177138 0.786555
v -0.101378 1.2658 0.350705
vt 0.39506 0.214445
f 179/231/268 180/232/268 178/230/268

v -0.108397 1.31842 0.332964
vt 0.394953 0.23701
vn -0.593046 0.185085 0.783607
f 181/233/269 180/232/269 179/231/269

v -0.12782 1.29756 0.314983
vt 0.382326 0.232372
vn -0.742155 0.12313 0.658821
f 182/234/270 180/232/270 181/233/270

vn -0.761433 0.0883781 0.64219
v -0.122699 1.24899 0.327739
vt 0.380567 0.212534
f 182/234/271 183/235/271 180/232/271

usemtl _auto_5
v -0.14065 1.28113 0.298371
vt 0.187278 1.88306
vn -0.819177 0.0633377 0.570033
vt 0.216881 1.85738
vt 0.204184 1.89744
f 184/236/272 183/237/272 182/238/272

vn -0.789141 0.111212 0.60406
v -0.138703 1.23643 0.309143
vt 0.196956 1.84602
f 184/236/273 185/239/273 183/237/273

v -0.149325 1.2694 0.2843
vt 0.173858 1.87287
vn -0.875989 0.0766179 0.476207
f 186/240/274 185/239/274 184/236/274

vn -0.871327 0.0836319 0.483523
f 186/240/275 120/163/275 185/239/275

vn -0.724204 0.132189 0.676798
f 119/162/276 120/163/276 186/240/276

vn -0.724423 0.144426 0.674057
v -0.152608 1.299 0.274429
vt 0.164541 1.89723
f 119/162/277 186/240/277 187/241/277

vn -0.87262 0.0646509 0.484101
f 187/241/278 186/240/278 184/236/278

vn -0.880303 0.0438185 0.472383
v -0.14691 1.32371 0.282755
vt 0.172192 1.9181
f 187/241/279 184/236/279 188/242/279

vn -0.826604 0.0826321 0.556684
f 188/242/280 184/236/280 182/238/280

vn -0.858294 0.00580604 0.513125
v -0.141115 1.3483 0.292171
vt 0.180671 1.93892
f 188/242/281 182/238/281 189/243/281

usemtl _auto_6
vt 0.378662 0.254871
vn -0.735386 0.108078 0.668974
f 189/244/282 182/234/282 181/233/282

vn -0.736787 0.105089 0.667908
v -0.124239 1.37336 0.306845
vt 0.390439 0.261357
f 189/244/283 181/233/283 190/245/283

v -0.0908677 1.38689 0.320665
vt 0.405447 0.263283
vn -0.459785 0.269692 0.846087
f 191/246/284 190/245/284 181/233/284

v -0.103245 1.43294 0.279024
vt 0.39873 0.286857
vn -0.497035 0.504722 0.705841
f 192/247/285 190/245/285 191/246/285

vn -0.527521 0.504903 0.683223
v -0.136643 1.40884 0.271041
vt 0.383529 0.28062
f 192/247/286 193/248/286 190/245/286

vn -0.579173 0.632472 0.514332
v -0.157039 1.42738 0.225282
vt 0.370821 0.29774
f 192/247/287 194/249/287 193/248/287

vn -0.541251 0.697478 0.46965
v -0.120122 1.47124 0.202686
vt 0.384829 0.317522
f 192/247/288 195/250/288 194/249/288

v -0.0619661 1.48828 0.22126
vt 0.409291 0.320332
vn -0.384436 0.788232 0.48052
f 196/251/289 195/250/289 192/247/289

v -0.0617151 1.50928 0.151889
vt 0.400362 0.347612
vn -0.349237 0.897189 0.270343
f 197/252/290 195/250/290 196/251/290

vn -0.383063 0.89473 0.229609
v -0.114316 1.49278 0.12843
vt 0.376844 0.346453
f 197/252/291 198/253/291 195/250/291

vn -0.313019 0.949128 0.034294
v -0.0748424 1.50815 0.0634929
vt 0.379857 0.376972
f 197/252/292 199/254/292 198/253/292

v -0.035179 1.51646 0.099393
vt 0.401392 0.371735
vn -0.222912 0.974621 0.0205853
f 200/255/293 199/254/293 197/252/293

vn -0.196076 0.980533 -0.0104336
v -0.0393908 1.51509 0.0496438
vt 0.389713 0.389435
f 200/255/294 201/256/294 199/254/294

v 0 1.51814 0.0455359
vt 0.403454 0.400091
vn -0.0792836 0.996636 -0.0207653
f 202/257/295 201/256/295 200/255/295

vn -0.0914549 0.985036 -0.146081
v -0.0462651 1.5057 -0.00935553
vt 0.372874 0.408336
f 202/257/296 203/258/296 201/256/296

v 0 1.50802 -0.0148775
vt 0.387083 0.422825
vn -0.0689349 0.983914 -0.164808
f 204/259/297 203/258/297 202/257/297

vn -0.0837738 0.94906 -0.303755
vt 0.353971 0.424225
f 204/259/298 72/260/298 203/258/298

vt 0.367781 0.44311
vn -0.0665613 0.944973 -0.320304
f 71/261/299 72/260/299 204/259/299

vn 0.0665613 0.944973 -0.320304
vt 0.632219 0.44311
vt 0.612917 0.422825
f 69/85/300 71/262/300 204/263/300

vn 0.0837738 0.94906 -0.303755
v 0.0462651 1.5057 -0.00935553
vt 0.627126 0.408336
f 69/85/301 204/263/301 205/264/301

vn 0.0689349 0.983914 -0.164808
vt 0.596546 0.400091
f 205/264/302 204/263/302 202/265/302

vn 0.0914549 0.985036 -0.146081
v 0.0393908 1.51509 0.0496438
vt 0.610287 0.389435
f 205/264/303 202/265/303 206/266/303

vn 0.0792836 0.996636 -0.0207653
v 0.035179 1.51646 0.099393
vt 0.598608 0.371735
f 206/266/304 202/265/304 207/267/304

vn 0.0749729 0.997024 -0.0179375
v 0 1.51913 0.100597
vt 0.584611 0.377996
f 207/267/305 202/265/305 208/268/305

vn -0.0749729 0.997024 -0.0179375
vt 0.415389 0.377996
f 202/257/306 200/255/306 208/269/306

vn -0.0789552 0.990452 0.11301
v 0 1.51267 0.157229
vt 0.424956 0.354719
f 208/269/307 200/255/307 209/270/307

vn -0.0633868 0.992589 0.103681
f 209/270/308 200/255/308 197/252/308

vn -0.0772929 0.954318 0.288622
f 209/270/309 197/252/309 196/251/309

vn -0.0848418 0.955702 0.281843
v 0 1.49254 0.225461
vt 0.433883 0.325969
f 209/270/310 196/251/310 210/271/310

vn -0.093427 0.854231 0.51143
v -0.0549666 1.44882 0.28845
vt 0.418351 0.29108
f 210/271/311 196/251/311 211/272/311

vn -0.357201 0.788672 0.500404
f 211/272/312 196/251/312 192/247/312

vn -0.335837 0.58053 0.741754
f 211/272/313 192/247/313 191/246/313

vn -0.359873 0.586194 0.725857
v -0.0482836 1.3963 0.334178
vt 0.423391 0.264117
f 211/272/314 191/246/314 212/273/314

vn -0.355288 0.383926 0.852274
v -0.0792399 1.33336 0.349628
vt 0.409509 0.239243
f 212/273/315 191/246/315 213/274/315

vn -0.58164 0.285716 0.761618
f 191/246/316 181/233/316 213/274/316

vn -0.56687 0.221253 0.79354
f 213/274/317 181/233/317 179/231/317

v -0.0419765 1.34197 0.36241
vt 0.425668 0.239752
vn -0.370162 0.293392 0.88142
f 214/275/318 213/274/318 179/231/318

vn -0.378265 0.391883 0.838655
f 212/273/319 213/274/319 214/275/319

v 0 1.40082 0.340769
vt 0.44313 0.265045
vn -0.161787 0.44017 0.883219
f 215/276/320 212/273/320 214/275/320

v 0 1.45277 0.292537
vt 0.440349 0.294202
vn -0.161601 0.671467 0.7232
f 216/277/321 212/273/321 215/276/321

vn -0.102657 0.645725 0.756638
f 216/277/322 211/272/322 212/273/322

vn -0.0992373 0.855905 0.507521
f 210/271/323 211/272/323 216/277/323

v 0.0549666 1.44882 0.28845
vt 0.581649 0.29108
vn 0.0992373 0.855905 0.507521
vt 0.566117 0.325969
vt 0.559651 0.294202
f 217/278/324 210/279/324 216/280/324

v 0.0619661 1.48828 0.22126
vt 0.590709 0.320332
vn 0.093427 0.854231 0.51143
f 218/281/325 210/279/325 217/278/325

vn 0.0848418 0.955702 0.281843
vt 0.575044 0.354719
f 218/281/326 209/282/326 210/279/326

vn 0.0772929 0.954318 0.288622
v 0.0617151 1.50928 0.151889
vt 0.599638 0.347612
f 218/281/327 219/283/327 209/282/327

v 0.120122 1.47124 0.202686
vt 0.615171 0.317522
vn 0.349237 0.897189 0.270343
f 220/284/328 219/283/328 218/281/328

vn 0.383063 0.89473 0.229609
v 0.114316 1.49278 0.12843
vt 0.623156 0.346453
f 220/284/329 221/285/329 219/283/329

v 0.16621 1.45211 0.138028
vt 0.64401 0.330961
vn 0.585201 0.789879 0.183387
f 222/286/330 221/285/330 220/284/330

vn 0.597094 0.791929 0.127776
v 0.148574 1.47413 0.0839368
vt 0.644344 0.354664
f 222/286/331 223/287/331 221/285/331

vn 0.723609 0.688772 0.0445246
v 0.19565 1.42432 0.0894298
vt 0.666872 0.340482
f 223/287/332 222/286/332 224/288/332

vn 0.815917 0.54939 0.18014
v 0.204644 1.39746 0.130606
vt 0.669086 0.32027
f 224/288/333 222/286/333 225/289/333

vn 0.818497 0.556048 0.144477
v 0.181513 1.42012 0.174445
vt 0.648246 0.31091
f 225/289/334 222/286/334 226/290/334

vn 0.687862 0.663673 0.293911
f 222/286/335 220/284/335 226/290/335

vn 0.683039 0.693276 0.22984
v 0.157039 1.42738 0.225282
vt 0.629179 0.29774
f 226/290/336 220/284/336 227/291/336

vn 0.541251 0.697478 0.46965
v 0.103245 1.43294 0.279024
vt 0.60127 0.286857
f 227/291/337 220/284/337 228/292/337

vn 0.384436 0.788232 0.48052
f 220/284/338 218/281/338 228/292/338

vn 0.357201 0.788672 0.500404
f 228/292/339 218/281/339 217/278/339

vn 0.335837 0.58053 0.741754
v 0.0908677 1.38689 0.320665
vt 0.594553 0.263283
f 217/278/340 229/293/340 228/292/340

vn 0.359873 0.586194 0.725857
v 0.0482836 1.3963 0.334178
vt 0.576609 0.264117
f 217/278/341 230/294/341 229/293/341

vn 0.102657 0.645725 0.756638
f 216/280/342 230/294/342 217/278/342

vn 0.161601 0.671467 0.7232
vt 0.55687 0.265045
f 216/280/343 215/295/343 230/294/343

vn 0.161787 0.44017 0.883219
v 0.0419765 1.34197 0.36241
vt 0.574332 0.239752
f 215/295/344 231/296/344 230/294/344

vn 0.166273 0.442614 0.881162
v 0 1.34522 0.368699
vt 0.557048 0.239408
f 215/295/345 232/297/345 231/296/345

vn -0.166273 0.442614 0.881162
vt 0.442952 0.239408
f 215/276/346 214/275/346 232/298/346

vn -0.164905 0.334639 0.927806
v -0.0362024 1.28596 0.383637
vt 0.426565 0.215459
f 232/298/347 214/275/347 233/299/347

vn -0.373921 0.294737 0.879382
f 214/275/348 179/231/348 233/299/348

vn -0.363107 0.1712 0.915884
f 233/299/349 179/231/349 177/229/349

vn -0.180578 0.195911 0.963852
v 0 1.23801 0.400167
vt 0.439721 0.193878
f 233/299/350 177/229/350 234/300/350

vn -0.182995 0.618936 0.763827
f 234/300/351 177/229/351 176/228/351

vn -0.158882 0.60362 0.781281
v 0 1.20747 0.423761
vt 0.440898 0.178953
f 234/300/352 176/228/352 235/301/352

vn -0.158065 0.613689 0.773564
v -0.0361678 1.16802 0.447662
vt 0.429198 0.159288
f 235/301/353 176/228/353 236/302/353

vn -0.348413 0.591384 0.727237
f 176/228/354 170/220/354 236/302/354

vn -0.378424 0.332904 0.863696
f 236/302/355 170/220/355 169/219/355

vn -0.457275 0.407583 0.790427
v -0.0377144 1.12586 0.468508
vt 0.430645 0.140814
f 236/302/356 169/219/356 237/303/356

vn -0.490076 0.0516402 0.870149
f 237/303/357 169/219/357 156/202/357

vn -0.35685 0.196402 0.913282
f 169/219/358 157/203/358 156/202/358

vn -0.626204 0.199311 0.753753
f 169/219/359 159/205/359 157/203/359

v 0 1.12641 0.477782
vt 0.446195 0.140671
vn -0.23916 0.0526137 0.969554
f 238/304/360 237/303/360 156/202/360

v 0 1.16991 0.454927
vt 0.443799 0.160152
vn -0.218938 0.453786 0.863797
f 239/305/361 237/303/361 238/304/361

vn -0.198837 0.440214 0.8756
f 239/305/362 236/302/362 237/303/362

vn -0.184655 0.627614 0.756309
f 235/301/363 236/302/363 239/305/363

vt 0.559102 0.178953
vn 0.184655 0.627614 0.756309
vt 0.556201 0.160152
v 0.0361678 1.16802 0.447662
vt 0.570802 0.159288
f 235/306/364 239/307/364 240/308/364

vn 0.198837 0.440214 0.8756
v 0.0377144 1.12586 0.468508
vt 0.569355 0.140814
f 239/307/365 241/309/365 240/308/365

vn 0.218938 0.453786 0.863797
vt 0.553805 0.140671
f 239/307/366 238/310/366 241/309/366

vn 0.23916 0.0526137 0.969554
v 0.0384122 1.08239 0.470695
vt 0.570559 0.123524
f 238/310/367 242/311/367 241/309/367

vn 0.230223 0.0444001 0.972125
v 0 1.08153 0.479831
vt 0.554278 0.121903
f 238/310/368 243/312/368 242/311/368

vn -0.230223 0.0444001 0.972125
vt 0.445722 0.121903
f 238/304/369 156/202/369 243/313/369

vn -0.231293 -0.186909 0.954761
f 156/202/370 154/200/370 243/313/370

vn -0.18725 -0.232985 0.954283
v 0 1.04279 0.470375
vt 0.443066 0.104608
f 243/313/371 154/200/371 244/314/371

vn -0.168606 -0.711844 0.681799
f 244/314/372 154/200/372 153/199/372

v 0.0381495 1.04523 0.463484
vt 0.573101 0.108269
vn 0.168606 -0.711844 0.681799
vt 0.556934 0.104608
vt 0.560829 0.093088
f 245/315/373 244/316/373 153/317/373

vn 0.18725 -0.232985 0.954283
f 243/312/374 244/316/374 245/315/374

vn 0.231293 -0.186909 0.954761
f 242/311/375 243/312/375 245/315/375

vn 0.36701 -0.179705 0.912694
v 0.0794418 1.05035 0.447888
vt 0.590252 0.112501
f 242/311/376 245/315/376 246/318/376

vn 0.334094 -0.667722 0.665228
v 0.0724756 1.03179 0.43275
vt 0.592138 0.102585
f 246/318/377 245/315/377 247/319/377

vn 0.336384 -0.665142 0.666657
v 0.0351874 1.02673 0.446517
vt 0.575873 0.097984
f 245/315/378 248/320/378 247/319/378

vn 0.140402 -0.681261 0.71845
f 245/315/379 153/317/379 248/320/379

vn 0.0697233 -0.995416 0.0654624
vt 0.566406 0.082031
f 248/320/380 153/317/380 152/321/380

vn 0.065206 -0.995205 0.0729113
v 0.0325095 1.02473 0.421696
vt 0.580799 0.087736
f 248/320/381 152/321/381 249/322/381

v 0 1.03458 0.420032
vt 0.610156 0.753893
vn -0.0770482 -0.408242 -0.909616
vt 0.633183 0.755737
vt 0.610156 0.763954
f 250/323/382 249/324/382 152/325/382

vn -0.0948574 -0.462333 -0.881618
v 0.0308557 1.03457 0.416715
vt 0.630437 0.749287
f 250/323/383 251/326/383 249/324/383

vn -0.0375316 -0.936866 -0.34767
v 0 1.04487 0.392278
vt 0.610156 0.734232
f 251/326/384 250/323/384 252/327/384

vt 0.389844 0.753893
vn 0.0375316 -0.936866 -0.34767
v -0.0308557 1.03457 0.416715
vt 0.369562 0.749287
vt 0.389844 0.734232
f 250/328/385 253/329/385 252/330/385

vn 0.0948574 -0.462333 -0.881618
vt 0.366817 0.755737
f 250/328/386 150/331/386 253/329/386

vn 0.0770482 -0.408242 -0.909616
vt 0.389844 0.763954
f 250/328/387 152/332/387 150/331/387

vn 0.25879 -0.47061 -0.843537
vt 0.348526 0.744046
f 253/329/388 150/331/388 148/333/388

v -0.0621066 1.03878 0.404724
vt 0.352116 0.738946
vn 0.258873 -0.474646 -0.841247
f 254/334/389 253/329/389 148/333/389

v -0.0299408 1.04547 0.388285
vt 0.372084 0.730964
vn 0.011523 -0.933743 -0.35776
f 255/335/390 253/329/390 254/334/390

vn 0.0289371 -0.933601 -0.357145
f 252/330/391 253/329/391 255/335/391

vn -3.81143e-005 -0.98896 -0.148184
v 0 1.05276 0.339677
vt 0.389844 0.703595
f 252/330/392 255/335/392 256/336/392

vn 0.025751 -0.990838 -0.13258
v -0.0302745 1.05195 0.339852
vt 0.373322 0.70334
f 256/336/393 255/335/393 257/337/393

vn 0.0205935 -0.990961 -0.132561
v -0.0566174 1.0459 0.38097
vt 0.357158 0.72536
f 255/335/394 258/338/394 257/337/394

vn 0.0598384 -0.959902 -0.273876
f 255/335/395 254/334/395 258/338/395

vn 0.0289995 -0.95932 -0.280828
v -0.094315 1.04362 0.384868
vt 0.336274 0.724897
f 258/338/396 254/334/396 259/339/396

vn 0.49319 -0.195474 -0.847675
vt 0.332679 0.727993
f 259/339/397 254/334/397 146/340/397

vn 0.463197 -0.494022 -0.735792
f 254/334/398 148/333/398 146/340/398

v -0.120465 1.048 0.348983
vt 0.324456 0.704052
vn 0.775001 -0.221631 -0.591822
f 260/341/399 259/339/399 146/340/399

vn 0.069888 -0.982802 -0.170927
v -0.101303 1.05025 0.343893
vt 0.335063 0.7024
f 259/339/400 260/341/400 261/342/400

vn 0.0774659 -0.986534 -0.144048
v -0.110752 1.0537 0.315189
vt 0.331901 0.686591
f 261/342/401 260/341/401 262/343/401

vn 0.0991279 -0.985508 -0.137649
v -0.138775 1.05027 0.31954
vt 0.316828 0.686932
f 262/343/402 260/341/402 263/344/402

vn 0.74757 -0.438654 -0.49872
vt 0.319635 0.70586
f 263/344/403 260/341/403 144/345/403

vn 0.684459 -0.415077 -0.599355
f 260/341/404 146/340/404 144/345/404

vt 0.311386 0.687389
vn 0.671916 -0.545285 -0.501192
f 143/346/405 263/344/405 144/345/405

v -0.163107 1.0432 0.290523
vt 0.304409 0.670698
vn 0.694486 -0.565858 -0.444402
f 264/347/406 263/344/406 143/346/406

v -0.158832 1.05368 0.285021
vt 0.309884 0.667002
vn 0.708079 -0.532304 -0.46398
f 265/348/407 263/344/407 264/347/407

v -0.119985 1.05637 0.279024
vt 0.329708 0.667459
vn 0.0492148 -0.990754 -0.126431
f 266/349/408 263/344/408 265/348/408

vn 0.105422 -0.989371 -0.100156
f 262/343/409 263/344/409 266/349/409

vt 0.326815 0.665683
vn -0.00704295 -0.997418 -0.0714749
v -0.0877689 1.05564 0.285798
vt 0.343124 0.671453
v -0.0838728 1.05252 0.329235
vt 0.342556 0.694107
vt 0.329449 0.684969
f 266/350/410 267/351/410 268/352/410 262/353/410 

vt 0.345357 0.67286
vn -0.00314023 -0.995734 -0.0922183
v -0.0883135 1.06015 0.237163
vt 0.347447 0.649025
f 267/354/411 266/349/411 269/355/411

vn 0.0201141 -0.997 -0.0747383
v -0.124901 1.05928 0.238905
vt 0.330218 0.647713
f 269/355/412 266/349/412 270/356/412

vn 0.0568315 -0.995245 -0.0791099
f 266/349/413 265/348/413 270/356/413

vn -0.0365037 -0.988469 -0.14696
v -0.172204 1.05908 0.252021
vt 0.307234 0.649065
f 270/356/414 265/348/414 271/357/414

vn 0.655678 -0.656407 -0.373117
vt 0.297867 0.653065
f 265/348/415 138/358/415 271/357/415

vn 0.70405 -0.533278 -0.468966
f 138/358/416 265/348/416 264/347/416

vt 0.3307 0.101204
vn -0.223032 -0.966672 0.125708
f 264/359/417 139/185/417 138/184/417

vn -0.228374 -0.966463 0.11745
f 143/189/418 139/185/418 264/359/418

vn 0.643784 -0.657759 -0.391017
vt 0.294131 0.638493
f 271/357/419 138/358/419 136/360/419

vn 0.632289 -0.694533 -0.343271
v -0.192808 1.06529 0.201494
vt 0.305189 0.62434
f 271/357/420 136/360/420 272/361/420

vn 0.585646 -0.72226 -0.367912
vt 0.293142 0.624171
f 272/361/421 136/360/421 134/362/421

vn 0.664836 -0.718429 -0.20458
v -0.196865 1.06469 0.190443
vt 0.305322 0.619867
f 272/361/422 134/362/422 273/363/422

vn 0.656853 -0.723044 -0.213896
v -0.212806 1.04831 0.196846
vt 0.295281 0.616349
f 273/363/423 134/362/423 274/364/423

vn -0.265599 -0.963899 -0.0188528
vt 0.281886 0.101985
f 134/180/424 133/179/424 274/365/424

v -0.236753 1.06589 0.198805
vt 0.277465 0.114898
vn -0.490585 -0.597625 -0.63417
f 275/366/425 274/365/425 133/179/425

vn -0.367376 -0.581348 0.725995
v -0.227182 1.04793 0.189266
vt 0.275304 0.104798
f 275/366/426 276/367/426 274/365/426

vn -0.728001 -0.58112 0.36375
v -0.240433 1.06579 0.191277
vt 0.273346 0.114775
f 276/367/427 275/366/427 277/368/427

vn -0.880353 -0.193617 0.433002
v -0.242393 1.07993 0.193616
vt 0.273645 0.12155
f 277/368/428 275/366/428 278/369/428

vn -0.929097 -0.286997 0.233264
f 278/369/429 275/366/429 129/175/429

vn -0.95954 0.0172333 -0.281043
f 275/366/430 131/177/430 129/175/430

vn -0.829467 -0.487745 -0.272193
f 275/366/431 133/179/431 131/177/431

vn -0.751347 -0.563648 0.343189
f 17/23/432 278/369/432 129/175/432

vn -0.854107 -0.197909 0.480972
f 17/23/433 277/368/433 278/369/433

vn -0.770486 -0.0435676 0.635967
v -0.249452 1.06259 0.180131
vt 0.266648 0.113765
f 17/23/434 279/370/434 277/368/434

v -0.261605 1.06068 0.157063
vt 0.255177 0.112811
vn -0.881749 -0.0520694 0.468836
f 280/371/435 279/370/435 17/23/435

vn -0.829481 -0.312625 0.462846
v -0.251757 1.03878 0.15992
vt 0.258186 0.10269
f 280/371/436 281/372/436 279/370/436

v -0.258018 1.02605 0.123233
vt 0.242211 0.095991
vn -0.889141 -0.363579 0.277918
f 282/373/437 281/372/437 280/371/437

vt 0.186506 0.183437
vn -0.832497 -0.463811 0.303031
v -0.241262 1.00435 0.136051
vt 0.197616 0.18762
vt 0.184151 0.199916
f 282/374/438 283/375/438 281/376/438

v -0.236402 0.991497 0.0835401
vt 0.19993 0.167377
vn -0.808742 -0.584203 0.0681366
f 284/377/439 283/375/439 282/374/439

v -0.208262 0.970481 0.10371
vt 0.213753 0.172526
vn -0.649155 -0.750544 0.12362
f 285/378/440 283/375/440 284/377/440

vn -0.573535 -0.784384 0.236219
v -0.217597 0.991918 0.152232
vt 0.208989 0.193541
f 285/378/441 286/379/441 283/375/441

v -0.177904 0.959236 0.138574
vt 0.228914 0.183815
vn -0.566778 -0.788359 0.239275
f 287/380/442 286/379/442 285/378/442

vn -0.59752 -0.787913 0.148869
v -0.196974 0.980422 0.174162
vt 0.220596 0.201424
f 287/380/443 288/381/443 286/379/443

v -0.147456 0.945934 0.180858
vt 0.247322 0.198398
vn -0.578614 -0.798655 0.165395
f 289/382/444 288/381/444 287/380/444

vn -0.576765 -0.813374 0.0759238
v -0.173376 0.966561 0.204937
vt 0.235465 0.21225
f 289/382/445 290/383/445 288/381/445

vn -0.551231 -0.826444 0.114606
v -0.154939 0.957654 0.229379
vt 0.246781 0.220937
f 289/382/446 291/384/446 290/383/446

v -0.129014 0.938309 0.213522
vt 0.259192 0.21088
vn -0.547593 -0.828705 0.115713
f 292/385/447 291/384/447 289/382/447

vn -0.537264 -0.83223 0.136899
v -0.133928 0.948926 0.25878
vt 0.259329 0.231455
f 292/385/448 293/386/448 291/384/448

v -0.112966 0.931614 0.245198
vt 0.269489 0.223053
vn -0.582284 -0.803284 0.125221
f 294/387/449 293/386/449 292/385/449

vn -0.577208 -0.805264 0.135579
v -0.114536 0.940288 0.290032
vt 0.271125 0.242477
f 294/387/450 295/388/450 293/386/450

v -0.096059 0.92568 0.275153
vt 0.279338 0.234202
vn -0.541379 -0.828805 0.141388
f 296/389/451 295/388/451 294/387/451

v -0.0857783 0.924212 0.29371
vt 0.28476 0.241038
vn -0.497397 -0.841985 0.208944
f 297/390/452 295/388/452 296/389/452

vn -0.494666 -0.86449 0.0892281
v -0.0925713 0.930455 0.31654
vt 0.283074 0.250654
f 297/390/453 298/391/453 295/388/453

v -0.0616626 0.91871 0.297988
vt 0.294915 0.241419
vn -0.249729 -0.950363 0.185594
f 299/392/454 298/391/454 297/390/454

vn -0.27274 -0.950717 0.14748
v -0.0619656 0.923562 0.328701
vt 0.295813 0.253646
f 299/392/455 300/393/455 298/391/455

v -0.0324117 0.915109 0.302308
vt 0.306919 0.242166
vn -0.143006 -0.977818 0.153041
f 301/394/456 300/393/456 299/392/456

v -0.0321917 0.919808 0.335478
vt 0.307579 0.255316
vn -0.155081 -0.977992 0.139575
f 302/395/457 300/393/457 301/394/457

vn -0.195139 -0.916294 0.349751
v -0.0645589 0.936366 0.360799
vt 0.295289 0.266852
f 302/395/458 303/396/458 300/393/458

v -0.0314391 0.93215 0.370477
vt 0.308132 0.269434
vn -0.213245 -0.919941 0.328992
f 304/397/459 303/396/459 302/395/459

v -0.0659475 0.951398 0.374841
vt 0.293855 0.274556
vn -0.285789 -0.668114 0.686985
f 305/398/460 303/396/460 304/397/460

vn -0.541175 -0.600176 0.588998
v -0.0998931 0.96027 0.352692
vt 0.278602 0.269028
f 303/396/461 305/398/461 306/399/461

v -0.0976292 0.971575 0.356164
vt 0.277062 0.27368
vn -0.566092 -0.136329 0.812991
f 307/400/462 306/399/462 305/398/462

v -0.127256 0.984796 0.322138
vt 0.258836 0.264709
vn -0.762122 -0.0457317 0.645816
f 308/401/463 306/399/463 307/400/463

v -0.131247 0.973605 0.317833
vt 0.260644 0.259437
vn -0.742175 0.00686297 0.670171
f 309/402/464 306/399/464 308/401/464

vn -0.742349 -0.451603 0.494947
v -0.0984207 0.944621 0.340622
vt 0.280876 0.261561
f 309/402/465 310/403/465 306/399/465

v -0.127364 0.957448 0.305786
vt 0.264547 0.251548
vn -0.74653 -0.503614 0.434818
f 311/404/466 310/403/466 309/402/466

vn -0.64089 -0.719495 0.267558
f 298/391/467 310/403/467 311/404/467

vn -0.352262 -0.841572 0.409474
f 300/393/468 310/403/468 298/391/468

vn -0.396554 -0.863251 0.312318
f 300/393/469 303/396/469 310/403/469

vn -0.522181 -0.551125 0.650836
f 306/399/470 310/403/470 303/396/470

vn -0.640836 -0.721015 0.263566
f 298/391/471 311/404/471 295/388/471

vn -0.638713 -0.721906 0.266265
v -0.151024 0.967524 0.276349
vt 0.250842 0.24177
f 295/388/472 311/404/472 312/405/472

vn -0.758809 -0.472653 0.448116
v -0.154332 0.984969 0.289149
vt 0.246448 0.250261
f 312/405/473 311/404/473 313/406/473

vn -0.762287 -0.494532 0.41756
f 313/406/474 311/404/474 309/402/474

vn -0.78672 -0.0439185 0.615746
v -0.151066 0.99662 0.294152
vt 0.244077 0.255556
f 313/406/475 309/402/475 314/407/475

vn -0.757504 0.019109 0.65255
f 314/407/476 309/402/476 308/401/476

v -0.11864 0.989523 0.315166
vt 0.255749 0.269261
vn -0.107705 0.879645 0.463276
f 315/408/477 314/407/477 308/401/477

vn -0.0990585 0.886392 0.452212
v -0.141825 1.00096 0.287673
vt 0.240794 0.259976
f 315/408/478 316/409/478 314/407/478

v -0.111041 0.98394 0.303393
vt 0.321281 0.525826
vn 0.511707 0.855831 -0.0755646
vt 0.306498 0.540893
vt 0.314015 0.521436
f 317/410/479 316/411/479 315/412/479

vn 0.474407 0.879988 0.0236309
v -0.132234 0.996015 0.279192
vt 0.313733 0.542991
f 317/410/480 318/413/480 316/411/480

v -0.104293 0.985484 0.293901
vt 0.326258 0.529917
vn 0.198211 0.93531 0.2931
f 319/414/481 318/413/481 317/410/481

vn 0.243435 0.945848 0.214735
v -0.121084 0.994989 0.271071
vt 0.320922 0.545201
f 319/414/482 320/415/482 318/413/482

vn -0.806759 -0.00610811 0.590849
v -0.102951 0.995505 0.295836
vt 0.3312 0.532424
f 320/415/483 319/414/483 321/416/483

vn -0.718883 -0.0378179 0.694102
v -0.0804261 0.987174 0.318712
vt 0.339999 0.516374
f 319/414/484 322/417/484 321/416/484

vn -0.718046 0.144126 0.68091
v -0.0829706 0.976584 0.31827
vt 0.334758 0.512684
f 319/414/485 323/418/485 322/417/485

vn 0.122849 0.961998 0.24386
f 323/418/486 319/414/486 317/410/486

vn 0.149454 0.968928 0.197085
v -0.0848208 0.974176 0.331511
vt 0.331534 0.50516
f 323/418/487 317/410/487 324/419/487

vn 0.458324 0.880417 -0.12168
f 324/419/488 317/410/488 315/412/488

vn 0.46769 0.871106 -0.149802
v -0.0887009 0.978403 0.343974
vt 0.325824 0.498908
f 324/419/489 315/412/489 325/420/489

vt 0.272786 0.279564
vn -0.113162 0.881743 0.457956
f 325/421/490 315/408/490 308/401/490

vn -0.0959688 0.896756 0.431994
f 325/421/491 308/401/491 307/400/491

v -0.0607014 0.971202 0.36277
vt 0.288093 0.2863
vn -0.0710178 0.891537 0.447346
f 326/422/492 325/421/492 307/400/492

v -0.0580573 0.9676 0.349146
vt 0.34533 0.48841
vn 0.353422 0.919069 -0.174371
vt 0.339836 0.479705
f 327/423/493 325/420/493 326/424/493

vn 0.355523 0.913236 -0.199007
f 327/423/494 324/419/494 325/420/494

v -0.0560718 0.971603 0.336042
vt 0.348842 0.49725
vn 0.0385278 0.954014 0.297275
f 328/425/495 324/419/495 327/423/495

vn 0.0583775 0.980718 0.186504
f 328/425/496 323/418/496 324/419/496

v -0.0548427 0.982462 0.334388
vt 0.352961 0.503177
vn -0.517482 0.185773 0.835285
f 329/426/497 323/418/497 328/425/497

vn -0.508888 0.0865381 0.856472
f 322/417/498 323/418/498 329/426/498

v -0.0520474 0.996391 0.326568
vt 0.357645 0.51203
vn -0.37933 0.509687 0.772222
f 330/427/499 322/417/499 329/426/499

v -0.074358 1.00057 0.314234
vt 0.346566 0.521954
vn -0.36964 0.440928 0.817893
f 331/428/500 322/417/500 330/427/500

vn -0.533974 0.47564 0.699027
f 331/428/501 321/416/501 322/417/501

vn -0.458841 0.725011 0.513637
v -0.0883222 1.00877 0.290182
vt 0.341251 0.536648
f 331/428/502 332/429/502 321/416/502

v -0.0653359 1.00902 0.304013
vt 0.352866 0.528044
vn -0.281063 0.846637 0.451895
f 333/430/503 332/429/503 331/428/503

vn -0.348578 0.747165 0.565896
v -0.0747657 1.0175 0.287
vt 0.349613 0.538933
f 333/430/504 334/431/504 332/429/504

v -0.0500616 1.01996 0.296281
vt 0.36249 0.53331
vn -0.284643 0.785466 0.549564
f 335/432/505 334/431/505 333/430/505

vn -0.259337 0.845803 0.466221
v -0.051214 1.03072 0.276116
vt 0.363272 0.545304
f 335/432/506 336/433/506 334/431/506

v -0.0264754 1.03247 0.279611
vt 0.376009 0.543016
vn -0.128362 0.871857 0.472641
f 337/434/507 336/433/507 335/432/507

vn -0.11243 0.938462 0.32657
v -0.0266052 1.04043 0.256705
vt 0.376505 0.555367
f 337/434/508 338/435/508 336/433/508

v 0 1.04141 0.257063
vt 0.389844 0.555065
vn -0.039288 0.943851 0.328027
f 339/436/509 338/435/509 337/434/509

vn -0.0392675 0.950426 0.30846
v -0.0268153 1.05202 0.220959
vt 0.377111 0.573615
f 339/436/510 340/437/510 338/435/510

v 0 1.05266 0.220496
vt 0.389844 0.573704
vn -0.0176454 0.955661 0.293939
f 341/438/511 340/437/511 339/436/511

vn -0.0214362 0.991996 0.124437
v -0.0270198 1.05591 0.189883
vt 0.377352 0.588234
f 341/438/512 342/439/512 340/437/512

v 0 1.05725 0.189095
vt 0.389844 0.588551
vn -0.0445681 0.988503 0.144483
f 343/440/513 342/439/513 341/438/513

vn -0.0489823 0.998744 0.010567
v -0.0269949 1.05621 0.161911
vt 0.377506 0.601019
f 343/440/514 344/441/514 342/439/514

v 0 1.05718 0.162723
vt 0.389844 0.600679
vn -0.0359414 0.999351 -0.00240636
f 345/442/515 344/441/515 343/440/515

v 0 1.05373 0.158534
vt 0.389844 0.603188
vn -0.00867986 0.771939 -0.635637
f 346/443/516 344/441/516 345/442/516

vn -0.00466274 0.788178 -0.615429
v -0.0272242 1.05298 0.157781
vt 0.377355 0.603387
f 346/443/517 347/444/517 344/441/517

v 0 1.05433 0.154869
vt 0.389844 0.604914
vn -0.0316128 0.986397 0.161312
f 348/445/518 347/444/518 346/443/518

vn -0.0339553 0.989452 0.140828
v -0.0272115 1.05345 0.154483
vt 0.377371 0.60489
f 348/445/519 349/446/519 347/444/519

vn -0.0352464 0.904497 0.425021
v -0.0272059 1.05476 0.151699
vt 0.37739 0.606272
f 348/445/520 350/447/520 349/446/520

v 0 1.05517 0.151733
vt 0.389844 0.606425
vn -0.0148428 0.965972 0.258219
f 351/448/521 350/447/521 348/445/521

v -0.0268689 1.05811 0.150095
vt 0.377559 0.607935
vn -0.00763666 0.433032 0.901346
f 352/449/522 350/447/522 351/448/522

vn 0.0151168 0.431131 0.902163
v -0.0547243 1.05717 0.15101
vt 0.364955 0.607591
f 352/449/523 353/450/523 350/447/523

v -0.0268394 1.06166 0.149195
vt 0.377582 0.609575
vn 0.0235743 0.245185 0.96919
f 354/451/524 353/450/524 352/449/524

vn 0.0184608 0.273866 0.961591
v -0.0553733 1.06135 0.149832
vt 0.364759 0.609571
f 354/451/525 355/452/525 353/450/525

vn 0.0221829 -0.797713 0.602629
v -0.0272265 1.06466 0.153177
vt 0.377405 0.611804
f 354/451/526 356/453/526 355/452/526

v 0 1.06193 0.149865
vt 0.389844 0.609764
vn -0.00705502 -0.799256 0.600949
f 357/454/527 356/453/527 354/451/527

v 0 1.06484 0.155608
vt 0.389844 0.612761
vn -0.0343337 -0.891132 0.452443
f 358/455/528 356/453/528 357/454/528

vn 0.00415989 -0.999552 0.0296458
v -0.02726 1.06502 0.165428
vt 0.377363 0.617332
f 358/455/529 359/456/529 356/453/529

v 0 1.06529 0.166677
vt 0.389844 0.617886
vn 0.0079374 -0.999163 0.0401252
f 360/457/530 359/456/530 358/455/530

vn 0.00841091 -0.999519 0.0298639
v -0.0272938 1.06539 0.177679
vt 0.377292 0.622912
f 360/457/531 361/458/531 359/456/531

v 0 1.06573 0.177745
vt 0.389844 0.623003
vn 0.0125481 -0.999116 0.0401233
f 362/459/532 361/458/532 360/457/532

v -0.0301899 1.06084 0.234792
vt 0.374762 0.649672
vn 0.0130562 -0.996815 -0.0786696
vt 0.376888 0.622981
vt 0.390022 0.623219
v 0 1.06143 0.232382
vt 0.389321 0.648774
f 363/460/533 361/461/533 362/462/533 364/463/533 

vn 0.0243935 -0.99664 -0.0781921
vt 0.375288 0.649611
v -0.0573865 1.06436 0.181338
vt 0.363521 0.624271
f 361/458/534 363/464/534 365/465/534

vn -0.00449654 -0.997967 -0.0635807
v -0.058435 1.06088 0.236112
vt 0.361699 0.649622
f 363/464/535 366/466/535 365/465/535

vn -0.00494128 -0.997311 -0.0731202
v -0.0309042 1.05677 0.290236
vt 0.374012 0.677076
f 363/464/536 367/467/536 366/466/536

v 0 1.05705 0.289179
vt 0.389844 0.676826
vn 0.00627555 -0.997314 -0.0729759
f 368/468/537 367/467/537 363/464/537

vn 0.00586834 -0.996394 -0.0846491
f 256/336/538 367/467/538 368/468/538

vn 0.0260656 -0.994928 -0.0971547
f 256/336/539 257/337/539 367/467/539

vn -0.00662398 -0.995284 -0.0967745
v -0.0581553 1.05248 0.336222
vt 0.358449 0.700414
f 257/337/540 369/469/540 367/467/540

vn -0.000151127 -0.989342 -0.145613
f 257/337/541 258/338/541 369/469/541

vn 0.0226654 -0.988974 -0.146344
v -0.0807354 1.04779 0.364429
vt 0.344895 0.714686
f 258/338/542 370/470/542 369/469/542

vn 0.0416036 -0.983975 -0.173385
f 258/338/543 259/339/543 370/470/543

vn 0.0501265 -0.984539 -0.167838
f 370/470/544 259/339/544 261/342/544

vn 0.0161033 -0.990782 -0.134507
vt 0.345145 0.695528
f 370/470/545 261/342/545 268/471/545

vn 0.0228078 -0.991682 -0.126675
f 268/471/546 261/342/546 262/343/546

vn 0.0356232 -0.990048 -0.136149
f 369/469/547 370/470/547 268/471/547

vn 0.0214283 -0.996241 -0.0839364
v -0.0587101 1.05645 0.288961
vt 0.359894 0.675681
f 369/469/548 268/471/548 371/472/548

vn 0.035938 -0.996543 -0.0749005
f 371/472/549 268/471/549 267/354/549

vn 0.0368202 -0.995854 -0.0831842
f 366/466/550 371/472/550 267/354/550

vt 0.362127 0.64958
vn -0.0163261 -0.996374 -0.0835044
vt 0.359282 0.698975
vt 0.36041 0.675644
f 366/473/551 369/474/551 371/475/551

vn 0.0157896 -0.996375 -0.0835942
vt 0.374533 0.676995
f 369/474/552 366/473/552 367/476/552

vn 0.0210331 -0.995494 -0.0924667
f 366/466/553 267/354/553 269/355/553

vn 0.0217909 -0.99716 -0.0720942
v -0.0889752 1.06417 0.18142
vt 0.349371 0.623649
f 366/466/554 269/355/554 372/477/554

vn 0.025955 -0.997057 -0.0721362
v -0.128267 1.06291 0.184591
vt 0.332311 0.623594
f 269/355/555 373/478/555 372/477/555

vn 0.0204474 -0.997478 -0.0679727
f 269/355/556 270/356/556 373/478/556

vn -0.0533376 -0.996566 -0.0633383
f 270/356/557 272/361/557 373/478/557

vn -0.0266088 -0.993425 -0.111352
f 270/356/558 271/357/558 272/361/558

vn -0.0204721 -0.997846 0.0623276
f 373/478/559 272/361/559 273/363/559

vn -0.0280927 -0.999252 -0.0265689
v -0.129357 1.0633 0.171127
vt 0.332488 0.618136
f 373/478/560 273/363/560 374/479/560

vn -0.00438561 -0.998409 0.056224
v -0.200921 1.06408 0.179392
vt 0.305508 0.616045
f 374/479/561 273/363/561 375/480/561

vn 0.660776 -0.722607 -0.203011
f 273/363/562 274/364/562 375/480/562

vn 0.889444 -0.239273 0.389407
v -0.211598 1.0437 0.191253
vt 0.296243 0.611637
f 375/480/563 274/364/563 376/481/563

vt 0.190993 0.226119
vn 0.0458355 -0.765638 0.641637
vt 0.187103 0.226941
v -0.220334 1.04192 0.189752
vt 0.190677 0.220969
f 376/482/564 274/483/564 377/484/564

vn -0.417037 -0.40926 0.811533
vt 0.186301 0.218424
f 274/483/565 276/485/565 377/484/565

vn -0.23239 -0.187468 0.954385
v -0.227046 1.03572 0.1869
vt 0.192259 0.215643
f 276/485/566 378/486/566 377/484/566

vn -0.664393 -0.149258 0.732327
v -0.237367 1.04555 0.17954
vt 0.185033 0.211616
f 276/485/567 379/487/567 378/486/567

vn -0.543982 -0.481055 0.68751
vt 0.269119 0.104865
f 277/368/568 379/488/568 276/367/568

vn -0.620055 -0.461723 0.634306
f 277/368/569 279/370/569 379/488/569

vn -0.628376 -0.467197 0.621989
f 281/372/570 379/488/570 279/370/570

vn -0.738777 -0.247057 0.627034
v -0.236969 1.02225 0.17083
vt 0.194465 0.204266
f 281/376/571 380/489/571 379/487/571

vn -0.801073 -0.486195 0.349137
f 283/375/572 380/489/572 281/376/572

vn -0.629205 -0.656729 0.415702
f 286/379/573 380/489/573 283/375/573

vn -0.738669 -0.625618 0.250938
v -0.220261 1.00985 0.189104
vt 0.205317 0.211681
f 286/379/574 381/490/574 380/489/574

vn -0.677854 -0.679211 0.2814
f 288/381/575 381/490/575 286/379/575

vn -0.705991 -0.672049 0.223444
v -0.205401 0.999663 0.205404
vt 0.215203 0.217635
f 288/381/576 382/491/576 381/490/576

vn -0.697875 -0.678432 0.229565
f 288/381/577 290/383/577 382/491/577

vn -0.695419 -0.676247 0.243067
v -0.186723 0.9879 0.226117
vt 0.227337 0.224729
f 290/383/578 383/492/578 382/491/578

vn -0.679188 -0.685408 0.262526
f 291/384/579 383/492/579 290/383/579

vn -0.687493 -0.702682 0.183279
v -0.170121 0.977842 0.24983
vt 0.238624 0.232858
f 291/384/580 384/493/580 383/492/580

vn -0.641454 -0.727882 0.24233
f 293/386/581 384/493/581 291/384/581

vn -0.64041 -0.749041 0.169746
f 293/386/582 312/405/582 384/493/582

vn -0.631273 -0.753559 0.183419
f 295/388/583 312/405/583 293/386/583

vn -0.805378 -0.422785 0.415474
v -0.17257 0.995459 0.263009
vt 0.234224 0.241724
f 384/493/584 312/405/584 385/494/584

vn -0.809944 -0.43896 0.388979
f 385/494/585 312/405/585 313/406/585

vn -0.824818 -0.0268077 0.564763
v -0.169399 1.00764 0.268219
vt 0.231471 0.247189
f 385/494/586 313/406/586 386/495/586

vn -0.819675 -0.0161517 0.572602
f 386/495/587 313/406/587 314/407/587

vn -0.101817 0.88765 0.449121
f 316/409/588 386/495/588 314/407/588

vn -0.0966768 0.891257 0.443075
v -0.159317 1.01119 0.263271
vt 0.228612 0.251726
f 316/409/589 387/496/589 386/495/589

vn 0.476613 0.878702 0.0268753
vt 0.301494 0.557484
f 318/413/590 387/497/590 316/411/590

vn 0.456193 0.88715 0.0696642
v -0.148984 1.00669 0.252925
vt 0.309377 0.560246
f 318/413/591 388/498/591 387/497/591

vn 0.249641 0.942139 0.223725
f 320/415/592 388/498/592 318/413/592

vn 0.215774 0.937551 0.272835
v -0.137755 1.00767 0.240667
vt 0.317206 0.56452
f 320/415/593 389/499/593 388/498/593

vn -0.833593 0.166716 0.526619
v -0.119034 1.00445 0.27132
vt 0.325543 0.547496
f 389/499/594 320/415/594 390/500/594

vn -0.798309 0.157636 0.581252
f 320/415/595 321/416/595 390/500/595

v -0.102321 1.01609 0.270858
vt 0.336092 0.548567
vn -0.464353 0.689219 0.556196
f 391/501/596 390/500/596 321/416/596

vn -0.473375 0.701261 0.533057
v -0.114917 1.02612 0.246474
vt 0.332654 0.562785
f 391/501/597 392/502/597 390/500/597

v -0.083932 1.03338 0.250962
vt 0.348028 0.559387
vn -0.265377 0.835644 0.480911
f 393/503/598 392/502/598 391/501/598

vn -0.261465 0.89885 0.351718
v -0.0863829 1.04467 0.220268
vt 0.348992 0.57499
f 393/503/599 394/504/599 392/502/599

v -0.0543613 1.04952 0.221278
vt 0.364061 0.573814
vn -0.150986 0.923722 0.352052
f 395/505/600 394/504/600 393/503/600

vn -0.152861 0.966818 0.204686
v -0.0869465 1.04989 0.195228
vt 0.349834 0.586607
f 395/505/601 396/506/601 394/504/601

vn -0.089254 0.988081 0.12542
v -0.0553898 1.0531 0.192331
vt 0.364222 0.587364
f 395/505/602 397/507/602 396/506/602

vt 0.364647 0.573969
vn -0.0870435 0.988285 0.125366
vt 0.377605 0.588477
vt 0.364476 0.587596
f 395/508/603 342/509/603 397/510/603

vn -0.0881421 0.988308 0.124414
vt 0.377375 0.573857
f 342/509/604 395/508/604 340/511/604

vn -0.0813909 0.940177 0.330821
v -0.052418 1.03797 0.254579
vt 0.36363 0.556775
f 340/437/605 395/505/605 398/512/605

vn -0.173351 0.927312 0.331725
f 398/512/606 395/505/606 393/503/606

vn -0.1769 0.90101 0.39609
v -0.0806488 1.0249 0.271704
vt 0.348051 0.548079
f 398/512/607 393/503/607 399/513/607

vn -0.358558 0.842935 0.40112
f 399/513/608 393/503/608 391/501/608

vn -0.335875 0.774188 0.53649
f 399/513/609 391/501/609 332/429/609

vn -0.419262 0.705813 0.571006
f 332/429/610 391/501/610 321/416/610

vn -0.374791 0.769869 0.516559
f 334/431/611 399/513/611 332/429/611

vn -0.239423 0.834738 0.495872
f 336/433/612 399/513/612 334/431/612

vn -0.229907 0.918406 0.321984
f 336/433/613 398/512/613 399/513/613

vn -0.11587 0.939391 0.322673
f 338/435/614 398/512/614 336/433/614

vn -0.115089 0.944708 0.307052
f 338/435/615 340/437/615 398/512/615

vn -0.0922916 0.993251 0.0702455
v -0.0549265 1.05514 0.164136
vt 0.364774 0.600239
f 342/439/616 400/514/616 397/507/616

vn -0.037412 0.999244 0.0105826
f 344/441/617 400/514/617 342/439/617

vn -0.0758946 0.828949 -0.554151
v -0.0545259 1.05211 0.159552
vt 0.364827 0.602768
f 344/441/618 401/515/618 400/514/618

vn -0.0648623 0.788146 -0.612061
f 344/441/619 347/444/619 401/515/619

vn -0.0193412 0.982523 0.185134
v -0.0541604 1.05277 0.156099
vt 0.365048 0.604382
f 347/444/620 402/516/620 401/515/620

vn -0.0166411 0.989876 0.140955
f 349/446/621 402/516/621 347/444/621

vn 0.00242898 0.905955 0.423367
v -0.0545206 1.05421 0.15302
vt 0.364959 0.605953
f 349/446/622 403/517/622 402/516/622

vn 0.00229723 0.905028 0.425346
f 350/447/623 403/517/623 349/446/623

vn 0.028564 0.562989 0.825971
f 353/450/624 403/517/624 350/447/624

vn 0.000315112 0.561888 0.827213
v -0.0892391 1.05514 0.152401
vt 0.349543 0.607774
f 353/450/625 404/518/625 403/517/625

v -0.0889848 1.06064 0.151815
vt 0.349836 0.610161
vn 0.0339331 0.104485 0.993947
f 405/519/626 404/518/626 353/450/626

vn 0.0761847 0.102305 0.991831
v -0.129985 1.05884 0.155149
vt 0.332643 0.610627
f 405/519/627 406/520/627 404/518/627

vn 0.0878271 -0.711221 0.69746
v -0.0891423 1.06391 0.155168
vt 0.349769 0.612196
f 405/519/628 407/521/628 406/520/628

v -0.0562386 1.0644 0.153645
vt 0.364365 0.611774
vn 0.0429766 -0.714382 0.698435
f 408/522/629 407/521/629 405/519/629

vn 0.0148661 -0.999889 -0.000667886
v -0.0568124 1.06438 0.167492
vt 0.363969 0.618008
f 408/522/630 409/523/630 407/521/630

vn 0.0217132 -0.999764 -0.000383994
f 359/456/631 409/523/631 408/522/631

vn 0.0238169 -0.999269 0.0298989
f 359/456/632 361/458/632 409/523/632

vn 0.0340337 -0.999421 0.000310941
f 361/458/633 365/465/633 409/523/633

vn 0.0106167 -0.999943 -0.00066042
v -0.0890588 1.06404 0.168294
vt 0.34962 0.617901
f 409/523/634 365/465/634 410/524/634

vn 0.00629688 -0.999932 0.00982804
f 365/465/635 372/477/635 410/524/635

vn 0.00609504 -0.997971 -0.0633782
f 365/465/636 366/466/636 372/477/636

vn 0.0188966 -0.999774 0.00974627
f 372/477/637 374/479/637 410/524/637

vn 0.0293218 -0.999083 -0.0312107
f 372/477/638 373/478/638 374/479/638

vn 0.0160723 -0.999411 -0.0303364
v -0.130447 1.06369 0.157663
vt 0.332534 0.61287
f 410/524/639 374/479/639 411/525/639

vn -0.0141126 -0.999511 -0.0278964
f 374/479/640 375/480/640 411/525/640

vn 0.193613 -0.74251 0.641244
v -0.168079 1.05676 0.160999
vt 0.318308 0.611049
f 411/525/641 375/480/641 412/526/641

vn 0.432211 -0.242893 0.868445
v -0.194735 1.0457 0.171172
vt 0.307538 0.60936
f 375/480/642 413/527/642 412/526/642

vn 0.76688 -0.0286133 0.641153
f 413/527/643 375/480/643 376/481/643

v -0.188058 1.03261 0.187567
vt 0.30513 0.601286
vn 0.437485 0.781196 0.445353
f 414/528/644 413/527/644 376/481/644

v -0.162552 1.03513 0.173172
vt 0.317394 0.601155
vn 0.230009 0.804133 0.548147
f 415/529/645 413/527/645 414/528/645

vn 0.218068 0.776031 0.591796
v -0.167763 1.04709 0.159414
vt 0.317894 0.607871
f 415/529/646 416/530/646 413/527/646

v -0.126847 1.04569 0.15982
vt 0.333048 0.604725
vn 0.0194859 0.7583 0.651614
f 417/531/647 416/530/647 415/529/647

v -0.12944 1.05372 0.156339
vt 0.332574 0.608455
vn 0.00456149 0.39881 0.917022
f 418/532/648 416/530/648 417/531/648

vn 0.106048 -0.157362 0.98183
f 412/526/649 416/530/649 418/532/649

vn 0.401759 -0.135251 0.905702
f 412/526/650 413/527/650 416/530/650

vn 0.134734 0.237666 0.961957
f 406/520/651 412/526/651 418/532/651

vn 0.159713 -0.442353 0.882505
f 411/525/652 412/526/652 406/520/652

vn 0.0560255 -0.455363 0.888541
f 407/521/653 411/525/653 406/520/653

vn 0.0057591 -0.999935 0.00983169
f 410/524/654 411/525/654 407/521/654

vn 0.0108765 -0.999893 0.00979869
f 409/523/655 410/524/655 407/521/655

vn 0.0865749 0.234034 0.968366
f 406/520/656 418/532/656 404/518/656

vn 0.0740334 0.416504 0.906114
f 404/518/657 418/532/657 417/531/657

vn 0.0610088 0.454584 0.888612
v -0.0898446 1.05105 0.154536
vt 0.349071 0.605802
f 404/518/658 417/531/658 419/533/658

vn -0.0334813 0.809135 0.586668
v -0.121731 1.03998 0.167987
vt 0.33439 0.600212
f 419/533/659 417/531/659 420/534/659

vn -0.0225203 0.812677 0.582279
f 420/534/660 417/531/660 415/529/660

vn -0.0332289 0.847197 0.530239
v -0.157151 1.02666 0.187049
vt 0.31718 0.594149
f 420/534/661 415/529/661 421/535/661

vn 0.175251 0.869132 0.46249
f 421/535/662 415/529/662 414/528/662

vn 0.186724 0.94579 0.265736
v -0.176965 1.02507 0.206622
vt 0.304835 0.590108
f 421/535/663 414/528/663 422/536/663

vn 0.430709 0.89646 0.104163
v -0.202713 1.03807 0.201211
vt 0.294654 0.602592
f 422/536/664 414/528/664 423/537/664

vn 0.437664 0.891955 0.113435
f 414/528/665 376/481/665 423/537/665

vt 0.197482 0.230833
vn -0.0599615 0.845232 0.531025
v -0.211285 1.0353 0.204658
vt 0.199561 0.22639
f 423/538/666 376/482/666 424/539/666

vn -0.255375 0.816591 0.517651
f 424/539/667 376/482/667 377/484/667

vn -0.792172 0.208605 0.57354
v -0.215971 1.02626 0.201471
vt 0.201679 0.221367
f 377/484/668 425/540/668 424/539/668

vn -0.62161 0.351036 0.700268
f 377/484/669 378/486/669 425/540/669

vn -0.835173 -0.174663 0.521516
f 378/486/670 381/490/670 425/540/670

vn -0.778717 -0.152433 0.608575
f 380/489/671 381/490/671 378/486/671

vn -0.71123 -0.256806 0.654372
f 380/489/672 378/486/672 379/487/672

vn -0.786231 -0.227427 0.574558
f 381/490/673 382/491/673 425/540/673

vn -0.827692 -0.254936 0.499934
v -0.203044 1.01751 0.218408
vt 0.211396 0.227442
f 425/540/674 382/491/674 426/541/674

vn -0.786834 -0.292169 0.543626
f 382/491/675 383/492/675 426/541/675

vn -0.837815 -0.35348 0.416074
v -0.187966 1.00632 0.239266
vt 0.222751 0.234122
f 426/541/676 383/492/676 427/542/676

vn -0.82896 -0.360893 0.427296
f 383/492/677 384/493/677 427/542/677

vn -0.843352 -0.392119 0.367423
f 427/542/678 384/493/678 385/494/678

vn -0.84364 -0.0231908 0.536408
v -0.184597 1.01736 0.245041
vt 0.220509 0.239615
f 427/542/679 385/494/679 428/543/679

vn -0.838909 -0.0142935 0.544084
f 428/543/680 385/494/680 386/495/680

vn -0.119441 0.885266 0.449487
v -0.175905 1.02095 0.240267
vt 0.217697 0.243509
f 386/495/681 429/544/681 428/543/681

vn -0.0947954 0.889997 0.446004
f 387/496/682 429/544/682 386/495/682

vn 0.446251 0.893081 0.0571552
vt 0.297115 0.573434
f 388/498/683 429/545/683 387/497/683

vn 0.444377 0.893703 0.061843
v -0.165352 1.0168 0.224452
vt 0.306562 0.57833
f 388/498/684 430/546/684 429/545/684

vn 0.176097 0.955192 0.237905
f 389/499/685 430/546/685 388/498/685

vn 0.156808 0.95054 0.268115
v -0.150764 1.01956 0.206141
vt 0.317116 0.584376
f 389/499/686 431/547/686 430/546/686

vn -0.822803 0.364971 0.435651
v -0.145327 1.02766 0.20962
vt 0.321518 0.582483
f 431/547/687 389/499/687 432/548/687

vn -0.828374 0.356865 0.431791
v -0.133533 1.01605 0.241843
vt 0.322053 0.565107
f 432/548/688 389/499/688 433/549/688

vn -0.791151 0.326088 0.517443
f 389/499/689 390/500/689 433/549/689

vn -0.502841 0.691032 0.519255
f 392/502/690 433/549/690 390/500/690

vn -0.510412 0.752208 0.416728
v -0.12267 1.0371 0.217162
vt 0.332177 0.577969
f 392/502/691 434/550/691 433/549/691

vn -0.220058 0.892976 0.392644
f 394/504/692 434/550/692 392/502/692

vn -0.217621 0.949364 0.226602
v -0.111384 1.04328 0.202078
vt 0.33843 0.584256
f 394/504/693 435/551/693 434/550/693

vn -0.201618 0.957996 0.203947
f 394/504/694 396/506/694 435/551/694

vn -0.250552 0.967342 0.0383818
v -0.118093 1.0424 0.180564
vt 0.336297 0.593825
f 396/506/695 436/552/695 435/551/695

vn -0.273149 0.957626 0.0913376
v -0.0917016 1.05111 0.168171
vt 0.348368 0.598564
f 396/506/696 437/553/696 436/552/696

vn -0.0956487 0.993497 0.0617652
f 397/507/697 437/553/697 396/506/697

vn -0.101094 0.992408 0.07004
f 400/514/698 437/553/698 397/507/698

vn -0.153132 0.726769 -0.669595
v -0.091088 1.04639 0.162909
vt 0.348093 0.601633
f 400/514/699 438/554/699 437/553/699

vn -0.178155 0.813839 -0.553106
f 401/515/700 438/554/700 400/514/700

vn -0.112878 0.928564 0.353593
v -0.090537 1.04807 0.158676
vt 0.348524 0.603613
f 401/515/701 439/555/701 438/554/701

vn -0.11407 0.97807 0.174259
f 402/516/702 439/555/702 401/515/702

vn -0.0645564 0.815021 0.575824
f 402/516/703 419/533/703 439/555/703

vn -0.0622764 0.901276 0.428746
f 402/516/704 403/517/704 419/533/704

vn -0.00338772 0.462948 0.886379
f 404/518/705 419/533/705 403/517/705

vn -0.038197 0.814051 0.579536
f 419/533/706 420/534/706 439/555/706

vn -0.136003 0.926859 0.349907
f 439/555/707 420/534/707 438/554/707

vn -0.10924 0.883145 0.456203
v -0.119272 1.0371 0.174137
vt 0.334876 0.597155
f 438/554/708 420/534/708 440/556/708

vn -0.0910816 0.887804 0.451118
f 440/556/709 420/534/709 421/535/709

vn -0.122571 0.916138 0.381665
f 440/556/710 421/535/710 431/547/710

vn 0.202503 0.938075 0.281084
f 431/547/711 421/535/711 422/536/711

vn 0.201605 0.932063 0.30102
f 431/547/712 422/536/712 430/546/712

vn 0.435345 0.890874 0.129687
v -0.190507 1.02972 0.220132
vt 0.294274 0.588356
f 430/546/713 422/536/713 441/557/713

vn 0.427273 0.896153 0.119779
f 422/536/714 423/537/714 441/557/714

vt 0.207885 0.236594
vn -0.152132 0.864255 0.479498
v -0.198833 1.02623 0.223776
vt 0.210097 0.232581
f 441/558/715 423/538/715 442/559/715

vn -0.0922136 0.875181 0.474926
f 442/559/716 423/538/716 424/539/716

vn -0.825292 0.0522931 0.562279
f 424/539/717 426/541/717 442/559/717

vn -0.744232 0.157036 0.649199
f 425/540/718 426/541/718 424/539/718

vn -0.804354 0.0228497 0.593711
f 426/541/719 427/542/719 442/559/719

vn -0.8365 -0.0309628 0.547092
f 442/559/720 427/542/720 428/543/720

vn -0.158675 0.868855 0.468949
f 428/543/721 441/558/721 442/559/721

vn -0.109849 0.879666 0.462732
f 429/544/722 441/558/722 428/543/722

vn 0.447233 0.892113 0.064167
f 430/546/723 441/557/723 429/545/723

vn -0.701526 0.620802 -0.34995
f 440/556/724 431/547/724 432/548/724

vn -0.712605 0.599975 -0.363627
f 440/556/725 432/548/725 436/552/725

vn -0.406009 0.910261 0.0811256
f 436/552/726 432/548/726 434/550/726

vn -0.466507 0.763853 0.445981
f 434/550/727 432/548/727 433/549/727

vn -0.390324 0.916834 0.08404
f 435/551/728 436/552/728 434/550/728

vn -0.475164 0.719861 -0.505984
f 437/553/729 440/556/729 436/552/729

vn -0.457276 0.634932 -0.622704
f 438/554/730 440/556/730 437/553/730

vn 0.00949154 -0.999515 0.0296593
f 356/453/731 359/456/731 408/522/731

vn 0.0171319 -0.779077 0.626694
f 356/453/732 408/522/732 355/452/732

vn 0.0535944 -0.774001 0.630912
f 355/452/733 408/522/733 405/519/733

vn 0.0506953 0.278195 0.959186
f 355/452/734 405/519/734 353/450/734

v 0.0309042 1.05677 0.290236
vt 0.625988 0.677076
vn -0.00586834 -0.996394 -0.0846491
vt 0.610156 0.703595
vt 0.610156 0.676826
f 443/560/735 256/561/735 368/562/735

vn -0.0260656 -0.994928 -0.0971547
v 0.0302745 1.05195 0.339852
vt 0.626678 0.70334
f 443/560/736 444/563/736 256/561/736

v 0.0581553 1.05248 0.336222
vt 0.641551 0.700414
vn 0.00662398 -0.995284 -0.0967745
f 445/564/737 444/563/737 443/560/737

vn 0.000151127 -0.989342 -0.145613
v 0.0566174 1.0459 0.38097
vt 0.642842 0.72536
f 445/564/738 446/565/738 444/563/738

v 0.0807354 1.04779 0.364429
vt 0.655105 0.714686
vn -0.0226654 -0.988974 -0.146344
f 447/566/739 446/565/739 445/564/739

v 0.094315 1.04362 0.384868
vt 0.663726 0.724897
vn -0.0416036 -0.983975 -0.173385
f 448/567/740 446/565/740 447/566/740

vn -0.0289995 -0.95932 -0.280828
v 0.0621066 1.03878 0.404724
vt 0.647884 0.738946
f 448/567/741 449/568/741 446/565/741

vn -0.49319 -0.195474 -0.847675
v 0.095997 1.03511 0.385851
vt 0.667321 0.727993
f 448/567/742 450/569/742 449/568/742

v 0.120465 1.048 0.348983
vt 0.675544 0.704052
vn -0.775001 -0.221631 -0.591822
f 451/570/743 450/569/743 448/567/743

vn -0.684459 -0.415077 -0.599355
v 0.124827 1.03967 0.349768
vt 0.680365 0.70586
f 451/570/744 452/571/744 450/569/744

v 0.138775 1.05027 0.31954
vt 0.683172 0.686932
vn -0.74757 -0.438654 -0.49872
f 453/572/745 452/571/745 451/570/745

v 0.145276 1.04248 0.319301
vt 0.688614 0.687389
vn -0.671916 -0.545285 -0.501192
f 454/573/746 452/571/746 453/572/746

v 0.162374 1.04774 0.332268
vt 0.652371 0.111065
vn 0.241955 -0.967518 0.07326
vt 0.636314 0.09946
vt 0.653524 0.100752
f 455/574/747 452/575/747 454/576/747

vn 0.256088 -0.960746 0.106703
v 0.139476 1.04555 0.367487
vt 0.632931 0.11
f 455/574/748 456/577/748 452/575/748

vn 0.764467 -0.441735 0.469532
v 0.168685 1.06901 0.342008
vt 0.650068 0.122249
f 455/574/749 457/578/749 456/577/749

v 0.187793 1.07058 0.309098
vt 0.667983 0.122506
vn 0.788011 -0.433776 0.436895
f 458/579/750 457/578/750 455/574/750

vn 0.852661 0.144986 0.501945
v 0.183473 1.093 0.309959
vt 0.66704 0.133348
f 458/579/751 459/580/751 457/578/751

v 0.204617 1.094 0.273045
vt 0.687137 0.13242
vn 0.85672 0.146047 0.494673
f 460/581/752 459/580/752 458/579/752

v 0.1971 1.11705 0.269583
vt 0.687847 0.14385
vn 0.813199 0.336429 0.474892
f 461/582/753 459/580/753 460/581/753

vn 0.852532 0.269123 0.448065
v 0.177256 1.11799 0.306779
vt 0.667515 0.145989
f 461/582/754 462/583/754 459/580/754

v 0.186892 1.13275 0.2648
vt 0.688531 0.15292
vn 0.72282 0.583002 0.371
f 463/584/755 462/583/755 461/582/755

vn 0.804725 0.47752 0.352692
v 0.166723 1.13807 0.303621
vt 0.667145 0.157532
f 463/584/756 464/585/756 462/583/756

usemtl _auto_5
v 0.178993 1.14231 0.260601
vt 0.35278 1.76589
vn 0.684229 0.680462 0.262299
vt 0.31603 1.76017
vt 0.35241 1.75506
f 465/586/757 464/587/757 463/588/757

vn 0.784375 0.554292 0.278416
v 0.154721 1.15654 0.300655
vt 0.31424 1.77862
f 465/586/758 466/589/758 464/587/758

vn 0.855464 0.00154761 0.51786
v 0.178259 1.18544 0.261686
vt 0.35278 1.80158
f 465/586/759 467/590/759 466/589/759

v 0.208321 1.18664 0.21232
vt 0.40067 1.80101
vn 0.854078 0.00146657 0.520144
f 468/591/760 467/590/760 465/586/760

vn 0.85275 0.0447932 0.520394
v 0.176787 1.22375 0.2608
vt 0.35385 1.83333
f 468/591/761 469/592/761 467/590/761

vn 0.846823 0.0255593 0.53126
v 0.206487 1.22587 0.213356
vt 0.40017 1.83351
f 468/591/762 470/593/762 469/592/762

v 0.229755 1.19344 0.169517
vt 0.4405 1.80555
vn 0.891862 0.0297767 0.451327
f 471/594/763 470/593/763 468/591/763

vn 0.901055 0.0672924 0.428452
v 0.226259 1.22922 0.17125
vt 0.4387 1.83533
f 471/594/764 472/595/764 470/593/764

v 0.241084 1.20112 0.143119
vt 0.46448 1.8114
vn 0.909324 0.0689781 0.410331
f 473/596/765 472/595/765 471/594/765

vn 0.914166 0.0857044 0.396176
v 0.237133 1.23746 0.144375
vt 0.46283 1.84169
f 473/596/766 474/597/766 472/595/766

v 0.245112 1.21334 0.112826
vt 0.48986 1.82164
vn 0.980128 0.100661 0.170928
f 475/598/767 474/597/767 473/596/767

vn 0.980088 0.0993503 0.17192
v 0.240654 1.25122 0.116352
vt 0.48619 1.85334
f 475/598/768 476/599/768 474/597/768

usemtl _auto_6
v 0.252591 1.23231 0.0554119
vt 0.750352 0.325482
vn 0.981799 0.100557 0.161116
vt 0.734998 0.300707
vt 0.752642 0.298322
f 477/600/769 476/601/769 475/602/769

vn 0.980429 0.122657 0.153991
v 0.245829 1.27533 0.0641944
vt 0.731262 0.326286
f 477/600/770 478/603/770 476/601/770

v 0.249088 1.25064 -0.00632239
vt 0.748303 0.352282
vn 0.987534 0.157126 -0.00937799
f 479/604/771 478/603/771 477/600/771

vn 0.987251 0.158859 -0.00999786
v 0.241823 1.29657 0.00604865
vt 0.729094 0.351804
f 479/604/772 480/605/772 478/603/772

v 0.227558 1.26451 -0.0689734
vt 0.746847 0.378822
vn 0.936247 0.221551 -0.272683
f 481/606/773 480/605/773 479/604/773

vn 0.959024 0.14412 -0.24393
v 0.223507 1.31442 -0.0554167
vt 0.727247 0.377431
f 481/606/774 482/607/774 480/605/774

vt 0.72774 0.376907
vn 0.860479 0.197526 -0.469637
vt 0.746823 0.378811
v 0.192426 1.27575 -0.128628
vt 0.745113 0.405326
v 0.18852 1.32906 -0.113353
vt 0.724694 0.402953
f 482/608/775 481/609/775 483/610/775 484/611/775 

v 0.192938 1.22446 -0.13655
vt 0.764748 0.406479
vn 0.865471 0.0848985 -0.493713
vt 0.745137 0.405337
f 485/612/776 483/613/776 481/606/776

vn 0.539476 0.133787 -0.831304
f 62/78/777 483/613/777 485/612/777

vn 0.537389 0.207024 -0.817529
f 64/80/778 483/613/778 62/78/778

vn 0.576637 0.2638 -0.77324
vt 0.724718 0.402964
f 64/80/779 484/614/779 483/613/779

vn 0.566052 0.364245 -0.739534
f 66/82/780 484/614/780 64/80/780

vn 0.611951 0.427974 -0.665097
v 0.179469 1.38126 -0.0880908
vt 0.703749 0.398917
f 66/82/781 486/615/781 484/614/781

vn 0.58617 0.539072 -0.604819
f 68/84/782 486/615/782 66/82/782

vn 0.616531 0.575262 -0.537553
v 0.165924 1.42865 -0.0529077
vt 0.682707 0.392823
f 68/84/783 487/616/783 486/615/783

vn 0.555084 0.717791 -0.420307
v 0.10567 1.47973 -0.0452628
vt 0.656114 0.404874
f 487/616/784 68/84/784 488/617/784

vn 0.323204 0.780812 -0.53467
f 68/84/785 69/85/785 488/617/785

vt 0.627083 0.408336
vn 0.240246 0.930701 -0.275819
v 0.089125 1.50015 0.00926485
vt 0.635066 0.391804
vt 0.656073 0.404887
vt 0.645979 0.424233
f 205/618/786 489/619/786 488/620/786 69/621/786 

vt 0.636846 0.39206
vn 0.184148 0.973791 -0.133492
f 489/622/787 205/264/787 206/266/787

vn 0.223151 0.971118 -0.0844628
v 0.0748424 1.50815 0.0634929
vt 0.620143 0.376972
f 489/622/788 206/266/788 490/623/788

vn 0.196076 0.980533 -0.0104336
f 490/623/789 206/266/789 207/267/789

vn 0.222912 0.974621 0.0205853
f 490/623/790 207/267/790 219/283/790

vn 0.0633868 0.992589 0.103681
f 219/283/791 207/267/791 209/282/791

vn 0.0789552 0.990452 0.11301
f 207/267/792 208/268/792 209/282/792

vn 0.313019 0.949128 0.034294
f 221/285/793 490/623/793 219/283/793

vn 0.307704 0.950727 0.0379028
v 0.104915 1.49784 0.0778977
vt 0.628525 0.365897
f 221/285/794 491/624/794 490/623/794

vn 0.477301 0.878739 -0.000852908
f 223/287/795 491/624/795 221/285/795

vn 0.471541 0.880544 0.0478677
v 0.1246 1.48946 0.0381671
vt 0.643111 0.375122
f 223/287/796 492/625/796 491/624/796

v 0.179254 1.44967 0.0375966
vt 0.665387 0.363258
vn 0.587926 0.808051 -0.0373685
f 493/626/797 492/625/797 223/287/797

vn 0.584886 0.804788 -0.101114
v 0.147661 1.46667 -0.00984067
vt 0.662286 0.384879
f 493/626/798 494/627/798 492/625/798

vn 0.712224 0.660508 -0.237626
v 0.201197 1.41144 -0.00289237
vt 0.686228 0.370001
f 494/627/799 493/626/799 495/628/799

vn 0.863314 0.504595 -0.00854214
v 0.216096 1.38688 0.0518704
vt 0.688187 0.346738
f 495/628/800 493/626/800 496/629/800

vn 0.864971 0.501005 -0.0286154
f 493/626/801 224/288/801 496/629/801

vn 0.716237 0.689069 0.110397
f 493/626/802 223/287/802 224/288/802

vn 0.908892 0.407539 0.0884732
v 0.222491 1.36229 0.0994174
vt 0.689945 0.324848
f 496/629/803 224/288/803 497/630/803

vn 0.911959 0.405094 0.0650421
f 224/288/804 225/289/804 497/630/804

vn 0.933232 0.30455 0.1906
v 0.222546 1.33846 0.137222
vt 0.692182 0.305006
f 497/630/805 225/289/805 498/631/805

vn 0.940527 0.302686 0.154242
v 0.207868 1.37256 0.159822
vt 0.671882 0.303423
f 225/289/806 499/632/806 498/631/806

vn 0.877281 0.408731 0.251629
f 225/289/807 226/290/807 499/632/807

vn 0.871377 0.392202 0.294752
v 0.187777 1.38635 0.200862
vt 0.652724 0.29265
f 499/632/808 226/290/808 500/633/808

vn 0.838262 0.423837 0.343044
f 226/290/809 227/291/809 500/633/809

vn 0.833642 0.394469 0.386568
v 0.171209 1.38638 0.23656
vt 0.638928 0.28167
f 500/633/810 227/291/810 501/634/810

vn 0.764233 0.402714 0.503755
v 0.136643 1.40884 0.271041
vt 0.616471 0.28062
f 227/291/811 502/635/811 501/634/811

vn 0.579173 0.632472 0.514332
f 227/291/812 228/292/812 502/635/812

vn 0.527521 0.504903 0.683223
v 0.124239 1.37336 0.306845
vt 0.609561 0.261357
f 228/292/813 503/636/813 502/635/813

vn 0.497035 0.504722 0.705841
f 228/292/814 229/293/814 503/636/814

vn 0.459785 0.269692 0.846087
v 0.108397 1.31842 0.332964
vt 0.605046 0.23701
f 229/293/815 504/637/815 503/636/815

vn 0.58164 0.285716 0.761618
v 0.0792399 1.33336 0.349628
vt 0.590491 0.239243
f 229/293/816 505/638/816 504/637/816

vn 0.355288 0.383926 0.852274
f 230/294/817 505/638/817 229/293/817

vn 0.378265 0.391883 0.838655
f 230/294/818 231/296/818 505/638/818

vn 0.370162 0.293392 0.88142
v 0.0693593 1.27953 0.371693
vt 0.588135 0.215537
f 231/296/819 506/639/819 505/638/819

vn 0.373921 0.294737 0.879382
v 0.0362024 1.28596 0.383637
vt 0.573435 0.215459
f 231/296/820 507/640/820 506/639/820

vn 0.164905 0.334639 0.927806
f 232/297/821 507/640/821 231/296/821

vn 0.192957 0.349058 0.91702
v 0 1.28869 0.390218
vt 0.55843 0.214673
f 232/297/822 508/641/822 507/640/822

vn -0.192957 0.349058 0.91702
vt 0.44157 0.214673
f 232/298/823 233/299/823 508/642/823

vn -0.189381 0.189149 0.963513
f 508/642/824 233/299/824 234/300/824

vn 0.189381 0.189149 0.963513
vt 0.560279 0.193878
f 508/641/825 234/643/825 507/640/825

vn 0.180578 0.195911 0.963852
v 0.0322392 1.23523 0.394691
vt 0.573684 0.193948
f 507/640/826 234/643/826 509/644/826

vn 0.182995 0.618936 0.763827
v 0.0334294 1.2059 0.418175
vt 0.572628 0.178479
f 234/643/827 510/645/827 509/644/827

vn 0.158882 0.60362 0.781281
f 234/643/828 235/306/828 510/645/828

vn 0.158065 0.613689 0.773564
f 235/306/829 240/308/829 510/645/829

vn 0.348413 0.591384 0.727237
v 0.073263 1.16447 0.432778
vt 0.586892 0.159193
f 510/645/830 240/308/830 511/646/830

vn 0.378424 0.332904 0.863696
v 0.076483 1.12456 0.44675
vt 0.586897 0.142057
f 240/308/831 512/647/831 511/646/831

vn 0.457275 0.407583 0.790427
f 240/308/832 241/309/832 512/647/832

vn 0.490076 0.0516402 0.870149
f 241/309/833 242/311/833 512/647/833

vn 0.35685 0.196402 0.913282
v 0.080979 1.08449 0.453611
vt 0.588475 0.125944
f 512/647/834 242/311/834 513/648/834

vn 0.374267 -0.169679 0.911665
f 513/648/835 242/311/835 246/318/835

vn 0.669626 -0.152019 0.726975
v 0.1172 1.05945 0.415011
vt 0.610274 0.117078
f 513/648/836 246/318/836 514/649/836

v 0.111058 1.04046 0.403918
vt 0.612339 0.107526
vn 0.62453 -0.534573 0.56938
f 515/650/837 514/649/837 246/318/837

v 0.146662 1.06589 0.377561
vt 0.63082 0.1207
vn 0.716597 -0.509807 0.476009
f 516/651/838 514/649/838 515/650/838

vn 0.787335 -0.0184012 0.61625
v 0.146053 1.09044 0.379072
vt 0.629622 0.131916
f 516/651/839 517/652/839 514/649/839

v 0.165552 1.09176 0.343583
vt 0.648658 0.133173
vn 0.876524 -0.00788122 0.481294
f 518/653/840 517/652/840 516/651/840

v 0.157804 1.11858 0.340134
vt 0.648046 0.147141
vn 0.831261 0.300239 0.467827
f 519/654/841 517/652/841 518/653/841

vn 0.869533 0.236696 0.433459
v 0.139733 1.1204 0.375392
vt 0.628249 0.146501
f 519/654/842 520/655/842 517/652/842

vn 0.819709 0.411026 0.398917
v 0.130546 1.14967 0.364117
vt 0.62806 0.163474
f 519/654/843 521/656/843 520/655/843

v 0.150038 1.14167 0.33257
vt 0.649178 0.160668
vn 0.819413 0.407605 0.403015
f 522/657/844 521/656/844 519/654/844

usemtl _auto_5
v 0.140598 1.16795 0.320721
vt 0.29405 1.78876
vn 0.802887 0.459629 0.379622
vt 0.25778 1.77172
vt 0.2884 1.76416
f 523/658/845 521/659/845 522/660/845

vn 0.838293 0.405139 0.364866
v 0.123063 1.18013 0.347485
vt 0.26767 1.79954
f 523/658/846 524/661/846 521/659/846

v 0.138858 1.19641 0.315598
vt 0.29751 1.81269
vn 0.856352 0.141747 0.496558
f 525/662/847 524/661/847 523/658/847

vn 0.792399 0.286244 0.538672
v 0.120979 1.20591 0.33685
vt 0.27476 1.82167
f 525/662/848 526/663/848 524/661/848

v 0.138703 1.23643 0.309143
vt 0.30304 1.84602
vn 0.78322 0.101948 0.613329
f 527/664/849 526/663/849 525/662/849

vn 0.785995 0.0977312 0.61046
v 0.122699 1.24899 0.327739
vt 0.28312 1.85738
f 527/664/850 528/665/850 526/663/850

v 0.14065 1.28113 0.298371
vt 0.31272 1.88306
vn 0.789141 0.111212 0.60406
f 529/666/851 528/665/851 527/664/851

vn 0.819177 0.0633377 0.570033
v 0.12782 1.29756 0.314983
vt 0.29582 1.89744
f 529/666/852 530/667/852 528/665/852

v 0.14691 1.32371 0.282755
vt 0.32781 1.9181
vn 0.826604 0.0826321 0.556684
f 531/668/853 530/667/853 529/666/853

vn 0.858294 0.00580604 0.513125
v 0.141115 1.3483 0.292171
vt 0.31933 1.93892
f 531/668/854 532/669/854 530/667/854

v 0.161991 1.34772 0.258397
vt 0.35239 1.93727
vn 0.850615 -0.000851708 0.525788
f 533/670/855 532/669/855 531/668/855

vt 0.319282 1.93895
vn 0.8505 0.0312883 0.525044
vt 0.352342 1.9373
v 0.174477 1.35609 0.237662
vt 0.372754 1.94356
v 0.15669 1.37666 0.265255
vt 0.346022 1.96167
f 532/671/856 533/672/856 534/673/856 535/674/856 

v 0.173168 1.33465 0.236613
vt 0.37237 1.92563
vn 0.867548 -0.0770251 0.491354
vt 0.37277 1.94352
f 536/675/857 534/676/857 533/670/857

v 0.185523 1.3344 0.216696
vt 0.39188 1.92479
vn 0.846804 -0.0774643 0.526234
f 537/677/858 534/676/858 536/675/858

v 0.187834 1.35582 0.211635
vt 0.39712 1.94251
vn 0.889681 0.0118492 0.456429
f 538/678/859 534/676/859 537/677/859

vn 0.884576 0.111933 0.452765
vt 0.37311 1.96891
f 538/678/860 501/679/860 534/676/860

vt 0.40589 1.96805
vn 0.897055 0.148537 0.416209
f 500/680/861 501/679/861 538/678/861

v 0.205906 1.34696 0.178802
vt 0.42812 1.93415
vn 0.882437 0.158001 0.443103
f 539/681/862 500/680/862 538/678/862

vt 0.44371 1.9557
vn 0.904354 0.207334 0.373035
f 499/682/863 500/680/863 539/681/863

vt 0.46535 1.92666
vn 0.925711 0.176956 0.334285
f 498/683/864 499/682/864 539/681/864

vn 0.920116 0.221611 0.322916
v 0.219036 1.31892 0.16064
vt 0.44587 1.91012
f 498/683/865 539/681/865 540/684/865

vn 0.873786 0.100989 0.475709
v 0.199414 1.32213 0.195998
vt 0.41231 1.91384
f 540/684/866 539/681/866 541/685/866

vn 0.882527 0.089042 0.461754
f 539/681/867 538/678/867 541/685/867

vn 0.839841 0.0373385 0.541547
f 541/685/868 538/678/868 537/677/868

vn 0.865552 0.225772 0.447042
v 0.197228 1.29351 0.214686
vt 0.39713 1.88982
f 541/685/869 537/677/869 542/686/869

v 0.174969 1.29392 0.250649
vt 0.362292 1.89155
vn 0.831758 0.213168 0.51258
vt 0.397232 1.89002
vt 0.391831 1.92497
vt 0.372469 1.92583
f 543/687/870 542/688/870 537/689/870 536/690/870 

v 0.202543 1.26188 0.214424
vt 0.39869 1.8634
vn 0.842953 0.137372 0.520153
vt 0.36219 1.89135
f 544/691/871 542/686/871 543/692/871

v 0.210181 1.29566 0.183999
vt 0.42473 1.89124
vn 0.907192 0.149222 0.393365
f 545/693/872 542/686/872 544/691/872

vn 0.900099 0.187903 0.393083
f 545/693/873 541/685/873 542/686/873

vn 0.871039 0.14097 0.470551
f 540/684/874 541/685/874 545/693/874

v 0.22982 1.28073 0.14911
vt 0.45755 1.87788
vn 0.885828 0.11439 0.449692
f 546/694/875 540/684/875 545/693/875

v 0.232755 1.29498 0.123625
vt 0.47865 1.8901
vn 0.953685 0.202038 0.222856
f 547/695/876 540/684/876 546/694/876

vn 0.954571 0.142254 0.261837
f 547/695/877 498/683/877 540/684/877

usemtl _auto_6
v 0.235964 1.31947 0.0781807
vt 0.71102 0.326291
vn 0.970552 0.176685 0.163739
vt 0.714059 0.303291
f 548/696/878 498/631/878 547/697/878

vn 0.962152 0.231168 0.144307
f 548/696/879 497/630/879 498/631/879

vn 0.956673 0.290373 0.0214644
f 496/629/880 497/630/880 548/696/880

v 0.231095 1.34289 0.0248448
vt 0.708978 0.350148
vn 0.953502 0.29818 0.043858
f 549/698/881 496/629/881 548/696/881

vn 0.925526 0.368688 -0.0864307
f 495/628/882 496/629/882 549/698/882

v 0.215288 1.36458 -0.0338712
vt 0.70693 0.374619
vn 0.926816 0.356564 -0.117786
f 550/699/883 495/628/883 549/698/883

vn 0.783102 0.489266 -0.383889
f 487/616/884 495/628/884 550/699/884

vn 0.707426 0.651181 -0.274793
f 487/616/885 494/627/885 495/628/885

vn 0.562512 0.723531 -0.400103
f 487/616/886 488/617/886 494/627/886

vn 0.437982 0.877413 -0.195751
f 494/627/887 488/617/887 489/622/887

vn 0.433634 0.876768 -0.207941
f 494/627/888 489/622/888 492/625/888

vn 0.327412 0.943399 -0.052914
f 492/625/889 489/622/889 490/623/889

vn 0.337452 0.940823 -0.0312873
f 492/625/890 490/623/890 491/624/890

vn 0.786483 0.496984 -0.366677
f 486/615/891 487/616/891 550/699/891

vn 0.831366 0.328684 -0.448104
f 486/615/892 550/699/892 482/607/892

vn 0.946224 0.24552 -0.210666
f 482/607/893 550/699/893 480/605/893

vn 0.947723 0.280912 -0.151363
f 550/699/894 549/698/894 480/605/894

vn 0.974938 0.222309 0.00859494
f 480/605/895 549/698/895 548/696/895

vn 0.976611 0.214725 0.0111394
f 480/605/896 548/696/896 478/603/896

vn 0.973061 0.167155 0.15878
f 478/603/897 548/696/897 547/697/897

vn 0.97499 0.14847 0.165384
f 478/603/898 547/697/898 476/601/898

usemtl _auto_5
vt 0.457485 1.87786
vn 0.970873 0.143176 0.192108
vt 0.462763 1.84167
vt 0.486124 1.85332
vt 0.478677 1.88992
f 546/700/899 474/701/899 476/702/899 547/703/899 

vn 0.901051 0.106269 0.420492
v 0.219042 1.2667 0.175751
vt 0.43351 1.86674
f 474/597/900 546/694/900 551/704/900

vn 0.887529 0.147246 0.43659
f 546/694/901 545/693/901 551/704/901

vn 0.900506 0.160457 0.404157
f 551/704/902 545/693/902 544/691/902

vn 0.912221 0.0880281 0.400131
f 551/704/903 544/691/903 470/593/903

vn 0.842715 0.0764792 0.5329
v 0.174518 1.26319 0.258557
vt 0.3556 1.86598
f 470/593/904 544/691/904 552/705/904

vn 0.839318 0.123847 0.529347
f 544/691/905 543/692/905 552/705/905

vn 0.735967 0.158514 0.658199
v 0.152608 1.299 0.274429
vt 0.33546 1.89723
f 543/692/906 553/706/906 552/705/906

vn 0.734991 0.194438 0.649602
v 0.16124 1.32493 0.256901
vt 0.35248 1.91824
f 543/692/907 554/707/907 553/706/907

vn 0.785782 0.232322 0.573213
f 536/675/908 554/707/908 543/692/908

vn 0.872874 -0.060518 0.484178
f 536/675/909 533/670/909 554/707/909

vn 0.87425 -0.0604009 0.481703
f 554/707/910 533/670/910 531/668/910

vn 0.873255 0.0376688 0.485805
f 554/707/911 531/668/911 553/706/911

vn 0.880303 0.0438185 0.472383
f 553/706/912 531/668/912 529/666/912

vn 0.87262 0.0646509 0.484101
v 0.149325 1.2694 0.2843
vt 0.32614 1.87287
f 553/706/913 529/666/913 555/708/913

vn 0.875989 0.0766179 0.476207
f 555/708/914 529/666/914 527/664/914

vn 0.871327 0.0836319 0.483523
v 0.148033 1.22711 0.293942
vt 0.31764 1.83785
f 555/708/915 527/664/915 556/709/915

vn 0.87094 0.0815202 0.48458
f 556/709/916 527/664/916 525/662/916

vn 0.843605 0.11747 0.523958
v 0.150038 1.19033 0.298961
vt 0.31409 1.80711
f 556/709/917 525/662/917 557/710/917

vn 0.844937 0.144371 0.515013
f 557/710/918 525/662/918 523/658/918

vn 0.845796 0.143007 0.513983
f 557/710/919 523/658/919 466/589/919

vn 0.830977 0.447539 0.330433
f 466/589/920 523/658/920 522/660/920

vn 0.752613 0.547655 0.365578
f 466/589/921 522/660/921 464/587/921

usemtl _auto_6
vn 0.811569 0.40947 0.416762
f 464/585/922 522/657/922 519/654/922

vn 0.765854 0.470576 0.438208
f 464/585/923 519/654/923 462/583/923

vn 0.826387 0.299954 0.476563
f 462/583/924 519/654/924 518/653/924

vn 0.845786 0.269054 0.460712
f 462/583/925 518/653/925 459/580/925

vn 0.87768 0.0882726 0.471047
f 459/580/926 518/653/926 457/578/926

vn 0.84428 0.0795937 0.529958
f 457/578/927 518/653/927 516/651/927

vn 0.762947 -0.482476 0.430265
f 457/578/928 516/651/928 456/577/928

vn 0.716972 -0.495818 0.490015
f 456/577/929 516/651/929 515/650/929

vn 0.26 -0.96319 0.0682968
vt 0.614731 0.096853
f 456/577/930 515/650/930 450/711/930

vn 0.240673 -0.966834 0.085487
v 0.0652 1.02949 0.409011
vt 0.596972 0.092628
f 515/650/931 558/712/931 450/711/931

vn 0.234801 -0.971796 0.0219311
f 515/650/932 247/319/932 558/712/932

vn 0.545959 -0.642872 0.537257
f 515/650/933 246/318/933 247/319/933

vn 0.161319 -0.985839 0.0458088
f 247/319/934 249/322/934 558/712/934

vn 0.156738 -0.985675 0.0622704
f 247/319/935 248/320/935 249/322/935

vn -0.25879 -0.47061 -0.843537
vt 0.651474 0.744046
f 251/326/936 558/713/936 249/324/936

vn -0.258873 -0.474646 -0.841247
f 449/568/937 558/713/937 251/326/937

vn -0.463197 -0.494022 -0.735792
f 449/568/938 450/569/938 558/713/938

vn -0.011523 -0.933743 -0.35776
v 0.0299408 1.04547 0.388285
vt 0.627916 0.730964
f 449/568/939 251/326/939 559/714/939

vn -0.0289371 -0.933601 -0.357145
f 251/326/940 252/327/940 559/714/940

vn 3.81143e-005 -0.98896 -0.148184
f 559/714/941 252/327/941 256/561/941

vn -0.025751 -0.990838 -0.13258
f 444/563/942 559/714/942 256/561/942

vn -0.0205935 -0.990961 -0.132561
f 446/565/943 559/714/943 444/563/943

vn -0.0598384 -0.959902 -0.273876
f 449/568/944 559/714/944 446/565/944

vn 0.269873 -0.95825 0.0944795
f 456/577/945 450/711/945 452/575/945

usemtl _auto_5
vn 0.798179 0.140015 0.585923
f 467/590/946 557/710/946 466/589/946

vn 0.79929 0.0445655 0.599291
f 469/592/947 557/710/947 467/590/947

vn 0.755486 0.128825 0.642375
f 469/592/948 556/709/948 557/710/948

vn 0.756923 0.0804432 0.648535
f 552/705/949 556/709/949 469/592/949

vn 0.724204 0.132189 0.676798
f 552/705/950 555/708/950 556/709/950

vn 0.724423 0.144426 0.674057
f 552/705/951 553/706/951 555/708/951

vn 0.843393 0.0787637 0.531493
f 470/593/952 552/705/952 469/592/952

vn 0.894837 0.120671 0.429773
f 472/595/953 551/704/953 470/593/953

vn 0.905631 0.125724 0.405
f 474/597/954 551/704/954 472/595/954

usemtl _auto_6
vn 0.838836 0.348024 -0.418608
f 484/614/955 486/615/955 482/607/955

usemtl _auto_5
vn 0.871022 0.111405 0.478446
vt 0.34607 1.96164
f 501/679/956 535/715/956 534/676/956

usemtl _auto_6
vn 0.765138 0.383686 0.517058
vt 0.628933 0.270866
f 501/634/957 502/635/957 535/716/957

vn 0.726283 0.345611 0.594194
f 535/716/958 502/635/958 503/636/958

vn 0.77207 0.15976 0.61513
vt 0.621338 0.254871
f 535/716/959 503/636/959 532/717/959

vn 0.736787 0.105089 0.667908
f 532/717/960 503/636/960 504/637/960

vn 0.735386 0.108078 0.668974
vt 0.617674 0.232372
f 532/717/961 504/637/961 530/718/961

vn 0.742155 0.12313 0.658821
v 0.101378 1.2658 0.350705
vt 0.60494 0.214445
f 530/718/962 504/637/962 560/719/962

vn 0.593046 0.185085 0.783607
f 504/637/963 506/639/963 560/719/963

vn 0.56687 0.221253 0.79354
f 505/638/964 506/639/964 504/637/964

vn 0.591569 0.177138 0.786555
v 0.0654731 1.22918 0.385956
vt 0.588708 0.19326
f 506/639/965 561/720/965 560/719/965

vn 0.287453 0.240429 0.927127
f 506/639/966 509/644/966 561/720/966

vn 0.363107 0.1712 0.915884
f 507/640/967 509/644/967 506/639/967

vn 0.304215 0.579777 0.755852
v 0.0675574 1.20117 0.406601
vt 0.587802 0.178095
f 509/644/968 562/721/968 561/720/968

vn 0.330439 0.598003 0.730207
f 509/644/969 510/645/969 562/721/969

vn 0.332359 0.58138 0.742654
f 510/645/970 511/646/970 562/721/970

v 0.10467 1.15829 0.4021
vt 0.605585 0.160991
vn 0.651972 0.504869 0.565721
f 563/722/971 562/721/971 511/646/971

v 0.0989145 1.19034 0.380289
vt 0.606475 0.178686
vn 0.650817 0.503613 0.568165
f 564/723/972 562/721/972 563/722/972

vn 0.655467 0.4791 0.583803
f 564/723/973 561/720/973 562/721/973

vn 0.61953 0.438334 0.651188
v 0.09798 1.2172 0.363096
vt 0.607187 0.193116
f 561/720/974 564/723/974 565/724/974

vt 0.626119 0.181768
vn 0.804802 0.339572 0.486811
f 524/725/975 565/724/975 564/723/975

vt 0.623604 0.194585
vn 0.778026 0.292272 0.556104
f 526/726/976 565/724/976 524/725/976

vt 0.619433 0.212534
vn 0.769574 0.102575 0.630265
f 528/727/977 565/724/977 526/726/977

vn 0.766696 0.107748 0.632904
f 528/727/978 560/719/978 565/724/978

vn 0.761433 0.0883781 0.64219
f 530/718/979 560/719/979 528/727/979

vn 0.606095 0.156444 0.779855
f 560/719/980 561/720/980 565/724/980

vn 0.784599 0.434316 0.442463
f 524/725/981 564/723/981 521/656/981

vn 0.786104 0.43802 0.436095
f 521/656/982 564/723/982 563/722/982

vn 0.791664 0.419616 0.444061
f 521/656/983 563/722/983 520/655/983

vn 0.789706 0.407657 0.458454
v 0.114395 1.1234 0.416375
vt 0.606695 0.144045
f 520/655/984 563/722/984 566/728/984

vn 0.672016 0.433056 0.600714
f 563/722/985 511/646/985 566/728/985

vn 0.600823 0.306886 0.738128
f 511/646/986 512/647/986 566/728/986

vn 0.618197 0.182341 0.764581
v 0.119358 1.08781 0.42085
vt 0.608345 0.128989
f 512/647/987 567/729/987 566/728/987

vn 0.626204 0.199311 0.753753
f 512/647/988 513/648/988 567/729/988

vn 0.645995 -0.200807 0.736456
f 567/729/989 513/648/989 514/649/989

vn 0.83509 -0.171203 0.522794
f 517/652/990 567/729/990 514/649/990

vn 0.823257 0.182391 0.537569
f 517/652/991 566/728/991 567/729/991

vn 0.833957 0.237153 0.498272
f 520/655/992 566/728/992 517/652/992

vn 0.518507 0.102599 -0.848896
f 62/78/993 485/612/993 60/76/993

vn 0.518201 0.056122 -0.853416
v 0.192085 1.17639 -0.140229
vt 0.78339 0.406751
f 60/76/994 485/612/994 568/730/994

vn 0.857618 0.024098 -0.513723
v 0.229004 1.21673 -0.0767029
vt 0.765572 0.37924
f 568/730/995 485/612/995 569/731/995

vn 0.85761 0.107324 -0.502977
f 485/612/996 481/606/996 569/731/996

vn 0.948012 0.0785773 -0.30838
f 569/731/997 481/606/997 479/604/997

vn 0.925617 0.16185 -0.342107
v 0.253913 1.20699 -0.0139209
vt 0.766329 0.352004
f 569/731/998 479/604/998 570/732/998

vn 0.993257 0.113713 -0.0225937
f 570/732/999 479/604/999 477/600/999

vn 0.987968 0.150386 -0.0360896
v 0.258369 1.19309 0.050166
vt 0.76761 0.324422
f 570/732/1000 477/600/1000 571/733/1000

vn 0.978305 0.12171 0.167648
f 571/733/1001 477/600/1001 475/602/1001

vn 0.978687 0.115674 0.16968
v 0.250117 1.17447 0.110454
vt 0.770597 0.296161
f 571/733/1002 475/602/1002 572/734/1002

usemtl _auto_5
vt 0.49249 1.78906
vn 0.97756 0.115117 0.17642
f 572/735/1003 475/598/1003 473/596/1003

vn 0.974904 0.0724139 0.210519
v 0.24362 1.16418 0.144081
vt 0.46394 1.78063
f 572/735/1004 473/596/1004 573/736/1004

vn 0.908602 0.0730889 0.411217
f 473/596/1005 471/594/1005 573/736/1005

vn 0.90772 0.0706044 0.413594
v 0.232802 1.15697 0.169055
vt 0.44116 1.77516
f 573/736/1006 471/594/1006 574/737/1006

vn 0.887675 0.0684004 0.455362
f 574/737/1007 471/594/1007 468/591/1007

vt 0.352576 1.76602
vn 0.863428 -0.0220353 0.503991
v 0.208429 1.14298 0.210253
vt 0.400846 1.76489
vt 0.440814 1.77511
vt 0.400465 1.80114
f 465/738/1008 575/739/1008 574/740/1008 468/741/1008 

vt 0.40105 1.76476
vn 0.788286 0.401615 0.466165
v 0.211571 1.13367 0.212962
vt 0.40015 1.75634
f 575/742/1009 465/586/1009 576/743/1009

vn 0.654702 0.683051 0.323739
f 576/743/1010 465/586/1010 463/588/1010

usemtl _auto_6
v 0.222034 1.11889 0.22519
vt 0.711152 0.141882
vn 0.63291 0.707782 0.3138
vt 0.714927 0.151014
f 577/744/1011 576/745/1011 463/584/1011

v 0.240804 1.11598 0.19098
vt 0.728368 0.138603
vn 0.647255 0.70271 0.295397
f 578/746/1012 576/745/1012 577/744/1012

v 0.229193 1.13851 0.176754
vt 0.733169 0.15069
vn 0.677931 0.609222 0.411411
f 579/747/1013 576/745/1013 578/746/1013

usemtl _auto_5
vt 0.43368 1.76001
vn 0.802026 0.399745 0.4438
f 579/748/1014 575/742/1014 576/743/1014

vn 0.85188 0.0508772 0.521259
f 574/737/1015 575/742/1015 579/748/1015

v 0.244924 1.1421 0.145797
vt 0.46264 1.76221
vn 0.89068 0.0153962 0.454371
f 580/749/1016 574/737/1016 579/748/1016

vn 0.904947 0.0858066 0.416784
f 573/736/1017 574/737/1017 580/749/1017

v 0.253414 1.14634 0.111513
vt 0.49208 1.76546
vn 0.9656 0.0763178 0.24858
f 581/750/1018 573/736/1018 580/749/1018

vn 0.966933 0.121771 0.224081
f 572/735/1019 573/736/1019 581/750/1019

usemtl _auto_6
v 0.264683 1.15715 0.047623
vt 0.78339 0.323074
vn 0.973803 0.121379 0.192286
vt 0.783389 0.29375
f 582/751/1020 572/734/1020 581/752/1020

vn 0.97066 0.157666 0.18155
f 582/751/1021 571/733/1021 572/734/1021

v 0.257868 1.16558 -0.0181179
vt 0.78339 0.351157
vn 0.980886 0.177886 -0.0788625
f 583/753/1022 571/733/1022 582/751/1022

vn 0.993879 0.0997557 -0.0474771
f 583/753/1023 570/732/1023 571/733/1023

v 0.229873 1.17162 -0.0806958
vt 0.78339 0.378925
vn 0.909944 0.126945 -0.394824
f 584/754/1024 570/732/1024 583/753/1024

vn 0.930989 0.0499305 -0.361617
f 584/754/1025 569/731/1025 570/732/1025

vn 0.844877 0.0632836 -0.531205
f 568/730/1026 569/731/1026 584/754/1026

v 0.190719 1.13169 -0.141241
vt 0.852925 0.08668
vn 0.843713 -0.0136282 -0.536622
vt 0.869482 0.087884
vt 0.866006 0.112923
f 585/755/1027 568/756/1027 584/757/1027

vn 0.502588 0.00421306 -0.864516
f 568/756/1028 585/755/1028 56/70/1028

vn 0.501421 -0.0280109 -0.86475
v 0.189021 1.09036 -0.140887
vt 0.837625 0.086357
f 56/70/1029 585/755/1029 586/758/1029

vn 0.821021 -0.0386181 -0.56959
v 0.231348 1.1288 -0.0824824
vt 0.851318 0.112108
f 585/755/1030 587/759/1030 586/758/1030

vn 0.822607 0.0519528 -0.566232
f 585/755/1031 584/757/1031 587/759/1031

vn 0.913481 0.0483147 -0.404003
vt 0.863134 0.135791
f 587/759/1032 584/757/1032 583/760/1032

vn 0.897806 0.10224 -0.42836
v 0.261724 1.12506 -0.019708
vt 0.84975 0.13558
f 587/759/1033 583/760/1033 588/761/1033

vn 0.991106 0.0978474 -0.0901887
vt 0.860985 0.157847
f 588/761/1034 583/760/1034 582/762/1034

vn 0.953893 0.252508 -0.162259
v 0.274008 1.12104 0.0462587
vt 0.848449 0.157855
f 588/761/1035 582/762/1035 589/763/1035

vn 0.94902 0.237276 0.20751
vt 0.859093 0.180388
f 589/763/1036 582/762/1036 581/764/1036

vn 0.867321 0.4907 0.0834776
v 0.271313 1.11493 0.110212
vt 0.846491 0.17977
f 589/763/1037 581/764/1037 590/765/1037

vt 0.76676 0.136062
vn 0.830205 0.459963 0.31495
vt 0.764401 0.151915
v 0.256451 1.11362 0.151297
vt 0.747382 0.136549
f 590/766/1038 581/767/1038 591/768/1038

vn 0.874348 0.40543 0.266726
vt 0.748716 0.150389
f 581/767/1039 580/769/1039 591/768/1039

vn 0.793798 0.408355 0.4507
f 580/769/1040 579/747/1040 591/768/1040

vn 0.774853 0.570849 0.271542
f 591/768/1041 579/747/1041 578/746/1041

vn 0.921793 0.157923 0.354061
v 0.250733 1.08274 0.179959
vt 0.733711 0.122963
f 591/768/1042 578/746/1042 592/770/1042

vn 0.944572 0.194393 0.264564
v 0.240367 1.08876 0.212546
vt 0.718341 0.126711
f 592/770/1043 578/746/1043 593/771/1043

vn 0.839369 0.329166 0.432562
f 578/746/1044 577/744/1044 593/771/1044

vn 0.83235 0.315063 0.455992
v 0.225363 1.09368 0.236529
vt 0.706109 0.130457
f 593/771/1045 577/744/1045 594/772/1045

vn 0.819879 0.321426 0.473798
f 577/744/1046 461/582/1046 594/772/1046

vn 0.698909 0.581348 0.416606
f 577/744/1047 463/584/1047 461/582/1047

vn 0.819904 0.33682 0.462936
f 594/772/1048 461/582/1048 460/581/1048

vn 0.859545 0.154921 0.487013
v 0.224504 1.07261 0.244748
vt 0.701867 0.121406
f 594/772/1049 460/581/1049 595/773/1049

vt 0.667944 0.122591
vn 0.857543 0.144176 0.493796
v 0.207589 1.07234 0.274213
vt 0.686616 0.122408
vt 0.702392 0.12168
vt 0.687099 0.132504
f 458/774/1050 596/775/1050 595/776/1050 460/777/1050 

vt 0.686655 0.122324
vn 0.801638 -0.411017 0.434098
v 0.180468 1.04868 0.301892
vt 0.66886 0.111201
f 596/778/1051 458/579/1051 597/779/1051

vn 0.787752 -0.413708 0.456391
f 597/779/1052 458/579/1052 455/574/1052

vn 0.221167 -0.969924 0.101649
f 597/779/1053 455/574/1053 454/576/1053

vn 0.228374 -0.966463 0.11745
v 0.163107 1.0432 0.290523
vt 0.6693 0.101204
f 597/779/1054 454/576/1054 598/780/1054

vt 0.69559 0.670698
vn -0.694486 -0.565858 -0.444402
f 598/781/1055 454/573/1055 453/572/1055

v 0.158832 1.05368 0.285021
vt 0.690116 0.667002
vn -0.708079 -0.532304 -0.46398
f 599/782/1056 598/781/1056 453/572/1056

v 0.182823 1.04381 0.260231
vt 0.702133 0.653065
vn -0.70405 -0.533278 -0.468966
f 600/783/1057 598/781/1057 599/782/1057

vt 0.686004 0.10198
vn 0.223032 -0.966672 0.125708
f 600/784/1058 597/779/1058 598/780/1058

v 0.199948 1.04994 0.269014
vt 0.686496 0.111239
vn 0.275948 -0.952736 0.127069
f 601/785/1059 597/779/1059 600/784/1059

vn 0.801964 -0.38036 0.460629
f 601/785/1060 596/778/1060 597/779/1060

v 0.214754 1.0503 0.241497
vt 0.700466 0.110761
vn 0.81683 -0.379384 0.434576
f 602/786/1061 596/778/1061 601/785/1061

vn 0.791952 -0.411699 0.450906
f 602/786/1062 595/773/1062 596/778/1062

v 0.227931 1.05291 0.217307
vt 0.712278 0.111369
vn 0.817009 -0.415243 0.400088
f 603/787/1063 595/773/1063 602/786/1063

vn 0.828277 -0.401047 0.391305
v 0.236737 1.07352 0.219791
vt 0.713873 0.120627
f 603/787/1064 604/788/1064 595/773/1064

v 0.239396 1.06537 0.207797
vt 0.718438 0.116283
vn 0.801701 -0.396442 0.447336
f 605/789/1065 604/788/1065 603/787/1065

vn 0.956006 -0.0959558 0.27721
f 605/789/1066 593/771/1066 604/788/1066

v 0.236753 1.06589 0.198805
vt 0.722535 0.114898
vn 0.95954 0.0172333 -0.281043
f 606/790/1067 593/771/1067 605/789/1067

v 0.242393 1.07993 0.193616
vt 0.726355 0.12155
vn 0.929097 -0.286997 0.233264
f 607/791/1068 593/771/1068 606/790/1068

vn 0.751347 -0.563648 0.343189
f 592/770/1069 593/771/1069 607/791/1069

vn 0.854107 -0.197909 0.480972
v 0.240433 1.06579 0.191277
vt 0.726654 0.114775
f 592/770/1070 607/791/1070 608/792/1070

vn 0.880353 -0.193617 0.433002
f 608/792/1071 607/791/1071 606/790/1071

v 0.227182 1.04793 0.189266
vt 0.724696 0.104798
vn 0.728001 -0.58112 0.36375
f 609/793/1072 608/792/1072 606/790/1072

vn 0.543982 -0.481055 0.68751
v 0.237367 1.04555 0.17954
vt 0.730881 0.104865
f 608/792/1073 609/793/1073 610/794/1073

vt 0.813699 0.218424
vn 0.664393 -0.149258 0.732327
v 0.227046 1.03572 0.1869
vt 0.807741 0.215643
vt 0.814967 0.211616
f 609/795/1074 611/796/1074 610/797/1074

vn 0.23239 -0.187468 0.954385
v 0.220334 1.04192 0.189752
vt 0.809323 0.220969
f 609/795/1075 612/798/1075 611/796/1075

v 0.212806 1.04831 0.196846
vt 0.812897 0.226941
vn 0.417037 -0.40926 0.811533
f 613/799/1076 612/798/1076 609/795/1076

vn -0.0458355 -0.765638 0.641637
v 0.211598 1.0437 0.191253
vt 0.809007 0.226119
f 612/798/1077 613/799/1077 614/800/1077

v 0.200921 1.06408 0.179392
vt 0.694492 0.616045
vn -0.889444 -0.239273 0.389407
vt 0.703757 0.611637
vt 0.704719 0.616349
f 615/801/1078 614/802/1078 613/803/1078

v 0.194735 1.0457 0.171172
vt 0.692462 0.60936
vn -0.76688 -0.0286133 0.641153
f 616/804/1079 614/802/1079 615/801/1079

vn -0.437485 0.781196 0.445353
v 0.188058 1.03261 0.187567
vt 0.69487 0.601286
f 614/802/1080 616/804/1080 617/805/1080

vn -0.230009 0.804133 0.548147
v 0.162552 1.03513 0.173172
vt 0.682606 0.601155
f 616/804/1081 618/806/1081 617/805/1081

vn -0.218068 0.776031 0.591796
v 0.167763 1.04709 0.159414
vt 0.682106 0.607871
f 616/804/1082 619/807/1082 618/806/1082

v 0.168079 1.05676 0.160999
vt 0.681692 0.611049
vn -0.401759 -0.135251 0.905702
f 620/808/1083 619/807/1083 616/804/1083

vn -0.106048 -0.157362 0.98183
v 0.12944 1.05372 0.156339
vt 0.667426 0.608455
f 620/808/1084 621/809/1084 619/807/1084

v 0.129985 1.05884 0.155149
vt 0.667357 0.610627
vn -0.134734 0.237666 0.961957
f 622/810/1085 621/809/1085 620/808/1085

vn -0.0865749 0.234034 0.968366
v 0.0892391 1.05514 0.152401
vt 0.650457 0.607774
f 622/810/1086 623/811/1086 621/809/1086

v 0.0889848 1.06064 0.151815
vt 0.650164 0.610161
vn -0.0761847 0.102305 0.991831
f 624/812/1087 623/811/1087 622/810/1087

vn -0.0339331 0.104485 0.993947
v 0.0547243 1.05717 0.15101
vt 0.635045 0.607591
f 624/812/1088 625/813/1088 623/811/1088

v 0.0553733 1.06135 0.149832
vt 0.635241 0.609571
vn -0.0506953 0.278195 0.959186
f 626/814/1089 625/813/1089 624/812/1089

v 0.0268394 1.06166 0.149195
vt 0.622418 0.609575
vn -0.0184608 0.273866 0.961591
f 627/815/1090 625/813/1090 626/814/1090

vn -0.0235743 0.245185 0.96919
v 0.0268689 1.05811 0.150095
vt 0.622441 0.607935
f 627/815/1091 628/816/1091 625/813/1091

vn 0.00186315 0.245451 0.969407
v 0 1.05865 0.15001
vt 0.610156 0.608232
f 627/815/1092 629/817/1092 628/816/1092

vt 0.610156 0.609764
vn 0.0253609 0.0440175 0.998709
f 357/818/1093 629/817/1093 627/815/1093

vn -0.0253609 0.0440175 0.998709
vt 0.389844 0.608232
f 357/454/1094 354/451/1094 629/819/1094

vn -0.00186315 0.245451 0.969407
f 354/451/1095 352/449/1095 629/819/1095

vn -0.00609666 0.444114 0.89595
f 629/819/1096 352/449/1096 351/448/1096

vn 0.00609666 0.444114 0.89595
vt 0.610156 0.606425
f 629/817/1097 351/820/1097 628/816/1097

vn 0.00763666 0.433032 0.901346
v 0.0272059 1.05476 0.151699
vt 0.62261 0.606272
f 628/816/1098 351/820/1098 630/821/1098

vn 0.0148428 0.965972 0.258219
vt 0.610156 0.604914
f 630/821/1099 351/820/1099 348/822/1099

v 0.0272115 1.05345 0.154483
vt 0.622629 0.60489
vn 0.0352464 0.904497 0.425021
f 631/823/1100 630/821/1100 348/822/1100

v 0.0545206 1.05421 0.15302
vt 0.635041 0.605953
vn -0.00229723 0.905028 0.425346
f 632/824/1101 630/821/1101 631/823/1101

vn -0.028564 0.562989 0.825971
f 625/813/1102 630/821/1102 632/824/1102

vn -0.0151168 0.431131 0.902163
f 628/816/1103 630/821/1103 625/813/1103

vn -0.000315112 0.561888 0.827213
f 625/813/1104 632/824/1104 623/811/1104

vn 0.00338772 0.462948 0.886379
v 0.0898446 1.05105 0.154536
vt 0.650929 0.605802
f 623/811/1105 632/824/1105 633/825/1105

vn 0.0622764 0.901276 0.428746
v 0.0541604 1.05277 0.156099
vt 0.634952 0.604382
f 633/825/1106 632/824/1106 634/826/1106

vn -0.00242898 0.905955 0.423367
f 632/824/1107 631/823/1107 634/826/1107

vn 0.0166411 0.989876 0.140955
v 0.0272242 1.05298 0.157781
vt 0.622645 0.603387
f 634/826/1108 631/823/1108 635/827/1108

vn 0.0339553 0.989452 0.140828
f 635/827/1109 631/823/1109 348/822/1109

vn 0.0316128 0.986397 0.161312
vt 0.610156 0.603188
f 635/827/1110 348/822/1110 346/828/1110

vn 0.00466274 0.788178 -0.615429
v 0.0269949 1.05621 0.161911
vt 0.622494 0.601019
f 635/827/1111 346/828/1111 636/829/1111

vn 0.00867986 0.771939 -0.635637
vt 0.610156 0.600679
f 636/829/1112 346/828/1112 345/830/1112

vn 0.0359414 0.999351 -0.00240636
vt 0.610156 0.588551
f 636/829/1113 345/830/1113 343/831/1113

v 0.0270198 1.05591 0.189883
vt 0.622648 0.588234
vn 0.0489823 0.998744 0.010567
f 637/832/1114 636/829/1114 343/831/1114

v 0.0549265 1.05514 0.164136
vt 0.635226 0.600239
vn 0.037412 0.999244 0.0105826
f 638/833/1115 636/829/1115 637/832/1115

vn 0.0758946 0.828949 -0.554151
v 0.0545259 1.05211 0.159552
vt 0.635173 0.602768
f 638/833/1116 639/834/1116 636/829/1116

v 0.091088 1.04639 0.162909
vt 0.651907 0.601633
vn 0.178155 0.813839 -0.553106
f 640/835/1117 639/834/1117 638/833/1117

vn 0.112878 0.928564 0.353593
v 0.090537 1.04807 0.158676
vt 0.651476 0.603613
f 640/835/1118 641/836/1118 639/834/1118

v 0.121731 1.03998 0.167987
vt 0.66561 0.600212
vn 0.136003 0.926859 0.349907
f 642/837/1119 641/836/1119 640/835/1119

vn 0.038197 0.814051 0.579536
f 642/837/1120 633/825/1120 641/836/1120

v 0.126847 1.04569 0.15982
vt 0.666952 0.604725
vn 0.0334813 0.809135 0.586668
f 643/838/1121 633/825/1121 642/837/1121

vn -0.0610088 0.454584 0.888612
f 623/811/1122 633/825/1122 643/838/1122

vn -0.0740334 0.416504 0.906114
f 623/811/1123 643/838/1123 621/809/1123

vn -0.00456149 0.39881 0.917022
f 621/809/1124 643/838/1124 619/807/1124

vn -0.0194859 0.7583 0.651614
f 619/807/1125 643/838/1125 618/806/1125

vn 0.0225203 0.812677 0.582279
f 618/806/1126 643/838/1126 642/837/1126

vn 0.0332289 0.847197 0.530239
v 0.157151 1.02666 0.187049
vt 0.68282 0.594149
f 618/806/1127 642/837/1127 644/839/1127

vn 0.0910816 0.887804 0.451118
v 0.119272 1.0371 0.174137
vt 0.665124 0.597155
f 644/839/1128 642/837/1128 645/840/1128

vn 0.10924 0.883145 0.456203
f 642/837/1129 640/835/1129 645/840/1129

vn 0.457276 0.634932 -0.622704
v 0.0917016 1.05111 0.168171
vt 0.651632 0.598564
f 645/840/1130 640/835/1130 646/841/1130

vn 0.153132 0.726769 -0.669595
f 646/841/1131 640/835/1131 638/833/1131

vn 0.101094 0.992408 0.07004
v 0.0553898 1.0531 0.192331
vt 0.635778 0.587364
f 646/841/1132 638/833/1132 647/842/1132

vn 0.0922916 0.993251 0.0702455
f 647/842/1133 638/833/1133 637/832/1133

vt 0.622395 0.588477
vn 0.0870435 0.988285 0.125366
v 0.0543613 1.04952 0.221278
vt 0.635353 0.573969
vt 0.635524 0.587596
f 637/843/1134 648/844/1134 647/845/1134

vn 0.0881421 0.988308 0.124414
v 0.0268153 1.05202 0.220959
vt 0.622625 0.573857
f 648/844/1135 637/843/1135 649/846/1135

vn 0.0214362 0.991996 0.124437
vt 0.610156 0.573704
vt 0.622889 0.573615
f 637/832/1136 341/847/1136 649/848/1136

vn 0.0445681 0.988503 0.144483
f 637/832/1137 343/831/1137 341/847/1137

vn 0.0176454 0.955661 0.293939
vt 0.610156 0.555065
f 649/848/1138 341/847/1138 339/849/1138

vn 0.0392675 0.950426 0.30846
v 0.0266052 1.04043 0.256705
vt 0.623495 0.555367
f 649/848/1139 339/849/1139 650/850/1139

vn 0.039288 0.943851 0.328027
v 0.0264754 1.03247 0.279611
vt 0.623991 0.543016
f 650/850/1140 339/849/1140 651/851/1140

vn 0.0118708 0.934252 0.356415
v 0 1.03211 0.281445
vt 0.610156 0.54167
f 651/851/1141 339/849/1141 652/852/1141

vn -0.0118708 0.934252 0.356415
vt 0.389844 0.54167
f 339/436/1142 337/434/1142 652/853/1142

vn -0.0219562 0.87166 0.48962
v -0.026244 1.02015 0.301562
vt 0.37526 0.529542
f 652/853/1143 337/434/1143 653/854/1143

vn -0.114768 0.86569 0.487246
f 653/854/1144 337/434/1144 335/432/1144

vt 0.361612 0.534171
vn -0.134743 0.80485 0.577979
v -0.0491985 1.00717 0.314279
vt 0.361026 0.521398
v -0.0260944 1.00489 0.322859
vt 0.373958 0.514742
vt 0.375157 0.529827
f 335/855/1145 654/856/1145 655/857/1145 653/858/1145 

vt 0.361136 0.521101
vn -0.271151 0.778391 0.566203
f 654/859/1146 335/432/1146 333/430/1146

vn -0.220987 0.838453 0.498158
f 654/859/1147 333/430/1147 331/428/1147

vn -0.200369 0.759063 0.619415
f 654/859/1148 331/428/1148 330/427/1148

vt 0.374073 0.514455
vn -0.158836 0.760168 0.630013
f 655/860/1149 654/859/1149 330/427/1149

vn -0.150843 0.744588 0.650257
v -0.0263441 0.992967 0.336451
vt 0.3726 0.503226
f 655/860/1150 330/427/1150 656/861/1150

vn -0.248138 0.511639 0.822589
f 330/427/1151 329/426/1151 656/861/1151

vn -0.249866 0.517102 0.818641
v -0.0288308 0.978974 0.344531
vt 0.368912 0.492731
f 656/861/1152 329/426/1152 657/862/1152

vn -0.336501 0.178879 0.924537
f 329/426/1153 328/425/1153 657/862/1153

vn -0.367049 0.377354 0.850223
v -0.0309049 0.9674 0.348772
vt 0.365177 0.484187
f 657/862/1154 328/425/1154 658/863/1154

vn 0.0111023 0.95584 0.293678
f 658/863/1155 328/425/1155 327/423/1155

vn 0.0104748 0.970701 0.240064
v -0.0318673 0.964395 0.360964
vt 0.362552 0.474423
f 658/863/1156 327/423/1156 659/864/1156

vn 0.212045 0.954189 -0.211093
f 659/864/1157 327/423/1157 326/424/1157

vn 0.21492 0.959157 -0.183924
v -0.0319115 0.966727 0.373073
vt 0.359726 0.46442
f 659/864/1158 326/424/1158 660/865/1158

vt 0.303285 0.290276
vn -0.00539797 0.911578 0.411091
v -0.0654088 0.963793 0.379138
vt 0.292459 0.279498
f 660/866/1159 326/422/1159 661/867/1159

vn -0.0617312 0.915822 0.396811
f 326/422/1160 307/400/1160 661/867/1160

vn -0.601341 -0.238285 0.762633
f 307/400/1161 305/398/1161 661/867/1161

vn -0.327577 -0.296773 0.897005
v -0.0318958 0.9587 0.389692
vt 0.306543 0.282593
f 661/867/1162 305/398/1162 662/868/1162

vn -0.351141 -0.21566 0.911148
v -0.0323042 0.946874 0.386735
vt 0.307373 0.277799
f 662/868/1163 305/398/1163 663/869/1163

vn -0.317394 -0.711229 0.627228
f 304/397/1164 663/869/1164 305/398/1164

v 0 0.928985 0.374653
vt 0.320017 0.270269
vn -0.161425 -0.735749 0.657734
f 664/870/1165 663/869/1165 304/397/1165

v 0 0.944115 0.390614
vt 0.320017 0.278532
vn -0.143084 -0.71827 0.680893
f 665/871/1166 663/869/1166 664/870/1166

v 0 0.956234 0.39277
vt 0.320017 0.283441
vn -0.132002 -0.173665 0.975918
f 666/872/1167 663/869/1167 665/871/1167

vn -0.111495 -0.237398 0.964993
f 662/868/1168 663/869/1168 666/872/1168

v 0 0.963856 0.377518
vt 0.320017 0.291237
vn 0.0260132 0.894214 0.446884
f 667/873/1169 662/868/1169 666/872/1169

vn 0.0204129 0.900301 0.434789
f 667/873/1170 660/866/1170 662/868/1170

v 0 0.961903 0.365143
vt 0.389844 0.465975
vn 0.10989 0.981789 -0.154966
vt 0.389844 0.453121
f 668/874/1171 660/865/1171 667/875/1171

vn 0.101013 0.977004 -0.187777
f 668/874/1172 659/864/1172 660/865/1172

v 0 0.964827 0.353581
vt 0.389844 0.476794
vn 0.0436219 0.968565 0.244907
f 669/876/1173 659/864/1173 668/874/1173

vn 0.0430027 0.969254 0.242275
f 669/876/1174 658/863/1174 659/864/1174

v 0 0.977407 0.350535
vt 0.389844 0.48714
vn -0.130499 0.233268 0.963616
f 670/877/1175 658/863/1175 669/876/1175

vn -0.170656 0.36586 0.91489
f 657/862/1176 658/863/1176 670/877/1176

v 0 0.99061 0.341757
vt 0.389844 0.498441
vn -0.141888 0.548063 0.824315
f 671/878/1177 657/862/1177 670/877/1177

vn -0.125204 0.512703 0.849388
f 656/861/1178 657/862/1178 671/878/1178

v 0 1.00394 0.327459
vt 0.389844 0.511091
vn -0.0716992 0.729609 0.680096
f 672/879/1179 656/861/1179 671/878/1179

vn -0.0883259 0.749684 0.655875
f 672/879/1180 655/860/1180 656/861/1180

v 0 1.01986 0.304825
vt 0.389844 0.527347
vn -0.0714842 0.815745 0.573978
f 673/880/1181 655/860/1181 672/879/1181

vn -0.0635354 0.811021 0.581557
f 673/880/1182 653/854/1182 655/860/1182

vn -0.048043 0.884835 0.463421
f 652/853/1183 653/854/1183 673/880/1183

v 0.026244 1.02015 0.301562
vt 0.62474 0.529542
vn 0.048043 0.884835 0.463421
vt 0.610156 0.527347
f 674/881/1184 652/852/1184 673/882/1184

vn 0.0219562 0.87166 0.48962
f 651/851/1185 652/852/1185 674/881/1185

v 0.0500616 1.01996 0.296281
vt 0.63751 0.53331
vn 0.114768 0.86569 0.487246
f 675/883/1186 651/851/1186 674/881/1186

v 0.051214 1.03072 0.276116
vt 0.636728 0.545304
vn 0.128362 0.871857 0.472641
f 676/884/1187 651/851/1187 675/883/1187

vn 0.11243 0.938462 0.32657
f 676/884/1188 650/850/1188 651/851/1188

v 0.052418 1.03797 0.254579
vt 0.63637 0.556775
vn 0.11587 0.939391 0.322673
f 677/885/1189 650/850/1189 676/884/1189

vn 0.115089 0.944708 0.307052
f 677/885/1190 649/848/1190 650/850/1190

vt 0.635939 0.573814
vn 0.0813909 0.940177 0.330821
f 648/886/1191 649/848/1191 677/885/1191

v 0.083932 1.03338 0.250962
vt 0.651972 0.559387
vn 0.173351 0.927312 0.331725
f 678/887/1192 648/886/1192 677/885/1192

v 0.0863829 1.04467 0.220268
vt 0.651008 0.57499
vn 0.150986 0.923722 0.352052
f 679/888/1193 648/886/1193 678/887/1193

v 0.0869465 1.04989 0.195228
vt 0.650166 0.586607
vn 0.152861 0.966818 0.204686
f 680/889/1194 648/886/1194 679/888/1194

vn 0.089254 0.988081 0.12542
f 680/889/1195 647/842/1195 648/886/1195

vn 0.0956487 0.993497 0.0617652
f 646/841/1196 647/842/1196 680/889/1196

v 0.118093 1.0424 0.180564
vt 0.663703 0.593825
vn 0.273149 0.957626 0.0913376
f 681/890/1197 646/841/1197 680/889/1197

vn 0.475164 0.719861 -0.505984
f 645/840/1198 646/841/1198 681/890/1198

vn 0.712605 0.599975 -0.363627
v 0.145327 1.02766 0.20962
vt 0.678482 0.582483
f 645/840/1199 681/890/1199 682/891/1199

vn 0.406009 0.910261 0.0811256
v 0.12267 1.0371 0.217162
vt 0.667823 0.577969
f 682/891/1200 681/890/1200 683/892/1200

vn 0.390324 0.916834 0.08404
v 0.111384 1.04328 0.202078
vt 0.66157 0.584256
f 683/892/1201 681/890/1201 684/893/1201

vn 0.250552 0.967342 0.0383818
f 681/890/1202 680/889/1202 684/893/1202

vn 0.201618 0.957996 0.203947
f 684/893/1203 680/889/1203 679/888/1203

vn 0.217621 0.949364 0.226602
f 683/892/1204 684/893/1204 679/888/1204

vn 0.220058 0.892976 0.392644
v 0.114917 1.02612 0.246474
vt 0.667346 0.562785
f 683/892/1205 679/888/1205 685/894/1205

vn 0.261465 0.89885 0.351718
f 685/894/1206 679/888/1206 678/887/1206

vn 0.265377 0.835644 0.480911
v 0.102321 1.01609 0.270858
vt 0.663908 0.548567
f 685/894/1207 678/887/1207 686/895/1207

vn 0.358558 0.842935 0.40112
v 0.0806488 1.0249 0.271704
vt 0.651949 0.548079
f 686/895/1208 678/887/1208 687/896/1208

vn 0.1769 0.90101 0.39609
f 678/887/1209 677/885/1209 687/896/1209

vn 0.229907 0.918406 0.321984
f 687/896/1210 677/885/1210 676/884/1210

vn 0.239423 0.834738 0.495872
v 0.0747657 1.0175 0.287
vt 0.650387 0.538933
f 687/896/1211 676/884/1211 688/897/1211

vn 0.259337 0.845803 0.466221
f 688/897/1212 676/884/1212 675/883/1212

vn 0.284643 0.785466 0.549564
v 0.0653359 1.00902 0.304013
vt 0.647134 0.528044
f 688/897/1213 675/883/1213 689/898/1213

vn 0.271151 0.778391 0.566203
v 0.0491985 1.00717 0.314279
vt 0.638864 0.521101
f 689/898/1214 675/883/1214 690/899/1214

v 0.0260944 1.00489 0.322859
vt 0.626042 0.514742
vn 0.134743 0.80485 0.577979
vt 0.638974 0.521398
vt 0.638388 0.534171
vt 0.624843 0.529827
f 691/900/1215 690/901/1215 675/902/1215 674/903/1215 

v 0.0520474 0.996391 0.326568
vt 0.642355 0.51203
vn 0.158836 0.760168 0.630013
vt 0.625927 0.514455
f 692/904/1216 690/899/1216 691/905/1216

v 0.074358 1.00057 0.314234
vt 0.653434 0.521954
vn 0.200369 0.759063 0.619415
f 693/906/1217 690/899/1217 692/904/1217

vn 0.220987 0.838453 0.498158
f 693/906/1218 689/898/1218 690/899/1218

v 0.0883222 1.00877 0.290182
vt 0.658749 0.536648
vn 0.281063 0.846637 0.451895
f 694/907/1219 689/898/1219 693/906/1219

vn 0.348578 0.747165 0.565896
f 694/907/1220 688/897/1220 689/898/1220

vn 0.374791 0.769869 0.516559
f 694/907/1221 687/896/1221 688/897/1221

vn 0.335875 0.774188 0.53649
f 686/895/1222 687/896/1222 694/907/1222

v 0.102951 0.995505 0.295836
vt 0.6688 0.532424
vn 0.419262 0.705813 0.571006
f 695/908/1223 686/895/1223 694/907/1223

v 0.119034 1.00445 0.27132
vt 0.674457 0.547496
vn 0.464353 0.689219 0.556196
f 696/909/1224 686/895/1224 695/908/1224

vn 0.473375 0.701261 0.533057
f 696/909/1225 685/894/1225 686/895/1225

v 0.133533 1.01605 0.241843
vt 0.677947 0.565107
vn 0.502841 0.691032 0.519255
f 697/910/1226 685/894/1226 696/909/1226

vn 0.510412 0.752208 0.416728
f 697/910/1227 683/892/1227 685/894/1227

vn 0.466507 0.763853 0.445981
f 682/891/1228 683/892/1228 697/910/1228

vn 0.828374 0.356865 0.431791
v 0.137755 1.00767 0.240667
vt 0.682794 0.56452
f 682/891/1229 697/910/1229 698/911/1229

vn 0.791151 0.326088 0.517443
f 698/911/1230 697/910/1230 696/909/1230

vn 0.833593 0.166716 0.526619
v 0.121084 0.994989 0.271071
vt 0.679078 0.545201
f 698/911/1231 696/909/1231 699/912/1231

vn 0.798309 0.157636 0.581252
f 699/912/1232 696/909/1232 695/908/1232

vn 0.806759 -0.00610811 0.590849
v 0.104293 0.985484 0.293901
vt 0.673742 0.529917
f 699/912/1233 695/908/1233 700/913/1233

vn 0.718883 -0.0378179 0.694102
v 0.0804261 0.987174 0.318712
vt 0.660001 0.516374
f 700/913/1234 695/908/1234 701/914/1234

vn 0.533974 0.47564 0.699027
f 693/906/1235 701/914/1235 695/908/1235

vn 0.36964 0.440928 0.817893
f 693/906/1236 692/904/1236 701/914/1236

vn 0.37933 0.509687 0.772222
v 0.0548427 0.982462 0.334388
vt 0.647039 0.503177
f 692/904/1237 702/915/1237 701/914/1237

vn 0.248138 0.511639 0.822589
v 0.0263441 0.992967 0.336451
vt 0.6274 0.503226
f 692/904/1238 703/916/1238 702/915/1238

vn 0.150843 0.744588 0.650257
f 692/904/1239 691/905/1239 703/916/1239

vn 0.0883259 0.749684 0.655875
vt 0.610156 0.511091
f 703/916/1240 691/905/1240 672/917/1240

vn 0.0714842 0.815745 0.573978
f 691/905/1241 673/882/1241 672/917/1241

vn 0.0635354 0.811021 0.581557
f 674/881/1242 673/882/1242 691/905/1242

vn 0.0716992 0.729609 0.680096
vt 0.610156 0.498441
f 703/916/1243 672/917/1243 671/918/1243

vn 0.125204 0.512703 0.849388
v 0.0288308 0.978974 0.344531
vt 0.631088 0.492731
f 703/916/1244 671/918/1244 704/919/1244

vn 0.141888 0.548063 0.824315
vt 0.610156 0.48714
f 671/918/1245 670/920/1245 704/919/1245

vn 0.170656 0.36586 0.91489
v 0.0309049 0.9674 0.348772
vt 0.634823 0.484187
f 704/919/1246 670/920/1246 705/921/1246

vn 0.130499 0.233268 0.963616
vt 0.610156 0.476794
f 670/920/1247 669/922/1247 705/921/1247

v 0.0318673 0.964395 0.360964
vt 0.637448 0.474423
vn -0.0430027 0.969254 0.242275
f 706/923/1248 705/921/1248 669/922/1248

v 0.0580573 0.9676 0.349146
vt 0.65467 0.48841
vn -0.0104748 0.970701 0.240064
f 707/924/1249 705/921/1249 706/923/1249

vn -0.0111023 0.95584 0.293678
v 0.0560718 0.971603 0.336042
vt 0.651158 0.49725
f 707/924/1250 708/925/1250 705/921/1250

v 0.0848208 0.974176 0.331511
vt 0.668466 0.50516
vn -0.0385278 0.954014 0.297275
f 709/926/1251 708/925/1251 707/924/1251

vn -0.0583775 0.980718 0.186504
v 0.0829706 0.976584 0.31827
vt 0.665242 0.512684
f 709/926/1252 710/927/1252 708/925/1252

v 0.111041 0.98394 0.303393
vt 0.678719 0.525826
vn -0.149454 0.968928 0.197085
f 711/928/1253 710/927/1253 709/926/1253

vn -0.122849 0.961998 0.24386
f 711/928/1254 700/913/1254 710/927/1254

v 0.132234 0.996015 0.279192
vt 0.686267 0.542991
vn -0.198211 0.93531 0.2931
f 712/929/1255 700/913/1255 711/928/1255

vn -0.243435 0.945848 0.214735
f 712/929/1256 699/912/1256 700/913/1256

v 0.148984 1.00669 0.252925
vt 0.690623 0.560246
vn -0.249641 0.942139 0.223725
f 713/930/1257 699/912/1257 712/929/1257

vn -0.215774 0.937551 0.272835
f 713/930/1258 698/911/1258 699/912/1258

v 0.165352 1.0168 0.224452
vt 0.693438 0.57833
vn -0.176097 0.955192 0.237905
f 714/931/1259 698/911/1259 713/930/1259

vn -0.156808 0.95054 0.268115
v 0.150764 1.01956 0.206141
vt 0.682884 0.584376
f 714/931/1260 715/932/1260 698/911/1260

v 0.176965 1.02507 0.206622
vt 0.695165 0.590108
vn -0.201605 0.932063 0.30102
f 716/933/1261 715/932/1261 714/931/1261

vn -0.202503 0.938075 0.281084
f 716/933/1262 644/839/1262 715/932/1262

vn -0.186724 0.94579 0.265736
f 617/805/1263 644/839/1263 716/933/1263

vn -0.175251 0.869132 0.46249
f 617/805/1264 618/806/1264 644/839/1264

v 0.202713 1.03807 0.201211
vt 0.705346 0.602592
vn -0.430709 0.89646 0.104163
f 717/934/1265 617/805/1265 716/933/1265

vn -0.437664 0.891955 0.113435
f 614/802/1266 617/805/1266 717/934/1266

vn 0.0599615 0.845232 0.531025
vt 0.802518 0.230833
v 0.211285 1.0353 0.204658
vt 0.800439 0.22639
f 614/800/1267 717/935/1267 718/936/1267

vn 0.0922136 0.875181 0.474926
v 0.198833 1.02623 0.223776
vt 0.789903 0.232581
f 718/936/1268 717/935/1268 719/937/1268

vn 0.152132 0.864255 0.479498
v 0.190507 1.02972 0.220132
vt 0.792115 0.236594
f 717/935/1269 720/938/1269 719/937/1269

vn -0.427273 0.896153 0.119779
vt 0.705727 0.588356
f 717/934/1270 716/933/1270 720/939/1270

vn -0.435345 0.890874 0.129687
f 720/939/1271 716/933/1271 714/931/1271

vn -0.447233 0.892113 0.064167
v 0.175905 1.02095 0.240267
vt 0.702885 0.573434
f 720/939/1272 714/931/1272 721/940/1272

vn -0.444377 0.893703 0.061843
f 721/940/1273 714/931/1273 713/930/1273

vn -0.446251 0.893081 0.0571552
v 0.159317 1.01119 0.263271
vt 0.698506 0.557484
f 721/940/1274 713/930/1274 722/941/1274

vn -0.456193 0.88715 0.0696642
f 722/941/1275 713/930/1275 712/929/1275

vn -0.476613 0.878702 0.0268753
v 0.141825 1.00096 0.287673
vt 0.693502 0.540893
f 722/941/1276 712/929/1276 723/942/1276

vn -0.474407 0.879988 0.0236309
f 723/942/1277 712/929/1277 711/928/1277

vn -0.511707 0.855831 -0.0755646
v 0.11864 0.989523 0.315166
vt 0.685985 0.521436
f 723/942/1278 711/928/1278 724/943/1278

vn -0.458324 0.880417 -0.12168
f 724/943/1279 711/928/1279 709/926/1279

vn -0.46769 0.871106 -0.149802
v 0.0887009 0.978403 0.343974
vt 0.674176 0.498908
f 724/943/1280 709/926/1280 725/944/1280

vn -0.355523 0.913236 -0.199007
f 725/944/1281 709/926/1281 707/924/1281

vn -0.353422 0.919069 -0.174371
v 0.0607014 0.971202 0.36277
vt 0.660164 0.479705
f 725/944/1282 707/924/1282 726/945/1282

vn -0.212045 0.954189 -0.211093
f 726/945/1283 707/924/1283 706/923/1283

vn -0.21492 0.959157 -0.183924
v 0.0319115 0.966727 0.373073
vt 0.640274 0.46442
f 726/945/1284 706/923/1284 727/946/1284

vn -0.101013 0.977004 -0.187777
vt 0.610156 0.465975
f 727/946/1285 706/923/1285 668/947/1285

vn -0.0436219 0.968565 0.244907
f 706/923/1286 669/922/1286 668/947/1286

vn -0.10989 0.981789 -0.154966
vt 0.610156 0.453121
f 727/946/1287 668/947/1287 667/948/1287

vt 0.696715 0.290276
vn -0.0204129 0.900301 0.434789
vt 0.679983 0.291237
v 0.0318958 0.9587 0.389692
vt 0.693457 0.282593
f 727/949/1288 667/950/1288 728/951/1288

vn -0.0260132 0.894214 0.446884
vt 0.679983 0.283441
f 728/951/1289 667/950/1289 666/952/1289

vn 0.111495 -0.237398 0.964993
v 0.0323042 0.946874 0.386735
vt 0.692627 0.277799
f 728/951/1290 666/952/1290 729/953/1290

vn 0.132002 -0.173665 0.975918
vt 0.679983 0.278532
f 666/952/1291 665/954/1291 729/953/1291

vn 0.143084 -0.71827 0.680893
vt 0.679983 0.270269
f 729/953/1292 665/954/1292 664/955/1292

vn 0.161425 -0.735749 0.657734
v 0.0314391 0.93215 0.370477
vt 0.691867 0.269434
f 729/953/1293 664/955/1293 730/956/1293

vn 0.13666 -0.938262 0.317788
v 0 0.91712 0.339623
vt 0.679982 0.256417
f 730/956/1294 664/955/1294 731/957/1294

vn -0.13666 -0.938262 0.317788
vt 0.320018 0.256417
f 664/870/1295 304/397/1295 731/958/1295

vn -0.120889 -0.935345 0.332438
f 731/958/1296 304/397/1296 302/395/1296

vn -0.0998796 -0.98556 0.136729
v 0 0.912434 0.305844
vt 0.320017 0.243157
f 731/958/1297 302/395/1297 732/959/1297

vn -0.0966128 -0.985393 0.140236
f 732/959/1298 302/395/1298 301/394/1298

vn -0.0845571 -0.996185 0.021557
v 0 0.91169 0.271452
vt 0.320017 0.229023
f 732/959/1299 301/394/1299 733/960/1299

vn -0.0811743 -0.996383 0.0251323
v -0.0337866 0.91439 0.26937
vt 0.305577 0.228604
f 733/960/1300 301/394/1300 734/961/1300

vn -0.126078 -0.991655 0.0269035
f 301/394/1301 299/392/1301 734/961/1301

vn -0.0932687 -0.99388 0.059198
v -0.0671708 0.917473 0.268542
vt 0.291392 0.229592
f 734/961/1302 299/392/1302 735/962/1302

vn -0.23589 -0.968073 0.0847929
f 299/392/1303 297/390/1303 735/962/1303

vn -0.258454 -0.963701 0.0669411
f 735/962/1304 297/390/1304 296/389/1304

vn -0.271667 -0.962362 0.00754565
v -0.0767906 0.919927 0.235135
vt 0.285181 0.21588
f 735/962/1305 296/389/1305 736/963/1305

vn -0.310641 -0.950439 -0.0129341
f 736/963/1306 296/389/1306 294/387/1306

vn -0.307589 -0.951519 -0.000706338
v -0.0869846 0.923247 0.202197
vt 0.277955 0.201992
f 736/963/1307 294/387/1307 737/964/1307

vt 0.247041 0.198273
vn -0.343384 -0.938865 -0.0248956
vt 0.277665 0.201942
vt 0.269488 0.223088
vt 0.25888 0.210784
f 289/965/1308 737/966/1308 294/967/1308 292/968/1308 

vn -0.327252 -0.942022 -0.074159
v -0.10013 0.931941 0.149761
vt 0.265628 0.179469
f 737/964/1309 289/382/1309 738/969/1309

vn -0.251869 -0.966389 0.0515309
v -0.157866 0.944585 0.104686
vt 0.235026 0.167487
f 738/969/1310 289/382/1310 739/970/1310

vn -0.493223 -0.86596 0.0827353
f 289/382/1311 287/380/1311 739/970/1311

vn -0.455858 -0.882955 0.112177
f 739/970/1312 287/380/1312 285/378/1312

vn -0.457019 -0.886901 0.0673844
v -0.185393 0.95488 0.0534815
vt 0.219186 0.152588
f 739/970/1313 285/378/1313 740/971/1313

vn -0.59001 -0.807197 -0.0179221
f 740/971/1314 285/378/1314 284/377/1314

vn -0.580477 -0.814248 0.0068455
f 740/971/1315 284/377/1315 24/32/1315

vn -0.767379 -0.639381 -0.0481732
f 24/32/1316 284/377/1316 22/30/1316

vn -0.805996 -0.587468 0.0724743
f 22/30/1317 284/377/1317 282/374/1317

vn -0.900627 -0.432127 0.0462367
f 22/30/1318 282/374/1318 20/28/1318

vn -0.893849 -0.357248 0.270939
f 20/26/1319 282/373/1319 280/371/1319

vn -0.962919 -0.112342 0.245288
f 20/26/1320 280/371/1320 18/24/1320

vn -0.863401 -0.0897939 0.496462
f 18/24/1321 280/371/1321 17/23/1321

vn -0.552346 -0.832307 -0.0466863
f 740/971/1322 24/32/1322 26/34/1322

vn -0.97586 -0.211884 0.0529354
v -0.183648 0.941156 0.0307279
vt 0.353965 0.978238
vt 0.366323 0.988787
f 26/39/1323 741/972/1323 740/973/1323

vn -0.989053 -0.124667 0.0789458
f 26/39/1324 29/38/1324 741/972/1324

vn -0.829419 0.540445 0.14136
v -0.194983 0.926485 0.0203122
vt 0.347458 0.966963
f 29/38/1325 742/974/1325 741/972/1325

vn -0.782415 0.601342 0.161908
f 29/38/1326 31/41/1326 742/974/1326

vn -0.399831 0.899196 0.177715
v -0.215546 0.91977 0.0080281
vt 0.337887 0.9551
f 742/974/1327 31/41/1327 743/975/1327

vn -0.510263 0.848485 0.140374
v -0.21725 0.929899 -0.0593936
vt 0.29577 0.961371
f 31/41/1328 744/976/1328 743/975/1328

vn -0.483978 0.795834 -0.363886
v -0.22034 0.900836 -0.118846
vt 0.268951 0.949855
f 31/41/1329 745/977/1329 744/976/1329

vn -0.476399 0.798507 -0.368008
f 31/41/1330 33/43/1330 745/977/1330

vn -0.620267 0.431257 -0.6552
v -0.227661 0.84183 -0.150753
vt 0.26324 0.92882
f 33/43/1331 746/978/1331 745/977/1331

vn -0.484845 0.415987 -0.769338
f 33/43/1332 35/45/1332 746/978/1332

vn -0.494395 0.236463 -0.836456
v -0.219658 0.784149 -0.17179
vt 0.260869 0.905172
f 35/45/1333 747/979/1333 746/978/1333

vn -0.656968 0.237738 -0.715453
v -0.196938 0.785934 -0.192059
vt 0.24805 0.903533
f 35/45/1334 748/980/1334 747/979/1334

vn -0.628246 0.255077 -0.735012
f 36/46/1335 748/980/1335 35/45/1335

vn -0.514968 0.262897 -0.8159
v -0.127772 0.793021 -0.233431
vt 0.213445 0.903011
f 36/46/1336 749/981/1336 748/980/1336

v -0.123084 0.85135 -0.217383
vt 0.212442 0.929294
vn -0.512818 0.265807 -0.816311
f 750/982/1337 749/981/1337 36/46/1337

v -0.0536605 0.853328 -0.241698
vt 0.179901 0.928788
vn -0.324773 0.27507 -0.904908
f 751/983/1338 749/981/1338 750/982/1338

vn -0.314784 0.261773 -0.912352
v -0.0529958 0.797202 -0.258031
vt 0.179176 0.903059
f 751/983/1339 752/984/1339 749/981/1339

v 0 0.854225 -0.249176
vt 0.155703 0.928705
vn -0.137198 0.275276 -0.951525
f 753/985/1340 752/984/1340 751/983/1340

vn -0.163219 0.297761 -0.940584
v 0 0.798675 -0.266761
vt 0.155703 0.903063
f 753/985/1341 754/986/1341 752/984/1341

vt 0.844298 0.928705
vn 0.163219 0.297761 -0.940584
v 0.0529958 0.797202 -0.258031
vt 0.820824 0.903059
vt 0.844298 0.903063
f 753/987/1342 755/988/1342 754/989/1342

vn 0.137198 0.275276 -0.951525
v 0.0536605 0.853328 -0.241698
vt 0.820099 0.928788
f 753/987/1343 756/990/1343 755/988/1343

v 0 0.898962 -0.233312
vt 0.844298 0.950216
vn 0.135659 0.331108 -0.93379
f 757/991/1344 756/990/1344 753/987/1344

vn 0.113453 0.307039 -0.944911
v 0.0549217 0.898843 -0.226757
vt 0.818831 0.950447
f 757/991/1345 758/992/1345 756/990/1345

v 0 0.927392 -0.222677
vt 0.844298 0.964426
vn 0.111849 0.348186 -0.930729
f 759/993/1346 758/992/1346 757/991/1346

v 0.0568251 0.927948 -0.215523
vt 0.817217 0.964971
vn 0.113565 0.35129 -0.929354
f 760/994/1347 758/992/1347 759/993/1347

vn 0.315551 0.323663 -0.892003
v 0.121514 0.899777 -0.20286
vt 0.7866 0.951766
f 760/994/1348 761/995/1348 758/992/1348

v 0.120573 0.930897 -0.192839
vt 0.785553 0.966892
vn 0.307442 0.300097 -0.903007
f 762/996/1349 761/995/1349 760/994/1349

vn 0.517 0.276516 -0.810092
v 0.183136 0.902348 -0.162656
vt 0.753904 0.953335
f 762/996/1350 763/997/1350 761/995/1350

v 0.177697 0.932731 -0.150799
vt 0.752223 0.96879
vn 0.538103 0.388275 -0.748123
f 764/998/1351 763/997/1351 762/996/1351

vn 0.762434 0.349087 -0.544824
v 0.20439 0.904507 -0.131529
vt 0.73845 0.953636
f 763/997/1352 764/998/1352 765/999/1352

vn 0.782539 0.571638 -0.246706
v 0.201661 0.939302 -0.0595627
vt 0.704795 0.971227
f 764/998/1353 766/1000/1353 765/999/1353

vn 0.954541 0.14385 -0.261073
v 0.176232 0.952889 -0.145049
vt 0.750905 0.979042
f 764/998/1354 767/1001/1354 766/1000/1354

v 0.120944 0.95456 -0.185379
vt 0.784277 0.978651
vn 0.573758 0.262965 -0.775662
f 768/1002/1355 767/1001/1355 764/998/1355

v 0.121457 0.975086 -0.181024
vt 0.7836 0.988787
vn 0.585309 0.154259 -0.796001
f 769/1003/1356 767/1001/1356 768/1002/1356

vn 0.582755 0.140936 -0.800333
v 0.177087 0.971649 -0.141123
vt 0.750037 0.988787
f 769/1003/1357 770/1004/1357 767/1001/1357

v 0.122772 0.997356 -0.178512
vt 0.799303 0.059105
vn 0.584212 0.056811 -0.80961
vt 0.792412 0.086711
vt 0.789845 0.058963
f 771/1005/1358 770/1006/1358 769/1007/1358

vn 0.552522 -0.0432525 -0.832375
v 0.181782 0.995502 -0.139246
vt 0.801788 0.087404
f 771/1005/1359 772/1008/1359 770/1006/1359

v 0.124567 1.02237 -0.177416
vt 0.809645 0.059191
vn 0.553909 -0.00326866 -0.832571
f 773/1009/1360 772/1008/1360 771/1005/1360

vn 0.539952 -0.0442921 -0.84053
v 0.184245 1.02072 -0.138993
vt 0.811478 0.087074
f 773/1009/1361 774/1010/1361 772/1008/1361

vn 0.541157 -0.00874118 -0.840876
f 53/67/1362 774/1010/1362 773/1009/1362

vn 0.515844 -0.0667811 -0.854076
v 0.186787 1.05282 -0.139967
vt 0.823621 0.086559
f 53/67/1363 775/1011/1363 774/1010/1363

vn 0.517898 -0.0186137 -0.85524
f 54/68/1364 775/1011/1364 53/67/1364

vn 0.501652 -0.0510188 -0.863564
f 54/68/1365 586/758/1365 775/1011/1365

vn 0.502475 -0.0261424 -0.864197
f 56/70/1366 586/758/1366 54/68/1366

vn 0.802631 -0.0622972 -0.593213
v 0.232171 1.08776 -0.0822305
vt 0.837229 0.11229
f 586/758/1367 776/1012/1367 775/1011/1367

vn 0.80572 0.0125373 -0.592164
f 586/758/1368 587/759/1368 776/1012/1368

vn 0.900401 0.0154041 -0.434788
f 587/759/1369 588/761/1369 776/1012/1369

vn 0.899414 0.019341 -0.43667
v 0.263314 1.0851 -0.0182028
vt 0.836611 0.136175
f 776/1012/1370 588/761/1370 777/1013/1370

vn 0.982941 0.0322941 -0.181065
f 588/761/1371 589/763/1371 777/1013/1371

vn 0.956386 0.157108 -0.246256
v 0.280325 1.08424 0.0473128
vt 0.836169 0.158307
f 777/1013/1372 589/763/1372 778/1014/1372

vn 0.983664 0.170498 0.0577569
f 589/763/1373 590/765/1373 778/1014/1373

vn 0.979695 0.195365 0.0450566
v 0.277439 1.08415 0.11046
vt 0.835496 0.179699
f 778/1014/1374 590/765/1374 779/1015/1374

vn 0.922002 0.186257 0.339441
vt 0.766812 0.122194
f 590/766/1375 591/768/1375 779/1016/1375

vn 0.920397 0.285894 0.266709
v 0.264467 1.08327 0.15617
vt 0.745981 0.122611
f 779/1016/1376 591/768/1376 780/1017/1376

vn 0.824559 0.295246 0.48263
f 591/768/1377 592/770/1377 780/1017/1377

vn 0.863401 -0.0897939 0.496462
v 0.261605 1.06068 0.157063
vt 0.744823 0.112811
f 780/1017/1378 592/770/1378 781/1018/1378

vn 0.881749 -0.0520694 0.468836
v 0.249452 1.06259 0.180131
vt 0.733352 0.113765
f 781/1018/1379 592/770/1379 782/1019/1379

vn 0.770486 -0.0435676 0.635967
f 592/770/1380 608/792/1380 782/1019/1380

vn 0.620055 -0.461723 0.634306
f 608/792/1381 610/794/1381 782/1019/1381

v 0.251757 1.03878 0.15992
vt 0.741814 0.10269
vn 0.628376 -0.467197 0.621989
f 783/1020/1382 782/1019/1382 610/794/1382

vn 0.829481 -0.312625 0.462846
f 781/1018/1383 782/1019/1383 783/1020/1383

v 0.258018 1.02605 0.123233
vt 0.757789 0.095991
vn 0.889141 -0.363579 0.277918
f 784/1021/1384 781/1018/1384 783/1020/1384

v 0.271592 1.05341 0.114526
vt 0.763767 0.108628
vn 0.893849 -0.357248 0.270939
f 785/1022/1385 781/1018/1385 784/1021/1385

vn 0.962919 -0.112342 0.245288
f 785/1022/1386 780/1017/1386 781/1018/1386

vn 0.952467 -0.145797 0.267486
f 779/1016/1387 780/1017/1387 785/1022/1387

v 0.272184 1.04869 0.0538015
vt 0.824159 0.159802
vn 0.98268 -0.183767 0.0238514
vt 0.824474 0.180775
f 786/1023/1388 779/1015/1388 785/1024/1388

vn 0.975541 -0.215315 0.0442556
f 778/1014/1389 779/1015/1389 786/1023/1389

v 0.257109 1.04723 -0.0111226
vt 0.823901 0.137766
vn 0.943162 -0.2549 -0.213241
f 787/1025/1390 778/1014/1390 786/1023/1390

vn 0.94737 -0.201692 -0.248617
f 777/1013/1391 778/1014/1391 787/1025/1391

v 0.230408 1.0493 -0.0791309
vt 0.824062 0.113286
vn 0.906536 -0.216293 -0.362505
f 788/1026/1392 777/1013/1392 787/1025/1392

vn 0.895386 -0.0764047 -0.438687
f 776/1012/1393 777/1013/1393 788/1026/1393

vn 0.807492 -0.0840733 -0.583856
f 775/1011/1394 776/1012/1394 788/1026/1394

vn 0.807718 -0.0817002 -0.583881
f 775/1011/1395 788/1026/1395 774/1010/1395

vn 0.820586 -0.266269 -0.505708
v 0.223744 1.01592 -0.0723679
vt 0.812353 0.114916
f 774/1010/1396 788/1026/1396 789/1027/1396

vn 0.898083 -0.252276 -0.360282
f 788/1026/1397 787/1025/1397 789/1027/1397

vn 0.864858 -0.436473 -0.248014
v 0.244482 1.0141 0.00314099
vt 0.811766 0.141162
f 789/1027/1398 787/1025/1398 790/1028/1398

vn 0.885224 -0.421847 -0.19602
f 787/1025/1399 786/1023/1399 790/1028/1399

vn 0.864809 -0.480835 -0.144581
v 0.256703 1.01718 0.0659895
vt 0.81211 0.162778
f 790/1028/1400 786/1023/1400 791/1029/1400

vn 0.90306 -0.427456 0.0420041
f 786/1023/1401 785/1024/1401 791/1029/1401

vn 0.900627 -0.432127 0.0462367
vt 0.813494 0.183437
f 791/1029/1402 785/1024/1402 784/1030/1402

vn 0.805996 -0.587468 0.0724743
v 0.236402 0.991497 0.0835401
vt 0.80007 0.167377
f 791/1029/1403 784/1030/1403 792/1031/1403

vn 0.808742 -0.584203 0.0681366
v 0.241262 1.00435 0.136051
vt 0.802384 0.18762
f 792/1031/1404 784/1030/1404 793/1032/1404

vn 0.832497 -0.463811 0.303031
vt 0.815849 0.199916
f 784/1030/1405 783/1033/1405 793/1032/1405

vn 0.801073 -0.486195 0.349137
v 0.236969 1.02225 0.17083
vt 0.805535 0.204266
f 793/1032/1406 783/1033/1406 794/1034/1406

vn 0.738777 -0.247057 0.627034
f 783/1033/1407 610/797/1407 794/1034/1407

vn 0.71123 -0.256806 0.654372
f 794/1034/1408 610/797/1408 611/796/1408

vn 0.778717 -0.152433 0.608575
v 0.220261 1.00985 0.189104
vt 0.794683 0.211681
f 794/1034/1409 611/796/1409 795/1035/1409

vn 0.835173 -0.174663 0.521516
v 0.215971 1.02626 0.201471
vt 0.798321 0.221367
f 611/796/1410 796/1036/1410 795/1035/1410

vn 0.62161 0.351036 0.700268
f 612/798/1411 796/1036/1411 611/796/1411

vn 0.792172 0.208605 0.57354
f 612/798/1412 718/936/1412 796/1036/1412

vn 0.255375 0.816591 0.517651
f 612/798/1413 614/800/1413 718/936/1413

vn 0.744232 0.157036 0.649199
v 0.203044 1.01751 0.218408
vt 0.788604 0.227442
f 796/1036/1414 718/936/1414 797/1037/1414

vn 0.825292 0.0522931 0.562279
f 718/936/1415 719/937/1415 797/1037/1415

vn 0.804354 0.0228497 0.593711
v 0.187966 1.00632 0.239266
vt 0.777249 0.234122
f 797/1037/1416 719/937/1416 798/1038/1416

vn 0.8365 -0.0309628 0.547092
v 0.184597 1.01736 0.245041
vt 0.779491 0.239615
f 719/937/1417 799/1039/1417 798/1038/1417

vn 0.158675 0.868855 0.468949
f 719/937/1418 720/938/1418 799/1039/1418

vn 0.109849 0.879666 0.462732
vt 0.782303 0.243509
f 720/938/1419 721/1040/1419 799/1039/1419

vn 0.119441 0.885266 0.449487
v 0.169399 1.00764 0.268219
vt 0.768529 0.247189
f 799/1039/1420 721/1040/1420 800/1041/1420

vn 0.0947954 0.889997 0.446004
vt 0.771388 0.251726
f 721/1040/1421 722/1042/1421 800/1041/1421

vn 0.0966768 0.891257 0.443075
vt 0.759206 0.259976
f 800/1041/1422 722/1042/1422 723/1043/1422

vn 0.101817 0.88765 0.449121
v 0.151066 0.99662 0.294152
vt 0.755923 0.255556
f 800/1041/1423 723/1043/1423 801/1044/1423

vn 0.0990585 0.886392 0.452212
vt 0.744251 0.269261
f 801/1044/1424 723/1043/1424 724/1045/1424

vn 0.107705 0.879645 0.463276
v 0.127256 0.984796 0.322138
vt 0.741164 0.264709
f 801/1044/1425 724/1045/1425 802/1046/1425

vn 0.113162 0.881743 0.457956
vt 0.727214 0.279564
f 802/1046/1426 724/1045/1426 725/1047/1426

vn 0.0959688 0.896756 0.431994
v 0.0976292 0.971575 0.356164
vt 0.722938 0.27368
f 802/1046/1427 725/1047/1427 803/1048/1427

vn 0.0710178 0.891537 0.447346
vt 0.711907 0.2863
f 803/1048/1428 725/1047/1428 726/1049/1428

vn 0.0617312 0.915822 0.396811
v 0.0654088 0.963793 0.379138
vt 0.707541 0.279498
f 803/1048/1429 726/1049/1429 804/1050/1429

vn 0.00539797 0.911578 0.411091
f 804/1050/1430 726/1049/1430 727/949/1430

vn 0.00011566 0.900481 0.434895
f 804/1050/1431 727/949/1431 728/951/1431

vn 0.327577 -0.296773 0.897005
v 0.0659475 0.951398 0.374841
vt 0.706145 0.274556
f 804/1050/1432 728/951/1432 805/1051/1432

vn 0.351141 -0.21566 0.911148
f 728/951/1433 729/953/1433 805/1051/1433

vn 0.317394 -0.711229 0.627228
f 805/1051/1434 729/953/1434 730/956/1434

vn 0.285789 -0.668114 0.686985
v 0.0645589 0.936366 0.360799
vt 0.704711 0.266852
f 805/1051/1435 730/956/1435 806/1052/1435

vn 0.213245 -0.919941 0.328992
v 0.0321917 0.919808 0.335478
vt 0.692421 0.255316
f 806/1052/1436 730/956/1436 807/1053/1436

vn 0.120889 -0.935345 0.332438
f 807/1053/1437 730/956/1437 731/957/1437

vn 0.0998796 -0.98556 0.136729
vt 0.679983 0.243157
f 807/1053/1438 731/957/1438 732/1054/1438

v 0.0324117 0.915109 0.302308
vt 0.693081 0.242166
vn 0.0966128 -0.985393 0.140236
f 808/1055/1439 807/1053/1439 732/1054/1439

v 0.0619656 0.923562 0.328701
vt 0.704187 0.253646
vn 0.155081 -0.977992 0.139575
f 809/1056/1440 807/1053/1440 808/1055/1440

vn 0.195139 -0.916294 0.349751
f 806/1052/1441 807/1053/1441 809/1056/1441

v 0.0984207 0.944621 0.340622
vt 0.719124 0.261561
vn 0.396554 -0.863251 0.312318
f 810/1057/1442 806/1052/1442 809/1056/1442

v 0.0998931 0.96027 0.352692
vt 0.721398 0.269028
vn 0.522181 -0.551125 0.650836
f 811/1058/1443 806/1052/1443 810/1057/1443

vn 0.541175 -0.600176 0.588998
f 811/1058/1444 805/1051/1444 806/1052/1444

vn 0.566092 -0.136329 0.812991
f 803/1048/1445 805/1051/1445 811/1058/1445

vn 0.601341 -0.238285 0.762633
f 803/1048/1446 804/1050/1446 805/1051/1446

vn 0.762122 -0.0457317 0.645816
f 802/1046/1447 803/1048/1447 811/1058/1447

v 0.131247 0.973605 0.317833
vt 0.739355 0.259437
vn 0.742175 0.00686297 0.670171
f 812/1059/1448 802/1046/1448 811/1058/1448

vn 0.757504 0.019109 0.65255
f 801/1044/1449 802/1046/1449 812/1059/1449

v 0.154332 0.984969 0.289149
vt 0.753551 0.250261
vn 0.78672 -0.0439185 0.615746
f 813/1060/1450 801/1044/1450 812/1059/1450

vn 0.819675 -0.0161517 0.572602
f 800/1041/1451 801/1044/1451 813/1060/1451

v 0.17257 0.995459 0.263009
vt 0.765776 0.241724
vn 0.824818 -0.0268077 0.564763
f 814/1061/1452 800/1041/1452 813/1060/1452

vn 0.838909 -0.0142935 0.544084
f 799/1039/1453 800/1041/1453 814/1061/1453

vn 0.84364 -0.0231908 0.536408
f 798/1038/1454 799/1039/1454 814/1061/1454

vn 0.843352 -0.392119 0.367423
v 0.170121 0.977842 0.24983
vt 0.761376 0.232858
f 798/1038/1455 814/1061/1455 815/1062/1455

vn 0.805378 -0.422785 0.415474
v 0.151024 0.967524 0.276349
vt 0.749158 0.24177
f 815/1062/1456 814/1061/1456 816/1063/1456

vn 0.809944 -0.43896 0.388979
f 814/1061/1457 813/1060/1457 816/1063/1457

vn 0.758809 -0.472653 0.448116
v 0.127364 0.957448 0.305786
vt 0.735453 0.251548
f 816/1063/1458 813/1060/1458 817/1064/1458

vn 0.762287 -0.494532 0.41756
f 813/1060/1459 812/1059/1459 817/1064/1459

vn 0.74653 -0.503614 0.434818
f 817/1064/1460 812/1059/1460 810/1057/1460

vn 0.742349 -0.451603 0.494947
f 812/1059/1461 811/1058/1461 810/1057/1461

vn 0.64089 -0.719495 0.267558
v 0.0925713 0.930455 0.31654
vt 0.716926 0.250654
f 817/1064/1462 810/1057/1462 818/1065/1462

vn 0.352262 -0.841572 0.409474
f 810/1057/1463 809/1056/1463 818/1065/1463

vn 0.27274 -0.950717 0.14748
v 0.0616626 0.91871 0.297988
vt 0.705085 0.241419
f 818/1065/1464 809/1056/1464 819/1066/1464

vn 0.143006 -0.977818 0.153041
f 809/1056/1465 808/1055/1465 819/1066/1465

vn 0.126078 -0.991655 0.0269035
v 0.0337866 0.91439 0.26937
vt 0.694423 0.228604
f 819/1066/1466 808/1055/1466 820/1067/1466

vn 0.0811743 -0.996383 0.0251323
vt 0.679983 0.229023
f 820/1067/1467 808/1055/1467 733/1068/1467

vn 0.0845571 -0.996185 0.021557
f 808/1055/1468 732/1054/1468 733/1068/1468

vn 0.0780805 -0.996624 -0.0253664
v 0 0.912584 0.236325
vt 0.679983 0.213582
f 820/1067/1469 733/1068/1469 821/1069/1469

vn -0.0780805 -0.996624 -0.0253664
vt 0.320017 0.213582
f 733/960/1470 734/961/1470 821/1070/1470

vn -0.0947905 -0.994587 -0.0425627
v -0.0355582 0.916043 0.234676
vt 0.303668 0.213441
f 821/1070/1471 734/961/1471 822/1071/1471

vn -0.0908378 -0.994946 -0.0427817
f 734/961/1472 735/962/1472 822/1071/1472

vn -0.0941821 -0.994495 -0.0459225
f 822/1071/1473 735/962/1473 736/963/1473

vn -0.0943293 -0.992862 -0.0729823
v -0.0371516 0.918604 0.201904
vt 0.301371 0.198117
f 822/1071/1474 736/963/1474 823/1072/1474

vn -0.0929507 -0.993113 -0.0713278
f 823/1072/1475 736/963/1475 737/964/1475

vn -0.0928313 -0.989151 -0.11385
v -0.0393019 0.922467 0.170092
vt 0.297739 0.182254
f 823/1072/1476 737/964/1476 824/1073/1476

vn -0.107843 -0.984787 -0.136253
f 824/1073/1477 737/964/1477 738/969/1477

vt 0.438915 0.988787
vn -0.345792 -0.426034 0.836016
v -0.0412262 0.911687 0.163803
vt 0.473964 0.981357
vt 0.475314 0.988787
f 738/1074/1478 825/1075/1478 824/1076/1478

vn -0.357997 -0.490157 0.794723
v -0.097283 0.917451 0.142106
vt 0.439362 0.979778
f 738/1074/1479 826/1077/1479 825/1075/1479

vn -0.609504 -0.460602 0.645252
v -0.154029 0.928944 0.0967085
vt 0.398397 0.978995
f 738/1074/1480 827/1078/1480 826/1077/1480

vt 0.398961 0.988787
vn -0.603859 -0.474714 0.640314
f 739/1079/1481 827/1078/1481 738/1074/1481

vn -0.839728 -0.395669 0.371891
f 740/973/1482 827/1078/1482 739/1079/1482

vn -0.803061 -0.53551 0.261383
f 741/972/1483 827/1078/1483 740/973/1483

vn -0.911687 0.00830862 0.410801
v -0.15464 0.908896 0.0957583
vt 0.399756 0.967909
f 741/972/1484 828/1080/1484 827/1078/1484

vn -0.819272 0.276225 0.502487
f 742/974/1485 828/1080/1485 741/972/1485

vn -0.66126 0.570855 0.486683
v -0.199638 0.876854 0.072202
vt 0.380354 0.941901
f 742/974/1486 829/1081/1486 828/1080/1486

vn -0.479211 0.655354 0.583839
v -0.21841 0.877092 0.0565264
vt 0.369395 0.936368
f 742/974/1487 830/1082/1487 829/1081/1487

vn -0.534872 0.649726 0.540155
f 742/974/1488 743/975/1488 830/1082/1488

vt 0.078628 0.375
vn -0.258104 0.732796 0.629597
v -0.261214 0.909808 0.000901344
vt 0.079789 0.389547
vt 0.060022 0.375
f 743/1083/1489 831/1084/1489 830/1085/1489

vn -0.233032 0.960793 0.150241
vt 0.097935 0.375
f 743/1083/1490 744/1086/1490 831/1084/1490

vn -0.252797 0.958066 0.134921
v -0.261833 0.917984 -0.0583192
vt 0.098559 0.389547
f 744/1086/1491 832/1087/1491 831/1084/1491

vn -0.244173 0.876154 -0.415612
vt 0.117662 0.375
f 744/1086/1492 745/1088/1492 832/1087/1492

v -0.321351 0.905055 -0.0583027
vt 0.0993162 0.410346
vn -0.195541 0.900264 -0.388958
vt 0.0985228 0.38957
vt 0.119368 0.373984
v -0.264886 0.892348 -0.116125
vt 0.119002 0.389582
f 833/1089/1493 832/1090/1493 745/1091/1493 834/1092/1493 

vn -0.210525 0.96932 0.126875
vt 0.099363 0.410321
v -0.319634 0.898258 -0.00352425
vt 0.080488 0.410321
f 832/1087/1494 833/1093/1494 835/1094/1494

vn -0.141604 0.981837 0.126267
v -0.37653 0.890422 -0.00640011
vt 0.081265 0.430906
f 835/1094/1495 833/1093/1495 836/1095/1495

vn -0.15245 0.981635 0.11468
v -0.378216 0.896285 -0.0588223
vt 0.100132 0.430907
f 833/1093/1496 837/1096/1496 836/1095/1496

vn -0.140519 0.931028 -0.336811
v -0.324274 0.884652 -0.113484
vt 0.119606 0.410321
f 833/1093/1497 838/1097/1497 837/1096/1497

vt 0.119039 0.389547
vn -0.135724 0.931574 -0.337267
f 834/1098/1498 838/1097/1498 833/1093/1498

vn -0.105987 0.52888 -0.842053
v -0.264914 0.83962 -0.149239
vt 0.140357 0.389547
f 834/1098/1499 839/1099/1499 838/1097/1499

vn -0.0658237 0.530706 -0.844996
vt 0.139657 0.375
f 834/1098/1500 746/1100/1500 839/1099/1500

vn -0.145005 0.484491 -0.862694
f 745/1088/1501 746/1100/1501 834/1098/1501

vt 0.005178 0.191406
vn -0.0500645 0.16963 -0.984235
v -0.236282 0.782561 -0.16053
vt 0.026861 0.191406
vt 0.008018 0.205953
f 746/1101/1502 840/1102/1502 839/1103/1502

vn -0.561753 0.213554 -0.799268
vt 0.269354 0.906433
f 746/978/1503 747/979/1503 840/1104/1503

vn -0.554978 -0.0685445 -0.829036
v -0.241125 0.704794 -0.150858
vt 0.281902 0.873341
f 747/979/1504 841/1105/1504 840/1104/1504

v -0.203269 0.720781 -0.205327
vt 0.251238 0.874871
vn -0.829264 0.0783785 -0.553333
f 842/1106/1505 841/1105/1505 747/979/1505

vt 0.281915 0.873341
vn -0.830035 0.221952 -0.511644
vt 0.253109 0.876071
v -0.212905 0.652993 -0.219109
vt 0.254417 0.845049
v -0.255356 0.638774 -0.156401
vt 0.287077 0.843754
f 841/1107/1506 842/1108/1506 843/1109/1506 844/1110/1506 

vn -0.543958 0.240752 -0.803834
v -0.138361 0.665498 -0.265808
vt 0.216866 0.846483
vt 0.254403 0.845049
f 842/1106/1507 845/1111/1507 843/1112/1507

v -0.132051 0.729953 -0.249066
vt 0.214884 0.874985
vn -0.529362 0.261464 -0.807101
f 846/1113/1508 845/1111/1508 842/1106/1508

vn -0.313664 0.267367 -0.911115
v -0.0561383 0.673532 -0.291757
vt 0.18002 0.847783
f 846/1113/1509 847/1114/1509 845/1111/1509

v -0.0537274 0.735378 -0.275991
vt 0.179139 0.875179
vn -0.330315 0.245224 -0.911459
f 848/1115/1510 847/1114/1510 846/1113/1510

vn -0.159452 0.24969 -0.955107
v 0 0.675823 -0.30053
vt 0.155703 0.848195
f 848/1115/1511 849/1116/1511 847/1114/1511

v 0 0.737398 -0.284589
vt 0.155703 0.875477
vn -0.162165 0.247309 -0.95527
f 850/1117/1512 849/1116/1512 848/1115/1512

vt 0.844298 0.875477
vn 0.162165 0.247309 -0.95527
v 0.0537274 0.735378 -0.275991
vt 0.820861 0.875179
vt 0.844298 0.848195
f 850/1118/1513 851/1119/1513 849/1120/1513

vn 0.161989 0.27567 -0.947505
f 754/989/1514 851/1119/1514 850/1118/1514

vn 0.163671 0.276999 -0.946828
f 754/989/1515 755/988/1515 851/1119/1515

vn 0.314553 0.268245 -0.91055
v 0.127772 0.793021 -0.233431
vt 0.786555 0.903011
f 755/988/1516 852/1121/1516 851/1119/1516

vn 0.314784 0.261773 -0.912352
f 756/990/1517 852/1121/1517 755/988/1517

vn 0.324773 0.27507 -0.904908
v 0.123084 0.85135 -0.217383
vt 0.787558 0.929294
f 756/990/1518 853/1122/1518 852/1121/1518

vn 0.323923 0.286961 -0.901514
f 758/992/1519 853/1122/1519 756/990/1519

vn 0.320586 0.281604 -0.904391
f 761/995/1520 853/1122/1520 758/992/1520

vn 0.513209 0.261753 -0.817375
v 0.190144 0.847131 -0.176629
vt 0.754128 0.92962
f 761/995/1521 854/1123/1521 853/1122/1521

vn 0.518013 0.271044 -0.811294
f 763/997/1522 854/1123/1522 761/995/1522

vn 0.627349 0.264929 -0.732288
v 0.210521 0.844431 -0.160149
vt 0.743867 0.92951
f 763/997/1523 855/1124/1523 854/1123/1523

vn 0.765981 0.338521 -0.546514
f 763/997/1524 765/999/1524 855/1124/1524

vn 0.484845 0.415987 -0.769338
v 0.227661 0.84183 -0.150753
vt 0.73676 0.92882
f 765/999/1525 856/1125/1525 855/1124/1525

vn 0.620267 0.431257 -0.6552
v 0.22034 0.900836 -0.118846
vt 0.731049 0.949855
f 765/999/1526 857/1126/1526 856/1125/1526

vn 0.476399 0.798507 -0.368008
f 857/1126/1527 765/999/1527 766/1000/1527

vn 0.483978 0.795834 -0.363886
v 0.21725 0.929899 -0.0593936
vt 0.70423 0.961371
f 857/1126/1528 766/1000/1528 858/1127/1528

vn 0.510263 0.848485 0.140374
v 0.215546 0.91977 0.0080281
vt 0.662113 0.9551
f 858/1127/1529 766/1000/1529 859/1128/1529

vn 0.399831 0.899196 0.177715
v 0.194983 0.926485 0.0203122
vt 0.652542 0.966963
f 859/1128/1530 766/1000/1530 860/1129/1530

v 0.192311 0.951837 -0.0609338
vt 0.706274 0.979949
vn 0.782415 0.601342 0.161908
f 861/1130/1531 860/1129/1531 766/1000/1531

vn 0.829419 0.540445 0.14136
v 0.183648 0.941156 0.0307279
vt 0.646035 0.978238
f 861/1130/1532 862/1131/1532 860/1129/1532

v 0.194405 0.967374 -0.0626417
vt 0.708239 0.988787
vn 0.989053 -0.124667 0.0789458
f 863/1132/1533 862/1131/1533 861/1130/1533

vn 0.97586 -0.211884 0.0529354
v 0.185393 0.95488 0.0534815
vt 0.633677 0.988787
f 863/1132/1534 864/1133/1534 862/1131/1534

v 0.225916 0.983508 0.0225294
vt 0.799077 0.145795
vn 0.552346 -0.832307 -0.0466863
vt 0.780814 0.152588
vt 0.792825 0.115675
f 865/1134/1535 864/1135/1535 863/1136/1535

vn 0.580477 -0.814248 0.0068455
f 792/1031/1536 864/1135/1536 865/1134/1536

vn 0.59001 -0.807197 -0.0179221
v 0.208262 0.970481 0.10371
vt 0.786246 0.172526
f 792/1031/1537 866/1137/1537 864/1135/1537

vn 0.649155 -0.750544 0.12362
f 793/1032/1538 866/1137/1538 792/1031/1538

vn 0.573535 -0.784384 0.236219
v 0.217597 0.991918 0.152232
vt 0.791011 0.193541
f 793/1032/1539 867/1138/1539 866/1137/1539

vn 0.629205 -0.656729 0.415702
f 793/1032/1540 794/1034/1540 867/1138/1540

vn 0.738669 -0.625618 0.250938
f 867/1138/1541 794/1034/1541 795/1035/1541

vn 0.677854 -0.679211 0.2814
v 0.196974 0.980422 0.174162
vt 0.779404 0.201424
f 795/1035/1542 868/1139/1542 867/1138/1542

vn 0.705991 -0.672049 0.223444
v 0.205401 0.999663 0.205404
vt 0.784796 0.217635
f 868/1139/1543 795/1035/1543 869/1140/1543

vn 0.786231 -0.227427 0.574558
f 795/1035/1544 796/1036/1544 869/1140/1544

vn 0.827692 -0.254936 0.499934
f 796/1036/1545 797/1037/1545 869/1140/1545

vn 0.786834 -0.292169 0.543626
v 0.186723 0.9879 0.226117
vt 0.772663 0.224729
f 869/1140/1546 797/1037/1546 870/1141/1546

vn 0.837815 -0.35348 0.416074
f 797/1037/1547 798/1038/1547 870/1141/1547

vn 0.82896 -0.360893 0.427296
f 870/1141/1548 798/1038/1548 815/1062/1548

vn 0.687493 -0.702682 0.183279
v 0.154939 0.957654 0.229379
vt 0.753219 0.220937
f 870/1141/1549 815/1062/1549 871/1142/1549

vn 0.641454 -0.727882 0.24233
v 0.133928 0.948926 0.25878
vt 0.740671 0.231455
f 815/1062/1550 872/1143/1550 871/1142/1550

vn 0.64041 -0.749041 0.169746
f 815/1062/1551 816/1063/1551 872/1143/1551

vn 0.631273 -0.753559 0.183419
v 0.114536 0.940288 0.290032
vt 0.728875 0.242477
f 816/1063/1552 873/1144/1552 872/1143/1552

vn 0.638713 -0.721906 0.266265
f 816/1063/1553 817/1064/1553 873/1144/1553

vn 0.640836 -0.721015 0.263566
f 817/1064/1554 818/1065/1554 873/1144/1554

vn 0.494666 -0.86449 0.0892281
v 0.0857783 0.924212 0.29371
vt 0.71524 0.241038
f 873/1144/1555 818/1065/1555 874/1145/1555

vn 0.249729 -0.950363 0.185594
f 818/1065/1556 819/1066/1556 874/1145/1556

vn 0.23589 -0.968073 0.0847929
v 0.0671708 0.917473 0.268542
vt 0.708608 0.229592
f 874/1145/1557 819/1066/1557 875/1146/1557

vn 0.0932687 -0.99388 0.059198
f 875/1146/1558 819/1066/1558 820/1067/1558

vn 0.0908378 -0.994946 -0.0427817
v 0.0355582 0.916043 0.234676
vt 0.696332 0.213441
f 875/1146/1559 820/1067/1559 876/1147/1559

vn 0.0947905 -0.994587 -0.0425627
f 876/1147/1560 820/1067/1560 821/1069/1560

vn 0.0933864 -0.993175 -0.0698811
v 0 0.914908 0.203294
vt 0.679983 0.19783
f 876/1147/1561 821/1069/1561 877/1148/1561

vn -0.0933864 -0.993175 -0.0698811
vt 0.320017 0.19783
f 821/1070/1562 822/1071/1562 877/1149/1562

vn -0.096025 -0.992707 -0.0728877
f 877/1149/1563 822/1071/1563 823/1072/1563

vn -0.0933808 -0.987234 -0.129033
v 0 0.91834 0.177039
vt 0.320017 0.183962
f 877/1149/1564 823/1072/1564 878/1150/1564

vn -0.08371 -0.989884 -0.114556
f 878/1150/1565 823/1072/1565 824/1073/1565

vn -0.199663 -0.608236 0.768234
v 0 0.909983 0.170423
vt 0.5 0.981894
vt 0.5 0.988787
f 824/1076/1566 879/1151/1566 878/1152/1566

vn -0.158564 -0.476292 0.864872
f 824/1076/1567 825/1075/1567 879/1151/1567

vn -0.148658 0.180494 0.972277
v 0 0.887395 0.174616
vt 0.5 0.967671
f 825/1075/1568 880/1153/1568 879/1151/1568

vn -0.20836 0.0802769 0.974752
v -0.044194 0.888733 0.165059
vt 0.473611 0.967775
f 825/1075/1569 881/1154/1569 880/1153/1569

vn -0.399668 0.101524 0.911021
v -0.0980397 0.894814 0.140759
vt 0.440415 0.967378
f 825/1075/1570 882/1155/1570 881/1154/1570

vn -0.364482 -0.0431573 0.93021
f 826/1077/1571 882/1155/1571 825/1075/1571

vn -0.626009 -0.0254432 0.7794
f 826/1077/1572 828/1080/1572 882/1155/1572

vn -0.626802 -0.0178219 0.778975
f 827/1078/1573 828/1080/1573 826/1077/1573

vn -0.529521 0.346331 0.774379
v -0.160622 0.86456 0.111496
vt 0.408295 0.944519
f 828/1080/1574 883/1156/1574 882/1155/1574

vn -0.613532 0.33639 0.714437
f 828/1080/1575 829/1081/1575 883/1156/1575

vn -0.617966 0.325795 0.715525
v -0.207951 0.814319 0.0934961
vt 0.393847 0.916248
f 829/1081/1576 884/1157/1576 883/1156/1576

vn -0.526306 0.335946 0.781116
v -0.225257 0.818739 0.0799346
vt 0.385299 0.915039
f 829/1081/1577 885/1158/1577 884/1157/1577

vn -0.595734 0.358267 0.718851
f 830/1082/1578 885/1158/1578 829/1081/1578

vn -0.119562 0.381686 0.916526
v -0.261483 0.873745 0.0523016
vt 0.059786 0.389547
vt 0.039746 0.375
f 830/1085/1579 886/1159/1579 885/1160/1579

vn -0.119086 0.81308 0.569841
f 830/1085/1580 831/1084/1580 886/1159/1580

vn -0.201191 0.802369 0.561895
f 831/1084/1581 835/1094/1581 886/1159/1581

vn -0.202046 0.969884 0.136021
f 831/1084/1582 832/1087/1582 835/1094/1582

vn -0.101281 0.867767 0.486542
v -0.320073 0.869681 0.0473535
vt 0.060491 0.410321
f 886/1159/1583 835/1094/1583 887/1161/1583

vn -0.0956764 0.86823 0.48685
v -0.376885 0.866031 0.0426979
vt 0.061744 0.430907
f 835/1094/1584 888/1162/1584 887/1161/1584

vn -0.144318 0.886613 0.439419
f 835/1094/1585 836/1095/1585 888/1162/1585

vn -0.0781258 0.893061 0.443102
v -0.430728 0.863382 0.038544
vt 0.063044 0.450428
f 836/1095/1586 889/1163/1586 888/1162/1586

vn -0.122071 0.908591 0.399452
v -0.429458 0.884352 -0.00876668
vt 0.082001 0.450428
f 836/1095/1587 890/1164/1587 889/1163/1587

vn -0.118238 0.986407 0.114113
f 836/1095/1588 837/1096/1588 890/1164/1588

vn -0.129161 0.98627 0.102898
v -0.430583 0.889503 -0.0595521
vt 0.100905 0.450428
f 837/1096/1589 891/1165/1589 890/1164/1589

vn -0.116933 0.938028 -0.326236
v -0.381503 0.87772 -0.111024
vt 0.11998 0.430907
f 837/1096/1590 892/1166/1590 891/1165/1590

vn -0.127473 0.937011 -0.32521
f 838/1097/1591 892/1166/1591 837/1096/1591

vn -0.104068 0.5699 -0.815098
v -0.325892 0.836145 -0.147192
vt 0.140022 0.410321
f 838/1097/1592 893/1167/1592 892/1166/1592

vn -0.0600219 0.57098 -0.818767
f 838/1097/1593 839/1099/1593 893/1167/1593

vn -0.0385121 0.0895451 -0.995238
v -0.269977 0.782196 -0.15421
vt 0.028912 0.205953
vt 0.013167 0.226728
f 839/1103/1594 894/1168/1594 893/1169/1594

vn -0.184459 0.100888 -0.977648
f 839/1103/1595 840/1102/1595 894/1168/1595

vn -0.16473 -0.400278 -0.901466
v -0.247706 0.72214 -0.131613
vt 0.050118 0.191406
f 840/1102/1596 895/1170/1596 894/1168/1596

vn -0.941369 0.0167098 -0.336964
vt 0.289625 0.882959
f 840/1104/1597 841/1105/1597 895/1171/1597

vn -0.959177 -0.0564463 -0.277117
v -0.261338 0.676163 -0.0750626
vt 0.320556 0.865565
f 841/1105/1598 896/1172/1598 895/1171/1598

vn -0.957516 0.235545 -0.166378
v -0.266337 0.652892 -0.0792406
vt 0.320027 0.854699
f 841/1105/1599 897/1173/1599 896/1172/1599

vt 0.287063 0.843754
vn -0.958944 0.221577 -0.177004
f 844/1174/1600 897/1173/1600 841/1105/1600

vn -0.965091 0.196408 -0.173274
v -0.272313 0.624462 -0.0781784
vt 0.32182 0.842299
f 844/1174/1601 898/1175/1601 897/1173/1601

v -0.26699 0.579694 -0.160842
vt 0.290741 0.819346
vn -0.964029 0.202742 -0.171884
f 899/1176/1602 898/1175/1602 844/1174/1602

vn -0.975032 0.162839 -0.150984
v -0.281981 0.573479 -0.0707349
vt 0.327145 0.82157
f 899/1176/1603 900/1177/1603 898/1175/1603

v -0.278333 0.51008 -0.166456
vt 0.294042 0.792581
vn -0.973787 0.170795 -0.150228
f 901/1178/1604 900/1177/1604 899/1176/1604

vn -0.974284 0.168984 -0.149047
v -0.293492 0.517863 -0.0585437
vt 0.334263 0.800241
f 901/1178/1605 902/1179/1605 900/1177/1605

vn -0.930531 0.331956 -0.154654
v -0.295049 0.471307 -0.149104
vt 0.303527 0.779427
f 901/1178/1606 903/1180/1606 902/1179/1606

v -0.262644 0.434091 -0.234246
vt 0.275804 0.761507
vn -0.885927 0.193237 -0.421654
f 904/1181/1607 903/1180/1607 901/1178/1607

vn -0.791104 0.389729 -0.471452
v -0.280383 0.417896 -0.217866
vt 0.284435 0.757682
f 904/1181/1608 905/1182/1608 903/1180/1608

v -0.245123 0.359385 -0.26593
vt 0.271693 0.734904
vn -0.728673 0.115415 -0.675066
f 906/1183/1609 905/1182/1609 904/1181/1609

vn -0.842757 -0.0693732 -0.533805
v -0.258199 0.343296 -0.243196
vt 0.281288 0.733161
f 906/1183/1610 907/1184/1610 905/1182/1610

vn -0.743525 -0.263939 -0.614416
v -0.218592 0.265814 -0.25784
vt 0.282534 0.705393
f 906/1183/1611 908/1185/1611 907/1184/1611

v -0.200468 0.258437 -0.290373
vt 0.272679 0.698433
vn -0.864043 -0.281097 -0.417629
f 909/1186/1612 908/1185/1612 906/1183/1612

vt 0.405686 0.592102
vn -0.82324 -0.439847 -0.358903
v -0.170788 0.189739 -0.274259
vt 0.431348 0.594589
vt 0.402418 0.604355
f 909/1187/1613 910/1188/1613 908/1189/1613

v -0.162337 0.184219 -0.347678
vt 0.431591 0.569557
vn -0.909069 -0.410056 -0.0738114
f 911/1190/1614 910/1188/1614 909/1187/1614

vn -0.857647 -0.510688 -0.0603264
v -0.135302 0.137909 -0.339994
vt 0.449923 0.570639
f 911/1190/1615 912/1191/1615 910/1188/1615

v -0.12903 0.134634 -0.42975
vt 0.449939 0.539935
vn -0.859851 -0.508854 -0.0415178
f 913/1192/1616 912/1191/1616 911/1190/1616

vn -0.710663 -0.703123 -0.0240041
v -0.0939213 0.0989345 -0.423471
vt 0.467137 0.541281
f 913/1192/1617 914/1193/1617 912/1191/1617

v -0.0902749 0.0969869 -0.519905
vt 0.467524 0.508021
vn -0.711804 -0.702263 -0.0127317
f 915/1194/1618 914/1193/1618 913/1192/1618

v -0.0480873 0.0791045 -0.517131
vt 0.48335 0.508671
vn -0.390475 -0.920605 0.00382853
f 916/1195/1619 914/1193/1619 915/1194/1619

vn -0.371572 -0.928288 0.0147057
v -0.0482021 0.0806915 -0.419854
vt 0.483754 0.542016
f 916/1195/1620 917/1196/1620 914/1193/1620

v 0 0.0729978 -0.515709
vt 0.5 0.508993
vn -0.12643 -0.991846 0.0160319
f 918/1197/1621 917/1196/1621 916/1195/1621

v 0 0.0753608 -0.417944
vt 0.5 0.542575
vn -0.110829 -0.993549 0.024014
f 919/1198/1622 917/1196/1622 918/1197/1622

vn -0.112085 -0.99186 0.0604242
v -0.0493753 0.0865055 -0.326593
vt 0.483791 0.573143
f 919/1198/1623 920/1199/1623 917/1196/1623

v 0 0.0805739 -0.324914
vt 0.5 0.573644
vn -0.120954 -0.991103 0.0555382
f 921/1200/1624 920/1199/1624 919/1198/1624

vn -0.121911 -0.988029 0.0945382
v -0.0493532 0.0951895 -0.235807
vt 0.484282 0.602393
f 921/1200/1625 922/1201/1625 920/1199/1625

v 0 0.0894207 -0.233751
vt 0.5 0.602908
vn -0.119504 -0.988191 0.0958979
f 923/1202/1626 922/1201/1626 921/1200/1626

vn -0.120321 -0.98485 0.124877
v -0.0491424 0.106914 -0.143135
vt 0.485024 0.631086
f 923/1202/1627 924/1203/1627 922/1201/1627

v 0 0.101857 -0.142754
vt 0.5 0.630844
vn -0.102482 -0.985574 0.134691
f 925/1204/1628 924/1203/1628 923/1202/1628

v 0 0.119006 -0.0595465
vt 0.5 0.65569
vn -0.101836 -0.974323 0.200807
f 926/1205/1629 924/1203/1629 925/1204/1629

vn -0.079169 -0.978944 0.188149
v -0.0493591 0.123049 -0.0592803
vt 0.485461 0.656251
f 926/1205/1630 927/1206/1630 924/1203/1630

v 0 0.140225 0.010733
vt 0.5 0.676729
vn -0.0766275 -0.954503 0.288189
f 928/1207/1631 927/1206/1631 926/1205/1631

vn -0.0855555 -0.952008 0.293871
v -0.0480116 0.144252 0.00980143
vt 0.486144 0.677046
f 928/1207/1632 929/1208/1632 927/1206/1632

vn -0.0852149 -0.938578 0.334379
v -0.0489445 0.165646 0.0696148
vt 0.48618 0.694994
f 928/1207/1633 930/1209/1633 929/1208/1633

v 0 0.163034 0.0744446
vt 0.5 0.695739
vn -0.083217 -0.93822 0.335885
f 931/1210/1634 930/1209/1634 928/1207/1634

vn -0.0937125 -0.873866 0.477049
v -0.0522666 0.200568 0.132934
vt 0.485558 0.715089
f 931/1210/1635 932/1211/1635 930/1209/1635

v 0 0.197213 0.138743
vt 0.5 0.715738
vn -0.108212 -0.877811 0.466624
f 933/1212/1636 932/1211/1636 931/1210/1636

vn -0.121065 -0.739564 0.662109
v -0.058941 0.251252 0.188326
vt 0.483922 0.735636
f 933/1212/1637 934/1213/1637 932/1211/1637

v 0 0.248322 0.196331
vt 0.5 0.736407
vn -0.126304 -0.741936 0.658466
f 935/1214/1638 934/1213/1638 933/1212/1638

v 0 0.32414 0.24142
vt 0.5 0.760073
vn -0.14072 -0.506061 0.850941
f 936/1215/1639 934/1213/1639 935/1214/1639

v -0.0684228 0.327835 0.230077
vt 0.480935 0.759569
vn -0.168349 -0.487813 0.856561
f 937/1216/1640 934/1213/1640 936/1215/1640

vn -0.344698 -0.481864 0.805599
v -0.107129 0.257828 0.171641
vt 0.469637 0.734074
f 937/1216/1641 938/1217/1641 934/1213/1641

v -0.12532 0.333426 0.208748
vt 0.463607 0.758166
vn -0.34898 -0.479257 0.805311
f 939/1218/1642 938/1217/1642 937/1216/1642

vn -0.446444 -0.478551 0.756093
v -0.150866 0.265194 0.150478
vt 0.455324 0.731709
f 939/1218/1643 940/1219/1643 938/1217/1643

v -0.175674 0.340022 0.176723
vt 0.445635 0.755472
vn -0.523719 -0.4313 0.734642
f 941/1220/1644 940/1219/1644 939/1218/1644

vn -0.627052 -0.434629 0.646454
v -0.173665 0.270894 0.132195
vt 0.446306 0.729306
f 941/1220/1645 942/1221/1645 940/1219/1645

vn -0.64773 -0.425782 0.631787
v -0.20538 0.344472 0.149267
vt 0.432693 0.752676
f 942/1221/1646 941/1220/1646 943/1222/1646

v -0.201491 0.417688 0.177066
vt 0.433492 0.778565
vn -0.679014 -0.228795 0.697561
f 944/1223/1647 943/1222/1647 941/1220/1647

v -0.233917 0.416476 0.138615
vt 0.417082 0.774352
vn -0.745633 -0.201557 0.635142
f 945/1224/1648 943/1222/1648 944/1223/1648

v -0.218022 0.347429 0.126268
vt 0.423946 0.749829
vn -0.856989 -0.275194 0.435704
f 946/1225/1649 943/1222/1649 945/1224/1649

v -0.184944 0.273934 0.119529
vt 0.440974 0.727293
vn -0.821725 -0.406463 0.399444
f 947/1226/1650 943/1222/1650 946/1225/1650

vn -0.721567 -0.435837 0.537948
f 947/1226/1651 942/1221/1651 943/1222/1651

v -0.154421 0.219008 0.0905231
vt 0.453473 0.708559
vn -0.662172 -0.602954 0.444942
f 948/1227/1652 942/1221/1652 947/1226/1652

vn -0.575102 -0.631244 0.520374
f 940/1219/1653 942/1221/1653 948/1227/1653

v -0.131076 0.212593 0.105414
vt 0.461738 0.711083
vn -0.524778 -0.659024 0.538791
f 949/1228/1654 940/1219/1654 948/1227/1654

vn -0.409684 -0.677483 0.610881
f 938/1217/1655 940/1219/1655 949/1228/1655

v -0.0959091 0.205587 0.122072
vt 0.472949 0.713647
vn -0.422607 -0.669937 0.610399
f 950/1229/1656 938/1217/1656 949/1228/1656

vn -0.247981 -0.694306 0.675607
f 932/1211/1657 938/1217/1657 950/1229/1657

vn -0.312941 -0.719191 0.620349
f 932/1211/1658 934/1213/1658 938/1217/1658

vn -0.214153 -0.860042 0.463106
f 930/1209/1659 932/1211/1659 950/1229/1659

vn -0.230771 -0.862603 0.450178
v -0.0849434 0.170132 0.0597571
vt 0.475622 0.693231
f 930/1209/1660 950/1229/1660 951/1230/1660

vn -0.361808 -0.836219 0.412108
f 951/1230/1661 950/1229/1661 949/1228/1661

vn -0.344857 -0.835234 0.428319
v -0.118953 0.176513 0.044818
vt 0.465033 0.69034
f 951/1230/1662 949/1228/1662 952/1231/1662

vn -0.463786 -0.798927 0.382908
f 952/1231/1663 949/1228/1663 948/1227/1663

vn -0.444882 -0.801373 0.399852
v -0.145041 0.181441 0.0256675
vt 0.456447 0.685845
f 952/1231/1664 948/1227/1664 953/1232/1664

vn -0.560356 -0.749274 0.352974
v -0.164923 0.222673 0.0816298
vt 0.449334 0.706865
f 953/1232/1665 948/1227/1665 954/1233/1665

vn -0.626301 -0.606626 0.489645
f 954/1233/1666 948/1227/1666 947/1226/1666

vt 0.060589 0.590477
vn 0.760357 -0.167075 0.627649
vt 0.075745 0.602956
v -0.195162 0.259362 0.128028
vt 0.071282 0.606075
f 954/1234/1667 947/1235/1667 955/1236/1667

v -0.237953 0.335704 0.133431
vt 0.089189 0.620602
vn 0.451692 0.19151 0.871377
f 956/1237/1668 955/1236/1668 947/1235/1668

vn 0.153005 0.0158299 0.988099
v -0.26304 0.288503 0.138072
vt 0.076245 0.624485
f 956/1237/1669 957/1238/1669 955/1236/1669

vn -0.374868 0.285946 0.881878
v -0.310457 0.328176 0.105052
vt 0.084108 0.639371
f 956/1237/1670 958/1239/1670 957/1238/1670

v -0.283558 0.388247 0.102033
vt 0.099993 0.636675
vn -0.375224 0.213353 0.902046
f 959/1240/1671 958/1239/1671 956/1237/1671

v -0.346398 0.361518 0.0443641
vt 0.091232 0.65664
vn -0.709899 0.348635 0.611962
f 960/1241/1672 958/1239/1672 959/1240/1672

v -0.357472 0.288554 0.0440246
vt 0.073338 0.657454
vn -0.823046 0.12234 0.554642
f 961/1242/1673 958/1239/1673 960/1241/1673

vn -0.817532 0.0953095 0.567942
v -0.321899 0.264328 0.0992957
vt 0.068362 0.640886
f 961/1242/1674 962/1243/1674 958/1239/1674

v -0.348181 0.223575 0.0376245
vt 0.056081 0.657379
vn -0.860898 -0.17032 0.479422
f 963/1244/1675 962/1243/1675 961/1242/1675

vn -0.841157 -0.211036 0.497915
v -0.316357 0.206536 0.0841642
vt 0.052612 0.641226
f 963/1244/1676 964/1245/1676 962/1243/1676

v -0.328198 0.169353 0.0286647
vt 0.038155 0.656414
vn -0.823659 -0.37398 0.426292
f 965/1246/1677 964/1245/1677 963/1244/1677

vn -0.77676 -0.433932 0.456451
v -0.299202 0.158982 0.06815
vt 0.036242 0.639209
f 965/1246/1678 966/1247/1678 964/1245/1678

v -0.311389 0.127766 0.0213845
vt 0.021223 0.655089
vn -0.785643 -0.400158 0.471845
f 967/1248/1679 966/1247/1679 965/1246/1679

vn -0.737943 -0.45651 0.49703
v -0.286758 0.123515 0.0540497
vt 0.020574 0.63743
f 967/1248/1680 968/1249/1680 966/1247/1680

vn -0.765499 -0.365319 0.529673
v -0.282428 0.100017 0.0441013
vt 0.007812 0.638054
f 967/1248/1681 969/1250/1681 968/1249/1681

v -0.304305 0.0977674 0.0157037
vt 0.007812 0.655673
vn -0.746976 -0.289719 0.598406
f 970/1251/1682 969/1250/1682 967/1248/1682

vt 0.091304 0.912982
vn -0.414745 0.874858 0.250222
vt 0.098989 0.901394
v -0.303751 0.0828416 0.0688071
vt 0.10237 0.923024
f 969/1252/1683 970/1253/1683 971/1254/1683

v -0.331531 0.0632391 0.0134936
vt 0.116499 0.901142
vn -0.778279 0.602334 0.177414
f 972/1255/1684 971/1254/1684 970/1253/1684

vn -0.64449 0.762748 0.0533719
v -0.329052 0.061676 0.065768
vt 0.11606 0.921798
f 971/1254/1685 972/1255/1685 973/1256/1685

vn -0.923177 0.380396 0.0551551
v -0.344879 0.0233229 0.0653781
vt 0.132813 0.921497
f 972/1255/1686 974/1257/1686 973/1256/1686

v -0.341137 0.0235679 0.0116499
vt 0.132813 0.90074
vn -0.969057 0.23774 -0.0663974
f 975/1258/1687 974/1257/1687 972/1255/1687

vn -0.924889 -0.374446 -0.0661128
v -0.331627 0 0.0120948
vt 0.140625 0.900448
f 975/1258/1688 976/1259/1688 974/1257/1688

v -0.334109 0.0235755 -0.0399923
vt 0.132813 0.880877
vn -0.919238 -0.37328 -0.125158
f 977/1260/1689 976/1259/1689 975/1258/1689

vn -0.897516 -0.416239 -0.145636
v -0.323317 0 -0.0391229
vt 0.140625 0.880477
f 977/1260/1690 978/1261/1690 976/1259/1690

v -0.323644 0.02411 -0.0886607
vt 0.132813 0.861906
vn -0.888924 -0.414151 -0.195687
f 979/1262/1691 978/1261/1691 977/1260/1691

vn -0.91819 -0.358549 -0.168432
v -0.314381 0 -0.087835
vt 0.140625 0.861244
f 979/1262/1692 980/1263/1692 978/1261/1692

v -0.30208 0 -0.126931
vt 0.140625 0.844691
vn -0.892639 -0.352583 -0.280858
f 981/1264/1693 980/1263/1693 979/1262/1693

v -0.152152 0 -0.038907
vt 0.0397492 0.0931642
vn 0 -1 -0
v -0.145534 0 0.0120502
vt 0.0370644 0.0726749
v -0.14171 0 0.0676913
vt 0.0355021 0.0503005
v -0.139059 0 0.114471
vt 0.0344154 0.0314889
v -0.147446 0 0.154861
vt 0.0377745 0.0152412
v -0.206171 0 0.179291
vt 0.0614004 0.00538422
v -0.268503 0 0.179291
vt 0.0864887 0.00535012
v -0.329227 0 0.155016
vt 0.11094 0.0150795
v -0.33751 0 0.114339
vt 0.114291 0.0314335
v -0.33781 0 0.0670766
vt 0.114431 0.0504404
vt 0.111966 0.0725552
vt 0.108642 0.0931573
vt 0.105066 0.112752
vt 0.100131 0.128482
v -0.277045 0 -0.151087
vt 0.0900649 0.13821
v -0.236764 0 -0.163087
vt 0.0738568 0.143058
v -0.198999 0 -0.149863
vt 0.0586514 0.13776
v -0.173174 0 -0.124211
vt 0.0482464 0.127458
v -0.160647 0 -0.0856117
vt 0.0431882 0.111942
f 982/1265/1694 983/1266/1694 984/1267/1694 985/1268/1694 986/1269/1694 987/1270/1694 988/1271/1694 989/1272/1694 990/1273/1694 991/1274/1694 976/1275/1694 978/1276/1694 980/1277/1694 981/1278/1694 992/1279/1694 993/1280/1694 994/1281/1694 995/1282/1694 996/1283/1694 

vt 0.007813 0.880893
vn 0.968962 -0.212787 -0.125837
v -0.147122 0.0224496 -0.0381391
vt 0.015625 0.881518
vt 0.007813 0.901467
f 982/1284/1695 997/1285/1695 983/1286/1695

v -0.15649 0.0228156 -0.0850293
vt 0.015625 0.862417
vn 0.958815 -0.20821 -0.193189
f 998/1287/1696 997/1285/1696 982/1284/1696

vn 0.98055 0.0135568 -0.1958
v -0.155909 0.059339 -0.0795876
vt 0.030923 0.864593
f 998/1287/1697 999/1288/1697 997/1285/1697

v -0.166002 0.0582745 -0.127145
vt 0.030069 0.845633
vn 0.978026 0.0154018 -0.207914
f 1000/1289/1698 999/1288/1698 998/1287/1698

vn 0.958559 0.194895 -0.2078
v -0.168318 0.0858962 -0.111924
vt 0.042364 0.850406
f 1000/1289/1699 1001/1290/1699 999/1288/1699

v -0.199753 0.0897517 -0.154078
vt 0.043439 0.828821
vn 0.763478 0.359629 -0.536441
f 1002/1291/1700 1001/1290/1700 1000/1289/1700

vt 0.007812 0.76
vn 0.747949 0.412487 -0.520026
v -0.202095 0.107689 -0.143219
vt 0.01531 0.76119
vt 0.007812 0.77774
f 1002/1292/1701 1003/1293/1701 1001/1294/1701

vn 0.311017 0.521588 -0.79449
v -0.237568 0.0922111 -0.167267
vt 0.007812 0.746628
f 1003/1293/1702 1002/1292/1702 1004/1295/1702

vt 0.044115 0.8125
vn 0.330202 0.325206 -0.88612
v -0.196148 0.0593141 -0.163905
vt 0.030149 0.828012
f 1004/1296/1703 1002/1291/1703 1005/1297/1703

vn 0.745515 0.283095 -0.603377
f 1005/1297/1704 1002/1291/1704 1000/1289/1704

vn 0.77336 0.0193295 -0.633672
v -0.167143 0.0223046 -0.129634
vt 0.015625 0.844468
f 1005/1297/1705 1000/1289/1705 1006/1298/1705

vn 0.97258 -0.0147852 -0.2321
f 1006/1298/1706 1000/1289/1706 998/1287/1706

vn 0.927452 -0.303816 -0.218012
vt 0.007813 0.845032
f 1006/1298/1707 998/1287/1707 995/1299/1707

vn 0.938408 -0.163202 -0.304557
vt 0.007813 0.861734
f 995/1299/1708 998/1287/1708 996/1300/1708

vn 0.969179 -0.172083 -0.176293
f 996/1300/1709 998/1287/1709 982/1284/1709

vn 0.662418 -0.341287 -0.666878
vt 0.007813 0.829666
f 1006/1298/1710 995/1299/1710 994/1301/1710

v -0.197629 0.0223518 -0.163973
vt 0.015625 0.827366
vn 0.677757 -0.421767 -0.602294
f 1007/1302/1711 1006/1298/1711 994/1301/1711

vn 0.747484 -0.0287185 -0.663659
f 1007/1302/1712 1005/1297/1712 1006/1298/1712

vn 0.313173 -0.0108 -0.949635
v -0.236985 0.0232028 -0.176962
vt 0.015625 0.8125
f 1005/1297/1713 1007/1302/1713 1008/1303/1713

vn 0.262977 -0.493309 -0.82915
vt 0.007813 0.8125
f 1008/1303/1714 1007/1302/1714 993/1304/1714

vn 0.281382 -0.524519 -0.803557
f 1007/1302/1715 994/1301/1715 993/1304/1715

v -0.278503 0.0239954 -0.166161
vt 0.132813 0.82779
vn -0.226783 -0.501438 -0.834943
vt 0.132813 0.8125
vt 0.140625 0.8125
f 1009/1305/1716 1008/1306/1716 993/1307/1716

v -0.237537 0.0601294 -0.178186
vt 0.118527 0.8125
vn -0.252248 -0.0358323 -0.966999
f 1010/1308/1717 1008/1306/1717 1009/1305/1717

vt 0.030228 0.8125
vn 0.32559 -0.0264667 -0.94514
f 1010/1309/1718 1005/1297/1718 1008/1303/1718

vn 0.315907 0.305985 -0.898096
f 1004/1296/1719 1005/1297/1719 1010/1309/1719

vt 0.104303 0.8125
vn -0.24619 0.312069 -0.917607
v -0.280142 0.0616158 -0.16625
vt 0.118064 0.828388
f 1004/1310/1720 1010/1308/1720 1011/1311/1720

vn -0.270201 -0.0140482 -0.962701
f 1011/1311/1721 1010/1308/1721 1009/1305/1721

vn -0.730637 -0.033434 -0.681947
v -0.310147 0.0243835 -0.132277
vt 0.132813 0.844664
f 1011/1311/1722 1009/1305/1722 1012/1312/1722

vn -0.663485 -0.426487 -0.614733
vt 0.140625 0.830079
f 1009/1305/1723 992/1313/1723 1012/1312/1723

vn -0.242718 -0.52657 -0.814747
f 1009/1305/1724 993/1307/1724 992/1313/1724

vn -0.647455 -0.361312 -0.671011
f 1012/1312/1725 992/1313/1725 981/1264/1725

vn -0.892037 -0.356131 -0.278283
f 1012/1312/1726 981/1264/1726 979/1262/1726

vn -0.953464 0.0638983 -0.294659
v -0.308092 0.0622955 -0.130705
vt 0.117662 0.844966
f 1012/1312/1727 979/1262/1727 1013/1314/1727

vn -0.955839 0.0770205 -0.28362
v -0.321681 0.0621678 -0.0849427
vt 0.11746 0.863111
f 1013/1314/1728 979/1262/1728 1014/1315/1728

vn -0.975365 0.0707328 -0.208948
f 979/1262/1729 977/1260/1729 1014/1315/1729

vn -0.978534 0.147566 -0.14386
v -0.32864 0.0630456 -0.036703
vt 0.116933 0.881795
f 1014/1315/1730 977/1260/1730 1015/1316/1730

vn -0.980118 0.146911 -0.133366
f 977/1260/1731 975/1258/1731 1015/1316/1731

vn -0.969738 0.237457 -0.056757
f 1015/1316/1732 975/1258/1732 972/1255/1732

vn -0.925736 0.374187 -0.0547503
v -0.315011 0.0977915 -0.0296888
vt 0.101907 0.883876
f 1015/1316/1733 972/1255/1733 1016/1317/1733

vn -0.777565 0.601367 0.183713
f 1016/1317/1734 972/1255/1734 970/1253/1734

vt 0.007812 0.675611
vn -0.95134 -0.21132 0.224267
v -0.321302 0.131959 -0.0241826
vt 0.021939 0.673965
f 1016/1318/1735 970/1251/1735 1017/1319/1735

vn -0.948579 -0.258581 0.182577
f 1017/1319/1736 970/1251/1736 967/1248/1736

vn -0.904997 -0.393923 0.160639
f 1017/1319/1737 967/1248/1737 965/1246/1737

vn -0.920426 -0.365542 0.138544
v -0.337741 0.174849 -0.0202322
vt 0.038895 0.673602
f 1017/1319/1738 965/1246/1738 1018/1320/1738

vn -0.921514 -0.362584 0.139089
f 1018/1320/1739 965/1246/1739 963/1244/1739

vn -0.917848 -0.36933 0.145432
v -0.360147 0.231465 -0.0178592
vt 0.057863 0.673544
f 1018/1320/1740 963/1244/1740 1019/1321/1740

vt 0.0733383 0.657439
vn -0.969727 -0.157156 0.186898
v -0.371345 0.298839 -0.0192828
vt 0.0760928 0.673599
vt 0.0578637 0.67353
vt 0.0557543 0.659362
f 961/1322/1741 1020/1323/1741 1019/1324/1741 963/1325/1741 

vt 0.076092 0.673614
vn -0.961341 0.144821 0.2342
f 1020/1326/1742 961/1242/1742 960/1241/1742

v -0.362511 0.373901 -0.0262926
vt 0.094779 0.673964
vn -0.960525 0.135723 0.24284
f 1021/1327/1743 1020/1326/1743 960/1241/1743

v -0.361734 0.291328 -0.0837913
vt 0.075515 0.690675
vn -0.982262 0.10084 -0.158092
f 1022/1328/1744 1020/1326/1744 1021/1327/1744

vn -0.978106 -0.165253 -0.126491
f 1022/1328/1745 1019/1321/1745 1020/1326/1745

vn -0.957787 -0.223939 -0.180264
v -0.348694 0.228472 -0.074993
vt 0.057165 0.690751
f 1022/1328/1746 1023/1329/1746 1019/1321/1746

v -0.329474 0.269753 -0.136442
vt 0.071574 0.708509
vn -0.868417 -0.240833 -0.433417
f 1024/1330/1747 1023/1329/1747 1022/1328/1747

vn -0.871934 -0.234132 -0.430016
v -0.321241 0.216695 -0.124245
vt 0.054544 0.708894
f 1024/1330/1748 1025/1331/1748 1023/1329/1748

v -0.291333 0.240374 -0.171444
vt 0.065147 0.725389
vn -0.753256 -0.256129 -0.605808
f 1026/1332/1749 1025/1331/1749 1024/1330/1749

vn -0.716509 -0.325163 -0.617157
v -0.28684 0.197629 -0.15414
vt 0.049594 0.725295
f 1026/1332/1750 1027/1333/1750 1025/1331/1750

vn -0.404419 -0.3794 -0.832166
v -0.242328 0.198169 -0.176018
vt 0.052245 0.743043
f 1026/1332/1751 1028/1334/1751 1027/1333/1751

vn -0.461855 -0.453678 -0.762146
v -0.240213 0.22844 -0.195319
vt 0.064263 0.743777
f 1026/1332/1752 1029/1335/1752 1028/1334/1752

v -0.285867 0.283611 -0.192873
vt 0.079564 0.728086
vn -0.462126 -0.346203 -0.816445
f 1030/1336/1753 1029/1335/1753 1026/1332/1753

vn -0.576781 -0.446963 -0.683775
v -0.233783 0.254665 -0.217885
vt 0.074705 0.746208
f 1030/1336/1754 1031/1337/1754 1029/1335/1754

v -0.271333 0.319992 -0.218138
vt 0.091697 0.733264
vn -0.548244 -0.318126 -0.773449
f 1032/1338/1755 1031/1337/1755 1030/1336/1755

v -0.224988 0.269913 -0.237546
vt 0.081418 0.74946
vn -0.684081 -0.395583 -0.612819
f 1033/1339/1756 1031/1337/1756 1032/1338/1756

v -0.182358 0.196313 -0.183799
vt 0.056193 0.762211
vn -0.322124 -0.672877 -0.665938
f 1034/1340/1757 1031/1337/1757 1033/1339/1757

vn -0.545366 -0.725667 -0.419504
v -0.18966 0.193495 -0.169433
vt 0.051779 0.760575
f 1034/1340/1758 1035/1341/1758 1031/1337/1758

v -0.166347 0.168438 -0.123938
vt 0.041105 0.774715
vn -0.309576 -0.891 -0.332088
f 1036/1342/1759 1035/1341/1759 1034/1340/1759

vn 0.100152 -0.848954 -0.51889
v -0.169745 0.160916 -0.112287
vt 0.037249 0.777269
f 1036/1342/1760 1037/1343/1760 1035/1341/1760

vn 0.882954 -0.467373 -0.0442073
v -0.160541 0.172086 -0.0465432
vt 0.040594 0.801298
f 1036/1342/1761 1038/1344/1761 1037/1343/1761

v -0.144476 0.1557 -0.0532127
vt 0.455991 0.661402
vn -0.693762 -0.715082 0.0857488
vt 0.449712 0.664738
vt 0.444882 0.641776
f 1039/1345/1762 1038/1346/1762 1036/1347/1762

vn -0.671184 -0.723588 0.161034
v -0.159428 0.184228 0.0126522
vt 0.451526 0.682609
f 1039/1345/1763 1040/1348/1763 1038/1346/1763

vn -0.419632 -0.863795 0.278869
f 1039/1345/1764 953/1232/1764 1040/1348/1764

v -0.108449 0.14156 -0.056706
vt 0.467253 0.658813
vn -0.324915 -0.899768 0.291287
f 1041/1349/1765 953/1232/1765 1039/1345/1765

vn -0.365714 -0.891027 0.268931
f 1041/1349/1766 952/1231/1766 953/1232/1766

v -0.0800257 0.149645 0.00942167
vt 0.47678 0.677667
vn -0.370287 -0.889444 0.267913
f 1042/1350/1767 952/1231/1767 1041/1349/1767

vn -0.312702 -0.890051 0.331702
f 1042/1350/1768 951/1230/1768 952/1231/1768

vn -0.159205 -0.919743 0.358784
f 929/1208/1769 951/1230/1769 1042/1350/1769

vn -0.204484 -0.922694 0.326838
f 929/1208/1770 930/1209/1770 951/1230/1770

vn -0.16224 -0.942425 0.292425
f 929/1208/1771 1042/1350/1771 927/1206/1771

vn -0.281273 -0.930491 0.234672
f 927/1206/1772 1042/1350/1772 1041/1349/1772

vn -0.285234 -0.937935 0.197278
v -0.10384 0.12222 -0.141992
vt 0.467779 0.632704
f 927/1206/1773 1041/1349/1773 1043/1351/1773

vn -0.54539 -0.823304 0.157224
v -0.145236 0.150015 -0.140037
vt 0.452583 0.635413
f 1043/1351/1774 1041/1349/1774 1044/1352/1774

vn -0.35922 -0.931048 0.0641054
f 1041/1349/1775 1039/1345/1775 1044/1352/1775

vn -0.631822 -0.773077 0.0561491
f 1039/1345/1776 1036/1347/1776 1044/1352/1776

vt 0.4318 0.624698
vn -0.707568 -0.693855 -0.133837
f 1034/1353/1777 1044/1352/1777 1036/1347/1777

v -0.176391 0.195434 -0.21232
vt 0.431733 0.615208
vn -0.711458 -0.691052 -0.127572
f 1045/1354/1778 1044/1352/1778 1034/1353/1778

v -0.140914 0.143078 -0.255852
vt 0.450227 0.598581
vn -0.826746 -0.562569 0.00285057
f 1046/1355/1779 1044/1352/1779 1045/1354/1779

v -0.100662 0.111926 -0.243117
vt 0.46699 0.601016
vn -0.616616 -0.786895 0.0241294
f 1047/1356/1780 1044/1352/1780 1046/1355/1780

vn -0.554013 -0.829803 0.0670551
f 1047/1356/1781 1043/1351/1781 1044/1352/1781

vn -0.320016 -0.943502 0.0859817
f 922/1201/1782 1043/1351/1782 1047/1356/1782

vn -0.265108 -0.956518 0.121622
f 924/1203/1783 1043/1351/1783 922/1201/1783

vn -0.261456 -0.947956 0.181716
f 924/1203/1784 927/1206/1784 1043/1351/1784

vn -0.320449 -0.942954 0.090275
f 922/1201/1785 1047/1356/1785 920/1199/1785

vn -0.356707 -0.931976 0.0646551
v -0.0981266 0.104776 -0.332196
vt 0.466638 0.572007
f 920/1199/1786 1047/1356/1786 1048/1357/1786

vn -0.620309 -0.783054 0.0451978
f 1048/1357/1787 1047/1356/1787 1046/1355/1787

vn -0.665522 -0.746377 0.00145694
f 1048/1357/1788 1046/1355/1788 912/1191/1788

vn -0.837939 -0.545304 -0.0223948
f 912/1191/1789 1046/1355/1789 910/1188/1789

vn -0.837309 -0.546134 -0.0255244
f 910/1188/1790 1046/1355/1790 1045/1354/1790

vn -0.849112 -0.527454 -0.0283099
f 910/1188/1791 1045/1354/1791 908/1189/1791

vn -0.807285 -0.57367 -0.138542
vt 0.401217 0.611456
f 908/1189/1792 1045/1354/1792 1033/1358/1792

vn -0.80386 -0.575473 -0.150463
f 1033/1358/1793 1045/1354/1793 1034/1353/1793

vn -0.887707 -0.416805 -0.195576
vt 0.288472 0.708761
f 908/1185/1794 1033/1359/1794 907/1184/1794

vt 0.100103 0.738711
vn -0.656795 -0.348716 -0.668594
f 907/1360/1795 1033/1339/1795 1032/1338/1795

vn -0.771523 -0.210643 -0.600318
v -0.307056 0.380197 -0.193353
vt 0.10495 0.718235
f 907/1360/1796 1032/1338/1796 1049/1361/1796

vn -0.731878 -0.161742 -0.661962
v -0.327406 0.324137 -0.157156
vt 0.087804 0.710822
f 1032/1338/1797 1050/1362/1797 1049/1361/1797

vn -0.731412 -0.16698 -0.661177
f 1032/1338/1798 1030/1336/1798 1050/1362/1798

vn -0.747596 -0.211385 -0.629616
f 1030/1336/1799 1024/1330/1799 1050/1362/1799

vn -0.745672 -0.217811 -0.629707
f 1030/1336/1800 1026/1332/1800 1024/1330/1800

vn -0.869096 -0.146863 -0.472339
f 1050/1362/1801 1024/1330/1801 1022/1328/1801

vn -0.908627 0.0177204 -0.417233
v -0.353814 0.360977 -0.0980803
vt 0.09402 0.69221
f 1050/1362/1802 1022/1328/1802 1051/1363/1802

vn -0.98725 0.0845968 -0.134833
f 1051/1363/1803 1022/1328/1803 1021/1327/1803

vn -0.892575 0.412372 -0.182371
v -0.330065 0.438539 -0.0389346
vt 0.113045 0.674931
f 1051/1363/1804 1021/1327/1804 1052/1364/1804

vn -0.850276 0.472259 0.232385
v -0.316083 0.423337 0.0431206
vt 0.107911 0.653995
f 1052/1364/1805 1021/1327/1805 1053/1365/1805

vn -0.861932 0.428143 0.271601
f 1021/1327/1806 960/1241/1806 1053/1365/1806

vn -0.709301 0.360022 0.606032
f 1053/1365/1807 960/1241/1807 959/1240/1807

v -0.283119 0.466728 0.03799
vt 0.122049 0.651623
vn -0.581678 0.51623 0.628615
f 1054/1366/1808 1053/1365/1808 959/1240/1808

vn -0.758771 0.604981 0.241381
f 1052/1364/1809 1053/1365/1809 1054/1366/1809

v -0.301114 0.486567 -0.0496212
vt 0.128121 0.675815
vn -0.791564 0.540554 0.285003
f 1055/1367/1810 1052/1364/1810 1054/1366/1810

v -0.325153 0.423995 -0.124406
vt 0.112416 0.697496
vn -0.861641 0.489817 -0.132871
f 1056/1368/1811 1052/1364/1811 1055/1367/1811

vn -0.9215 0.370641 -0.116032
f 1056/1368/1812 1051/1363/1812 1052/1364/1812

vn -0.850879 0.180955 -0.493214
f 1050/1362/1813 1051/1363/1813 1056/1368/1813

vn -0.936136 0.128474 -0.327329
f 1049/1361/1814 1050/1362/1814 1056/1368/1814

vn -0.847817 0.317872 -0.424457
vt 0.12774 0.703165
f 1049/1361/1815 1056/1368/1815 903/1369/1815

vn -0.865566 0.484404 -0.12708
f 903/1369/1816 1056/1368/1816 1055/1367/1816

vn -0.973198 0.210899 -0.0916875
vt 0.338652 0.788502
f 903/1180/1817 1055/1370/1817 902/1179/1817

vn -0.919832 0.297091 0.256217
vt 0.373319 0.784714
f 902/1179/1818 1055/1370/1818 1054/1371/1818

vn -0.953028 0.213063 0.215273
v -0.270787 0.500131 0.0595226
vt 0.380607 0.798499
f 902/1179/1819 1054/1371/1819 1057/1372/1819

vn -0.870245 0.00372816 0.492605
v -0.248737 0.411096 0.0991499
vt 0.402818 0.768885
f 1054/1371/1820 1058/1373/1820 1057/1372/1820

vn -0.33168 0.597566 0.730002
vt 0.109176 0.630785
f 1054/1366/1821 959/1240/1821 1058/1374/1821

vn -0.139463 0.330326 0.933507
vt 0.09394 0.616241
f 1058/1374/1822 959/1240/1822 946/1375/1822

vn 0.00446835 0.51581 0.856691
f 959/1240/1823 956/1237/1823 946/1375/1823

vn 0.310221 0.052588 0.949209
f 946/1375/1824 956/1237/1824 947/1235/1824

vn -0.888464 -0.270788 0.370548
f 1058/1373/1825 946/1225/1825 945/1224/1825

vn -0.930623 -0.0706459 0.359097
f 1057/1372/1826 1058/1373/1826 945/1224/1826

vn -0.910297 -0.0099327 0.413838
v -0.22384 0.499506 0.162775
vt 0.42061 0.803885
f 1057/1372/1827 945/1224/1827 1059/1376/1827

vn -0.759522 -0.09506 0.643499
f 945/1224/1828 944/1223/1828 1059/1376/1828

v -0.159144 0.499781 0.223025
vt 0.449014 0.807567
vn -0.680228 -0.058172 0.730689
f 1060/1377/1829 1059/1376/1829 944/1223/1829

v -0.161167 0.585605 0.211146
vt 0.443912 0.835063
vn -0.679247 0.0848924 0.728984
f 1061/1378/1830 1059/1376/1830 1060/1377/1830

vn -0.699525 0.11276 0.705655
v -0.227066 0.581828 0.146422
vt 0.41237 0.831467
f 1061/1378/1831 1062/1379/1831 1059/1376/1831

vn -0.689015 0.226971 0.688289
v -0.152247 0.666554 0.19338
vt 0.441268 0.863746
f 1062/1379/1832 1061/1378/1832 1063/1380/1832

vn -0.455363 0.238424 0.857787
v -0.0789358 0.66629 0.232372
vt 0.471264 0.864735
f 1063/1380/1833 1061/1378/1833 1064/1381/1833

vn -0.428533 0.205263 0.879902
v -0.0841045 0.585894 0.248609
vt 0.472225 0.836842
f 1064/1381/1834 1061/1378/1834 1065/1382/1834

vn -0.434742 0.11341 0.893385
f 1065/1382/1835 1061/1378/1835 1060/1377/1835

vn -0.429998 0.10841 0.896298
v -0.0845678 0.498914 0.258907
vt 0.474375 0.809548
f 1065/1382/1836 1060/1377/1836 1066/1383/1836

vn -0.432794 -0.0855088 0.897428
v -0.146179 0.417195 0.221408
vt 0.455397 0.782664
f 1060/1377/1837 1067/1384/1837 1066/1383/1837

vn -0.622105 -0.112827 0.774761
f 1060/1377/1838 944/1223/1838 1067/1384/1838

vn -0.613043 -0.207152 0.762408
f 944/1223/1839 941/1220/1839 1067/1384/1839

vn -0.542419 -0.256 0.800153
f 1067/1384/1840 941/1220/1840 939/1218/1840

vn -0.399149 -0.233402 0.886681
v -0.0786747 0.415793 0.251427
vt 0.477162 0.78506
f 1067/1384/1841 939/1218/1841 1068/1385/1841

vn -0.361247 -0.259505 0.895633
f 1068/1385/1842 939/1218/1842 937/1216/1842

vn -0.154753 -0.250039 0.955789
v 0 0.413365 0.26353
vt 0.5 0.785501
f 1068/1385/1843 937/1216/1843 1069/1386/1843

vn -0.171333 -0.236971 0.95629
f 1069/1386/1844 937/1216/1844 936/1215/1844

vn 0.171333 -0.236971 0.95629
v 0.0684228 0.327835 0.230077
vt 0.519066 0.759569
f 1069/1386/1845 936/1215/1845 1070/1387/1845

vn 0.168349 -0.487813 0.856561
v 0.058941 0.251252 0.188326
vt 0.516078 0.735636
f 1070/1387/1846 936/1215/1846 1071/1388/1846

vn 0.14072 -0.506061 0.850941
f 936/1215/1847 935/1214/1847 1071/1388/1847

vn 0.126304 -0.741936 0.658466
f 1071/1388/1848 935/1214/1848 933/1212/1848

vn 0.121065 -0.739564 0.662109
v 0.0522666 0.200568 0.132934
vt 0.514442 0.715089
f 1071/1388/1849 933/1212/1849 1072/1389/1849

vn 0.108212 -0.877811 0.466624
f 1072/1389/1850 933/1212/1850 931/1210/1850

vn 0.0937125 -0.873866 0.477049
v 0.0489445 0.165646 0.0696148
vt 0.51382 0.694994
f 1072/1389/1851 931/1210/1851 1073/1390/1851

vn 0.083217 -0.93822 0.335885
f 1073/1390/1852 931/1210/1852 928/1207/1852

vn 0.0852149 -0.938578 0.334379
v 0.0480116 0.144252 0.00980143
vt 0.513856 0.677046
f 1073/1390/1853 928/1207/1853 1074/1391/1853

v 0.0493591 0.123049 -0.0592803
vt 0.514539 0.656251
vn 0.0855555 -0.952008 0.293871
f 1075/1392/1854 1074/1391/1854 928/1207/1854

v 0.0800257 0.149645 0.00942167
vt 0.52322 0.677667
vn 0.16224 -0.942425 0.292425
f 1076/1393/1855 1074/1391/1855 1075/1392/1855

v 0.0849434 0.170132 0.0597571
vt 0.524378 0.693231
vn 0.159205 -0.919743 0.358784
f 1077/1394/1856 1074/1391/1856 1076/1393/1856

vn 0.204484 -0.922694 0.326838
f 1077/1394/1857 1073/1390/1857 1074/1391/1857

v 0.0959091 0.205587 0.122072
vt 0.527051 0.713647
vn 0.230771 -0.862603 0.450178
f 1078/1395/1858 1073/1390/1858 1077/1394/1858

vn 0.214153 -0.860042 0.463106
f 1078/1395/1859 1072/1389/1859 1073/1390/1859

v 0.107129 0.257828 0.171641
vt 0.530364 0.734074
vn 0.247981 -0.694306 0.675607
f 1079/1396/1860 1072/1389/1860 1078/1395/1860

vn 0.312941 -0.719191 0.620349
f 1079/1396/1861 1071/1388/1861 1072/1389/1861

vn 0.344698 -0.481864 0.805599
f 1070/1387/1862 1071/1388/1862 1079/1396/1862

v 0.12532 0.333426 0.208748
vt 0.536393 0.758166
vn 0.34898 -0.479257 0.805311
f 1080/1397/1863 1070/1387/1863 1079/1396/1863

v 0.0786747 0.415793 0.251427
vt 0.522838 0.78506
vn 0.361247 -0.259505 0.895633
f 1081/1398/1864 1070/1387/1864 1080/1397/1864

vn 0.154753 -0.250039 0.955789
f 1081/1398/1865 1069/1386/1865 1070/1387/1865

v 0 0.498295 0.271231
vt 0.5 0.810253
vn 0.154132 -0.0892283 0.984013
f 1082/1399/1866 1069/1386/1866 1081/1398/1866

vn -0.154132 -0.0892283 0.984013
f 1082/1399/1867 1068/1385/1867 1069/1386/1867

vn -0.14421 -0.0988305 0.984599
f 1066/1383/1868 1068/1385/1868 1082/1399/1868

vn -0.405758 -0.110416 0.907287
f 1066/1383/1869 1067/1384/1869 1068/1385/1869

v 0 0.586021 0.264079
vt 0.5 0.83745
vn -0.143163 0.0804266 0.986426
f 1083/1400/1870 1066/1383/1870 1082/1399/1870

vn -0.179835 0.116604 0.976761
f 1083/1400/1871 1065/1382/1871 1066/1383/1871

v 0 0.665721 0.247165
vt 0.5 0.864853
vn -0.177382 0.204298 0.962704
f 1084/1401/1872 1065/1382/1872 1083/1400/1872

vn -0.17883 0.205813 0.962113
f 1064/1381/1873 1065/1382/1873 1084/1401/1873

v 0 0.736128 0.226686
vt 0.5 0.89215
vn -0.175191 0.274981 0.945354
f 1085/1402/1874 1064/1381/1874 1084/1401/1874

v -0.0699478 0.737446 0.212389
vt 0.471467 0.892581
vn -0.186606 0.287403 0.939456
f 1086/1403/1875 1064/1381/1875 1085/1402/1875

v -0.133931 0.740799 0.179795
vt 0.442727 0.892752
vn -0.421549 0.294141 0.857775
f 1087/1404/1876 1064/1381/1876 1086/1403/1876

vn -0.451751 0.267203 0.85119
f 1087/1404/1877 1063/1380/1877 1064/1381/1877

v -0.194136 0.746189 0.133987
vt 0.412894 0.892096
vn -0.564991 0.281318 0.775658
f 1088/1405/1878 1063/1380/1878 1087/1404/1878

vn -0.637275 0.216419 0.739624
v -0.224291 0.664266 0.131976
vt 0.406991 0.86077
f 1088/1405/1879 1089/1406/1879 1063/1380/1879

v -0.238401 0.692135 0.0785132
vt 0.386669 0.871302
vn -0.867102 0.309592 0.39024
f 1090/1407/1880 1089/1406/1880 1088/1405/1880

v -0.261115 0.628208 0.0315382
vt 0.367117 0.84659
vn -0.945303 0.110285 0.306985
f 1091/1408/1881 1089/1406/1881 1090/1407/1881

vn -0.945017 0.0870526 0.315222
f 1091/1408/1882 1062/1379/1882 1089/1406/1882

vn -0.919879 0.183413 0.346674
v -0.266367 0.575417 0.0455305
vt 0.373057 0.826319
f 1091/1408/1883 1092/1409/1883 1062/1379/1883

vn -0.982696 0.132172 0.129764
f 900/1177/1884 1092/1409/1884 1091/1408/1884

vn -0.965618 0.227456 0.125882
f 900/1177/1885 902/1179/1885 1092/1409/1885

vn -0.974858 0.0947146 0.201697
f 902/1179/1886 1057/1372/1886 1092/1409/1886

vn -0.927605 0.120191 0.3537
f 1092/1409/1887 1057/1372/1887 1062/1379/1887

vn -0.909226 0.0465426 0.413693
f 1057/1372/1888 1059/1376/1888 1062/1379/1888

vn -0.975685 0.198557 0.0928089
f 898/1175/1889 900/1177/1889 1091/1408/1889

vn -0.981264 0.167942 0.0944237
v -0.257597 0.65753 0.015945
vt 0.360808 0.858439
f 898/1175/1890 1091/1408/1890 1093/1410/1890

vn -0.961191 0.210287 0.178579
f 1093/1410/1891 1091/1408/1891 1090/1407/1891

vn -0.955775 -0.00157441 0.294093
v -0.247409 0.711528 0.0493423
vt 0.375418 0.878986
f 1093/1410/1892 1090/1407/1892 1094/1411/1892

vn -0.945237 0.0468181 0.32301
v -0.236217 0.757763 0.0753938
vt 0.386123 0.89447
f 1094/1411/1893 1090/1407/1893 1095/1412/1893

vn -0.785958 0.0554321 0.61579
v -0.219962 0.752069 0.0966534
vt 0.395673 0.893244
f 1095/1412/1894 1090/1407/1894 1096/1413/1894

vn -0.814328 0.0763988 0.575355
f 1090/1407/1895 1088/1405/1895 1096/1413/1895

vn -0.761116 0.301914 0.574064
v -0.174495 0.806559 0.128277
vt 0.413912 0.917162
f 1096/1413/1896 1088/1405/1896 1097/1414/1896

vn -0.570026 0.259193 0.779673
f 1097/1414/1897 1088/1405/1897 1087/1404/1897

vn -0.525984 0.29924 0.796113
v -0.11829 0.800666 0.167626
vt 0.443799 0.918761
f 1097/1414/1898 1087/1404/1898 1098/1415/1898

vn -0.423126 0.285347 0.859966
f 1098/1415/1899 1087/1404/1899 1086/1403/1899

vn -0.388592 0.315756 0.865618
v -0.0602882 0.795952 0.195383
vt 0.47251 0.918345
f 1098/1415/1900 1086/1403/1900 1099/1416/1900

vn -0.181027 0.301938 0.935982
v 0 0.794385 0.207549
vt 0.5 0.917746
f 1099/1416/1901 1086/1403/1901 1100/1417/1901

vn -0.185055 0.306688 0.933647
f 1100/1417/1902 1086/1403/1902 1085/1402/1902

vn 0.185055 0.306688 0.933647
v 0.0699478 0.737446 0.212389
vt 0.528533 0.892581
f 1100/1417/1903 1085/1402/1903 1101/1418/1903

vn 0.186606 0.287403 0.939456
v 0.0789358 0.66629 0.232372
vt 0.528736 0.864735
f 1101/1418/1904 1085/1402/1904 1102/1419/1904

vn 0.175191 0.274981 0.945354
f 1085/1402/1905 1084/1401/1905 1102/1419/1905

vn 0.17883 0.205813 0.962113
v 0.0841045 0.585894 0.248609
vt 0.527775 0.836842
f 1102/1419/1906 1084/1401/1906 1103/1420/1906

vn 0.177382 0.204298 0.962704
f 1084/1401/1907 1083/1400/1907 1103/1420/1907

vn 0.179835 0.116604 0.976761
v 0.0845678 0.498914 0.258907
vt 0.525625 0.809548
f 1083/1400/1908 1104/1421/1908 1103/1420/1908

vn 0.143163 0.0804266 0.986426
f 1083/1400/1909 1082/1399/1909 1104/1421/1909

vn 0.14421 -0.0988305 0.984599
f 1104/1421/1910 1082/1399/1910 1081/1398/1910

vn 0.405758 -0.110416 0.907287
v 0.146179 0.417195 0.221408
vt 0.544603 0.782664
f 1104/1421/1911 1081/1398/1911 1105/1422/1911

vn 0.399149 -0.233402 0.886681
f 1105/1422/1912 1081/1398/1912 1080/1397/1912

vn 0.542419 -0.256 0.800153
v 0.175674 0.340022 0.176723
vt 0.554365 0.755472
f 1105/1422/1913 1080/1397/1913 1106/1423/1913

vn 0.523719 -0.4313 0.734642
v 0.150866 0.265194 0.150478
vt 0.544676 0.731709
f 1106/1423/1914 1080/1397/1914 1107/1424/1914

vn 0.446444 -0.478551 0.756093
f 1080/1397/1915 1079/1396/1915 1107/1424/1915

vn 0.409684 -0.677483 0.610881
v 0.131076 0.212593 0.105414
vt 0.538262 0.711083
f 1107/1424/1916 1079/1396/1916 1108/1425/1916

vn 0.422607 -0.669937 0.610399
f 1108/1425/1917 1079/1396/1917 1078/1395/1917

vn 0.361808 -0.836219 0.412108
f 1108/1425/1918 1078/1395/1918 1077/1394/1918

vn 0.344857 -0.835234 0.428319
v 0.118953 0.176513 0.044818
vt 0.534967 0.69034
f 1108/1425/1919 1077/1394/1919 1109/1426/1919

vn 0.312702 -0.890051 0.331702
f 1109/1426/1920 1077/1394/1920 1076/1393/1920

vn 0.370287 -0.889444 0.267913
v 0.108449 0.14156 -0.056706
vt 0.532747 0.658813
f 1109/1426/1921 1076/1393/1921 1110/1427/1921

vn 0.281273 -0.930491 0.234672
f 1110/1427/1922 1076/1393/1922 1075/1392/1922

vn 0.285234 -0.937935 0.197278
v 0.10384 0.12222 -0.141992
vt 0.532221 0.632704
f 1110/1427/1923 1075/1392/1923 1111/1428/1923

vn 0.261456 -0.947956 0.181716
v 0.0491424 0.106914 -0.143135
vt 0.514976 0.631086
f 1111/1428/1924 1075/1392/1924 1112/1429/1924

vn 0.079169 -0.978944 0.188149
f 1075/1392/1925 926/1205/1925 1112/1429/1925

vn 0.0766275 -0.954503 0.288189
f 1075/1392/1926 928/1207/1926 926/1205/1926

vn 0.101836 -0.974323 0.200807
f 1112/1429/1927 926/1205/1927 925/1204/1927

vn 0.102482 -0.985574 0.134691
f 1112/1429/1928 925/1204/1928 923/1202/1928

v 0.0493532 0.0951895 -0.235807
vt 0.515718 0.602393
vn 0.120321 -0.98485 0.124877
f 1113/1430/1929 1112/1429/1929 923/1202/1929

vn 0.265108 -0.956518 0.121622
f 1111/1428/1930 1112/1429/1930 1113/1430/1930

vn 0.320016 -0.943502 0.0859817
v 0.100662 0.111926 -0.243117
vt 0.53301 0.601016
f 1111/1428/1931 1113/1430/1931 1114/1431/1931

vn 0.320449 -0.942954 0.090275
v 0.0493753 0.0865055 -0.326593
vt 0.516209 0.573143
f 1114/1431/1932 1113/1430/1932 1115/1432/1932

vn 0.121911 -0.988029 0.0945382
f 1115/1432/1933 1113/1430/1933 921/1200/1933

vn 0.119504 -0.988191 0.0958979
f 1113/1430/1934 923/1202/1934 921/1200/1934

vn 0.120954 -0.991103 0.0555382
f 1115/1432/1935 921/1200/1935 919/1198/1935

vn 0.112085 -0.99186 0.0604242
v 0.0482021 0.0806915 -0.419854
vt 0.516246 0.542016
f 1115/1432/1936 919/1198/1936 1116/1433/1936

vn 0.110829 -0.993549 0.024014
f 1116/1433/1937 919/1198/1937 918/1197/1937

vn 0.12643 -0.991846 0.0160319
v 0.0480873 0.0791045 -0.517131
vt 0.51665 0.508671
f 1116/1433/1938 918/1197/1938 1117/1434/1938

vn 0.125488 -0.991961 -0.0163227
v 0 0.0746595 -0.616692
vt 0.5 0.473571
f 1117/1434/1939 918/1197/1939 1118/1435/1939

vn -0.125488 -0.991961 -0.0163227
f 918/1197/1940 916/1195/1940 1118/1435/1940

vn -0.136388 -0.990419 -0.0216564
v -0.0443741 0.0807766 -0.616986
vt 0.484166 0.4736
f 1118/1435/1941 916/1195/1941 1119/1436/1941

vn -0.388425 -0.920996 -0.0298662
f 1119/1436/1942 916/1195/1942 915/1194/1942

vn -0.435956 -0.898215 -0.056143
v -0.0830163 0.0996399 -0.618714
vt 0.46888 0.473029
f 1119/1436/1943 915/1194/1943 1120/1437/1943

vn -0.766967 -0.637468 -0.0734582
v -0.121207 0.134662 -0.523895
vt 0.450467 0.506845
f 1120/1437/1944 915/1194/1944 1121/1438/1944

vn -0.767965 -0.637286 -0.064007
f 1121/1438/1945 915/1194/1945 913/1192/1945

vn -0.919613 -0.385298 -0.0765341
v -0.147807 0.181075 -0.437932
vt 0.432361 0.537745
f 1121/1438/1946 913/1192/1946 1122/1439/1946

vn -0.910502 -0.391552 -0.132943
f 1122/1439/1947 913/1192/1947 911/1190/1947

vn -0.971466 -0.183725 -0.149997
v -0.172724 0.248096 -0.358645
vt 0.409119 0.566947
f 1122/1439/1948 911/1190/1948 1123/1440/1948

vn -0.916804 -0.20765 -0.341104
f 1123/1440/1949 911/1190/1949 909/1187/1949

v -0.163323 0.315049 -0.373944
vt 0.236059 0.699508
vn -0.923336 0.0424417 -0.381641
vt 0.254214 0.684576
f 1124/1441/1950 1123/1442/1950 909/1186/1950

v -0.146132 0.234934 -0.446717
vt 0.235994 0.662066
vn -0.952478 0.0657776 -0.29742
f 1125/1443/1951 1123/1442/1951 1124/1441/1951

vt 0.413224 0.53445
vn -0.957875 -0.0169738 -0.286682
f 1125/1444/1952 1122/1439/1952 1123/1440/1952

v -0.135436 0.179679 -0.528076
vt 0.433633 0.505185
vn -0.990659 0.00861168 -0.13609
f 1126/1445/1953 1122/1439/1953 1125/1444/1953

vn -0.94269 -0.30954 -0.124578
f 1126/1445/1954 1121/1438/1954 1122/1439/1954

v -0.110778 0.136457 -0.620865
vt 0.452309 0.471853
vn -0.945083 -0.308696 -0.107351
f 1127/1446/1955 1121/1438/1955 1126/1445/1955

vn -0.792018 -0.60285 -0.0963344
f 1127/1446/1956 1120/1437/1956 1121/1438/1956

v -0.0983028 0.139505 -0.72039
vt 0.455602 0.435085
vn -0.789611 -0.602268 -0.117424
f 1128/1447/1957 1120/1437/1957 1127/1446/1957

vn -0.816639 -0.568405 -0.100084
v -0.0740415 0.10459 -0.72006
vt 0.471258 0.436211
f 1128/1447/1958 1129/1448/1958 1120/1437/1958

v -0.0854451 0.144494 -0.821766
vt 0.45986 0.396837
vn -0.813541 -0.566546 -0.131061
f 1130/1449/1959 1129/1448/1959 1128/1447/1959

vn -0.81814 -0.560548 -0.128193
v -0.0640926 0.113284 -0.821571
vt 0.474145 0.398277
f 1130/1449/1960 1131/1450/1960 1129/1448/1960

v -0.0551475 0.123683 -0.92173
vt 0.477054 0.359815
vn -0.817805 -0.560338 -0.131213
f 1132/1451/1961 1131/1450/1961 1130/1449/1961

v -0.0348254 0.0977049 -0.82156
vt 0.486647 0.398806
vn -0.465714 -0.87497 -0.132435
f 1133/1452/1962 1131/1450/1962 1132/1451/1962

vn -0.466652 -0.876723 -0.116589
v -0.039734 0.0866948 -0.71912
vt 0.485373 0.436845
f 1133/1452/1963 1134/1453/1963 1131/1450/1963

v 0 0.0801637 -0.718825
vt 0.5 0.436978
vn -0.160338 -0.980564 -0.113072
f 1135/1454/1964 1134/1453/1964 1133/1452/1964

vn -0.161582 -0.985429 -0.0531068
f 1118/1435/1965 1134/1453/1965 1135/1454/1965

vn -0.135872 -0.988692 -0.0634634
f 1118/1435/1966 1119/1436/1966 1134/1453/1966

vn -0.459723 -0.885124 -0.0721751
f 1134/1453/1967 1119/1436/1967 1129/1448/1967

vn -0.434216 -0.897044 -0.0822706
f 1119/1436/1968 1120/1437/1968 1129/1448/1968

vn -0.456538 -0.881541 -0.120244
f 1134/1453/1969 1129/1448/1969 1131/1450/1969

v 0.039734 0.0866948 -0.71912
vt 0.514627 0.436845
vn 0.161582 -0.985429 -0.0531068
f 1136/1455/1970 1118/1435/1970 1135/1454/1970

v 0.0443741 0.0807766 -0.616986
vt 0.515834 0.4736
vn 0.135872 -0.988692 -0.0634634
f 1137/1456/1971 1118/1435/1971 1136/1455/1971

vn 0.136388 -0.990419 -0.0216564
f 1117/1434/1972 1118/1435/1972 1137/1456/1972

v 0.0902749 0.0969869 -0.519905
vt 0.532476 0.508021
vn 0.388425 -0.920996 -0.0298662
f 1138/1457/1973 1117/1434/1973 1137/1456/1973

v 0.0939213 0.0989345 -0.423471
vt 0.532863 0.541281
vn 0.390475 -0.920605 0.00382853
f 1139/1458/1974 1117/1434/1974 1138/1457/1974

vn 0.371572 -0.928288 0.0147057
f 1139/1458/1975 1116/1433/1975 1117/1434/1975

v 0.0981266 0.104776 -0.332196
vt 0.533362 0.572007
vn 0.373153 -0.926813 0.0421231
f 1140/1459/1976 1116/1433/1976 1139/1458/1976

vn 0.355833 -0.933006 0.0536888
f 1140/1459/1977 1115/1432/1977 1116/1433/1977

vn 0.356707 -0.931976 0.0646551
f 1114/1431/1978 1115/1432/1978 1140/1459/1978

v 0.140914 0.143078 -0.255852
vt 0.549773 0.598581
vn 0.620309 -0.783054 0.0451978
f 1141/1460/1979 1114/1431/1979 1140/1459/1979

v 0.145236 0.150015 -0.140037
vt 0.547417 0.635413
vn 0.616616 -0.786895 0.0241294
f 1142/1461/1980 1114/1431/1980 1141/1460/1980

vn 0.554013 -0.829803 0.0670551
f 1142/1461/1981 1111/1428/1981 1114/1431/1981

vn 0.54539 -0.823304 0.157224
f 1142/1461/1982 1110/1427/1982 1111/1428/1982

vn 0.35922 -0.931048 0.0641054
v 0.144476 0.1557 -0.0532127
vt 0.544009 0.661402
f 1142/1461/1983 1143/1462/1983 1110/1427/1983

v 0.166347 0.168438 -0.123938
vt 0.555118 0.641776
vn 0.631822 -0.773077 0.0561491
f 1144/1463/1984 1143/1462/1984 1142/1461/1984

vn 0.693762 -0.715082 0.0857488
v 0.160541 0.172086 -0.0465432
vt 0.550288 0.664738
f 1144/1463/1985 1145/1464/1985 1143/1462/1985

vt 0.958895 0.774715
vn -0.882954 -0.467373 -0.0442073
v 0.169745 0.160916 -0.112287
vt 0.962751 0.777269
vt 0.959406 0.801298
f 1144/1465/1986 1146/1466/1986 1145/1467/1986

v 0.18966 0.193495 -0.169433
vt 0.948221 0.760575
vn -0.100152 -0.848954 -0.51889
f 1147/1468/1987 1146/1466/1987 1144/1465/1987

v 0.19616 0.181225 -0.155301
vt 0.954566 0.760438
vn -0.289397 -0.784682 -0.5482
f 1148/1469/1988 1146/1466/1988 1147/1468/1988

vn -0.517723 -0.605913 -0.604014
v 0.171157 0.151129 -0.103679
vt 0.966918 0.779615
f 1148/1469/1989 1149/1470/1989 1146/1466/1989

vn -0.639622 -0.487717 -0.594151
v 0.199607 0.164224 -0.145056
vt 0.961814 0.761201
f 1148/1469/1990 1150/1471/1990 1149/1470/1990

v 0.242328 0.198169 -0.176018
vt 0.947755 0.743043
vn -0.175201 -0.533972 -0.827151
f 1151/1472/1991 1150/1471/1991 1148/1469/1991

vn -0.297456 -0.411458 -0.861523
v 0.241249 0.171313 -0.16282
vt 0.958922 0.743724
f 1151/1472/1992 1152/1473/1992 1150/1471/1992

vn 0.396709 -0.417662 -0.817423
v 0.28684 0.197629 -0.15414
vt 0.950406 0.725295
f 1151/1472/1993 1153/1474/1993 1152/1473/1993

v 0.291333 0.240374 -0.171444
vt 0.934853 0.725389
vn 0.404419 -0.3794 -0.832166
f 1154/1475/1994 1153/1474/1994 1151/1472/1994

vn 0.716509 -0.325163 -0.617157
v 0.321241 0.216695 -0.124245
vt 0.945456 0.708894
f 1154/1475/1995 1155/1476/1995 1153/1474/1995

vn 0.753256 -0.256129 -0.605808
v 0.329474 0.269753 -0.136442
vt 0.928426 0.708509
f 1154/1475/1996 1156/1477/1996 1155/1476/1996

v 0.285867 0.283611 -0.192873
vt 0.920436 0.728086
vn 0.745672 -0.217811 -0.629707
f 1157/1478/1997 1156/1477/1997 1154/1475/1997

vn 0.747596 -0.211385 -0.629616
v 0.327406 0.324137 -0.157156
vt 0.912196 0.710822
f 1157/1478/1998 1158/1479/1998 1156/1477/1998

v 0.271333 0.319992 -0.218138
vt 0.908303 0.733264
vn 0.731412 -0.16698 -0.661177
f 1159/1480/1999 1158/1479/1999 1157/1478/1999

vn 0.731878 -0.161742 -0.661962
v 0.307056 0.380197 -0.193353
vt 0.89505 0.718235
f 1159/1480/2000 1160/1481/2000 1158/1479/2000

v 0.258199 0.343296 -0.243196
vt 0.899897 0.738711
vn 0.771523 -0.210643 -0.600318
f 1161/1482/2001 1160/1481/2001 1159/1480/2001

v 0.280383 0.417896 -0.217866
vt 0.882669 0.724741
vn 0.701339 0.0332032 -0.712054
f 1162/1483/2002 1160/1481/2002 1161/1482/2002

vn 0.845233 0.31945 -0.428408
v 0.295049 0.471307 -0.149104
vt 0.87226 0.703165
f 1162/1483/2003 1163/1484/2003 1160/1481/2003

v 0.262644 0.434091 -0.234246
vt 0.724197 0.761507
vn 0.791104 0.389729 -0.471452
vt 0.696473 0.779427
vt 0.715565 0.757682
f 1164/1485/2004 1163/1486/2004 1162/1487/2004

vn 0.885927 0.193237 -0.421654
v 0.278333 0.51008 -0.166456
vt 0.705958 0.792581
f 1164/1485/2005 1165/1488/2005 1163/1486/2005

v 0.224814 0.526021 -0.247884
vt 0.742822 0.79253
vn 0.828357 0.267879 -0.492001
f 1166/1489/2006 1165/1488/2006 1164/1485/2006

vn 0.837941 0.178147 -0.515867
v 0.26699 0.579694 -0.160842
vt 0.709259 0.819346
f 1166/1489/2007 1167/1490/2007 1165/1488/2007

vn 0.840089 0.173408 -0.513985
v 0.219809 0.592948 -0.233486
vt 0.744254 0.81949
f 1166/1489/2008 1168/1491/2008 1167/1490/2008

vn 0.567092 0.213548 -0.79549
v 0.149269 0.540751 -0.297785
vt 0.779163 0.792874
f 1168/1491/2009 1166/1489/2009 1169/1492/2009

vn 0.56719 0.241191 -0.787479
v 0.150741 0.476593 -0.316375
vt 0.777805 0.765726
f 1169/1492/2010 1166/1489/2010 1170/1493/2010

vn 0.561155 0.251678 -0.78852
v 0.22318 0.455585 -0.271529
vt 0.744221 0.764665
f 1166/1489/2011 1171/1494/2011 1170/1493/2011

vn 0.728559 0.202736 -0.654294
f 1171/1494/2012 1166/1489/2012 1164/1485/2012

vn 0.716172 0.123379 -0.686932
v 0.245123 0.359385 -0.26593
vt 0.728307 0.734904
f 1171/1494/2013 1164/1485/2013 1172/1495/2013

vn 0.728673 0.115415 -0.675066
f 1172/1495/2014 1164/1485/2014 1162/1487/2014

vn 0.842757 -0.0693732 -0.533805
vt 0.718713 0.733161
f 1172/1495/2015 1162/1487/2015 1161/1496/2015

vn 0.743525 -0.263939 -0.614416
v 0.218592 0.265814 -0.25784
vt 0.717466 0.705393
f 1172/1495/2016 1161/1496/2016 1173/1497/2016

vn 0.887707 -0.416805 -0.195576
v 0.224988 0.269913 -0.237546
vt 0.711528 0.708761
f 1173/1497/2017 1161/1496/2017 1174/1498/2017

vn 0.656795 -0.348716 -0.668594
vt 0.918582 0.74946
f 1161/1482/2018 1159/1480/2018 1174/1499/2018

vn 0.684081 -0.395583 -0.612819
v 0.233783 0.254665 -0.217885
vt 0.925295 0.746208
f 1174/1499/2019 1159/1480/2019 1175/1500/2019

vn 0.548244 -0.318126 -0.773449
f 1159/1480/2020 1157/1478/2020 1175/1500/2020

vn 0.576781 -0.446963 -0.683775
v 0.240213 0.22844 -0.195319
vt 0.935737 0.743777
f 1157/1478/2021 1176/1501/2021 1175/1500/2021

vn 0.462126 -0.346203 -0.816445
f 1157/1478/2022 1154/1475/2022 1176/1501/2022

vn 0.461855 -0.453678 -0.762146
f 1154/1475/2023 1151/1472/2023 1176/1501/2023

vn -0.172726 -0.538087 -0.825002
f 1176/1501/2024 1151/1472/2024 1148/1469/2024

vn 0.142533 -0.713987 -0.685497
f 1176/1501/2025 1148/1469/2025 1147/1468/2025

vn 0.0540158 -0.643651 -0.76341
f 1175/1500/2026 1176/1501/2026 1147/1468/2026

vn 0.545366 -0.725667 -0.419504
v 0.182358 0.196313 -0.183799
vt 0.943807 0.762211
f 1175/1500/2027 1147/1468/2027 1177/1502/2027

vn 0.309576 -0.891 -0.332088
f 1147/1468/2028 1144/1465/2028 1177/1502/2028

vt 0.5682 0.624698
vn 0.707568 -0.693855 -0.133837
f 1177/1503/2029 1144/1463/2029 1142/1461/2029

v 0.176391 0.195434 -0.21232
vt 0.568268 0.615208
vn 0.711458 -0.691052 -0.127572
f 1178/1504/2030 1177/1503/2030 1142/1461/2030

vt 0.598783 0.611456
vn 0.80386 -0.575473 -0.150463
f 1174/1505/2031 1177/1503/2031 1178/1504/2031

vn 0.322124 -0.672877 -0.665938
f 1175/1500/2032 1177/1502/2032 1174/1499/2032

vt 0.597582 0.604355
vn 0.807285 -0.57367 -0.138542
f 1173/1506/2033 1174/1505/2033 1178/1504/2033

v 0.170788 0.189739 -0.274259
vt 0.568652 0.594589
vn 0.849112 -0.527454 -0.0283099
f 1179/1507/2034 1173/1506/2034 1178/1504/2034

v 0.200468 0.258437 -0.290373
vt 0.594314 0.592102
vn 0.82324 -0.439847 -0.358903
f 1180/1508/2035 1173/1506/2035 1179/1507/2035

vt 0.727322 0.698433
vn 0.864043 -0.281097 -0.417629
f 1180/1509/2036 1172/1495/2036 1173/1497/2036

v 0.208397 0.382745 -0.300596
vt 0.747348 0.735741
vn 0.647168 -0.103399 -0.755302
f 1181/1510/2037 1172/1495/2037 1180/1509/2037

vn 0.721939 0.125066 -0.68056
f 1181/1510/2038 1171/1494/2038 1172/1495/2038

vn 0.557725 0.207521 -0.803665
f 1170/1493/2039 1171/1494/2039 1181/1510/2039

vn 0.544793 0.197681 -0.814937
v 0.139512 0.415897 -0.338605
vt 0.780107 0.739035
f 1170/1493/2040 1181/1510/2040 1182/1511/2040

vn 0.581335 0.387897 -0.715252
v 0.163323 0.315049 -0.373944
vt 0.763941 0.699508
f 1182/1511/2041 1181/1510/2041 1183/1512/2041

vn 0.884572 -0.0939952 -0.456834
f 1183/1512/2042 1181/1510/2042 1180/1509/2042

vn 0.923336 0.0424417 -0.381641
v 0.172724 0.248096 -0.358645
vt 0.745786 0.684576
f 1183/1512/2043 1180/1509/2043 1184/1513/2043

vt 0.590881 0.566947
vn 0.916804 -0.20765 -0.341104
v 0.162337 0.184219 -0.347678
vt 0.568409 0.569557
f 1184/1514/2044 1180/1508/2044 1185/1515/2044

vn 0.909069 -0.410056 -0.0738114
f 1185/1515/2045 1180/1508/2045 1179/1507/2045

vn 0.857647 -0.510688 -0.0603264
v 0.135302 0.137909 -0.339994
vt 0.550077 0.570639
f 1185/1515/2046 1179/1507/2046 1186/1516/2046

vn 0.837939 -0.545304 -0.0223948
f 1186/1516/2047 1179/1507/2047 1141/1460/2047

vn 0.837309 -0.546134 -0.0255244
f 1179/1507/2048 1178/1504/2048 1141/1460/2048

vn 0.826746 -0.562569 0.00285057
f 1141/1460/2049 1178/1504/2049 1142/1461/2049

vn 0.665522 -0.746377 0.00145694
f 1141/1460/2050 1140/1459/2050 1186/1516/2050

vn 0.667233 -0.744657 0.0169165
f 1186/1516/2051 1140/1459/2051 1139/1458/2051

v 0.12903 0.134634 -0.42975
vt 0.550061 0.539935
vn 0.710663 -0.703123 -0.0240041
f 1187/1517/2052 1186/1516/2052 1139/1458/2052

vn 0.859851 -0.508854 -0.0415178
f 1187/1517/2053 1185/1515/2053 1186/1516/2053

v 0.147807 0.181075 -0.437932
vt 0.567639 0.537745
vn 0.910502 -0.391552 -0.132943
f 1188/1518/2054 1185/1515/2054 1187/1517/2054

vn 0.971466 -0.183725 -0.149997
f 1188/1518/2055 1184/1514/2055 1185/1515/2055

v 0.146132 0.234934 -0.446717
vt 0.586776 0.53445
vn 0.957875 -0.0169738 -0.286682
f 1189/1519/2056 1184/1514/2056 1188/1518/2056

vt 0.764006 0.662066
vn 0.952478 0.0657776 -0.29742
f 1189/1520/2057 1183/1512/2057 1184/1513/2057

v 0.133022 0.286024 -0.454025
vt 0.779747 0.670646
vn 0.89879 0.173015 -0.402793
f 1190/1521/2058 1183/1512/2058 1189/1520/2058

vn 0.734502 0.499772 -0.459059
v 0.119487 0.36097 -0.394089
vt 0.78879 0.707073
f 1190/1521/2059 1191/1522/2059 1183/1512/2059

v 0.102765 0.32702 -0.463347
vt 0.798506 0.676534
vn 0.773273 0.475294 -0.419696
f 1192/1523/2060 1191/1522/2060 1190/1521/2060

vn 0.446498 0.756123 -0.478454
v 0.0604274 0.385501 -0.410436
vt 0.816946 0.709417
f 1191/1522/2061 1192/1523/2061 1193/1524/2061

vn 0.422328 0.756934 -0.498689
v 0.0531726 0.349616 -0.471048
vt 0.821037 0.678845
f 1192/1523/2062 1194/1525/2062 1193/1524/2062

vn 0.430807 0.80968 -0.398527
v 0.085835 0.299204 -0.53816
vt 0.80621 0.645132
f 1192/1523/2063 1195/1526/2063 1194/1525/2063

vn 0.740147 0.558164 -0.375015
v 0.112133 0.266304 -0.535226
vt 0.79069 0.641303
f 1195/1526/2064 1192/1523/2064 1196/1527/2064

vn 0.794086 0.511397 -0.328481
f 1196/1527/2065 1192/1523/2065 1190/1521/2065

vn 0.872938 0.372475 -0.315027
v 0.130207 0.226532 -0.532166
vt 0.776098 0.636813
f 1196/1527/2066 1190/1521/2066 1197/1528/2066

vn 0.955656 0.216697 -0.199407
f 1197/1528/2067 1190/1521/2067 1189/1520/2067

vt 0.583471 0.502696
vn 0.977197 0.0923561 -0.191196
v 0.135436 0.179679 -0.528076
vt 0.566367 0.505185
f 1197/1529/2068 1189/1519/2068 1198/1530/2068

vn 0.990659 0.00861168 -0.13609
f 1198/1530/2069 1189/1519/2069 1188/1518/2069

vn 0.94269 -0.30954 -0.124578
v 0.121207 0.134662 -0.523895
vt 0.549533 0.506845
f 1198/1530/2070 1188/1518/2070 1199/1531/2070

vn 0.919613 -0.385298 -0.0765341
f 1199/1531/2071 1188/1518/2071 1187/1517/2071

vn 0.767965 -0.637286 -0.064007
f 1199/1531/2072 1187/1517/2072 1138/1457/2072

vn 0.711804 -0.702263 -0.0127317
f 1138/1457/2073 1187/1517/2073 1139/1458/2073

v 0.0830163 0.0996399 -0.618714
vt 0.53112 0.473029
vn 0.766967 -0.637468 -0.0734582
f 1200/1532/2074 1199/1531/2074 1138/1457/2074

v 0.110778 0.136457 -0.620865
vt 0.547691 0.471853
vn 0.792018 -0.60285 -0.0963344
f 1201/1533/2075 1199/1531/2075 1200/1532/2075

vn 0.945083 -0.308696 -0.107351
f 1201/1533/2076 1198/1530/2076 1199/1531/2076

v 0.121192 0.178616 -0.622844
vt 0.563529 0.470165
vn 0.959488 -0.243653 -0.141477
f 1202/1534/2077 1198/1530/2077 1201/1533/2077

vn 0.984088 0.0968087 -0.148991
f 1202/1534/2078 1197/1529/2078 1198/1530/2078

v 0.115955 0.219904 -0.624944
vt 0.578909 0.467758
vn 0.98042 0.116285 -0.158918
f 1203/1535/2079 1197/1529/2079 1202/1534/2079

vt 0.784538 0.605106
vn 0.902387 0.39725 -0.167006
f 1203/1536/2080 1196/1527/2080 1197/1528/2080

v 0.0971532 0.254396 -0.626915
vt 0.798802 0.607388
vn 0.864887 0.459953 -0.201032
f 1204/1537/2081 1196/1527/2081 1203/1536/2081

vn 0.773464 0.600018 -0.204286
f 1204/1537/2082 1195/1526/2082 1196/1527/2082

v 0.0742638 0.281943 -0.628404
vt 0.812357 0.609362
vn 0.756801 0.617237 -0.215104
f 1205/1538/2083 1195/1526/2083 1204/1537/2083

vn 0.538407 0.812257 -0.224404
v 0.0473461 0.323941 -0.540967
vt 0.824418 0.647704
f 1195/1526/2084 1205/1538/2084 1206/1539/2084

vn 0.504683 0.828518 -0.242597
v 0.0402181 0.30242 -0.629295
vt 0.827937 0.610928
f 1205/1538/2085 1207/1540/2085 1206/1539/2085

vn 0.513011 0.846812 -0.14046
v 0.0658947 0.271137 -0.724113
vt 0.816657 0.571885
f 1205/1538/2086 1208/1541/2086 1207/1540/2086

vn 0.746804 0.650413 -0.13873
v 0.0878525 0.246164 -0.722996
vt 0.803844 0.570759
f 1208/1541/2087 1205/1538/2087 1209/1542/2087

vn 0.766177 0.629728 -0.128123
f 1209/1542/2088 1205/1538/2088 1204/1537/2088

vn 0.906461 0.404169 -0.122377
v 0.10191 0.214945 -0.721975
vt 0.790862 0.569189
f 1209/1542/2089 1204/1537/2089 1210/1543/2089

vn 0.871672 0.466566 -0.150013
f 1210/1543/2090 1204/1537/2090 1203/1536/2090

vt 0.573096 0.430877
vn 0.979083 0.138751 -0.14881
v 0.107234 0.178231 -0.721175
vt 0.559183 0.433236
f 1210/1544/2091 1203/1535/2091 1211/1545/2091

vn 0.983142 0.117592 -0.140015
f 1211/1545/2092 1203/1535/2092 1202/1534/2092

vn 0.96475 -0.225266 -0.136061
v 0.0983028 0.139505 -0.72039
vt 0.544398 0.435085
f 1211/1545/2093 1202/1534/2093 1212/1546/2093

vn 0.961422 -0.243497 -0.127971
f 1212/1546/2094 1202/1534/2094 1201/1533/2094

vn 0.789611 -0.602268 -0.117424
f 1212/1546/2095 1201/1533/2095 1200/1532/2095

vn 0.816639 -0.568405 -0.100084
v 0.0740415 0.10459 -0.72006
vt 0.528742 0.436211
f 1212/1546/2096 1200/1532/2096 1213/1547/2096

vn 0.434216 -0.897044 -0.0822706
f 1200/1532/2097 1137/1456/2097 1213/1547/2097

vn 0.435956 -0.898215 -0.056143
f 1138/1457/2098 1137/1456/2098 1200/1532/2098

vn 0.459723 -0.885124 -0.0721751
f 1213/1547/2099 1137/1456/2099 1136/1455/2099

vn 0.456538 -0.881541 -0.120244
v 0.0640926 0.113284 -0.821571
vt 0.525855 0.398277
f 1213/1547/2100 1136/1455/2100 1214/1548/2100

vn 0.466652 -0.876723 -0.116589
v 0.0348254 0.0977049 -0.82156
vt 0.513353 0.398806
f 1214/1548/2101 1136/1455/2101 1215/1549/2101

vn 0.160338 -0.980564 -0.113072
f 1136/1455/2102 1135/1454/2102 1215/1549/2102

vn 0.193867 -0.975826 -0.100897
v 0 0.0907877 -0.821576
vt 0.5 0.399026
f 1215/1549/2103 1135/1454/2103 1216/1550/2103

vn -0.193867 -0.975826 -0.100897
f 1135/1454/2104 1133/1452/2104 1216/1550/2104

vn -0.193486 -0.973869 -0.118925
v -0.0303695 0.109137 -0.922424
vt 0.488132 0.360279
f 1216/1550/2105 1133/1452/2105 1217/1551/2105

vn -0.505147 -0.854762 -0.119194
f 1217/1551/2106 1133/1452/2106 1132/1451/2106

vn -0.503524 -0.850407 -0.152552
v -0.0462707 0.136448 -1.02219
vt 0.480331 0.320268
f 1217/1551/2107 1132/1451/2107 1218/1552/2107

vn -0.828726 -0.541336 -0.142016
v -0.0725846 0.150388 -0.921769
vt 0.46476 0.358261
f 1218/1552/2108 1132/1451/2108 1219/1553/2108

vn -0.82914 -0.541601 -0.138549
f 1219/1553/2109 1132/1451/2109 1130/1449/2109

vn -0.954397 -0.264559 -0.13833
v -0.0808449 0.180167 -0.92173
vt 0.4528 0.356363
f 1219/1553/2110 1130/1449/2110 1220/1554/2110

vn -0.953855 -0.266212 -0.138895
v -0.0949503 0.178451 -0.821573
vt 0.446466 0.395134
f 1220/1554/2111 1130/1449/2111 1221/1555/2111

vn -0.956474 -0.267066 -0.117613
v -0.107234 0.178231 -0.721175
vt 0.440817 0.433236
f 1130/1449/2112 1222/1556/2112 1221/1555/2112

vn -0.965102 -0.225295 -0.133492
f 1130/1449/2113 1128/1447/2113 1222/1556/2113

vn -0.96475 -0.225266 -0.136061
v -0.121192 0.178616 -0.622844
vt 0.436471 0.470165
f 1222/1556/2114 1128/1447/2114 1223/1557/2114

vn -0.961422 -0.243497 -0.127971
f 1128/1447/2115 1127/1446/2115 1223/1557/2115

vn -0.959488 -0.243653 -0.141477
f 1223/1557/2116 1127/1446/2116 1126/1445/2116

vn -0.984088 0.0968087 -0.148991
v -0.130207 0.226532 -0.532166
vt 0.416529 0.502696
f 1223/1557/2117 1126/1445/2117 1224/1558/2117

vn -0.977197 0.0923561 -0.191196
f 1224/1558/2118 1126/1445/2118 1125/1444/2118

vt 0.223902 0.636813
vn -0.955656 0.216697 -0.199407
v -0.133022 0.286024 -0.454025
vt 0.220253 0.670646
f 1224/1559/2119 1125/1443/2119 1225/1560/2119

vn -0.89879 0.173015 -0.402793
f 1225/1560/2120 1125/1443/2120 1124/1441/2120

vn -0.734502 0.499772 -0.459059
v -0.119487 0.36097 -0.394089
vt 0.21121 0.707073
f 1225/1560/2121 1124/1441/2121 1226/1561/2121

vn -0.684027 0.379752 -0.622813
v -0.139512 0.415897 -0.338605
vt 0.219893 0.739035
f 1226/1561/2122 1124/1441/2122 1227/1562/2122

vn -0.581335 0.387897 -0.715252
v -0.208397 0.382745 -0.300596
vt 0.252652 0.735741
f 1227/1562/2123 1124/1441/2123 1228/1563/2123

vn -0.884572 -0.0939952 -0.456834
f 1124/1441/2124 909/1186/2124 1228/1563/2124

vn -0.647168 -0.103399 -0.755302
f 1228/1563/2125 909/1186/2125 906/1183/2125

vn -0.721939 0.125066 -0.68056
v -0.22318 0.455585 -0.271529
vt 0.255779 0.764665
f 1228/1563/2126 906/1183/2126 1229/1564/2126

vn -0.716172 0.123379 -0.686932
f 1229/1564/2127 906/1183/2127 904/1181/2127

vn -0.728559 0.202736 -0.654294
v -0.224814 0.526021 -0.247884
vt 0.257178 0.79253
f 1229/1564/2128 904/1181/2128 1230/1565/2128

vn -0.828357 0.267879 -0.492001
f 1230/1565/2129 904/1181/2129 901/1178/2129

vn -0.837941 0.178147 -0.515867
f 1230/1565/2130 901/1178/2130 899/1176/2130

vn -0.840089 0.173408 -0.513985
v -0.219809 0.592948 -0.233486
vt 0.255746 0.81949
f 1230/1565/2131 899/1176/2131 1231/1566/2131

vn -0.83768 0.203054 -0.507012
f 1231/1566/2132 899/1176/2132 844/1174/2132

vn -0.830393 0.21822 -0.512668
f 1231/1566/2133 844/1174/2133 843/1112/2133

vn -0.545942 0.253934 -0.798414
v -0.144082 0.60185 -0.282435
vt 0.218678 0.818838
f 843/1112/2134 1232/1567/2134 1231/1566/2134

vn -0.543639 0.257545 -0.798828
f 845/1111/2135 1232/1567/2135 843/1112/2135

vn -0.30556 0.26628 -0.914182
v -0.0592605 0.608607 -0.308818
vt 0.181231 0.819113
f 845/1111/2136 1233/1568/2136 1232/1567/2136

vn -0.313585 0.255412 -0.914565
f 847/1114/2137 1233/1568/2137 845/1111/2137

v 0 0.552186 -0.333477
vt 0.155577 0.793442
vn -0.151157 0.258131 -0.954212
vt 0.181228 0.819071
vt 0.180017 0.847741
v 0 0.610809 -0.317609
vt 0.1557 0.819364
f 1234/1569/2138 1233/1570/2138 847/1571/2138 1235/1572/2138 

vn -0.14091 0.268467 -0.952927
vt 0.155703 0.793262
v -0.0600634 0.549529 -0.325344
vt 0.181668 0.792911
f 1233/1568/2139 1234/1573/2139 1236/1574/2139

vn -0.140938 0.273518 -0.951485
v 0 0.491236 -0.350998
vt 0.155484 0.765269
f 1234/1573/2140 1237/1575/2140 1236/1574/2140

vt 0.844298 0.793262
vn 0.140938 0.273518 -0.951485
v 0.0600634 0.549529 -0.325344
vt 0.818332 0.792911
vt 0.844517 0.765269
f 1234/1576/2141 1238/1577/2141 1237/1578/2141

v 0.0592605 0.608607 -0.308818
vt 0.818769 0.819113
vn 0.14091 0.268467 -0.952927
f 1239/1579/2142 1238/1577/2142 1234/1576/2142

vn 0.305613 0.260341 -0.915873
v 0.144082 0.60185 -0.282435
vt 0.781322 0.818838
f 1239/1579/2143 1240/1580/2143 1238/1577/2143

v 0.138361 0.665498 -0.265808
vt 0.783134 0.846483
vn 0.30556 0.26628 -0.914182
f 1241/1581/2144 1240/1580/2144 1239/1579/2144

vn 0.543639 0.257545 -0.798828
v 0.212905 0.652993 -0.219109
vt 0.745597 0.845049
f 1241/1581/2145 1242/1582/2145 1240/1580/2145

v 0.203269 0.720781 -0.205327
vt 0.748762 0.874871
vn 0.543958 0.240752 -0.803834
f 1243/1583/2146 1242/1582/2146 1241/1581/2146

v 0.241125 0.704794 -0.150858
vt 0.718086 0.873341
vn 0.830035 0.221952 -0.511644
v 0.255356 0.638774 -0.156401
vt 0.712923 0.843754
vt 0.745583 0.845049
vt 0.746892 0.876071
f 1244/1584/2147 1245/1585/2147 1242/1586/2147 1243/1587/2147 

vt 0.712937 0.843754
vn 0.958944 0.221577 -0.177004
vt 0.718099 0.873341
v 0.266337 0.652892 -0.0792406
vt 0.679973 0.854699
f 1245/1588/2148 1244/1589/2148 1246/1590/2148

vn 0.957516 0.235545 -0.166378
v 0.261338 0.676163 -0.0750626
vt 0.679445 0.865565
f 1244/1589/2149 1247/1591/2149 1246/1590/2149

vn 0.959177 -0.0564463 -0.277117
v 0.247706 0.72214 -0.131613
vt 0.710375 0.882959
f 1244/1589/2150 1248/1592/2150 1247/1591/2150

v 0.236282 0.782561 -0.16053
vt 0.730646 0.906433
vn 0.941369 0.0167098 -0.336964
f 1249/1593/2151 1248/1592/2151 1244/1589/2151

vt 0.973139 0.191406
vn 0.16473 -0.400278 -0.901466
v 0.269977 0.782196 -0.15421
vt 0.971088 0.205953
vt 0.949882 0.191406
f 1249/1594/2152 1250/1595/2152 1248/1596/2152

v 0.264914 0.83962 -0.149239
vt 0.991982 0.205953
vn 0.184459 0.100888 -0.977648
f 1251/1597/2153 1250/1595/2153 1249/1594/2153

vn 0.0385121 0.0895451 -0.995238
v 0.325892 0.836145 -0.147192
vt 0.986833 0.226728
f 1251/1597/2154 1252/1598/2154 1250/1595/2154

v 0.324274 0.884652 -0.113484
vt 0.880394 0.410321
vn 0.0600219 0.57098 -0.818767
vt 0.859978 0.410321
vt 0.859643 0.389547
f 1253/1599/2155 1252/1600/2155 1251/1601/2155

vn 0.104068 0.5699 -0.815098
v 0.381503 0.87772 -0.111024
vt 0.88002 0.430907
f 1253/1599/2156 1254/1602/2156 1252/1600/2156

vn 0.127473 0.937011 -0.32521
v 0.378216 0.896285 -0.0588223
vt 0.899868 0.430907
f 1254/1602/2157 1253/1599/2157 1255/1603/2157

vn 0.140519 0.931028 -0.336811
v 0.321351 0.905055 -0.0583027
vt 0.900636 0.410321
f 1255/1603/2158 1253/1599/2158 1256/1604/2158

vn 0.135724 0.931574 -0.337267
v 0.264886 0.892348 -0.116125
vt 0.880961 0.389547
f 1253/1599/2159 1257/1605/2159 1256/1604/2159

vn 0.105987 0.52888 -0.842053
f 1257/1605/2160 1253/1599/2160 1251/1601/2160

vn 0.0658237 0.530706 -0.844996
vt 0.860343 0.375
f 1257/1605/2161 1251/1601/2161 856/1606/2161

vt 0.994822 0.191406
vn 0.0500645 0.16963 -0.984235
f 856/1607/2162 1251/1597/2162 1249/1594/2162

vn 0.561753 0.213554 -0.799268
v 0.219658 0.784149 -0.17179
vt 0.739131 0.905172
f 856/1125/2163 1249/1593/2163 1258/1608/2163

vn 0.554978 -0.0685445 -0.829036
f 1258/1608/2164 1249/1593/2164 1244/1589/2164

vn 0.829264 0.0783785 -0.553333
f 1243/1583/2165 1258/1608/2165 1244/1589/2165

v 0.196938 0.785934 -0.192059
vt 0.75195 0.903533
vn 0.659914 0.210974 -0.721113
f 1259/1609/2166 1258/1608/2166 1243/1583/2166

vn 0.656968 0.237738 -0.715453
f 855/1124/2167 1258/1608/2167 1259/1609/2167

vn 0.494395 0.236463 -0.836456
f 855/1124/2168 856/1125/2168 1258/1608/2168

vn 0.628246 0.255077 -0.735012
f 854/1123/2169 855/1124/2169 1259/1609/2169

vn 0.514968 0.262897 -0.8159
f 854/1123/2170 1259/1609/2170 852/1121/2170

vn 0.516375 0.238909 -0.822362
v 0.132051 0.729953 -0.249066
vt 0.785116 0.874985
f 852/1121/2171 1259/1609/2171 1260/1610/2171

vn 0.530977 0.218333 -0.818776
f 1259/1609/2172 1243/1583/2172 1260/1610/2172

vn 0.529362 0.261464 -0.807101
f 1260/1610/2173 1243/1583/2173 1241/1581/2173

vn 0.313664 0.267367 -0.911115
v 0.0561383 0.673532 -0.291757
vt 0.819981 0.847783
f 1260/1610/2174 1241/1581/2174 1261/1611/2174

vn 0.313585 0.255412 -0.914565
f 1261/1611/2175 1241/1581/2175 1239/1579/2175

vt 0.844423 0.793442
vn 0.151157 0.258131 -0.954212
vt 0.844301 0.819364
vt 0.819984 0.847741
vt 0.818772 0.819071
f 1234/1612/2176 1235/1613/2176 1261/1614/2176 1239/1615/2176 

vn 0.159452 0.250826 -0.95481
vt 0.844298 0.819406
f 849/1120/2177 1261/1611/2177 1235/1616/2177

vn 0.159452 0.24969 -0.955107
f 851/1119/2178 1261/1611/2178 849/1120/2178

vn 0.330315 0.245224 -0.911459
f 851/1119/2179 1260/1610/2179 1261/1611/2179

vn 0.330252 0.248176 -0.910682
f 852/1121/2180 1260/1610/2180 851/1119/2180

vn -0.159452 0.250826 -0.95481
vt 0.155703 0.819406
f 849/1116/2181 1235/1617/2181 847/1114/2181

vn 0.512818 0.265807 -0.816311
f 853/1122/2182 854/1123/2182 852/1121/2182

vt 0.882338 0.375
vn 0.145005 0.484491 -0.862694
f 857/1618/2183 1257/1605/2183 856/1606/2183

vt 0.880633 0.373984
vn 0.195541 0.900264 -0.388958
v 0.261833 0.917984 -0.0583192
vt 0.901477 0.38957
vt 0.900683 0.410346
vt 0.880998 0.389582
f 857/1619/2184 1262/1620/2184 1256/1621/2184 1257/1622/2184 

vt 0.901441 0.389547
vn 0.244173 0.876154 -0.415612
vt 0.902065 0.375
f 1262/1623/2185 857/1618/2185 858/1624/2185

vn 0.252797 0.958066 0.134921
v 0.261214 0.909808 0.000901344
vt 0.920211 0.389547
f 1262/1623/2186 858/1624/2186 1263/1625/2186

vn 0.233032 0.960793 0.150241
vt 0.921372 0.375
f 1263/1625/2187 858/1624/2187 859/1626/2187

vn 0.258104 0.732796 0.629597
v 0.21841 0.877092 0.0565264
vt 0.939978 0.375
f 1263/1625/2188 859/1626/2188 1264/1627/2188

vt 0.630606 0.936368
vn 0.534872 0.649726 0.540155
f 1264/1628/2189 859/1128/2189 860/1129/2189

vn 0.479211 0.655354 0.583839
v 0.199638 0.876854 0.072202
vt 0.619647 0.941901
f 1264/1628/2190 860/1129/2190 1265/1629/2190

vn 0.66126 0.570855 0.486683
v 0.15464 0.908896 0.0957583
vt 0.600244 0.967909
f 860/1129/2191 1266/1630/2191 1265/1629/2191

vn 0.819272 0.276225 0.502487
f 860/1129/2192 862/1131/2192 1266/1630/2192

vn 0.911687 0.00830862 0.410801
v 0.154029 0.928944 0.0967085
vt 0.601603 0.978995
f 862/1131/2193 1267/1631/2193 1266/1630/2193

vn 0.803061 -0.53551 0.261383
f 862/1131/2194 864/1133/2194 1267/1631/2194

vn 0.839728 -0.395669 0.371891
v 0.157866 0.944585 0.104686
vt 0.60104 0.988787
f 864/1133/2195 1268/1632/2195 1267/1631/2195

vn 0.457019 -0.886901 0.0673844
vt 0.764974 0.167487
f 866/1137/2196 1268/1633/2196 864/1135/2196

vn 0.455858 -0.882955 0.112177
v 0.177904 0.959236 0.138574
vt 0.771086 0.183815
f 866/1137/2197 1269/1634/2197 1268/1633/2197

vn 0.566778 -0.788359 0.239275
f 867/1138/2198 1269/1634/2198 866/1137/2198

vn 0.59752 -0.787913 0.148869
f 867/1138/2199 868/1139/2199 1269/1634/2199

vn 0.578614 -0.798655 0.165395
v 0.147456 0.945934 0.180858
vt 0.752678 0.198398
f 868/1139/2200 1270/1635/2200 1269/1634/2200

vn 0.576765 -0.813374 0.0759238
v 0.173376 0.966561 0.204937
vt 0.764535 0.21225
f 868/1139/2201 1271/1636/2201 1270/1635/2201

vn 0.697875 -0.678432 0.229565
f 868/1139/2202 869/1140/2202 1271/1636/2202

vn 0.695419 -0.676247 0.243067
f 1271/1636/2203 869/1140/2203 870/1141/2203

vn 0.679188 -0.685408 0.262526
f 870/1141/2204 871/1142/2204 1271/1636/2204

vn 0.551231 -0.826444 0.114606
f 1271/1636/2205 871/1142/2205 1270/1635/2205

vn 0.547593 -0.828705 0.115713
v 0.129014 0.938309 0.213522
vt 0.740808 0.21088
f 871/1142/2206 1272/1637/2206 1270/1635/2206

vn 0.537264 -0.83223 0.136899
f 871/1142/2207 872/1143/2207 1272/1637/2207

vn 0.582284 -0.803284 0.125221
v 0.112966 0.931614 0.245198
vt 0.730511 0.223053
f 872/1143/2208 1273/1638/2208 1272/1637/2208

vn 0.577208 -0.805264 0.135579
f 872/1143/2209 873/1144/2209 1273/1638/2209

vn 0.541379 -0.828805 0.141388
v 0.096059 0.92568 0.275153
vt 0.720662 0.234202
f 873/1144/2210 1274/1639/2210 1273/1638/2210

vn 0.497397 -0.841985 0.208944
f 873/1144/2211 874/1145/2211 1274/1639/2211

vn 0.258454 -0.963701 0.0669411
f 1274/1639/2212 874/1145/2212 875/1146/2212

vn 0.271667 -0.962362 0.00754565
v 0.0767906 0.919927 0.235135
vt 0.714819 0.21588
f 1274/1639/2213 875/1146/2213 1275/1640/2213

vn 0.0941821 -0.994495 -0.0459225
f 1275/1640/2214 875/1146/2214 876/1147/2214

vn 0.0943293 -0.992862 -0.0729823
v 0.0371516 0.918604 0.201904
vt 0.698629 0.198117
f 1275/1640/2215 876/1147/2215 1276/1641/2215

vn 0.096025 -0.992707 -0.0728877
f 1276/1641/2216 876/1147/2216 877/1148/2216

vn 0.0933808 -0.987234 -0.129033
vt 0.679983 0.183962
f 1276/1641/2217 877/1148/2217 878/1642/2217

v 0.0393019 0.922467 0.170092
vt 0.702261 0.182254
vn 0.08371 -0.989884 -0.114556
f 1277/1643/2218 1276/1641/2218 878/1642/2218

v 0.0869846 0.923247 0.202197
vt 0.722045 0.201992
vn 0.0928313 -0.989151 -0.11385
f 1278/1644/2219 1276/1641/2219 1277/1643/2219

vn 0.0929507 -0.993113 -0.0713278
f 1278/1644/2220 1275/1640/2220 1276/1641/2220

vn 0.307589 -0.951519 -0.000706338
f 1273/1638/2221 1275/1640/2221 1278/1644/2221

vn 0.310641 -0.950439 -0.0129341
f 1273/1638/2222 1274/1639/2222 1275/1640/2222

vt 0.730512 0.223088
vn 0.343384 -0.938865 -0.0248956
vt 0.722335 0.201942
vt 0.752959 0.198273
vt 0.74112 0.210784
f 1273/1645/2223 1278/1646/2223 1270/1647/2223 1272/1648/2223 

vn 0.327252 -0.942022 -0.074159
v 0.10013 0.931941 0.149761
vt 0.734372 0.179469
f 1270/1635/2224 1278/1644/2224 1279/1649/2224

vn 0.107843 -0.984787 -0.136253
f 1279/1649/2225 1278/1644/2225 1277/1643/2225

vt 0.561085 0.988787
vn 0.345792 -0.426034 0.836016
vt 0.524686 0.988787
v 0.0412262 0.911687 0.163803
vt 0.526037 0.981357
f 1279/1650/2226 1277/1651/2226 1280/1652/2226

vn 0.158564 -0.476292 0.864872
f 1277/1651/2227 879/1151/2227 1280/1652/2227

vn 0.199663 -0.608236 0.768234
f 1277/1651/2228 878/1152/2228 879/1151/2228

vn 0.148658 0.180494 0.972277
f 1280/1652/2229 879/1151/2229 880/1153/2229

vn 0.20836 0.0802769 0.974752
v 0.044194 0.888733 0.165059
vt 0.526389 0.967775
f 1280/1652/2230 880/1153/2230 1281/1653/2230

vn 0.185968 0.367144 0.911384
v 0.0507202 0.847542 0.180321
vt 0.526146 0.944027
f 1281/1653/2231 880/1153/2231 1282/1654/2231

vn 0.157577 0.333597 0.929453
v 0 0.845853 0.189526
vt 0.5 0.943567
f 880/1153/2232 1283/1655/2232 1282/1654/2232

vn -0.157577 0.333597 0.929453
v -0.0507202 0.847542 0.180321
vt 0.473854 0.944027
f 880/1153/2233 1284/1656/2233 1283/1655/2233

vn -0.185968 0.367144 0.911384
f 881/1154/2234 1284/1656/2234 880/1153/2234

vn -0.36577 0.373761 0.852358
v -0.106877 0.853072 0.153798
vt 0.442604 0.944374
f 881/1154/2235 1285/1657/2235 1284/1656/2235

vn -0.353133 0.346247 0.869143
f 882/1155/2236 1285/1657/2236 881/1154/2236

vn -0.530901 0.353038 0.770395
f 882/1155/2237 883/1156/2237 1285/1657/2237

vn -0.531926 0.350279 0.770947
f 883/1156/2238 1097/1414/2238 1285/1657/2238

vn -0.634492 0.350997 0.688637
f 883/1156/2239 884/1157/2239 1097/1414/2239

vn -0.691223 0.169 0.702602
f 884/1157/2240 1096/1413/2240 1097/1414/2240

vn -0.758103 0.178087 0.627347
f 1095/1412/2241 1096/1413/2241 884/1157/2241

vn -0.608035 0.0502818 0.792316
f 885/1158/2242 1095/1412/2242 884/1157/2242

v -0.263114 0.819767 0.0777243
vt 0.163264 0.205953
vn -0.0598879 -0.0634211 0.996188
vt 0.143082 0.191406
vt 0.164063 0.191406
f 1286/1658/2243 1095/1659/2243 885/1660/2243

vn -0.0963226 -0.0790765 0.992204
v -0.267465 0.759102 0.072467
vt 0.14178 0.205953
f 1286/1658/2244 1287/1661/2244 1095/1659/2244

v -0.321244 0.82055 0.0756547
vt 0.160051 0.226728
vn -0.0365799 -0.0836748 0.995821
f 1288/1662/2245 1287/1661/2245 1286/1658/2245

vn -0.0513181 -0.0964799 0.994011
v -0.324541 0.76073 0.0696783
vt 0.138762 0.226728
f 1288/1662/2246 1289/1663/2246 1287/1661/2246

vn -0.0318348 -0.0976413 0.994712
v -0.379128 0.820524 0.0738007
vt 0.155927 0.247313
v -0.382057 0.762493 0.0680095
vt 0.135293 0.247217
f 1289/1663/2247 1288/1662/2247 1290/1664/2247 1291/1665/2247 

vn -0.0266614 0.564967 0.824683
vt 0.042228 0.430906
vt 0.040625 0.410321
f 888/1162/2248 1290/1666/2248 1288/1667/2248

vn -0.0910655 0.564983 0.820062
f 888/1162/2249 889/1163/2249 1290/1666/2249

vn -0.0841316 0.570686 0.816847
v -0.434711 0.820809 0.0678772
vt 0.044533 0.450428
f 889/1163/2250 1292/1668/2250 1290/1666/2250

vn -0.0981746 0.570844 0.815168
v -0.477429 0.860516 0.034926
vt 0.063718 0.467771
f 889/1163/2251 1293/1669/2251 1292/1668/2251

vn -0.0840535 0.935014 0.344505
v -0.475282 0.877466 -0.0105525
vt 0.082268 0.467771
f 889/1163/2252 1294/1670/2252 1293/1669/2252

vn -0.151495 0.905166 0.397144
f 890/1164/2253 1294/1670/2253 889/1163/2253

vn -0.151736 0.983032 0.10307
f 890/1164/2254 891/1165/2254 1294/1670/2254

v -0.511203 0.871687 -0.0115843
vt 0.0829345 0.481084
vn -0.160336 0.982444 0.0953718
vt 0.082156 0.467626
vt 0.100813 0.450303
v -0.476875 0.882068 -0.0606593
vt 0.10173 0.467646
f 1295/1671/2255 1294/1672/2255 891/1673/2255 1296/1674/2255 

vn -0.15893 0.92756 0.338193
vt 0.082143 0.481757
f 1294/1670/2256 1295/1675/2256 1293/1669/2256

vn -0.125306 0.940177 0.316806
v -0.513999 0.8571 0.0305996
vt 0.064149 0.481757
f 1293/1669/2257 1295/1675/2257 1297/1676/2257

vn -0.159028 0.936271 0.31322
v -0.541767 0.866605 -0.0119096
vt 0.081658 0.494003
f 1295/1675/2258 1298/1677/2258 1297/1676/2258

vn -0.164357 0.983626 0.0739371
v -0.512811 0.875147 -0.0611817
vt 0.10252 0.481757
f 1295/1675/2259 1299/1678/2259 1298/1677/2259

vt 0.101842 0.467771
vn -0.189649 0.979026 0.0744362
f 1296/1679/2260 1299/1678/2260 1295/1675/2260

vn -0.178258 0.945953 -0.270919
v -0.481477 0.867484 -0.108556
vt 0.121393 0.467771
f 1296/1679/2261 1300/1680/2261 1299/1678/2261

v -0.434251 0.871896 -0.109381
vt 0.120539 0.450428
vn -0.0941319 0.954869 -0.281717
f 1301/1681/2262 1300/1680/2262 1296/1679/2262

vn -0.0707279 0.609254 -0.789814
v -0.43878 0.831685 -0.139994
vt 0.13905 0.450428
f 1301/1681/2263 1302/1682/2263 1300/1680/2263

vn -0.0903356 0.609685 -0.787479
v -0.384833 0.833712 -0.144613
vt 0.139659 0.430906
f 1301/1681/2264 1303/1683/2264 1302/1682/2264

vn -0.0917374 0.608539 -0.788203
f 892/1166/2265 1303/1683/2265 1301/1681/2265

vn -0.059747 0.608489 -0.79131
f 892/1166/2266 893/1167/2266 1303/1683/2266

vn -0.0464694 0.0693832 -0.996507
v -0.330101 0.781418 -0.150806
vt 0.032622 0.226728
vt 0.017392 0.247313
f 893/1169/2267 1304/1684/2267 1303/1685/2267

vn -0.0572838 0.070174 -0.995889
f 893/1169/2268 894/1168/2268 1304/1684/2268

vn -0.0467841 -0.39629 -0.916933
v -0.277249 0.721728 -0.127706
vt 0.052372 0.205953
f 894/1168/2269 1305/1686/2269 1304/1684/2269

vn -0.115603 -0.387068 -0.914776
f 894/1168/2270 895/1170/2270 1305/1686/2270

vn -0.0739663 -0.76499 -0.63978
vt 0.076883 0.191406
f 895/1170/2271 896/1687/2271 1305/1686/2271

vn -0.0514564 -0.762749 -0.644644
v -0.2851 0.677278 -0.0744852
vt 0.077304 0.205953
f 896/1687/2272 1306/1688/2272 1305/1686/2272

vn -0.0454056 -0.997317 0.0574264
v -0.282664 0.681002 -0.00789135
vt 0.101625 0.205953
f 896/1687/2273 1307/1689/2273 1306/1688/2273

v -0.25736 0.680489 -0.00479829
vt 0.103604 0.191406
vn -0.0279295 -0.997623 0.0629969
f 1308/1690/2274 1307/1689/2274 896/1687/2274

vn -0.0828174 -0.838612 0.538396
v -0.274508 0.713826 0.0444909
vt 0.123396 0.205953
f 1308/1690/2275 1309/1691/2275 1307/1689/2275

vt 0.125439 0.191406
vn -0.163338 -0.84264 0.513107
f 1094/1692/2276 1309/1691/2276 1308/1690/2276

vn -0.193657 -0.493724 0.847782
f 1287/1661/2277 1309/1691/2277 1094/1692/2277

vn -0.0564772 -0.518441 0.853246
f 1289/1663/2278 1309/1691/2278 1287/1661/2278

vn -0.129646 -0.572897 0.809309
v -0.329547 0.717352 0.0381696
vt 0.119986 0.226728
f 1289/1663/2279 1310/1693/2279 1309/1691/2279

vt 0.13548 0.247313
vn -0.041421 -0.584057 0.810655
f 1291/1694/2280 1310/1693/2280 1289/1663/2280

vn -0.130199 -0.647692 0.750696
v -0.386293 0.722173 0.0324871
vt 0.116788 0.247313
f 1291/1694/2281 1311/1695/2281 1310/1693/2281

v -0.439575 0.768213 0.0627004
vt 0.132558 0.266834
vn -0.133637 -0.647184 0.750529
f 1312/1696/2282 1311/1695/2282 1291/1694/2282

vn -0.198417 -0.68783 0.698227
v -0.442102 0.731634 0.0259484
vt 0.114324 0.266834
f 1312/1696/2283 1313/1697/2283 1311/1695/2283

v -0.491861 0.774814 0.0533276
vt 0.12931 0.284177
vn -0.211442 -0.685444 0.696749
f 1314/1698/2284 1313/1697/2284 1312/1696/2284

vn -0.225284 -0.693512 0.684316
v -0.493758 0.742412 0.0198647
vt 0.11237 0.284177
f 1313/1697/2285 1314/1698/2285 1315/1699/2285

vn -0.281259 -0.681375 0.675738
v -0.538787 0.778822 0.0378371
vt 0.124015 0.300309
f 1314/1698/2286 1316/1700/2286 1315/1699/2286

v -0.519557 0.822419 0.055592
vt 0.143409 0.298163
vn -0.322721 -0.231413 0.917769
f 1317/1701/2287 1316/1700/2287 1314/1698/2287

v -0.548465 0.823237 0.051071
vt 0.139245 0.310409
vn -0.155387 -0.313033 0.936945
f 1318/1702/2288 1316/1700/2288 1317/1701/2288

vn -0.124393 -0.308136 0.943175
v -0.573138 0.78737 0.036099
vt 0.120104 0.313652
f 1318/1702/2289 1319/1703/2289 1316/1700/2289

v -0.572851 0.823989 0.0450012
vt 0.133765 0.320778
vn -0.2418 -0.227422 0.943298
f 1320/1704/2290 1319/1703/2290 1318/1702/2290

vn -0.549297 -0.193326 0.812956
v -0.586257 0.797164 0.0295638
vt 0.118884 0.320854
f 1320/1704/2291 1321/1705/2291 1319/1703/2291

v -0.590563 0.824987 0.0416964
vt 0.130705 0.325993
vn -0.189376 -0.416953 0.888981
f 1322/1706/2292 1321/1705/2292 1320/1704/2292

vn -0.422667 -0.416412 0.804956
v -0.599984 0.8023 0.0250133
vt 0.117232 0.326608
f 1322/1706/2293 1323/1707/2293 1321/1705/2293

v -0.629968 0.828736 0.0363687
vt 0.126333 0.341641
vn -0.163012 -0.539668 0.825945
f 1324/1708/2294 1323/1707/2294 1322/1706/2294

vn -0.110832 -0.495708 0.861388
v -0.634365 0.812317 0.0263545
vt 0.118599 0.341614
f 1324/1708/2295 1325/1709/2295 1323/1707/2295

vn -0.177088 -0.477489 0.860607
v -0.658178 0.825132 0.0285643
vt 0.120767 0.351188
f 1324/1708/2296 1326/1710/2296 1325/1709/2296

v -0.659318 0.83299 0.0337868
vt 0.123787 0.352886
vn -0.152997 -0.562265 0.812681
f 1327/1711/2297 1326/1710/2297 1324/1708/2297

v -0.660334 0.827354 0.0219511
vt 0.118741 0.352594
vn -0.937054 -0.277145 0.212417
f 1328/1712/2298 1326/1710/2298 1327/1711/2298

v -0.64088 0.817908 0.00901423
vt 0.112378 0.345815
vn -0.499502 -0.857217 -0.125205
f 1329/1713/2299 1326/1710/2299 1328/1712/2299

vn -0.478712 -0.872108 -0.101307
f 1325/1709/2300 1326/1710/2300 1329/1713/2300

v -0.612638 0.806879 -0.00659994
vt 0.102658 0.334947
vn -0.422405 -0.896967 -0.130478
f 1330/1714/2301 1325/1709/2301 1329/1713/2301

vn -0.280598 -0.959455 -0.0266715
f 1323/1707/2302 1325/1709/2302 1330/1714/2302

v -0.599542 0.78344 -0.00848213
vt 0.099343 0.32447
vn -0.833101 -0.486601 0.262986
f 1331/1715/2303 1323/1707/2303 1330/1714/2303

vn -0.438632 -0.785535 0.436505
f 1321/1705/2304 1323/1707/2304 1331/1715/2304

vn -0.926887 -0.103224 0.360868
v -0.595607 0.761738 -0.00458417
vt 0.098688 0.316379
f 1331/1715/2305 1332/1716/2305 1321/1705/2305

v -0.58026 0.745508 -0.0301023
vt 0.089557 0.310634
vn -0.891672 -0.231526 -0.388994
f 1333/1717/2306 1332/1716/2306 1331/1715/2306

vt 0.114546 0.1773
vn -0.886695 -0.331219 -0.322592
v -0.582742 0.732188 -0.00960534
vt 0.111194 0.166963
vt 0.125609 0.167199
f 1333/1718/2307 1334/1719/2307 1332/1720/2307

v -0.549069 0.728365 -0.0268486
vt 0.098775 0.178314
vn -0.362069 -0.760977 -0.53835
f 1335/1721/2308 1334/1719/2308 1333/1718/2308

vn -0.341741 -0.802246 -0.489504
v -0.565201 0.720486 -0.00267353
vt 0.101538 0.165312
f 1335/1721/2309 1336/1722/2309 1334/1719/2309

v -0.53578 0.733003 0.0156608
vt 0.085328 0.163768
vn 0.40561 -0.913644 -0.0271174
f 1337/1723/2310 1336/1722/2310 1335/1721/2310

vn 0.371861 -0.927569 0.0365457
v -0.550545 0.727347 0.0223282
vt 0.090476 0.158179
f 1337/1723/2311 1338/1724/2311 1336/1722/2311

v -0.555638 0.749209 0.0402603
vt 0.127581 0.766008
vn 0.5067 -0.473119 0.720703
vt 0.138539 0.757298
vt 0.144531 0.76277
f 1339/1725/2312 1338/1726/2312 1337/1727/2312

vn 0.590926 -0.424858 0.685786
v -0.587837 0.715899 0.04737
vt 0.120427 0.744476
f 1339/1725/2313 1340/1728/2313 1338/1726/2313

v -0.579051 0.758886 0.0361432
vt 0.114602 0.766119
vn -0.060271 0.263746 0.962707
f 1341/1729/2314 1340/1728/2314 1339/1725/2314

vn 0.00689269 0.251367 0.967867
v -0.59513 0.717964 0.0468856
vt 0.116869 0.743999
f 1341/1729/2315 1342/1730/2315 1340/1728/2315

v -0.597634 0.745518 0.00971512
vt 0.099508 0.75751
vn -0.828129 0.422171 0.368746
f 1343/1731/2316 1342/1730/2316 1341/1729/2316

vn -0.788989 0.466957 0.399308
v -0.599148 0.715693 0.0416014
vt 0.113945 0.742188
f 1343/1731/2317 1344/1732/2317 1342/1730/2317

vt 0.120577 0.159035
vn -0.971432 -0.148555 -0.18507
v -0.597525 0.710217 0.0374777
vt 0.108622 0.143692
vt 0.111199 0.141998
f 1343/1733/2318 1345/1734/2318 1344/1735/2318

vn -0.843862 -0.333302 -0.420483
f 1334/1719/2319 1345/1734/2319 1343/1733/2319

vn -0.345344 -0.804215 -0.48371
f 1336/1722/2320 1345/1734/2320 1334/1719/2320

vn -0.221188 -0.887171 -0.404975
v -0.589648 0.707489 0.0391518
vt 0.105008 0.143819
f 1336/1722/2321 1346/1736/2321 1345/1734/2321

vn 0.447029 -0.894365 -0.0166284
f 1338/1724/2322 1346/1736/2322 1336/1722/2322

vn 0.526384 -0.805209 0.273052
v -0.587113 0.710849 0.0441747
vt 0.102729 0.141998
f 1338/1724/2323 1347/1737/2323 1346/1736/2323

vn 0.593574 -0.367854 0.715789
vt 0.122415 0.742188
f 1338/1726/2324 1340/1728/2324 1347/1738/2324

vn -0.208078 -0.544151 0.812775
f 1342/1730/2325 1347/1738/2325 1340/1728/2325

vn -0.405412 -0.686709 0.603384
f 1347/1738/2326 1342/1730/2326 1344/1732/2326

vn -0.395365 -0.62443 0.673627
f 1344/1735/2327 1345/1734/2327 1347/1737/2327

vn -0.369546 -0.675293 0.638291
f 1347/1737/2328 1345/1734/2328 1346/1736/2328

vn -0.84429 -0.291123 -0.449914
f 1334/1719/2329 1343/1733/2329 1332/1720/2329

vt 0.092762 0.765307
vn -0.827259 0.426138 0.366127
f 1332/1739/2330 1343/1731/2330 1341/1729/2330

vn -0.905104 0.188489 0.381127
vt 0.113281 0.780469
f 1332/1739/2331 1341/1729/2331 1319/1740/2331

vn -0.159199 0.0345802 0.986641
f 1319/1740/2332 1341/1729/2332 1339/1725/2332

vn -0.0263565 0.0964124 0.994992
vt 0.129974 0.782346
f 1319/1740/2333 1339/1725/2333 1316/1741/2333

vn 0.634262 -0.302686 0.711402
f 1316/1741/2334 1339/1725/2334 1337/1727/2334

vn 0.00738231 -0.435248 0.90028
vt 0.106977 0.297977
f 1316/1700/2335 1337/1742/2335 1315/1699/2335

vn 0.145741 -0.865275 0.479644
v -0.498442 0.718035 -0.022687
vt 0.094183 0.284177
f 1315/1699/2336 1337/1742/2336 1348/1743/2336

vn -0.210447 -0.962567 0.170812
vt 0.09086 0.300911
f 1348/1743/2337 1337/1742/2337 1335/1744/2337

vn -0.186683 -0.972109 -0.141963
v -0.531411 0.730722 -0.0662099
vt 0.077574 0.295204
f 1348/1743/2338 1335/1744/2338 1349/1745/2338

vn -0.62754 -0.708003 -0.323922
v -0.550497 0.74614 -0.0629341
vt 0.077049 0.303266
f 1349/1745/2339 1335/1744/2339 1350/1746/2339

vn -0.412086 -0.823722 -0.389445
f 1335/1744/2340 1333/1717/2340 1350/1746/2340

vn -0.525202 -0.696076 -0.489532
v -0.581403 0.780385 -0.078468
vt 0.068937 0.319937
f 1350/1746/2341 1333/1717/2341 1351/1747/2341

vn -0.914471 -0.33816 -0.222238
f 1351/1747/2342 1333/1717/2342 1331/1715/2342

vn -0.72232 -0.673314 -0.157805
v -0.60199 0.797217 -0.056057
vt 0.078689 0.330145
f 1351/1747/2343 1331/1715/2343 1352/1748/2343

vn -0.994443 0.0757464 0.0731164
v -0.599824 0.796404 -0.0257472
vt 0.092259 0.329162
f 1352/1748/2344 1331/1715/2344 1353/1749/2344

vn -0.838117 -0.442691 -0.318725
f 1353/1749/2345 1331/1715/2345 1330/1714/2345

vn -0.63055 -0.776144 0.00261209
v -0.617751 0.810966 -0.0265171
vt 0.093043 0.339416
f 1353/1749/2346 1330/1714/2346 1354/1750/2346

vt 0.102651 0.334952
vn -0.841773 -0.529005 0.107571
v -0.628924 0.832254 -0.00927506
vt 0.102396 0.347629
v -0.629823 0.83295 -0.0128646
vt 0.100661 0.348415
vt 0.0930357 0.339421
f 1330/1751/2347 1355/1752/2347 1356/1753/2347 1354/1754/2347 

vt 0.102403 0.347624
vn -0.559745 -0.433709 -0.706104
f 1355/1755/2348 1330/1714/2348 1329/1713/2348

vn -0.501167 -0.490875 -0.712652
v -0.645671 0.831477 0.00303695
vt 0.109772 0.35121
f 1355/1755/2349 1329/1713/2349 1357/1756/2349

vn -0.635118 -0.487988 -0.598743
f 1357/1756/2350 1329/1713/2350 1328/1712/2350

vn -0.675054 -0.410731 -0.612864
v -0.664045 0.836178 0.0201249
vt 0.118381 0.356158
f 1357/1756/2351 1328/1712/2351 1358/1757/2351

vn -0.912011 -0.334391 0.237528
f 1358/1757/2352 1328/1712/2352 1327/1711/2352

vt 0.060107 0.543586
vn -0.780096 0.493191 0.384984
vt 0.054082 0.540746
v -0.65895 0.841505 0.023626
vt 0.059413 0.540492
f 1358/1758/2353 1327/1759/2353 1359/1760/2353

vn -0.759933 0.511513 0.401068
v -0.6566 0.839252 0.0309512
vt 0.056654 0.539384
f 1359/1760/2354 1327/1759/2354 1360/1761/2354

vn -0.0190578 0.419339 0.90763
vt 0.051978 0.528586
f 1360/1761/2355 1327/1759/2355 1324/1762/2355

v -0.629577 0.841291 0.0300827
vt 0.057943 0.528671
vn -0.00506582 0.447812 0.894114
f 1361/1763/2356 1360/1761/2356 1324/1762/2356

vn -0.0562877 0.915436 0.398508
v -0.63817 0.847672 0.0142121
vt 0.06466 0.532934
f 1361/1763/2357 1362/1764/2357 1360/1761/2357

v -0.605399 0.854304 -0.000629031
vt 0.074218 0.520108
vn -0.0150803 0.924868 0.37999
f 1363/1765/2358 1362/1764/2358 1361/1763/2358

vn -0.412566 0.678505 -0.607799
vt 0.076774 0.534308
f 1363/1765/2359 1355/1766/2359 1362/1764/2359

v -0.610961 0.854751 -0.0238879
vt 0.085648 0.523385
vn -0.707226 0.683088 0.182269
f 1364/1767/2360 1355/1766/2360 1363/1765/2360

vn -0.642257 0.706266 0.297816
vt 0.078287 0.534535
f 1364/1767/2361 1356/1768/2361 1355/1766/2361

vn -0.225628 0.587977 0.776772
v -0.64896 0.849234 -0.0307492
vt 0.089442 0.539446
f 1364/1767/2362 1365/1769/2362 1356/1768/2362

vn -0.150952 0.987655 0.0418536
v -0.612917 0.855609 -0.0512011
vt 0.098856 0.524353
f 1364/1767/2363 1366/1770/2363 1365/1769/2363

v -0.591388 0.860389 -0.0501005
vt 0.098391 0.514098
vn -0.218782 0.974674 0.0463027
f 1367/1771/2364 1366/1770/2364 1364/1767/2364

vn -0.211979 0.973759 -0.0828165
v -0.606903 0.854763 -0.0765416
vt 0.11154 0.521411
f 1367/1771/2365 1368/1772/2365 1366/1770/2365

v -0.567474 0.864311 -0.0623992
vt 0.103793 0.504371
vn -0.204771 0.97491 -0.0872903
f 1369/1773/2366 1368/1772/2366 1367/1771/2366

v -0.566204 0.85421 -0.107142
vt 0.124493 0.504371
vn -0.153635 0.962922 -0.221762
f 1370/1774/2367 1368/1772/2367 1369/1773/2367

vn -0.0860812 0.987457 -0.132358
v -0.597268 0.851372 -0.108105
vt 0.126078 0.516008
f 1370/1774/2368 1371/1775/2368 1368/1772/2368

vn -0.0362165 0.653373 -0.756169
v -0.569526 0.831416 -0.126678
vt 0.137874 0.504371
f 1370/1774/2369 1372/1776/2369 1371/1775/2369

vn -0.0228954 0.652513 -0.757431
v -0.548429 0.831332 -0.127388
vt 0.137963 0.494003
f 1370/1774/2370 1373/1777/2370 1372/1776/2370

v -0.543436 0.857324 -0.107237
vt 0.12361 0.494003
vn -0.0881715 0.620847 -0.778958
f 1374/1778/2371 1373/1777/2371 1370/1774/2371

vn -0.0783736 0.620184 -0.780531
v -0.51833 0.831207 -0.130509
vt 0.138516 0.481757
f 1374/1778/2372 1375/1779/2372 1373/1777/2372

v -0.515435 0.862795 -0.107572
vt 0.122313 0.481757
vn -0.124914 0.590439 -0.797357
f 1376/1780/2373 1375/1779/2373 1374/1778/2373

vn -0.112615 0.59057 -0.79909
v -0.487337 0.831182 -0.134895
vt 0.138931 0.467771
f 1376/1780/2374 1377/1781/2374 1375/1779/2374

vn -0.105246 0.595088 -0.79674
f 1300/1680/2375 1377/1781/2375 1376/1780/2375

vn -0.0900654 0.594372 -0.799131
f 1300/1680/2376 1302/1682/2376 1377/1781/2376

vt 0.021588 0.266834
vn -0.104871 0.0649164 -0.992365
v -0.443266 0.782803 -0.142718
vt 0.039419 0.266834
vt 0.025067 0.284177
f 1302/1782/2377 1378/1783/2377 1377/1784/2377

vn -0.0840035 0.0631184 -0.994464
v -0.388148 0.781751 -0.14744
vt 0.035972 0.247313
f 1302/1782/2378 1379/1785/2378 1378/1783/2378

vn -0.0873869 0.0596759 -0.994385
f 1303/1685/2379 1379/1785/2379 1302/1782/2379

vn -0.0574673 0.0578915 -0.996667
f 1303/1685/2380 1304/1684/2380 1379/1785/2380

vn -0.0546325 -0.434237 -0.899141
v -0.334488 0.726915 -0.124218
vt 0.054056 0.226728
f 1379/1785/2381 1304/1684/2381 1380/1786/2381

vn -0.0937077 -0.430415 -0.897754
f 1304/1684/2382 1305/1686/2382 1380/1786/2382

vn -0.107831 -0.755155 -0.646617
f 1305/1686/2383 1306/1688/2383 1380/1786/2383

vn -0.0822072 -0.745024 -0.661952
v -0.335831 0.682033 -0.0735366
vt 0.077689 0.226728
f 1306/1688/2384 1381/1787/2384 1380/1786/2384

vn -0.0922871 -0.994505 0.0494296
v -0.334973 0.685084 -0.0105579
vt 0.099645 0.226728
f 1306/1688/2385 1382/1788/2385 1381/1787/2385

vn -0.0806305 -0.995021 0.0585865
f 1307/1689/2386 1382/1788/2386 1306/1688/2386

vn -0.0927957 -0.825374 0.556908
f 1307/1689/2387 1310/1693/2387 1382/1788/2387

vn -0.115444 -0.833524 0.540288
f 1309/1691/2388 1310/1693/2388 1307/1689/2388

vn -0.125542 -0.820671 0.55744
f 1310/1693/2389 1311/1695/2389 1382/1788/2389

vn -0.175213 -0.839456 0.514406
v -0.391343 0.694627 -0.0141855
vt 0.097898 0.247313
f 1382/1788/2390 1311/1695/2390 1383/1789/2390

v -0.446174 0.705272 -0.0184115
vt 0.0963502 0.266579
vn -0.201534 -0.833801 0.513964
vt 0.0978845 0.247316
vt 0.116774 0.247319
vt 0.114307 0.26684
f 1384/1790/2391 1383/1791/2391 1311/1792/2391 1313/1793/2391 

vn -0.19383 -0.979935 0.0464563
vt 0.096074 0.266834
v -0.391452 0.691909 -0.0719696
vt 0.077827 0.247313
f 1383/1789/2392 1384/1794/2392 1385/1795/2392

vn -0.191531 -0.980268 0.048888
v -0.446799 0.70281 -0.0702109
vt 0.078002 0.266834
f 1385/1795/2393 1384/1794/2393 1386/1796/2393

vt 0.0939454 0.284182
vn -0.240554 -0.969391 0.0491375
v -0.498081 0.715632 -0.0681147
vt 0.078104 0.283859
vt 0.0777901 0.266818
vt 0.0958616 0.266841
f 1348/1797/2394 1387/1798/2394 1386/1799/2394 1384/1800/2394 

vt 0.078091 0.284177
vn -0.409899 -0.911023 0.044933
f 1387/1801/2395 1348/1743/2395 1349/1745/2395

v -0.497515 0.74945 -0.110143
vt 0.05911 0.284177
vn -0.361394 -0.724063 -0.587475
f 1388/1802/2396 1387/1801/2396 1349/1745/2396

v -0.446557 0.73945 -0.116571
vt 0.057446 0.266834
vn -0.225909 -0.757475 -0.612533
f 1389/1803/2397 1387/1801/2397 1388/1802/2397

vn -0.216159 -0.76546 -0.60609
f 1389/1803/2398 1386/1796/2398 1387/1801/2398

v -0.390812 0.731571 -0.121575
vt 0.055793 0.247313
vn -0.164281 -0.773481 -0.612159
f 1390/1804/2399 1386/1796/2399 1389/1803/2399

vn -0.17096 -0.768466 -0.616631
f 1390/1804/2400 1385/1795/2400 1386/1796/2400

vn -0.093433 -0.777036 -0.622483
f 1380/1786/2401 1385/1795/2401 1390/1804/2401

vn -0.149605 -0.738244 -0.657734
f 1380/1786/2402 1381/1787/2402 1385/1795/2402

vn -0.173354 -0.983757 0.0465974
f 1381/1787/2403 1383/1789/2403 1385/1795/2403

vn -0.169831 -0.984205 0.0499877
f 1382/1788/2404 1383/1789/2404 1381/1787/2404

vn -0.0791272 -0.453399 -0.887789
f 1379/1785/2405 1380/1786/2405 1390/1804/2405

vn -0.0846846 -0.452956 -0.887502
f 1378/1783/2406 1379/1785/2406 1390/1804/2406

vn -0.147509 -0.50257 -0.851859
f 1378/1783/2407 1390/1804/2407 1389/1803/2407

v -0.492938 0.786242 -0.134146
vt 0.042681 0.284177
vn -0.18084 -0.497837 -0.848207
f 1391/1805/2408 1378/1783/2408 1389/1803/2408

vn -0.169734 0.00471642 -0.985479
f 1377/1784/2409 1378/1783/2409 1391/1805/2409

vt 0.027747 0.298163
vn -0.140137 0.000950294 -0.990132
f 1375/1806/2410 1377/1784/2410 1391/1805/2410

vn -0.244409 -0.0597368 -0.96783
v -0.523116 0.791202 -0.126831
vt 0.044588 0.298163
f 1375/1806/2411 1391/1805/2411 1392/1807/2411

vn -0.280761 -0.499671 -0.819453
f 1392/1807/2412 1391/1805/2412 1388/1802/2412

vn -0.206191 -0.516529 -0.831073
f 1391/1805/2413 1389/1803/2413 1388/1802/2413

vn -0.313191 -0.511779 -0.799996
v -0.529402 0.758137 -0.103217
vt 0.060863 0.296739
f 1392/1807/2414 1388/1802/2414 1393/1808/2414

vn -0.32896 -0.750189 -0.573587
f 1388/1802/2415 1349/1745/2415 1393/1808/2415

vn -0.594754 -0.630191 -0.499125
f 1393/1808/2416 1349/1745/2416 1350/1746/2416

vn -0.470198 -0.747698 -0.468894
v -0.552295 0.766427 -0.0934804
vt 0.063569 0.306441
f 1393/1808/2417 1350/1746/2417 1394/1809/2417

vn -0.561691 -0.704055 -0.434522
f 1350/1746/2418 1351/1747/2418 1394/1809/2418

vn -0.570919 -0.646865 -0.505586
v -0.572856 0.802759 -0.116747
vt 0.048014 0.320778
f 1394/1809/2419 1351/1747/2419 1395/1810/2419

vn -0.191721 -0.828065 -0.526832
v -0.601551 0.808032 -0.114593
vt 0.049806 0.331811
f 1395/1810/2420 1351/1747/2420 1396/1811/2420

vn -0.661678 -0.726162 -0.186738
v -0.615633 0.811159 -0.0768548
vt 0.067943 0.33923
f 1351/1747/2421 1397/1812/2421 1396/1811/2421

vn -0.668972 -0.741026 -0.0579428
f 1351/1747/2422 1352/1748/2422 1397/1812/2422

vn -0.633422 -0.76745 -0.0989758
v -0.619201 0.811045 -0.0531297
vt 0.080254 0.340772
f 1352/1748/2423 1398/1813/2423 1397/1812/2423

vn -0.622734 -0.781795 0.0316248
f 1352/1748/2424 1354/1750/2424 1398/1813/2424

vn -0.630927 -0.775461 0.0243052
f 1353/1749/2425 1354/1750/2425 1352/1748/2425

vn -0.239581 -0.970823 0.0101843
v -0.650855 0.819084 -0.0314322
vt 0.090795 0.353173
f 1354/1750/2426 1399/1814/2426 1398/1813/2426

vt 0.101131 0.348168
vn -0.260519 -0.608547 0.749533
f 1356/1815/2427 1399/1814/2427 1354/1750/2427

v -0.651896 0.834835 -0.0205444
vt 0.097178 0.355903
vn -0.31543 -0.553625 0.770716
f 1400/1816/2428 1399/1814/2428 1356/1815/2428

vn -0.466492 -0.523632 0.712878
v -0.669562 0.830308 -0.0354292
vt 0.090072 0.361183
f 1400/1816/2429 1401/1817/2429 1399/1814/2429

vn -0.335727 -0.713203 0.615328
v -0.67562 0.836663 -0.0313685
vt 0.091917 0.364176
f 1400/1816/2430 1402/1818/2430 1401/1817/2430

v -0.670613 0.843252 -0.0360571
vt 0.091473 0.547762
vn -0.259014 0.682882 0.68307
vt 0.089336 0.550561
vt 0.083207 0.542428
f 1403/1819/2431 1402/1820/2431 1400/1821/2431

v -0.675648 0.836732 -0.0463753
vt 0.095527 0.550669
vn -0.79476 0.606909 0.00425323
f 1404/1822/2432 1402/1820/2432 1403/1819/2432

vt 0.086223 0.364696
vn -0.724402 -0.689376 -0.00180169
f 1404/1823/2433 1401/1817/2433 1402/1818/2433

vn -0.727972 -0.685603 0.00239713
v -0.669602 0.830323 -0.0434122
vt 0.087122 0.36136
f 1404/1823/2434 1405/1824/2434 1401/1817/2434

vn -0.359308 -0.649011 -0.670584
v -0.655137 0.835294 -0.0559737
vt 0.080229 0.358551
f 1404/1823/2435 1406/1825/2435 1405/1824/2435

v -0.670349 0.843176 -0.0425064
vt 0.093809 0.547726
vn -0.28264 0.653807 -0.701891
vt 0.101133 0.543776
f 1407/1826/2436 1406/1827/2436 1404/1822/2436

v -0.649521 0.849699 -0.0464881
vt 0.095539 0.539707
vn -0.328217 0.605438 -0.725064
f 1408/1828/2437 1406/1827/2437 1407/1826/2437

vn -0.245686 0.598122 -0.762816
v -0.627385 0.834476 -0.0655533
vt 0.106994 0.53393
f 1408/1828/2438 1409/1829/2438 1406/1827/2438

vn -0.198911 0.640144 -0.742058
f 1366/1770/2439 1409/1829/2439 1408/1828/2439

vn -0.741278 0.641526 -0.197359
f 1368/1772/2440 1409/1829/2440 1366/1770/2440

vn -0.742062 0.520272 -0.422683
v -0.626209 0.831535 -0.0712384
vt 0.109458 0.534417
f 1368/1772/2441 1410/1830/2441 1409/1829/2441

vn -0.496568 0.56347 0.660243
v -0.641922 0.846511 -0.0958365
vt 0.123076 0.535291
f 1368/1772/2442 1411/1831/2442 1410/1830/2442

vn -0.152504 0.978113 -0.141557
v -0.634924 0.84532 -0.111607
vt 0.129371 0.531684
f 1368/1772/2443 1412/1832/2443 1411/1831/2443

vn -0.143425 0.978397 -0.148888
f 1371/1775/2444 1412/1832/2444 1368/1772/2444

vn -0.0337064 0.649238 -0.759838
v -0.597238 0.832381 -0.124334
vt 0.137264 0.515536
f 1371/1775/2445 1413/1833/2445 1412/1832/2445

vn -0.0416444 0.649036 -0.759617
f 1371/1775/2446 1372/1776/2446 1413/1833/2446

vt 0.037024 0.332727
vn -0.0908904 -0.316646 -0.944179
vt 0.033803 0.320778
f 1413/1834/2447 1372/1835/2447 1395/1810/2447

vn -0.257461 -0.289563 -0.921883
v -0.552051 0.797344 -0.120856
vt 0.046518 0.310409
f 1372/1835/2448 1414/1836/2448 1395/1810/2448

vn -0.0337847 -0.185134 -0.982132
vt 0.031196 0.310409
f 1372/1835/2449 1373/1837/2449 1414/1836/2449

vn -0.232017 -0.159663 -0.959519
f 1373/1837/2450 1392/1807/2450 1414/1836/2450

vn -0.103145 -0.0788143 -0.991539
f 1373/1837/2451 1375/1806/2451 1392/1807/2451

vn -0.277412 -0.522873 -0.806006
f 1414/1836/2452 1392/1807/2452 1393/1808/2452

vn -0.487625 -0.576615 -0.655543
f 1414/1836/2453 1393/1808/2453 1394/1809/2453

vn -0.305044 -0.629985 -0.71419
f 1395/1810/2454 1414/1836/2454 1394/1809/2454

vn -0.133557 -0.347638 -0.928068
f 1413/1834/2455 1395/1810/2455 1396/1811/2455

v -0.632978 0.83437 -0.121959
vt 0.041942 0.348744
vn -0.0817057 -0.357698 -0.930256
f 1415/1838/2456 1413/1834/2456 1396/1811/2456

vn -0.0101566 0.686027 -0.727506
vt 0.135779 0.530784
f 1412/1832/2457 1413/1833/2457 1415/1839/2457

vn -0.121525 0.670437 -0.731947
v -0.656905 0.841052 -0.111866
vt 0.130583 0.540816
f 1412/1832/2458 1415/1839/2458 1416/1840/2458

vn 0.00864767 0.843098 -0.537691
v -0.659712 0.837181 -0.11798
vt 0.133572 0.542084
f 1415/1839/2459 1417/1841/2459 1416/1840/2459

vt 0.046256 0.360668
vn -0.179095 -0.605779 -0.775214
v -0.655038 0.829983 -0.113435
vt 0.049176 0.357317
f 1417/1842/2460 1415/1838/2460 1418/1843/2460

vn -0.259845 -0.400634 -0.87862
v -0.636402 0.820402 -0.114578
vt 0.049289 0.348079
f 1415/1838/2461 1419/1844/2461 1418/1843/2461

vn -0.153697 -0.431977 -0.888692
f 1415/1838/2462 1396/1811/2462 1419/1844/2462

vn -0.334139 -0.941367 -0.0466869
f 1396/1811/2463 1397/1812/2463 1419/1844/2463

vn -0.221995 -0.96824 -0.115016
v -0.643595 0.819889 -0.0963747
vt 0.05726 0.351307
f 1397/1812/2464 1420/1845/2464 1419/1844/2464

vt 0.07107 0.349042
vn -0.597187 -0.485893 0.638181
f 1410/1846/2465 1420/1845/2465 1397/1812/2465

v -0.648066 0.833387 -0.0890697
vt 0.061375 0.356784
vn -0.56263 -0.52981 0.634625
f 1421/1847/2466 1420/1845/2466 1410/1846/2466

v -0.657342 0.830275 -0.107002
vt 0.052087 0.358545
vn -0.733764 -0.494927 0.465444
f 1422/1848/2467 1420/1845/2467 1421/1847/2467

vn -0.520641 -0.840803 -0.148266
f 1420/1845/2468 1422/1848/2468 1418/1843/2468

vn -0.739985 -0.629713 -0.236398
f 1417/1842/2469 1418/1843/2469 1422/1848/2469

vn -0.572619 -0.743972 -0.344401
v -0.665528 0.835703 -0.105116
vt 0.053948 0.362293
f 1422/1848/2470 1423/1849/2470 1417/1842/2470

vn -0.451138 -0.810321 0.373971
f 1421/1847/2471 1423/1849/2471 1422/1848/2471

vt 0.11946 0.540751
vn -0.429153 0.701989 0.568365
v -0.657931 0.841065 -0.106002
vt 0.128242 0.541541
vt 0.128399 0.545428
f 1421/1850/2472 1424/1851/2472 1423/1852/2472

vn -0.569563 0.571326 0.590919
f 1411/1831/2473 1424/1851/2473 1421/1850/2473

vn -0.291232 0.955181 -0.0530383
f 1411/1831/2474 1416/1840/2474 1424/1851/2474

vn -0.186466 0.969995 -0.156014
f 1412/1832/2475 1416/1840/2475 1411/1831/2475

vn -0.581564 0.806886 -0.103529
f 1416/1840/2476 1423/1852/2476 1424/1851/2476

vn -0.622403 0.758198 -0.194292
f 1416/1840/2477 1417/1841/2477 1423/1852/2477

vn -0.490049 0.56963 0.659829
f 1411/1831/2478 1421/1850/2478 1410/1830/2478

vn -0.457418 -0.865265 -0.205145
f 1419/1844/2479 1420/1845/2479 1418/1843/2479

vn -0.89413 -0.42648 -0.136548
f 1397/1812/2480 1398/1813/2480 1410/1846/2480

vn -0.940666 -0.338783 -0.0193092
vt 0.073066 0.350251
f 1410/1846/2481 1398/1813/2481 1409/1853/2481

vn -0.272966 -0.523337 -0.807222
v -0.651373 0.819396 -0.0476651
vt 0.084932 0.353864
f 1409/1853/2482 1398/1813/2482 1425/1854/2482

vn -0.252928 -0.967428 -0.0105457
f 1398/1813/2483 1399/1814/2483 1425/1854/2483

vn -0.514483 -0.857501 -8.1058e-005
f 1399/1814/2484 1401/1817/2484 1425/1854/2484

vn -0.513958 -0.857815 0.000978856
f 1425/1854/2485 1401/1817/2485 1405/1824/2485

vn -0.467144 -0.493892 -0.733381
f 1406/1825/2486 1425/1854/2486 1405/1824/2486

vn -0.296265 -0.496549 -0.815883
f 1406/1825/2487 1409/1853/2487 1425/1854/2487

vn -0.154959 0.987312 0.0346853
f 1366/1770/2488 1408/1828/2488 1365/1769/2488

vn -0.274762 0.960754 0.0381739
f 1365/1769/2489 1408/1828/2489 1403/1819/2489

vn -0.302891 0.952731 -0.023663
f 1408/1828/2490 1407/1826/2490 1403/1819/2490

vn -0.760287 0.648428 -0.0388022
f 1404/1822/2491 1403/1819/2491 1407/1826/2491

vn -0.342154 0.588765 0.732316
f 1365/1769/2492 1403/1819/2492 1400/1821/2492

vn -0.218801 0.593515 0.77451
f 1365/1769/2493 1400/1821/2493 1356/1768/2493

vn -0.243691 -0.829735 0.50215
f 1384/1794/2494 1315/1699/2494 1348/1743/2494

vn -0.2328 -0.826498 0.512548
f 1313/1697/2495 1315/1699/2495 1384/1794/2495

vn -0.139558 0.95881 -0.247402
f 1300/1680/2496 1376/1780/2496 1299/1678/2496

vt 0.12254 0.493015
vn -0.188388 0.951564 -0.242971
v -0.542696 0.869089 -0.0617835
vt 0.103169 0.493784
vt 0.102485 0.481539
vt 0.12228 0.48152
f 1374/1855/2497 1426/1856/2497 1299/1857/2497 1376/1858/2497 

vt 0.103191 0.494003
vn -0.177773 0.953372 -0.243883
f 1426/1859/2498 1374/1778/2498 1369/1773/2498

vn -0.133042 0.965959 -0.221863
f 1374/1778/2499 1370/1774/2499 1369/1773/2499

vn -0.189727 0.981681 0.0175054
v -0.567759 0.863349 -0.0114977
vt 0.08093 0.504371
f 1426/1859/2500 1369/1773/2500 1427/1860/2500

vn -0.174592 0.984483 0.017643
v -0.590075 0.859627 -0.0246989
vt 0.086402 0.513418
f 1369/1773/2501 1428/1861/2501 1427/1860/2501

vn -0.143128 0.98901 0.0370677
f 1369/1773/2502 1367/1771/2502 1428/1861/2502

vn -0.225681 0.973344 0.0408655
f 1428/1861/2503 1367/1771/2503 1364/1767/2503

vn -0.224119 0.971878 0.0722799
f 1428/1861/2504 1364/1767/2504 1363/1765/2504

vn -0.21059 0.974179 0.0814018
f 1427/1860/2505 1428/1861/2505 1363/1765/2505

v -0.566999 0.848614 0.0260043
vt 0.062947 0.504371
vn -0.116476 0.923598 0.36524
f 1429/1862/2506 1427/1860/2506 1363/1765/2506

v -0.543192 0.853265 0.027033
vt 0.064136 0.494003
vn -0.193759 0.911758 0.362154
f 1430/1863/2507 1427/1860/2507 1429/1862/2507

vn -0.112877 0.941246 0.318301
f 1298/1677/2508 1427/1860/2508 1430/1863/2508

vn -0.123337 0.991019 0.0516597
f 1298/1677/2509 1426/1859/2509 1427/1860/2509

vn -0.199403 0.978513 0.0524546
f 1299/1678/2510 1426/1859/2510 1298/1677/2510

vn -0.161331 0.935435 0.314537
f 1297/1676/2511 1298/1677/2511 1430/1863/2511

vn -0.174001 0.593924 0.785479
vt 0.047156 0.481757
f 1297/1676/2512 1430/1863/2512 1317/1864/2512

vn -0.102174 0.632547 0.767753
vt 0.04809 0.494003
f 1430/1863/2513 1318/1865/2513 1317/1864/2513

vn -0.15655 0.633848 0.757449
f 1430/1863/2514 1429/1862/2514 1318/1865/2514

vn -0.169918 0.626925 0.760325
vt 0.049515 0.504371
f 1429/1862/2515 1320/1866/2515 1318/1865/2515

vn -0.0590667 0.618504 0.783558
v -0.591175 0.845439 0.026688
vt 0.061186 0.512846
f 1429/1862/2516 1431/1867/2516 1320/1866/2516

vn -0.111558 0.926718 0.358815
f 1429/1862/2517 1363/1765/2517 1431/1867/2517

vn -0.0710791 0.937309 0.341175
f 1431/1867/2518 1363/1765/2518 1361/1763/2518

vn 0.0307923 0.446712 0.894148
f 1431/1867/2519 1361/1763/2519 1324/1762/2519

vn -0.0528396 0.589769 0.805841
vt 0.049762 0.511426
f 1431/1867/2520 1324/1762/2520 1322/1868/2520

vn -0.116726 0.585307 0.802366
f 1431/1867/2521 1322/1868/2521 1320/1866/2521

vn -0.122341 0.593079 0.795795
v -0.483786 0.821512 0.061767
vt 0.046058 0.467771
f 1297/1676/2522 1317/1864/2522 1432/1869/2522

vn -0.17188 -0.146338 0.974188
vt 0.147028 0.284177
f 1317/1701/2523 1314/1698/2523 1432/1870/2523

vn -0.192031 -0.142282 0.97102
f 1432/1870/2524 1314/1698/2524 1312/1696/2524

vn -0.124309 -0.0858003 0.988527
vt 0.151301 0.266834
f 1432/1870/2525 1312/1696/2525 1292/1871/2525

vn -0.100254 -0.088272 0.991038
f 1292/1871/2526 1312/1696/2526 1291/1694/2526

vn -0.10598 -0.0934447 0.989968
f 1292/1871/2527 1291/1694/2527 1290/1664/2527

vn -0.0929947 0.574681 0.813077
f 1293/1669/2528 1432/1869/2528 1292/1668/2528

vn -0.148903 0.576931 0.803105
f 1293/1669/2529 1297/1676/2529 1432/1869/2529

vn -0.475077 0.638117 -0.605894
vt 0.069918 0.539621
f 1355/1766/2530 1357/1872/2530 1362/1764/2530

vn -0.466735 0.638458 -0.611988
f 1362/1764/2531 1357/1872/2531 1359/1760/2531

vn -0.35821 0.727392 -0.585309
f 1357/1872/2532 1358/1758/2532 1359/1760/2532

vn -0.12861 0.935535 0.32899
f 1362/1764/2533 1359/1760/2533 1360/1761/2533

vn -0.641037 -0.438208 0.630116
f 1332/1716/2534 1319/1703/2534 1321/1705/2534

vn -0.102257 -0.469414 0.877037
f 1287/1661/2535 1094/1692/2535 1095/1659/2535

vt 0.35213 0.868133
vn -0.986656 0.114627 0.115635
f 1308/1873/2536 1093/1410/2536 1094/1411/2536

vn -0.992276 0.0886272 0.0867944
f 897/1173/2537 1093/1410/2537 1308/1873/2537

vn -0.97492 0.207915 0.0793883
f 897/1173/2538 898/1175/2538 1093/1410/2538

vn -0.978353 0.202445 0.0429213
f 897/1173/2539 1308/1873/2539 896/1172/2539

vn -0.113794 0.939346 -0.323544
f 892/1166/2540 1301/1681/2540 891/1165/2540

vn -0.142737 0.936468 -0.320397
f 891/1165/2541 1301/1681/2541 1296/1679/2541

vn -0.102564 0.498345 0.86089
f 887/1161/2542 888/1162/2542 1288/1667/2542

vn -0.0241111 0.49943 0.866019
vt 0.039369 0.389547
f 887/1161/2543 1288/1667/2543 1286/1874/2543

vn -0.105445 0.426321 0.898405
f 886/1159/2544 887/1161/2544 1286/1874/2544

vn -0.0411524 0.426747 0.903434
f 886/1159/2545 1286/1874/2545 885/1160/2545

vn -0.520081 0.322007 0.791092
f 1285/1657/2546 1097/1414/2546 1098/1415/2546

vn -0.380344 0.312512 0.870445
f 1285/1657/2547 1098/1415/2547 1284/1656/2547

vn -0.386874 0.323833 0.863401
f 1284/1656/2548 1098/1415/2548 1099/1416/2548

vn -0.180636 0.306376 0.934615
f 1284/1656/2549 1099/1416/2549 1100/1417/2549

vn -0.158265 0.326336 0.93191
f 1284/1656/2550 1100/1417/2550 1283/1655/2550

vn 0.158265 0.326336 0.93191
f 1282/1654/2551 1283/1655/2551 1100/1417/2551

vn 0.180636 0.306376 0.934615
v 0.0602882 0.795952 0.195383
vt 0.52749 0.918345
f 1282/1654/2552 1100/1417/2552 1433/1875/2552

vn 0.181027 0.301938 0.935982
f 1433/1875/2553 1100/1417/2553 1101/1418/2553

v 0.11829 0.800666 0.167626
vt 0.556201 0.918761
vn 0.388592 0.315756 0.865618
f 1434/1876/2554 1433/1875/2554 1101/1418/2554

vn 0.386874 0.323833 0.863401
f 1282/1654/2555 1433/1875/2555 1434/1876/2555

v 0.106877 0.853072 0.153798
vt 0.557396 0.944374
vn 0.380344 0.312512 0.870445
f 1435/1877/2556 1282/1654/2556 1434/1876/2556

vn 0.36577 0.373761 0.852358
f 1281/1653/2557 1282/1654/2557 1435/1877/2557

v 0.0980397 0.894814 0.140759
vt 0.559585 0.967378
vn 0.353133 0.346247 0.869143
f 1436/1878/2558 1281/1653/2558 1435/1877/2558

vn 0.399668 0.101524 0.911021
f 1280/1652/2559 1281/1653/2559 1436/1878/2559

v 0.097283 0.917451 0.142106
vt 0.560638 0.979778
vn 0.364482 -0.0431573 0.93021
f 1437/1879/2560 1280/1652/2560 1436/1878/2560

vn 0.357997 -0.490157 0.794723
f 1279/1650/2561 1280/1652/2561 1437/1879/2561

vn 0.609504 -0.460602 0.645252
f 1279/1650/2562 1437/1879/2562 1267/1631/2562

vn 0.626802 -0.0178219 0.778975
f 1267/1631/2563 1437/1879/2563 1266/1630/2563

vn 0.626009 -0.0254432 0.7794
f 1437/1879/2564 1436/1878/2564 1266/1630/2564

vn 0.529521 0.346331 0.774379
v 0.160622 0.86456 0.111496
vt 0.591705 0.944519
f 1266/1630/2565 1436/1878/2565 1438/1880/2565

vn 0.530901 0.353038 0.770395
f 1436/1878/2566 1435/1877/2566 1438/1880/2566

vn 0.531926 0.350279 0.770947
v 0.174495 0.806559 0.128277
vt 0.586088 0.917162
f 1438/1880/2567 1435/1877/2567 1439/1881/2567

vn 0.520081 0.322007 0.791092
f 1435/1877/2568 1434/1876/2568 1439/1881/2568

vn 0.525984 0.29924 0.796113
v 0.133931 0.740799 0.179795
vt 0.557273 0.892752
f 1439/1881/2569 1434/1876/2569 1440/1882/2569

vn 0.423126 0.285347 0.859966
f 1434/1876/2570 1101/1418/2570 1440/1882/2570

vn 0.421549 0.294141 0.857775
f 1440/1882/2571 1101/1418/2571 1102/1419/2571

vn 0.451751 0.267203 0.85119
v 0.152247 0.666554 0.19338
vt 0.558732 0.863746
f 1440/1882/2572 1102/1419/2572 1441/1883/2572

vn 0.455363 0.238424 0.857787
v 0.161167 0.585605 0.211146
vt 0.556088 0.835063
f 1441/1883/2573 1102/1419/2573 1442/1884/2573

vn 0.428533 0.205263 0.879902
f 1102/1419/2574 1103/1420/2574 1442/1884/2574

vn 0.434742 0.11341 0.893385
v 0.159144 0.499781 0.223025
vt 0.550986 0.807567
f 1103/1420/2575 1443/1885/2575 1442/1884/2575

vn 0.429998 0.10841 0.896298
f 1103/1420/2576 1104/1421/2576 1443/1885/2576

vn 0.432794 -0.0855088 0.897428
f 1443/1885/2577 1104/1421/2577 1105/1422/2577

vn 0.622105 -0.112827 0.774761
v 0.201491 0.417688 0.177066
vt 0.566508 0.778565
f 1443/1885/2578 1105/1422/2578 1444/1886/2578

vn 0.613043 -0.207152 0.762408
f 1444/1886/2579 1105/1422/2579 1106/1423/2579

vn 0.679014 -0.228795 0.697561
v 0.20538 0.344472 0.149267
vt 0.567307 0.752676
f 1444/1886/2580 1106/1423/2580 1445/1887/2580

v 0.173665 0.270894 0.132195
vt 0.553694 0.729306
vn 0.64773 -0.425782 0.631787
f 1446/1888/2581 1445/1887/2581 1106/1423/2581

v 0.184944 0.273934 0.119529
vt 0.559026 0.727293
vn 0.721567 -0.435837 0.537948
f 1447/1889/2582 1445/1887/2582 1446/1888/2582

vn 0.821641 -0.406497 0.399582
v 0.21802 0.347411 0.126265
vt 0.576054 0.749829
f 1447/1889/2583 1448/1890/2583 1445/1887/2583

vt 0.90606 0.616241
vn -0.310299 0.0526618 0.949179
vt 0.924255 0.602956
v 0.237953 0.335704 0.133431
vt 0.910811 0.620602
f 1448/1891/2584 1447/1892/2584 1449/1893/2584

vn -0.451692 0.19151 0.871377
v 0.195162 0.259362 0.128028
vt 0.928718 0.606075
f 1449/1893/2585 1447/1892/2585 1450/1894/2585

v 0.164923 0.222673 0.0816298
vt 0.939411 0.590477
vn -0.760357 -0.167075 0.627649
f 1451/1895/2586 1450/1894/2586 1447/1892/2586

vn -0.780479 -0.13007 0.611502
v 0.16915 0.206683 0.0836226
vt 0.944329 0.591951
f 1451/1895/2587 1452/1896/2587 1450/1894/2587

v 0.159428 0.184228 0.0126522
vt 0.954542 0.569896
vn -0.952764 -0.226615 0.202206
f 1453/1897/2588 1452/1896/2588 1451/1895/2588

vn -0.822696 -0.499823 0.27083
v 0.163257 0.179317 0.0152202
vt 0.956496 0.571138
f 1453/1897/2589 1454/1898/2589 1452/1896/2589

v 0.164973 0.164202 -0.0442963
vt 0.962595 0.549782
vn -0.812573 -0.570085 0.121361
f 1455/1899/2590 1454/1898/2590 1453/1897/2590

vn -0.983809 -0.178415 0.0169541
v 0.166487 0.156063 -0.042118
vt 0.965606 0.550711
f 1455/1899/2591 1456/1900/2591 1454/1898/2591

vn -0.978541 -0.197602 -0.0583973
vt 0.965606 0.802707
vt 0.962595 0.801933
f 1149/1470/2592 1456/1901/2592 1455/1902/2592

vn -0.986854 -0.148855 -0.0629342
v 0.172292 0.141728 -0.0992421
vt 0.970733 0.780949
f 1149/1470/2593 1457/1903/2593 1456/1901/2593

vn -0.706744 -0.369952 -0.603032
f 1150/1471/2594 1457/1903/2594 1149/1470/2594

vn -0.793601 -0.203871 -0.573266
v 0.201323 0.145558 -0.140793
vt 0.969374 0.761566
f 1150/1471/2595 1458/1904/2595 1457/1903/2595

vn -0.346286 -0.239003 -0.907173
f 1152/1473/2596 1458/1904/2596 1150/1471/2596

vn -0.341815 -0.245825 -0.907046
v 0.240063 0.143706 -0.15489
vt 0.97071 0.744696
f 1152/1473/2597 1459/1905/2597 1458/1904/2597

vn 0.331181 -0.273588 -0.903033
v 0.280203 0.161454 -0.145547
vt 0.96477 0.726891
f 1152/1473/2598 1460/1906/2598 1459/1905/2598

vn 0.330673 -0.275111 -0.902756
f 1153/1474/2599 1460/1906/2599 1152/1473/2599

vn 0.717312 -0.282861 -0.636752
v 0.310299 0.171173 -0.11596
vt 0.962208 0.709842
f 1153/1474/2600 1461/1907/2600 1460/1906/2600

vn 0.714071 -0.287798 -0.638181
f 1153/1474/2601 1155/1476/2601 1461/1907/2601

vn 0.889633 -0.27957 -0.361102
v 0.329743 0.1751 -0.0710976
vt 0.961473 0.691668
f 1155/1476/2602 1462/1908/2602 1461/1907/2602

vn 0.855314 -0.33269 -0.397185
v 0.348694 0.228472 -0.074993
vt 0.942835 0.690751
f 1155/1476/2603 1463/1909/2603 1462/1908/2603

vn 0.871934 -0.234132 -0.430016
f 1156/1477/2604 1463/1909/2604 1155/1476/2604

vn 0.868417 -0.240833 -0.433417
v 0.361734 0.291328 -0.0837913
vt 0.924485 0.690675
f 1156/1477/2605 1464/1910/2605 1463/1909/2605

vn 0.869096 -0.146863 -0.472339
f 1158/1479/2606 1464/1910/2606 1156/1477/2606

vn 0.908627 0.0177204 -0.417233
v 0.353814 0.360977 -0.0980803
vt 0.90598 0.69221
f 1158/1479/2607 1465/1911/2607 1464/1910/2607

vn 0.850879 0.180955 -0.493214
v 0.325153 0.423995 -0.124406
vt 0.887584 0.697496
f 1158/1479/2608 1466/1912/2608 1465/1911/2608

vn 0.936136 0.128474 -0.327329
f 1160/1481/2609 1466/1912/2609 1158/1479/2609

vn 0.847817 0.317872 -0.424457
f 1160/1481/2610 1163/1484/2610 1466/1912/2610

vn 0.865566 0.484404 -0.12708
v 0.301114 0.486567 -0.0496212
vt 0.871879 0.675815
f 1163/1484/2611 1467/1913/2611 1466/1912/2611

vn 0.973198 0.210899 -0.0916875
v 0.293492 0.517863 -0.0585437
vt 0.665737 0.800241
vt 0.661348 0.788502
f 1163/1486/2612 1468/1914/2612 1467/1915/2612

vn 0.930531 0.331956 -0.154654
f 1165/1488/2613 1468/1914/2613 1163/1486/2613

vn 0.974284 0.168984 -0.149047
v 0.281981 0.573479 -0.0707349
vt 0.672855 0.82157
f 1165/1488/2614 1469/1916/2614 1468/1914/2614

vn 0.973787 0.170795 -0.150228
f 1165/1488/2615 1167/1490/2615 1469/1916/2615

vn 0.975032 0.162839 -0.150984
v 0.272313 0.624462 -0.0781784
vt 0.678181 0.842299
f 1167/1490/2616 1470/1917/2616 1469/1916/2616

vn 0.964029 0.202742 -0.171884
f 1167/1490/2617 1245/1588/2617 1470/1917/2617

vn 0.83768 0.203054 -0.507012
f 1168/1491/2618 1245/1588/2618 1167/1490/2618

vn 0.830393 0.21822 -0.512668
f 1168/1491/2619 1242/1582/2619 1245/1588/2619

vn 0.545942 0.253934 -0.798414
f 1242/1582/2620 1168/1491/2620 1240/1580/2620

vn 0.546327 0.247408 -0.800197
f 1240/1580/2621 1168/1491/2621 1169/1492/2621

vn 0.308248 0.256317 -0.916125
f 1240/1580/2622 1169/1492/2622 1238/1577/2622

vn 0.308382 0.272914 -0.911273
v 0.0609255 0.488033 -0.343469
vt 0.817417 0.765221
f 1238/1577/2623 1169/1492/2623 1471/1918/2623

vn 0.309484 0.27119 -0.911414
f 1169/1492/2624 1170/1493/2624 1471/1918/2624

vn 0.309643 0.275975 -0.909922
f 1471/1918/2625 1170/1493/2625 1182/1511/2625

vn 0.340999 0.311688 -0.886888
v 0.0621073 0.433713 -0.362105
vt 0.815698 0.739891
f 1471/1918/2626 1182/1511/2626 1472/1919/2626

vn 0.35572 0.596818 -0.719216
f 1472/1919/2627 1182/1511/2627 1191/1522/2627

vn 0.684027 0.379752 -0.622813
f 1191/1522/2628 1182/1511/2628 1183/1512/2628

vn 0.438814 0.628503 -0.642204
f 1472/1919/2629 1191/1522/2629 1193/1524/2629

v 0 0.438399 -0.368854
vt 0.844298 0.740108
vn 0.129146 0.699804 -0.702564
f 1473/1920/2630 1472/1919/2630 1193/1524/2630

vn 0.126342 0.324367 -0.937456
f 1471/1918/2631 1472/1919/2631 1473/1920/2631

vn 0.132713 0.317328 -0.938984
f 1237/1578/2632 1471/1918/2632 1473/1920/2632

vn 0.132247 0.28194 -0.950274
f 1238/1577/2633 1471/1918/2633 1237/1578/2633

vn -0.132713 0.317328 -0.938984
vt 0.155703 0.740108
v -0.0609255 0.488033 -0.343469
vt 0.182583 0.765221
f 1237/1575/2634 1473/1921/2634 1474/1922/2634

vn -0.126342 0.324367 -0.937456
v -0.0621073 0.433713 -0.362105
vt 0.184302 0.739891
f 1474/1922/2635 1473/1921/2635 1475/1923/2635

vn -0.129146 0.699804 -0.702564
v -0.0604274 0.385501 -0.410436
vt 0.183055 0.709417
f 1473/1921/2636 1476/1924/2636 1475/1923/2636

v 0 0.392349 -0.415254
vt 0.155703 0.710013
vn -0.135347 0.703251 -0.697939
f 1477/1925/2637 1476/1924/2637 1473/1921/2637

vn -0.136975 0.845113 -0.516741
v -0.0531726 0.349616 -0.471048
vt 0.178963 0.678845
f 1477/1925/2638 1478/1926/2638 1476/1924/2638

v 0 0.358536 -0.475404
vt 0.155703 0.679158
vn -0.183231 0.856952 -0.481726
f 1479/1927/2639 1478/1926/2639 1477/1925/2639

vn -0.182844 0.917861 -0.352278
v -0.0473461 0.323941 -0.540967
vt 0.175582 0.647704
f 1479/1927/2640 1480/1928/2640 1478/1926/2640

v 0 0.332359 -0.542737
vt 0.155703 0.648244
vn -0.176442 0.917418 -0.356668
f 1481/1929/2641 1480/1928/2641 1479/1927/2641

vn -0.178569 0.952549 -0.246501
v -0.0402181 0.30242 -0.629295
vt 0.172064 0.610928
f 1481/1929/2642 1482/1930/2642 1480/1928/2642

v 0 0.309458 -0.629707
vt 0.155703 0.611394
vn -0.169358 0.953067 -0.25096
f 1483/1931/2643 1482/1930/2643 1481/1929/2643

vn -0.17184 0.972858 -0.154976
v -0.0349301 0.288171 -0.724609
vt 0.169559 0.572738
f 1483/1931/2644 1484/1932/2644 1482/1930/2644

v 0 0.292677 -0.725023
vt 0.155703 0.572813
vn -0.128038 0.976746 -0.17197
f 1485/1933/2645 1484/1932/2645 1483/1931/2645

vn -0.128223 0.979999 -0.152187
v -0.030529 0.27369 -0.821563
vt 0.168085 0.53385
f 1485/1933/2646 1486/1934/2646 1484/1932/2646

v 0 0.278803 -0.821586
vt 0.155703 0.534042
vn -0.163649 0.976492 -0.140295
f 1487/1935/2647 1486/1934/2647 1485/1933/2647

v 0 0.26641 -0.922025
vt 0.155703 0.493164
vn -0.164058 0.979027 -0.120797
f 1488/1936/2648 1486/1934/2648 1487/1935/2648

vn -0.136536 0.984191 -0.112807
v -0.0264937 0.26271 -0.922246
vt 0.166639 0.492951
f 1488/1936/2649 1489/1937/2649 1486/1934/2649

vn -0.136669 0.984806 -0.107143
v -0.0222179 0.252429 -1.02219
vt 0.165185 0.451328
f 1488/1936/2650 1490/1938/2650 1489/1937/2650

v 0 0.255808 -1.02219
vt 0.155703 0.451448
vn -0.149549 0.983262 -0.104071
f 1491/1939/2651 1490/1938/2651 1488/1936/2651

vn -0.149574 0.98343 -0.102439
v -0.0178408 0.242639 -1.12257
vt 0.163627 0.408009
f 1491/1939/2652 1492/1940/2652 1490/1938/2652

v 0 0.245433 -1.12256
vt 0.155703 0.408125
vn -0.153851 0.982856 -0.101604
f 1493/1941/2653 1492/1940/2653 1491/1939/2653

vn -0.153982 0.983656 -0.093325
v -0.0127501 0.23415 -1.22045
vt 0.161633 0.363883
f 1493/1941/2654 1494/1942/2654 1492/1940/2654

v 0 0.236405 -1.22043
vt 0.155703 0.363981
vn -0.173359 0.980696 -0.0904598
f 1495/1943/2655 1494/1942/2655 1493/1941/2655

vn -0.173418 0.981007 -0.0868939
v -0.00535262 0.226198 -1.32499
vt 0.158212 0.315224
f 1495/1943/2656 1496/1944/2656 1494/1942/2656

v 0 0.226866 -1.33463
vt 0.155703 0.310801
vn -0.264507 0.961037 -0.0802809
f 1497/1945/2657 1496/1944/2657 1495/1943/2657

vn -0.262927 0.961546 -0.0793686
v -0.00999846 0.223846 -1.33809
vt 0.160342 0.309052
f 1497/1945/2658 1498/1946/2658 1496/1944/2658

v 0 0.21857 -1.35082
vt 0.155703 0.301743
vn -0.110336 0.884561 -0.453187
f 1499/1947/2659 1498/1946/2659 1497/1945/2659

vn -0.61525 0.429465 -0.661081
v -0.0152346 0.214413 -1.33934
vt 0.165207 0.307637
f 1498/1946/2660 1499/1947/2660 1500/1948/2660

vt 0.5 0.178835
vn -0.610221 0.0539327 -0.790393
v 0 0.209189 -1.35146
vt 0.5 0.182856
vt 0.4906 0.185409
f 1499/1949/2661 1501/1950/2661 1500/1951/2661

vn 0.610221 0.0539327 -0.790393
v 0.0152346 0.214413 -1.33934
vt 0.5094 0.185409
f 1499/1949/2662 1502/1952/2662 1501/1950/2662

v 0.00999846 0.223846 -1.33809
vt 0.839658 0.309052
vn 0.61525 0.429465 -0.661081
vt 0.834793 0.307637
vt 0.844298 0.301743
f 1503/1953/2663 1502/1954/2663 1499/1955/2663

vn 0.863678 0.493239 -0.103806
v 0.0144688 0.218623 -1.32571
vt 0.83598 0.314338
f 1502/1954/2664 1503/1953/2664 1504/1956/2664

vn 0.877111 0.464895 -0.120622
v 0.0241613 0.227652 -1.22043
vt 0.832353 0.363623
f 1503/1953/2665 1505/1957/2665 1504/1956/2665

vn 0.295294 0.953098 -0.0663746
v 0.00535262 0.226198 -1.32499
vt 0.841788 0.315224
f 1505/1957/2666 1503/1953/2666 1506/1958/2666

vn 0.262927 0.961546 -0.0793686
vt 0.844298 0.310801
f 1503/1953/2667 1497/1959/2667 1506/1958/2667

vn 0.110336 0.884561 -0.453187
f 1503/1953/2668 1499/1955/2668 1497/1959/2668

vn 0.264507 0.961037 -0.0802809
vt 0.844298 0.363981
f 1506/1958/2669 1497/1959/2669 1495/1960/2669

v 0.0127501 0.23415 -1.22045
vt 0.838367 0.363883
vn 0.173418 0.981007 -0.0868939
f 1507/1961/2670 1506/1958/2670 1495/1960/2670

vt 0.841778 0.315222
vn 0.492401 0.864535 -0.100601
vt 0.838357 0.363881
v 0.0178408 0.242639 -1.12257
vt 0.836121 0.409482
vt 0.832343 0.363621
f 1506/1962/2671 1507/1963/2671 1508/1964/2671 1505/1965/2671 

vt 0.836373 0.408009
vn 0.153982 0.983656 -0.093325
vt 0.844298 0.408125
f 1508/1966/2672 1507/1961/2672 1493/1967/2672

vn 0.173359 0.980696 -0.0904598
f 1507/1961/2673 1495/1960/2673 1493/1967/2673

vn 0.153851 0.982856 -0.101604
vt 0.844298 0.451448
f 1508/1966/2674 1493/1967/2674 1491/1968/2674

v 0.0222179 0.252429 -1.02219
vt 0.834815 0.451328
vn 0.149574 0.98343 -0.102439
f 1509/1969/2675 1508/1966/2675 1491/1968/2675

v 0.0339484 0.233799 -1.12256
vt 0.828319 0.407686
vn 0.478467 0.871699 -0.105883
f 1510/1970/2676 1508/1966/2676 1509/1969/2676

vn 0.478628 0.871999 -0.102632
f 1510/1970/2677 1505/1957/2677 1508/1966/2677

vn 0.774099 0.622255 -0.11649
v 0.0313583 0.218698 -1.22043
vt 0.827104 0.363225
f 1505/1957/2678 1510/1970/2678 1511/1971/2678

vn 0.761055 0.637765 -0.118538
v 0.0455336 0.219977 -1.12255
vt 0.820432 0.407111
f 1511/1971/2679 1510/1970/2679 1512/1972/2679

vn 0.761874 0.638461 -0.109159
v 0.0417495 0.24165 -1.02219
vt 0.825414 0.450927
f 1510/1970/2680 1513/1973/2680 1512/1972/2680

vn 0.480494 0.870636 -0.105449
f 1513/1973/2681 1510/1970/2681 1509/1969/2681

vn 0.480252 0.870199 -0.110054
v 0.0264937 0.26271 -0.922246
vt 0.833361 0.492951
f 1513/1973/2682 1509/1969/2682 1514/1974/2682

vn 0.136669 0.984806 -0.107143
vt 0.844298 0.493164
f 1514/1974/2683 1509/1969/2683 1488/1975/2683

vn 0.149549 0.983262 -0.104071
f 1509/1969/2684 1491/1968/2684 1488/1975/2684

v 0.030529 0.27369 -0.821563
vt 0.831915 0.53385
vn 0.136536 0.984191 -0.112807
f 1515/1976/2685 1514/1974/2685 1488/1975/2685

v 0.0502036 0.250105 -0.922061
vt 0.822403 0.492546
vn 0.467024 0.876821 -0.114343
f 1516/1977/2686 1514/1974/2686 1515/1976/2686

vn 0.467065 0.876911 -0.113481
f 1516/1977/2687 1513/1973/2687 1514/1974/2687

vn 0.755655 0.644216 -0.118198
v 0.0568188 0.223974 -1.02219
vt 0.815653 0.450193
f 1513/1973/2688 1516/1977/2688 1517/1978/2688

vn 0.739679 0.661482 -0.123759
v 0.068403 0.229794 -0.921847
vt 0.81132 0.491759
f 1517/1978/2689 1516/1977/2689 1518/1979/2689

vn 0.738828 0.660622 -0.133081
v 0.0788345 0.238327 -0.821576
vt 0.807831 0.532172
f 1516/1977/2690 1519/1980/2690 1518/1979/2690

vn 0.712628 0.690839 -0.122074
v 0.057909 0.259931 -0.821474
vt 0.819708 0.533264
f 1516/1977/2691 1520/1981/2691 1519/1980/2691

vn 0.446045 0.886821 -0.120797
f 1520/1981/2692 1516/1977/2692 1515/1976/2692

vn 0.444194 0.882937 -0.152034
v 0.0349301 0.288171 -0.724609
vt 0.830441 0.572738
f 1520/1981/2693 1515/1976/2693 1521/1982/2693

vn 0.128223 0.979999 -0.152187
vt 0.844298 0.572813
f 1521/1982/2694 1515/1976/2694 1485/1983/2694

vn 0.163649 0.976492 -0.140295
vt 0.844298 0.534042
f 1515/1976/2695 1487/1984/2695 1485/1983/2695

vn 0.164058 0.979027 -0.120797
f 1515/1976/2696 1488/1975/2696 1487/1984/2696

vn 0.128038 0.976746 -0.17197
vt 0.844298 0.611394
f 1521/1982/2697 1485/1983/2697 1483/1985/2697

vn 0.17184 0.972858 -0.154976
f 1207/1540/2698 1521/1982/2698 1483/1985/2698

vn 0.478007 0.864437 -0.155754
f 1208/1541/2699 1521/1982/2699 1207/1540/2699

vn 0.479001 0.866731 -0.139052
f 1208/1541/2700 1520/1981/2700 1521/1982/2700

vn 0.711122 0.689455 -0.137686
f 1519/1980/2701 1520/1981/2701 1208/1541/2701

vn 0.748204 0.652469 -0.120312
f 1519/1980/2702 1208/1541/2702 1209/1542/2702

vn 0.911632 0.39466 -0.114768
v 0.0906485 0.211039 -0.821573
vt 0.7962 0.530698
f 1519/1980/2703 1209/1542/2703 1522/1986/2703

vn 0.906852 0.404475 -0.118401
f 1522/1986/2704 1209/1542/2704 1210/1543/2704

vt 0.566038 0.392884
vn 0.984657 0.129979 -0.116431
v 0.0949503 0.178451 -0.821573
vt 0.553535 0.395134
f 1522/1987/2705 1210/1544/2705 1523/1988/2705

vn 0.982869 0.139929 -0.119952
f 1523/1988/2706 1210/1544/2706 1211/1545/2706

v 0.0854451 0.144494 -0.821766
vt 0.540141 0.396837
vn 0.956474 -0.267066 -0.117613
f 1524/1989/2707 1523/1988/2707 1211/1545/2707

v 0.0808449 0.180167 -0.92173
vt 0.5472 0.356363
vn 0.953855 -0.266212 -0.138895
f 1525/1990/2708 1523/1988/2708 1524/1989/2708

vn 0.982175 0.129651 -0.136101
f 1525/1990/2709 1522/1987/2709 1523/1988/2709

v 0.0784809 0.207652 -0.921733
vt 0.557875 0.354178
vn 0.988758 0.085032 -0.122992
f 1526/1991/2710 1522/1987/2710 1525/1990/2710

vn 0.903421 0.410542 -0.123633
vt 0.801491 0.490715
f 1518/1979/2711 1522/1986/2711 1526/1992/2711

vn 0.910122 0.394005 -0.128212
f 1518/1979/2712 1519/1980/2712 1522/1986/2712

v 0.0649115 0.205783 -1.02219
vt 0.80732 0.449342
vn 0.902743 0.410203 -0.129569
f 1527/1993/2713 1518/1979/2713 1526/1992/2713

vn 0.906153 0.403118 -0.127993
f 1517/1978/2714 1518/1979/2714 1527/1993/2714

v 0.0519438 0.204742 -1.12254
vt 0.813221 0.406372
vn 0.906913 0.403456 -0.121377
f 1528/1994/2715 1517/1978/2715 1527/1993/2715

vn 0.915269 0.385092 -0.118264
f 1512/1972/2716 1517/1978/2716 1528/1994/2716

vn 0.756309 0.644775 -0.110732
f 1512/1972/2717 1513/1973/2717 1517/1978/2717

v 0.0358534 0.2074 -1.22043
vt 0.821561 0.362605
vn 0.912714 0.384014 -0.139595
f 1529/1995/2718 1512/1972/2718 1528/1994/2718

vn 0.920264 0.36614 -0.138045
f 1511/1971/2719 1512/1972/2719 1529/1995/2719

vn 0.91897 0.365625 -0.147691
f 1504/1956/2720 1511/1971/2720 1529/1995/2720

vn 0.77334 0.621645 -0.124511
f 1504/1956/2721 1505/1957/2721 1511/1971/2721

vn 0.842671 0.525983 -0.115099
f 1502/1954/2722 1504/1956/2722 1529/1995/2722

vn 0.984359 -0.0346619 -0.172733
vt 0.52666 0.233806
v 0.0150512 0.20809 -1.33912
vt 0.507172 0.186813
f 1502/1952/2723 1529/1996/2723 1530/1997/2723

vn 0.984897 -0.012364 -0.172698
v 0.0356867 0.194127 -1.22043
vt 0.521417 0.235761
f 1530/1997/2724 1529/1996/2724 1531/1998/2724

vn 0.986629 -0.0123857 -0.162508
vt 0.538358 0.274149
f 1529/1996/2725 1528/1999/2725 1531/1998/2725

vn 0.986605 -0.00879711 -0.162893
v 0.0517741 0.185666 -1.12254
vt 0.530747 0.276334
f 1531/1998/2726 1528/1999/2726 1532/2000/2726

vn 0.991727 -0.00883804 -0.12806
vt 0.549028 0.314473
f 1528/1999/2727 1527/2001/2727 1532/2000/2727

vn 0.987199 0.0700617 -0.143284
v 0.0665942 0.182073 -1.02219
vt 0.539688 0.316734
f 1532/2000/2728 1527/2001/2728 1533/2002/2728

vn 0.988385 0.0701459 -0.134813
f 1527/2001/2729 1526/1991/2729 1533/2002/2729

vn 0.986739 0.0848569 -0.138364
f 1533/2002/2730 1526/1991/2730 1525/1990/2730

vn 0.970468 -0.19546 -0.141374
v 0.0616783 0.157663 -1.02219
vt 0.529943 0.318756
f 1533/2002/2731 1525/1990/2731 1534/2003/2731

vn 0.95633 -0.265115 -0.123072
v 0.0725846 0.150388 -0.921769
vt 0.53524 0.358261
f 1534/2003/2732 1525/1990/2732 1535/2004/2732

vn 0.954397 -0.264559 -0.13833
f 1535/2004/2733 1525/1990/2733 1524/1989/2733

vn 0.82914 -0.541601 -0.138549
v 0.0551475 0.123683 -0.92173
vt 0.522946 0.359815
f 1535/2004/2734 1524/1989/2734 1536/2005/2734

vn 0.817805 -0.560338 -0.131213
f 1536/2005/2735 1524/1989/2735 1214/1548/2735

vn 0.81814 -0.560548 -0.128193
f 1524/1989/2736 1213/1547/2736 1214/1548/2736

vn 0.813541 -0.566546 -0.131061
f 1524/1989/2737 1212/1546/2737 1213/1547/2737

vn 0.965102 -0.225295 -0.133492
f 1524/1989/2738 1211/1545/2738 1212/1546/2738

vn 0.465714 -0.87497 -0.132435
f 1214/1548/2739 1215/1549/2739 1536/2005/2739

vn 0.505147 -0.854762 -0.119194
v 0.0303695 0.109137 -0.922424
vt 0.511868 0.360279
f 1536/2005/2740 1215/1549/2740 1537/2006/2740

vn 0.193486 -0.973869 -0.118925
f 1215/1549/2741 1216/1550/2741 1537/2006/2741

vn 0.181898 -0.975628 -0.122735
v 0 0.103494 -0.922581
vt 0.5 0.360522
f 1537/2006/2742 1216/1550/2742 1538/2007/2742

vn -0.181898 -0.975628 -0.122735
f 1216/1550/2743 1217/1551/2743 1538/2007/2743

vn -0.181146 -0.970576 -0.158646
v 0 0.119801 -1.02234
vt 0.5 0.321294
f 1538/2007/2744 1217/1551/2744 1539/2008/2744

vn -0.156435 -0.975967 -0.151711
v -0.025577 0.12389 -1.02228
vt 0.48983 0.321052
f 1539/2008/2745 1217/1551/2745 1540/2009/2745

vn -0.513429 -0.84501 -0.149496
f 1540/2009/2746 1217/1551/2746 1218/1552/2746

v -0.0201728 0.142481 -1.12263
vt 0.491726 0.280341
vn -0.510592 -0.840097 -0.183121
f 1541/2010/2747 1540/2009/2747 1218/1552/2747

v 0 0.138744 -1.1227
vt 0.5 0.280619
vn -0.179439 -0.965536 -0.188525
f 1542/2011/2748 1540/2009/2748 1541/2010/2748

vn -0.155669 -0.970667 -0.18323
f 1539/2008/2749 1540/2009/2749 1542/2011/2749

v 0.025577 0.12389 -1.02228
vt 0.51017 0.321052
vn 0.155669 -0.970667 -0.18323
f 1543/2012/2750 1539/2008/2750 1542/2011/2750

vn 0.156435 -0.975967 -0.151711
f 1537/2006/2751 1539/2008/2751 1543/2012/2751

vn 0.181146 -0.970576 -0.158646
f 1537/2006/2752 1538/2007/2752 1539/2008/2752

v 0.0462707 0.136448 -1.02219
vt 0.519669 0.320268
vn 0.513429 -0.84501 -0.149496
f 1544/2013/2753 1537/2006/2753 1543/2012/2753

vn 0.503524 -0.850407 -0.152552
f 1536/2005/2754 1537/2006/2754 1544/2013/2754

vn 0.828726 -0.541336 -0.142016
f 1544/2013/2755 1535/2004/2755 1536/2005/2755

vn 0.802325 -0.582702 -0.129355
f 1534/2003/2756 1535/2004/2756 1544/2013/2756

v 0.0357701 0.15208 -1.12252
vt 0.51565 0.279589
vn 0.796842 -0.57872 -0.173569
f 1545/2014/2757 1534/2003/2757 1544/2013/2757

v 0.0472549 0.168622 -1.12254
vt 0.523714 0.27808
vn 0.808268 -0.56143 -0.177481
f 1546/2015/2758 1534/2003/2758 1545/2014/2758

vn 0.967628 -0.194889 -0.160357
f 1546/2015/2759 1533/2002/2759 1534/2003/2759

vn 0.955635 -0.253378 -0.150206
f 1532/2000/2760 1533/2002/2760 1546/2015/2760

v 0.0319504 0.18192 -1.22043
vt 0.516319 0.23736
vn 0.950315 -0.251967 -0.182796
f 1547/2016/2761 1532/2000/2761 1546/2015/2761

vn 0.94069 -0.28791 -0.179472
f 1531/1998/2762 1532/2000/2762 1547/2016/2762

v 0.0130688 0.202601 -1.32675
vt 0.506472 0.19258
vn 0.932543 -0.285417 -0.221133
f 1548/2017/2763 1531/1998/2763 1547/2016/2763

vn 0.684259 -0.700869 -0.201426
f 1531/1998/2764 1548/2017/2764 1530/1997/2764

vn 0.771749 -0.617851 -0.150546
v 0.00902023 0.199865 -1.33628
vt 0.503702 0.189327
f 1530/1997/2765 1548/2017/2765 1549/2018/2765

vn 0.857467 -0.458969 -0.232589
v 0.0250523 0.171042 -1.2203
vt 0.511155 0.238717
f 1549/2018/2766 1548/2017/2766 1550/2019/2766

vn 0.817065 -0.521198 -0.24649
f 1548/2017/2767 1547/2016/2767 1550/2019/2767

vn 0.8262 -0.526425 -0.200674
f 1547/2016/2768 1546/2015/2768 1550/2019/2768

vn 0.805243 -0.559357 -0.19673
f 1550/2019/2769 1546/2015/2769 1545/2014/2769

vn 0.510778 -0.831801 -0.217285
v 0.0138756 0.164214 -1.22043
vt 0.505806 0.239425
f 1545/2014/2770 1551/2020/2770 1550/2019/2770

vn 0.512751 -0.830513 -0.217567
v 0.0201728 0.142481 -1.12263
vt 0.508274 0.280341
f 1545/2014/2771 1552/2021/2771 1551/2020/2771

vn 0.516147 -0.836426 -0.184344
f 1544/2013/2772 1552/2021/2772 1545/2014/2772

vn 0.510592 -0.840097 -0.183121
f 1544/2013/2773 1543/2012/2773 1552/2021/2773

vn 0.179439 -0.965536 -0.188525
f 1543/2012/2774 1542/2011/2774 1552/2021/2774

vn 0.178266 -0.958636 -0.221899
v 0 0.161368 -1.22043
vt 0.5 0.239732
f 1552/2021/2775 1542/2011/2775 1553/2022/2775

vn -0.178266 -0.958636 -0.221899
f 1542/2011/2776 1541/2010/2776 1553/2022/2776

vn -0.195774 -0.954554 -0.224722
v -0.0138756 0.164214 -1.22043
vt 0.494194 0.239425
f 1553/2022/2777 1541/2010/2777 1554/2023/2777

vn -0.512751 -0.830513 -0.217567
v -0.0357701 0.15208 -1.12252
vt 0.48435 0.279589
f 1554/2023/2778 1541/2010/2778 1555/2024/2778

vn -0.516147 -0.836426 -0.184344
f 1541/2010/2779 1218/1552/2779 1555/2024/2779

vn -0.796842 -0.57872 -0.173569
v -0.0616783 0.157663 -1.02219
vt 0.470057 0.318756
f 1555/2024/2780 1218/1552/2780 1556/2025/2780

vn -0.802325 -0.582702 -0.129355
f 1218/1552/2781 1219/1553/2781 1556/2025/2781

vn -0.95633 -0.265115 -0.123072
f 1556/2025/2782 1219/1553/2782 1220/1554/2782

v -0.0665942 0.182073 -1.02219
vt 0.460312 0.316734
vn -0.970468 -0.19546 -0.141374
f 1557/2026/2783 1556/2025/2783 1220/1554/2783

v -0.0472549 0.168622 -1.12254
vt 0.476286 0.27808
vn -0.967628 -0.194889 -0.160357
f 1558/2027/2784 1556/2025/2784 1557/2026/2784

vn -0.808268 -0.56143 -0.177481
f 1558/2027/2785 1555/2024/2785 1556/2025/2785

v -0.0250523 0.171042 -1.2203
vt 0.488845 0.238717
vn -0.805243 -0.559357 -0.19673
f 1559/2028/2786 1555/2024/2786 1558/2027/2786

vn -0.510778 -0.831801 -0.217285
f 1554/2023/2787 1555/2024/2787 1559/2028/2787

v -0.00456748 0.196249 -1.32819
vt 0.498021 0.193028
vn -0.502057 -0.816172 -0.286009
f 1560/2029/2788 1554/2023/2788 1559/2028/2788

vn -0.19198 -0.936055 -0.294865
f 1553/2022/2789 1554/2023/2789 1560/2029/2789

vn -0.444453 -0.857612 -0.258771
v 0 0.19663 -1.3373
vt 0.5 0.189439
f 1553/2022/2790 1560/2029/2790 1561/2030/2790

vn -0.3511 -0.911509 -0.214198
v -0.00902023 0.199865 -1.33628
vt 0.496298 0.189327
f 1561/2030/2791 1560/2029/2791 1562/2031/2791

vn -0.266897 -0.925995 -0.267019
f 1560/2029/2792 1559/2028/2792 1562/2031/2792

vn -0.857467 -0.458969 -0.232589
v -0.0130688 0.202601 -1.32675
vt 0.493528 0.19258
f 1562/2031/2793 1559/2028/2793 1563/2032/2793

vn -0.817065 -0.521198 -0.24649
v -0.0319504 0.18192 -1.22043
vt 0.483681 0.23736
f 1563/2032/2794 1559/2028/2794 1564/2033/2794

vn -0.8262 -0.526425 -0.200674
f 1564/2033/2795 1559/2028/2795 1558/2027/2795

vn -0.950315 -0.251967 -0.182796
v -0.0517741 0.185666 -1.12254
vt 0.469253 0.276334
f 1564/2033/2796 1558/2027/2796 1565/2034/2796

vn -0.955635 -0.253378 -0.150206
f 1558/2027/2797 1557/2026/2797 1565/2034/2797

vn -0.987199 0.0700617 -0.143284
v -0.0649115 0.205783 -1.02219
vt 0.450972 0.314473
f 1565/2034/2798 1557/2026/2798 1566/2035/2798

vn -0.988385 0.0701459 -0.134813
v -0.0784809 0.207652 -0.921733
vt 0.442125 0.354178
f 1557/2026/2799 1567/2036/2799 1566/2035/2799

vn -0.986739 0.0848569 -0.138364
f 1557/2026/2800 1220/1554/2800 1567/2036/2800

vn -0.988758 0.085032 -0.122992
v -0.0906485 0.211039 -0.821573
vt 0.433962 0.392884
f 1567/2036/2801 1220/1554/2801 1568/2037/2801

vn -0.982175 0.129651 -0.136101
f 1220/1554/2802 1221/1555/2802 1568/2037/2802

vn -0.984657 0.129979 -0.116431
v -0.10191 0.214945 -0.721975
vt 0.426904 0.430877
f 1221/1555/2803 1569/2038/2803 1568/2037/2803

vn -0.982869 0.139929 -0.119952
f 1221/1555/2804 1222/1556/2804 1569/2038/2804

vn -0.979083 0.138751 -0.14881
v -0.115955 0.219904 -0.624944
vt 0.421091 0.467758
f 1569/2038/2805 1222/1556/2805 1570/2039/2805

vn -0.983142 0.117592 -0.140015
f 1222/1556/2806 1223/1557/2806 1570/2039/2806

vn -0.98042 0.116285 -0.158918
f 1570/2039/2807 1223/1557/2807 1224/1558/2807

vt 0.215462 0.605106
vn -0.902387 0.39725 -0.167006
v -0.112133 0.266304 -0.535226
vt 0.20931 0.641303
f 1570/2040/2808 1224/1559/2808 1571/2041/2808

vn -0.872938 0.372475 -0.315027
f 1571/2041/2809 1224/1559/2809 1225/1560/2809

vn -0.794086 0.511397 -0.328481
v -0.102765 0.32702 -0.463347
vt 0.201494 0.676534
f 1571/2041/2810 1225/1560/2810 1572/2042/2810

vn -0.773273 0.475294 -0.419696
f 1572/2042/2811 1225/1560/2811 1226/1561/2811

vn -0.446498 0.756123 -0.478454
f 1476/1924/2812 1572/2042/2812 1226/1561/2812

vn -0.422328 0.756934 -0.498689
f 1478/1926/2813 1572/2042/2813 1476/1924/2813

vn -0.430807 0.80968 -0.398527
v -0.085835 0.299204 -0.53816
vt 0.19379 0.645132
f 1478/1926/2814 1573/2043/2814 1572/2042/2814

vn -0.527115 0.78256 -0.331284
f 1480/1928/2815 1573/2043/2815 1478/1926/2815

vn -0.538407 0.812257 -0.224404
v -0.0742638 0.281943 -0.628404
vt 0.187643 0.609362
f 1480/1928/2816 1574/2044/2816 1573/2043/2816

vn -0.504683 0.828518 -0.242597
f 1482/1930/2817 1574/2044/2817 1480/1928/2817

vn -0.513011 0.846812 -0.14046
v -0.0658947 0.271137 -0.724113
vt 0.183343 0.571885
f 1482/1930/2818 1575/2045/2818 1574/2044/2818

vn -0.478007 0.864437 -0.155754
f 1484/1932/2819 1575/2045/2819 1482/1930/2819

vn -0.479001 0.866731 -0.139052
v -0.057909 0.259931 -0.821474
vt 0.180292 0.533264
f 1484/1932/2820 1576/2046/2820 1575/2045/2820

vn -0.444194 0.882937 -0.152034
f 1486/1934/2821 1576/2046/2821 1484/1932/2821

vn -0.446045 0.886821 -0.120797
v -0.0502036 0.250105 -0.922061
vt 0.177597 0.492546
f 1486/1934/2822 1577/2047/2822 1576/2046/2822

vn -0.467024 0.876821 -0.114343
f 1489/1937/2823 1577/2047/2823 1486/1934/2823

vn -0.467065 0.876911 -0.113481
v -0.0417495 0.24165 -1.02219
vt 0.174587 0.450927
f 1489/1937/2824 1578/2048/2824 1577/2047/2824

vn -0.480252 0.870199 -0.110054
f 1490/1938/2825 1578/2048/2825 1489/1937/2825

vn -0.480494 0.870636 -0.105449
v -0.0339484 0.233799 -1.12256
vt 0.171681 0.407686
f 1490/1938/2826 1579/2049/2826 1578/2048/2826

vn -0.478467 0.871699 -0.105883
f 1492/1940/2827 1579/2049/2827 1490/1938/2827

vn -0.478628 0.871999 -0.102632
v -0.0241613 0.227652 -1.22043
vt 0.167647 0.363623
f 1492/1940/2828 1580/2050/2828 1579/2049/2828

vt 0.158222 0.315222
vn -0.492401 0.864535 -0.100601
vt 0.167657 0.363621
vt 0.163879 0.409482
vt 0.161643 0.363881
f 1496/2051/2829 1580/2052/2829 1492/2053/2829 1494/2054/2829 

vn -0.295294 0.953098 -0.0663746
f 1496/1944/2830 1498/1946/2830 1580/2050/2830

vn -0.877111 0.464895 -0.120622
v -0.0144688 0.218623 -1.32571
vt 0.16402 0.314338
f 1498/1946/2831 1581/2055/2831 1580/2050/2831

vn -0.863678 0.493239 -0.103806
f 1500/1948/2832 1581/2055/2832 1498/1946/2832

vn -0.842671 0.525983 -0.115099
v -0.0358534 0.2074 -1.22043
vt 0.178439 0.362605
f 1500/1948/2833 1582/2056/2833 1581/2055/2833

vn -0.984359 -0.0346619 -0.172733
v -0.0150512 0.20809 -1.33912
vt 0.492828 0.186813
vt 0.47334 0.233806
f 1500/1951/2834 1583/2057/2834 1582/2058/2834

vn -0.631417 -0.0456804 -0.774097
f 1500/1951/2835 1501/1950/2835 1583/2057/2835

vn -0.489433 -0.582703 -0.648778
f 1501/1950/2836 1562/2031/2836 1583/2057/2836

vn -0.324547 -0.707691 -0.627568
f 1561/2030/2837 1562/2031/2837 1501/1950/2837

vn 0.324547 -0.707691 -0.627568
f 1549/2018/2838 1561/2030/2838 1501/1950/2838

vn 0.3511 -0.911509 -0.214198
v 0.00456748 0.196249 -1.32819
vt 0.501979 0.193028
f 1549/2018/2839 1584/2059/2839 1561/2030/2839

vn 0.266897 -0.925995 -0.267019
f 1550/2019/2840 1584/2059/2840 1549/2018/2840

vn 0.502057 -0.816172 -0.286009
f 1550/2019/2841 1551/2020/2841 1584/2059/2841

vn 0.19198 -0.936055 -0.294865
f 1551/2020/2842 1553/2022/2842 1584/2059/2842

vn 0.195774 -0.954554 -0.224722
f 1552/2021/2843 1553/2022/2843 1551/2020/2843

vn 0.444453 -0.857612 -0.258771
f 1584/2059/2844 1553/2022/2844 1561/2030/2844

vn 0.489433 -0.582703 -0.648778
f 1501/1950/2845 1530/1997/2845 1549/2018/2845

vn 0.631417 -0.0456804 -0.774097
f 1502/1952/2846 1530/1997/2846 1501/1950/2846

vn -0.771749 -0.617851 -0.150546
f 1583/2057/2847 1562/2031/2847 1563/2032/2847

vn -0.684259 -0.700869 -0.201426
v -0.0356867 0.194127 -1.22043
vt 0.478583 0.235761
f 1563/2032/2848 1585/2060/2848 1583/2057/2848

vn -0.932543 -0.285417 -0.221133
f 1563/2032/2849 1564/2033/2849 1585/2060/2849

vn -0.94069 -0.28791 -0.179472
f 1564/2033/2850 1565/2034/2850 1585/2060/2850

vn -0.986605 -0.00879711 -0.162893
v -0.0519438 0.204742 -1.12254
vt 0.461643 0.274149
f 1585/2060/2851 1565/2034/2851 1586/2061/2851

vn -0.991727 -0.00883804 -0.12806
f 1586/2061/2852 1565/2034/2852 1566/2035/2852

vt 0.186779 0.406372
vn -0.906913 0.403456 -0.121377
vt 0.19268 0.449342
v -0.0568188 0.223974 -1.02219
vt 0.184347 0.450193
f 1586/2062/2853 1566/2063/2853 1587/2064/2853

vn -0.906153 0.403118 -0.127993
v -0.068403 0.229794 -0.921847
vt 0.18868 0.491759
f 1566/2063/2854 1588/2065/2854 1587/2064/2854

vn -0.902743 0.410203 -0.129569
vt 0.198509 0.490715
f 1566/2063/2855 1567/2066/2855 1588/2065/2855

vn -0.903421 0.410542 -0.123633
vt 0.2038 0.530698
f 1588/2065/2856 1567/2066/2856 1568/2067/2856

vn -0.910122 0.394005 -0.128212
v -0.0788345 0.238327 -0.821576
vt 0.192169 0.532172
f 1588/2065/2857 1568/2067/2857 1589/2068/2857

vn -0.911632 0.39466 -0.114768
v -0.0878525 0.246164 -0.722996
vt 0.196156 0.570759
f 1589/2068/2858 1568/2067/2858 1590/2069/2858

vn -0.906852 0.404475 -0.118401
vt 0.209138 0.569189
f 1568/2067/2859 1569/2070/2859 1590/2069/2859

vn -0.906461 0.404169 -0.122377
v -0.0971532 0.254396 -0.626915
vt 0.201198 0.607388
f 1590/2069/2860 1569/2070/2860 1591/2071/2860

vn -0.871672 0.466566 -0.150013
f 1569/2070/2861 1570/2040/2861 1591/2071/2861

vn -0.864887 0.459953 -0.201032
f 1591/2071/2862 1570/2040/2862 1571/2041/2862

vn -0.773464 0.600018 -0.204286
f 1591/2071/2863 1571/2041/2863 1573/2043/2863

vn -0.740147 0.558164 -0.375015
f 1573/2043/2864 1571/2041/2864 1572/2042/2864

vn -0.756801 0.617237 -0.215104
f 1574/2044/2865 1591/2071/2865 1573/2043/2865

vn -0.766177 0.629728 -0.128123
f 1590/2069/2866 1591/2071/2866 1574/2044/2866

vn -0.746804 0.650413 -0.13873
f 1575/2045/2867 1590/2069/2867 1574/2044/2867

vn -0.748204 0.652469 -0.120312
f 1589/2068/2868 1590/2069/2868 1575/2045/2868

vn -0.711122 0.689455 -0.137686
f 1589/2068/2869 1575/2045/2869 1576/2046/2869

vn -0.712628 0.690839 -0.122074
f 1577/2047/2870 1589/2068/2870 1576/2046/2870

vn -0.738828 0.660622 -0.133081
f 1577/2047/2871 1588/2065/2871 1589/2068/2871

vn -0.739679 0.661482 -0.123759
f 1587/2064/2872 1588/2065/2872 1577/2047/2872

vn -0.755655 0.644216 -0.118198
f 1578/2048/2873 1587/2064/2873 1577/2047/2873

v -0.0455336 0.219977 -1.12255
vt 0.179569 0.407111
vn -0.756309 0.644775 -0.110732
f 1592/2072/2874 1587/2064/2874 1578/2048/2874

vn -0.915269 0.385092 -0.118264
f 1592/2072/2875 1586/2062/2875 1587/2064/2875

vn -0.912714 0.384014 -0.139595
f 1582/2056/2876 1586/2062/2876 1592/2072/2876

vn -0.986629 -0.0123857 -0.162508
f 1585/2060/2877 1586/2061/2877 1582/2058/2877

vn -0.984897 -0.012364 -0.172698
f 1583/2057/2878 1585/2060/2878 1582/2058/2878

vn -0.920264 0.36614 -0.138045
v -0.0313583 0.218698 -1.22043
vt 0.172896 0.363225
f 1582/2056/2879 1592/2072/2879 1593/2073/2879

vn -0.761055 0.637765 -0.118538
f 1593/2073/2880 1592/2072/2880 1579/2049/2880

vn -0.761874 0.638461 -0.109159
f 1579/2049/2881 1592/2072/2881 1578/2048/2881

vn -0.774099 0.622255 -0.11649
f 1593/2073/2882 1579/2049/2882 1580/2050/2882

vn -0.77334 0.621645 -0.124511
f 1581/2055/2883 1593/2073/2883 1580/2050/2883

vn -0.91897 0.365625 -0.147691
f 1581/2055/2884 1582/2056/2884 1593/2073/2884

vn -0.438814 0.628503 -0.642204
f 1475/1923/2885 1476/1924/2885 1226/1561/2885

vn -0.35572 0.596818 -0.719216
f 1475/1923/2886 1226/1561/2886 1227/1562/2886

vn -0.340999 0.311688 -0.886888
f 1474/1922/2887 1475/1923/2887 1227/1562/2887

vn -0.309643 0.275975 -0.909922
v -0.150741 0.476593 -0.316375
vt 0.222195 0.765726
f 1474/1922/2888 1227/1562/2888 1594/2074/2888

vn -0.544793 0.197681 -0.814937
f 1594/2074/2889 1227/1562/2889 1228/1563/2889

vn -0.557725 0.207521 -0.803665
f 1594/2074/2890 1228/1563/2890 1229/1564/2890

vn -0.561155 0.251678 -0.78852
f 1230/1565/2891 1594/2074/2891 1229/1564/2891

v -0.149269 0.540751 -0.297785
vt 0.220837 0.792874
vn -0.56719 0.241191 -0.787479
f 1595/2075/2892 1594/2074/2892 1230/1565/2892

vn -0.309484 0.27119 -0.911414
f 1595/2075/2893 1474/1922/2893 1594/2074/2893

vn -0.308382 0.272914 -0.911273
f 1236/1574/2894 1474/1922/2894 1595/2075/2894

vn -0.132247 0.28194 -0.950274
f 1236/1574/2895 1237/1575/2895 1474/1922/2895

vn -0.308248 0.256317 -0.916125
f 1232/1567/2896 1236/1574/2896 1595/2075/2896

vn -0.305613 0.260341 -0.915873
f 1233/1568/2897 1236/1574/2897 1232/1567/2897

vn -0.546327 0.247408 -0.800197
f 1232/1567/2898 1595/2075/2898 1231/1566/2898

vn -0.567092 0.213548 -0.79549
f 1231/1566/2899 1595/2075/2899 1230/1565/2899

vn 0.169358 0.953067 -0.25096
vt 0.844298 0.648244
f 1207/1540/2900 1483/1985/2900 1481/2076/2900

vn 0.178569 0.952549 -0.246501
f 1206/1539/2901 1207/1540/2901 1481/2076/2901

vn 0.176442 0.917418 -0.356668
vt 0.844298 0.679158
f 1206/1539/2902 1481/2076/2902 1479/2077/2902

vn 0.182844 0.917861 -0.352278
f 1194/1525/2903 1206/1539/2903 1479/2077/2903

vn 0.527115 0.78256 -0.331284
f 1195/1526/2904 1206/1539/2904 1194/1525/2904

vn 0.183231 0.856952 -0.481726
vt 0.844298 0.710013
f 1194/1525/2905 1479/2077/2905 1477/2078/2905

vn 0.136975 0.845113 -0.516741
f 1193/1524/2906 1194/1525/2906 1477/2078/2906

vn 0.135347 0.703251 -0.697939
f 1193/1524/2907 1477/2078/2907 1473/1920/2907

vn 0.965091 0.196408 -0.173274
f 1245/1588/2908 1246/1590/2908 1470/1917/2908

vn 0.97492 0.207915 0.0793883
v 0.257597 0.65753 0.015945
vt 0.639192 0.858439
f 1246/1590/2909 1596/2079/2909 1470/1917/2909

vn 0.992276 0.0886272 0.0867944
v 0.25736 0.680489 -0.00479829
vt 0.64787 0.868133
f 1246/1590/2910 1597/2080/2910 1596/2079/2910

vn 0.978353 0.202445 0.0429213
f 1246/1590/2911 1247/1591/2911 1597/2080/2911

v 0.282664 0.681002 -0.00789135
vt 0.898375 0.205953
vn 0.0279295 -0.997623 0.0629969
vt 0.896396 0.191406
vt 0.923117 0.191406
f 1598/2081/2912 1597/2082/2912 1247/2083/2912

vn 0.0828174 -0.838612 0.538396
v 0.274508 0.713826 0.0444909
vt 0.876604 0.205953
f 1598/2081/2913 1599/2084/2913 1597/2082/2913

v 0.329547 0.717352 0.0381696
vt 0.880014 0.226728
vn 0.115444 -0.833524 0.540288
f 1600/2085/2914 1599/2084/2914 1598/2081/2914

v 0.324541 0.76073 0.0696783
vt 0.861238 0.226728
vn 0.129646 -0.572897 0.809309
f 1601/2086/2915 1599/2084/2915 1600/2085/2915

vn 0.0564772 -0.518441 0.853246
v 0.267465 0.759102 0.072467
vt 0.858219 0.205953
f 1601/2086/2916 1602/2087/2916 1599/2084/2916

v 0.321244 0.82055 0.0756547
vt 0.839949 0.226728
vn 0.0513181 -0.0964799 0.994011
f 1603/2088/2917 1602/2087/2917 1601/2086/2917

vn 0.0365799 -0.0836748 0.995821
v 0.263114 0.819767 0.0777243
vt 0.836736 0.205953
f 1603/2088/2918 1604/2089/2918 1602/2087/2918

v 0.320073 0.869681 0.0473535
vt 0.939509 0.410321
vn 0.0241111 0.49943 0.866019
vt 0.960631 0.389547
vt 0.959375 0.410321
f 1605/2090/2919 1604/2091/2919 1603/2092/2919

v 0.261483 0.873745 0.0523016
vt 0.940214 0.389547
vn 0.105445 0.426321 0.898405
f 1606/2093/2920 1604/2091/2920 1605/2090/2920

vn 0.0411524 0.426747 0.903434
v 0.225257 0.818739 0.0799346
vt 0.960254 0.375
f 1606/2093/2921 1607/2094/2921 1604/2091/2921

vn 0.119562 0.381686 0.916526
f 1264/1627/2922 1607/2094/2922 1606/2093/2922

vn 0.595734 0.358267 0.718851
vt 0.614701 0.915039
f 1264/1628/2923 1265/1629/2923 1607/2095/2923

vn 0.526306 0.335946 0.781116
v 0.207951 0.814319 0.0934961
vt 0.606153 0.916248
f 1265/1629/2924 1608/2096/2924 1607/2095/2924

vn 0.617966 0.325795 0.715525
f 1265/1629/2925 1438/1880/2925 1608/2096/2925

vn 0.613532 0.33639 0.714437
f 1266/1630/2926 1438/1880/2926 1265/1629/2926

vn 0.634492 0.350997 0.688637
f 1438/1880/2927 1439/1881/2927 1608/2096/2927

vn 0.691223 0.169 0.702602
v 0.219962 0.752069 0.0966534
vt 0.604327 0.893244
f 1608/2096/2928 1439/1881/2928 1609/2097/2928

vn 0.761116 0.301914 0.574064
v 0.194136 0.746189 0.133987
vt 0.587106 0.892096
f 1609/2097/2929 1439/1881/2929 1610/2098/2929

vn 0.570026 0.259193 0.779673
f 1439/1881/2930 1440/1882/2930 1610/2098/2930

vn 0.564991 0.281318 0.775658
f 1610/2098/2931 1440/1882/2931 1441/1883/2931

vn 0.637275 0.216419 0.739624
v 0.224291 0.664266 0.131976
vt 0.593009 0.86077
f 1610/2098/2932 1441/1883/2932 1611/2099/2932

vn 0.643844 0.153051 0.749693
v 0.227066 0.581828 0.146422
vt 0.58763 0.831467
f 1441/1883/2933 1612/2100/2933 1611/2099/2933

vn 0.689015 0.226971 0.688289
f 1612/2100/2934 1441/1883/2934 1442/1884/2934

vn 0.699525 0.11276 0.705655
v 0.22384 0.499506 0.162775
vt 0.57939 0.803885
f 1442/1884/2935 1613/2101/2935 1612/2100/2935

vn 0.679247 0.0848924 0.728984
f 1442/1884/2936 1443/1885/2936 1613/2101/2936

vn 0.680228 -0.058172 0.730689
f 1443/1885/2937 1444/1886/2937 1613/2101/2937

v 0.233917 0.416476 0.138615
vt 0.582918 0.774352
vn 0.759522 -0.09506 0.643499
f 1614/2102/2938 1613/2101/2938 1444/1886/2938

v 0.270787 0.500131 0.0595226
vt 0.619393 0.798499
vn 0.910297 -0.0099327 0.413838
f 1615/2103/2939 1613/2101/2939 1614/2102/2939

vn 0.909226 0.0465426 0.413693
f 1615/2103/2940 1612/2100/2940 1613/2101/2940

v 0.266367 0.575417 0.0455305
vt 0.626943 0.826319
vn 0.927605 0.120191 0.3537
f 1616/2104/2941 1612/2100/2941 1615/2103/2941

v 0.261115 0.628208 0.0315382
vt 0.632883 0.84659
vn 0.919879 0.183413 0.346674
f 1617/2105/2942 1612/2100/2942 1616/2104/2942

vn 0.945017 0.0870526 0.315222
f 1617/2105/2943 1611/2099/2943 1612/2100/2943

vn 0.945303 0.110285 0.306985
v 0.238401 0.692135 0.0785132
vt 0.613331 0.871302
f 1617/2105/2944 1618/2106/2944 1611/2099/2944

vn 0.961191 0.210287 0.178579
f 1596/2079/2945 1618/2106/2945 1617/2105/2945

vn 0.955775 -0.00157441 0.294093
v 0.247409 0.711528 0.0493423
vt 0.624582 0.878986
f 1596/2079/2946 1619/2107/2946 1618/2106/2946

vn 0.986656 0.114627 0.115635
f 1597/2080/2947 1619/2107/2947 1596/2079/2947

vn 0.163338 -0.84264 0.513107
vt 0.874561 0.191406
f 1599/2084/2948 1619/2108/2948 1597/2082/2948

vn 0.193657 -0.493724 0.847782
f 1602/2087/2949 1619/2108/2949 1599/2084/2949

vn 0.102257 -0.469414 0.877037
v 0.236217 0.757763 0.0753938
vt 0.856918 0.191406
f 1602/2087/2950 1620/2109/2950 1619/2108/2950

vn 0.0963226 -0.0790765 0.992204
f 1604/2089/2951 1620/2109/2951 1602/2087/2951

vn 0.0598879 -0.0634211 0.996188
vt 0.835938 0.191406
f 1604/2089/2952 1607/2110/2952 1620/2109/2952

vn 0.608035 0.0502818 0.792316
vt 0.613877 0.89447
f 1607/2095/2953 1608/2096/2953 1620/2111/2953

vn 0.758103 0.178087 0.627347
f 1620/2111/2954 1608/2096/2954 1609/2097/2954

vn 0.785958 0.0554321 0.61579
f 1620/2111/2955 1609/2097/2955 1618/2106/2955

vn 0.814328 0.0763988 0.575355
f 1618/2106/2956 1609/2097/2956 1610/2098/2956

vn 0.867102 0.309592 0.39024
f 1618/2106/2957 1610/2098/2957 1611/2099/2957

vn 0.945237 0.0468181 0.32301
f 1619/2107/2958 1620/2111/2958 1618/2106/2958

vn 0.981264 0.167942 0.0944237
f 1470/1917/2959 1596/2079/2959 1617/2105/2959

vn 0.975685 0.198557 0.0928089
f 1470/1917/2960 1617/2105/2960 1469/1916/2960

vn 0.982696 0.132172 0.129764
f 1469/1916/2961 1617/2105/2961 1616/2104/2961

vn 0.965618 0.227456 0.125882
f 1469/1916/2962 1616/2104/2962 1468/1914/2962

vn 0.974858 0.0947146 0.201697
f 1468/1914/2963 1616/2104/2963 1615/2103/2963

vn 0.953028 0.213063 0.215273
v 0.283119 0.466728 0.03799
vt 0.626681 0.784714
f 1468/1914/2964 1615/2103/2964 1621/2112/2964

vn 0.870245 0.00372816 0.492605
v 0.248737 0.411096 0.0991499
vt 0.597182 0.768885
f 1621/2112/2965 1615/2103/2965 1622/2113/2965

vn 0.930623 -0.0706459 0.359097
f 1615/2103/2966 1614/2102/2966 1622/2113/2966

vn 0.888471 -0.270763 0.370548
f 1622/2113/2967 1614/2102/2967 1448/1890/2967

vn 0.856962 -0.275173 0.435771
f 1448/1890/2968 1614/2102/2968 1445/1887/2968

vn 0.745633 -0.201557 0.635142
f 1614/2102/2969 1444/1886/2969 1445/1887/2969

vt 0.890824 0.630785
vn 0.139402 0.330238 0.933547
v 0.283558 0.388247 0.102033
vt 0.900007 0.636675
f 1622/2114/2970 1448/1891/2970 1623/2115/2970

vn -0.00484424 0.516049 0.856545
f 1623/2115/2971 1448/1891/2971 1449/1893/2971

vn 0.375224 0.213353 0.902046
v 0.310457 0.328176 0.105052
vt 0.915892 0.639371
f 1623/2115/2972 1449/1893/2972 1624/2116/2972

vn 0.374868 0.285946 0.881878
v 0.26304 0.288503 0.138072
vt 0.923755 0.624485
f 1449/1893/2973 1625/2117/2973 1624/2116/2973

vn -0.153005 0.0158299 0.988099
f 1449/1893/2974 1450/1894/2974 1625/2117/2974

vn -0.184478 0.0924528 0.978479
v 0.207827 0.234092 0.132803
vt 0.935788 0.60914
f 1625/2117/2975 1450/1894/2975 1626/2118/2975

vn -0.70161 -0.223805 0.676502
f 1452/1896/2976 1626/2118/2976 1450/1894/2976

vn -0.73959 -0.138272 0.658701
v 0.174359 0.187525 0.0854497
vt 0.950208 0.593839
f 1452/1896/2977 1627/2119/2977 1626/2118/2977

vn -0.953565 -0.242197 0.179036
f 1454/1898/2978 1627/2119/2978 1452/1896/2978

vn -0.925533 -0.330445 0.184919
v 0.167776 0.16802 0.017647
vt 0.96063 0.572614
f 1454/1898/2979 1628/2120/2979 1627/2119/2979

vn -0.931231 -0.352962 0.0907056
f 1456/1900/2980 1628/2120/2980 1454/1898/2980

vn -0.980065 -0.189685 0.0590927
v 0.171002 0.151903 0.0194267
vt 0.966539 0.57413
f 1456/1900/2981 1629/2121/2981 1628/2120/2981

vn -0.988217 -0.139453 0.0630858
v 0.168029 0.145945 -0.0403205
vt 0.969498 0.551533
f 1456/1900/2982 1630/2122/2982 1629/2121/2982

vn -0.985174 -0.160815 -0.0597622
vt 0.969498 0.803367
f 1457/1903/2983 1630/2123/2983 1456/1901/2983

vn -0.996561 -0.0461902 -0.0687895
v 0.168649 0.134997 -0.0419443
vt 0.973731 0.802741
f 1457/1903/2984 1631/2124/2984 1630/2123/2984

vn -0.99796 -0.00280766 -0.0637823
v 0.172259 0.127355 -0.0980928
vt 0.976355 0.781386
f 1457/1903/2985 1632/2125/2985 1631/2124/2985

vn -0.817029 -0.0440949 -0.574908
f 1458/1904/2986 1632/2125/2986 1457/1903/2986

vn -0.802175 -0.100045 -0.588648
v 0.202759 0.127039 -0.139603
vt 0.976905 0.761552
f 1458/1904/2987 1633/2126/2987 1632/2125/2987

vn -0.344322 -0.0868048 -0.93483
f 1458/1904/2988 1459/1905/2988 1633/2126/2988

vn -0.393122 0.0371821 -0.918734
v 0.238873 0.117313 -0.15545
vt 0.981808 0.745759
f 1459/1905/2989 1634/2127/2989 1633/2126/2989

vn 0.252253 0.00912516 -0.967618
v 0.276639 0.12865 -0.145497
vt 0.978438 0.729004
f 1459/1905/2990 1635/2128/2990 1634/2127/2990

vn 0.238083 -0.0273225 -0.970861
f 1460/1906/2991 1635/2128/2991 1459/1905/2991

vn 0.758165 -0.0833347 -0.646716
v 0.30356 0.132967 -0.114493
vt 0.977613 0.711459
f 1460/1906/2992 1636/2129/2992 1635/2128/2992

vn 0.717455 -0.152646 -0.679675
f 1460/1906/2993 1461/1907/2993 1636/2129/2993

vn 0.935995 -0.176779 -0.304407
v 0.31784 0.133786 -0.0710603
vt 0.977739 0.692699
f 1461/1907/2994 1637/2130/2994 1636/2129/2994

vn 0.894497 -0.258033 -0.365095
f 1461/1907/2995 1462/1908/2995 1637/2130/2995

vn 0.957701 -0.275985 -0.0814861
v 0.321302 0.131959 -0.0241826
vt 0.978061 0.673965
f 1462/1908/2996 1638/2131/2996 1637/2130/2996

vn 0.928001 -0.342089 -0.147615
v 0.337741 0.174849 -0.0202322
vt 0.961105 0.673602
f 1462/1908/2997 1639/2132/2997 1638/2131/2997

vn 0.928574 -0.340494 -0.147697
f 1463/1909/2998 1639/2132/2998 1462/1908/2998

vn 0.919352 -0.356888 -0.165595
v 0.360147 0.231465 -0.0178592
vt 0.942137 0.673544
f 1463/1909/2999 1640/2133/2999 1639/2132/2999

vn 0.957787 -0.223939 -0.180264
f 1464/1910/3000 1640/2133/3000 1463/1909/3000

vn 0.978106 -0.165253 -0.126491
v 0.371345 0.298839 -0.0192827
vt 0.923908 0.673614
f 1464/1910/3001 1641/2134/3001 1640/2133/3001

vn 0.982262 0.10084 -0.158092
v 0.362511 0.373901 -0.0262926
vt 0.905221 0.673964
f 1464/1910/3002 1642/2135/3002 1641/2134/3002

vn 0.98725 0.0845968 -0.134833
f 1465/1911/3003 1642/2135/3003 1464/1910/3003

vn 0.892575 0.412372 -0.182371
v 0.330065 0.438539 -0.0389346
vt 0.886955 0.674931
f 1465/1911/3004 1643/2136/3004 1642/2135/3004

vn 0.9215 0.370641 -0.116032
f 1466/1912/3005 1643/2136/3005 1465/1911/3005

vn 0.861641 0.489817 -0.132871
f 1466/1912/3006 1467/1913/3006 1643/2136/3006

vn 0.791564 0.540554 0.285003
vt 0.877951 0.651623
f 1467/1913/3007 1621/2137/3007 1643/2136/3007

vn 0.919832 0.297091 0.256217
f 1468/1914/3008 1621/2112/3008 1467/1915/3008

vn 0.758771 0.604981 0.241381
v 0.316083 0.423337 0.0431206
vt 0.892089 0.653995
f 1643/2136/3009 1621/2137/3009 1644/2138/3009

vn 0.581678 0.51623 0.628615
f 1621/2137/3010 1623/2115/3010 1644/2138/3010

vn 0.33168 0.597566 0.730002
f 1621/2137/3011 1622/2114/3011 1623/2115/3011

vn 0.709301 0.360022 0.606032
v 0.346398 0.361518 0.0443641
vt 0.908768 0.65664
f 1644/2138/3012 1623/2115/3012 1645/2139/3012

vn 0.709899 0.348635 0.611962
f 1645/2139/3013 1623/2115/3013 1624/2116/3013

v 0.357472 0.288554 0.0440246
vt 0.926662 0.657454
vn 0.823046 0.12234 0.554642
f 1646/2140/3014 1645/2139/3014 1624/2116/3014

vn 0.961341 0.144821 0.2342
f 1641/2134/3015 1645/2139/3015 1646/2140/3015

vn 0.960525 0.135723 0.24284
f 1642/2135/3016 1645/2139/3016 1641/2134/3016

vn 0.861932 0.428143 0.271601
f 1642/2135/3017 1644/2138/3017 1645/2139/3017

vn 0.850276 0.472259 0.232385
f 1643/2136/3018 1644/2138/3018 1642/2135/3018

vt 0.926662 0.657439
vn 0.969727 -0.157156 0.186898
v 0.348181 0.223575 0.0376245
vt 0.944246 0.659362
vt 0.942136 0.67353
vt 0.923907 0.673599
f 1646/2141/3019 1647/2142/3019 1640/2143/3019 1641/2144/3019 

vt 0.943919 0.657379
vn 0.860898 -0.17032 0.479422
v 0.321899 0.264328 0.0992957
vt 0.931638 0.640886
f 1647/2145/3020 1646/2140/3020 1648/2146/3020

vn 0.817532 0.0953095 0.567942
f 1646/2140/3021 1624/2116/3021 1648/2146/3021

vn 0.557109 0.0250039 0.830063
f 1624/2116/3022 1625/2117/3022 1648/2146/3022

vn 0.54933 -0.00281663 0.8356
v 0.273091 0.235201 0.131285
vt 0.937197 0.625704
f 1625/2117/3023 1649/2147/3023 1648/2146/3023

vn 0.0251555 -0.121604 0.99226
f 1625/2117/3024 1626/2118/3024 1649/2147/3024

vn 0.0252498 -0.12832 0.991411
v 0.217989 0.1992 0.128028
vt 0.945466 0.610941
f 1649/2147/3025 1626/2118/3025 1650/2148/3025

vn -0.630198 -0.282501 0.723218
f 1626/2118/3026 1627/2119/3026 1650/2148/3026

vn -0.652665 -0.212835 0.727138
v 0.179746 0.167636 0.0844641
vt 0.956592 0.595351
f 1650/2148/3027 1627/2119/3027 1651/2149/3027

vn -0.949264 -0.265504 0.168541
f 1628/2120/3028 1651/2149/3028 1627/2119/3028

vn -0.969314 -0.174992 0.172652
f 1628/2120/3029 1629/2121/3029 1651/2149/3029

vn -0.938246 -0.285616 0.195236
v 0.184649 0.1452 0.0752008
vt 0.964919 0.595051
f 1629/2121/3030 1652/2150/3030 1651/2149/3030

v 0.172258 0.137627 0.0184863
vt 0.9721 0.574531
vn -0.969183 -0.100048 0.225109
f 1653/2151/3031 1652/2150/3031 1629/2121/3031

vn -0.893862 -0.375224 0.245395
v 0.186824 0.126135 0.0539735
vt 0.974811 0.590513
f 1653/2151/3032 1654/2152/3032 1652/2150/3032

v 0.172449 0.121596 0.00860951
vt 0.978834 0.571128
vn -0.927019 -0.204682 0.314231
f 1655/2153/3033 1654/2152/3033 1653/2151/3033

vn -0.895874 -0.31313 0.315214
v 0.187249 0.108322 0.0374843
vt 0.984409 0.585449
f 1655/2153/3034 1656/2154/3034 1654/2152/3034

v 0.170977 0.104972 -0.00535442
vt 0.985638 0.56545
vn -0.9053 -0.22333 0.361326
f 1657/2155/3035 1656/2154/3035 1655/2153/3035

vn -0.924526 -0.122866 0.360772
v 0.185605 0.0924057 0.0278524
vt 0.992188 0.580916
f 1657/2155/3036 1658/2156/3036 1656/2154/3036

v 0.166839 0.087532 -0.0199149
vt 0.992188 0.559008
vn -0.923619 -0.0915848 0.37221
f 1659/2157/3037 1658/2156/3037 1657/2155/3037

vt 0.94742 0.907075
vn -0.645901 0.742377 0.178012
vt 0.955209 0.887972
v 0.145575 0.0605861 0.0153061
vt 0.968602 0.90273
f 1658/2158/3038 1659/2159/3038 1660/2160/3038

v 0.150079 0.0600994 -0.031832
vt 0.968721 0.883853
vn -0.833332 0.546157 -0.0852614
f 1661/2161/3039 1660/2160/3039 1659/2159/3039

vn -0.985562 0.139733 -0.0956106
v 0.140495 0.0225761 0.0121229
vt 0.984375 0.901711
f 1661/2161/3040 1662/2162/3040 1660/2160/3040

v 0.147122 0.0224496 -0.0381391
vt 0.984375 0.881518
vn -0.986486 0.0993108 -0.130319
f 1663/2163/3041 1662/2162/3041 1661/2161/3041

vn -0.968154 -0.215688 -0.12711
v 0.145534 0 0.0120502
vt 0.992188 0.901467
f 1663/2163/3042 1664/2164/3042 1662/2162/3042

v 0.152152 0 -0.038907
vt 0.992188 0.880893
vn -0.968962 -0.212787 -0.125837
f 1665/2165/3043 1664/2164/3043 1663/2163/3043

v 0.323317 0 -0.0391229
vt 0.891393 0.0931356
v 0.331627 0 0.0120948
vt 0.888097 0.0725324
v 0.33781 0 0.0670766
vt 0.885661 0.050418
v 0.33751 0 0.114339
vt 0.885824 0.0314146
v 0.329227 0 0.155016
vt 0.889193 0.0150681
v 0.268503 0 0.179291
vt 0.913641 0.00537419
v 0.206171 0 0.179291
vt 0.938713 0.00544297
v 0.147446 0 0.154861
vt 0.962312 0.0153309
v 0.139059 0 0.114471
vt 0.965649 0.0315804
v 0.14171 0 0.0676913
vt 0.964539 0.0503873
vt 0.962951 0.0727557
vt 0.960242 0.0932376
v 0.160647 0 -0.0856117
vt 0.956782 0.112008
v 0.173174 0 -0.124211
vt 0.951708 0.127514
v 0.198999 0 -0.149863
vt 0.941297 0.1378
v 0.236764 0 -0.163087
vt 0.926095 0.143076
v 0.277045 0 -0.151087
vt 0.909903 0.138206
v 0.30208 0 -0.126931
vt 0.899855 0.128466
v 0.314381 0 -0.087835
vt 0.894943 0.112732
f 1666/2166/1694 1667/2167/1694 1668/2168/1694 1669/2169/1694 1670/2170/1694 1671/2171/1694 1672/2172/1694 1673/2173/1694 1674/2174/1694 1675/2175/1694 1664/2176/1694 1665/2177/1694 1676/2178/1694 1677/2179/1694 1678/2180/1694 1679/2181/1694 1680/2182/1694 1681/2183/1694 1682/2184/1694 

v 0.334109 0.0235755 -0.0399923
vt 0.867188 0.880877
vn 0.897516 -0.416239 -0.145636
vt 0.859375 0.900448
vt 0.859375 0.880477
f 1683/2185/3044 1667/2186/3044 1666/2187/3044

vn 0.919238 -0.37328 -0.125158
v 0.341137 0.0235679 0.0116499
vt 0.867188 0.90074
f 1683/2185/3045 1684/2188/3045 1667/2186/3045

vn 0.980118 0.146911 -0.133366
v 0.32864 0.0630456 -0.036703
vt 0.883067 0.881795
f 1683/2185/3046 1685/2189/3046 1684/2188/3046

v 0.321681 0.0621678 -0.0849427
vt 0.88254 0.863111
vn 0.978534 0.147566 -0.14386
f 1686/2190/3047 1685/2189/3047 1683/2185/3047

vn 0.964583 0.22153 -0.143193
v 0.314531 0.0986447 -0.076675
vt 0.897909 0.86562
f 1686/2190/3048 1687/2191/3048 1685/2189/3048

v 0.3034 0.0981603 -0.120553
vt 0.897688 0.847522
vn 0.940567 0.239043 -0.241229
f 1688/2192/3049 1687/2191/3049 1686/2190/3049

vt 0.992188 0.71419
vn 0.968485 0.0383928 -0.246095
vt 0.992188 0.695149
f 1688/2193/3050 1636/2129/3050 1687/2194/3050

vn 0.74262 0.111554 -0.660357
f 1635/2128/3051 1636/2129/3051 1688/2193/3051

v 0.276431 0.0952939 -0.155458
vt 0.992188 0.732039
vn 0.771626 0.177568 -0.610788
f 1689/2195/3052 1635/2128/3052 1688/2193/3052

vn 0.164698 0.281272 -0.945389
f 1635/2128/3053 1689/2195/3053 1634/2127/3053

vn 0.236523 0.40376 -0.883762
v 0.237568 0.0922111 -0.167267
vt 0.992188 0.746628
f 1634/2127/3054 1689/2195/3054 1690/2196/3054

vt 0.896663 0.829452
vn 0.252062 0.32039 -0.913135
v 0.280142 0.0616158 -0.16625
vt 0.881936 0.828388
vt 0.895697 0.8125
f 1689/2197/3055 1691/2198/3055 1690/2199/3055

vn 0.753326 0.274514 -0.597613
v 0.308092 0.0622955 -0.130705
vt 0.882338 0.844966
f 1691/2198/3056 1689/2197/3056 1692/2200/3056

vn 0.751364 0.268868 -0.60263
f 1689/2197/3057 1688/2192/3057 1692/2200/3057

vn 0.939095 0.201618 -0.2783
f 1692/2200/3058 1688/2192/3058 1686/2190/3058

vn 0.955839 0.0770205 -0.28362
v 0.323644 0.02411 -0.0886607
vt 0.867188 0.861906
f 1692/2200/3059 1686/2190/3059 1693/2201/3059

vn 0.975365 0.0707328 -0.208948
f 1693/2201/3060 1686/2190/3060 1683/2185/3060

vn 0.888924 -0.414151 -0.195687
f 1693/2201/3061 1683/2185/3061 1666/2187/3061

vn 0.91819 -0.358549 -0.168432
vt 0.859375 0.861244
f 1693/2201/3062 1666/2187/3062 1682/2202/3062

vt 0.859375 0.844691
vn 0.892639 -0.352583 -0.280858
f 1681/2203/3063 1693/2201/3063 1682/2202/3063

v 0.310147 0.0243835 -0.132277
vt 0.867188 0.844664
vn 0.892037 -0.356131 -0.278283
f 1694/2204/3064 1693/2201/3064 1681/2203/3064

vn 0.953464 0.0638983 -0.294659
f 1694/2204/3065 1692/2200/3065 1693/2201/3065

vn 0.783626 0.0680812 -0.617491
f 1691/2198/3066 1692/2200/3066 1694/2204/3066

vn 0.730637 -0.033434 -0.681947
v 0.278503 0.0239954 -0.166161
vt 0.867188 0.82779
f 1691/2198/3067 1694/2204/3067 1695/2205/3067

vn 0.663485 -0.426487 -0.614733
vt 0.859375 0.830079
f 1695/2205/3068 1694/2204/3068 1680/2206/3068

vn 0.647455 -0.361312 -0.671011
f 1694/2204/3069 1681/2203/3069 1680/2206/3069

vn 0.242718 -0.52657 -0.814747
vt 0.859375 0.8125
f 1695/2205/3070 1680/2206/3070 1679/2207/3070

vn 0.226783 -0.501438 -0.834943
v 0.236985 0.0232028 -0.176962
vt 0.867188 0.8125
f 1695/2205/3071 1679/2207/3071 1696/2208/3071

vt 0.984375 0.8125
vn -0.262977 -0.493309 -0.82915
vt 0.992188 0.8125
v 0.197629 0.0223518 -0.163973
vt 0.984375 0.827366
f 1696/2209/3072 1679/2210/3072 1697/2211/3072

vn -0.281382 -0.524519 -0.803557
vt 0.992188 0.829666
f 1697/2211/3073 1679/2210/3073 1678/2212/3073

vn -0.677757 -0.421767 -0.602294
v 0.167143 0.0223046 -0.129634
vt 0.984375 0.844468
f 1697/2211/3074 1678/2212/3074 1698/2213/3074

vn -0.662418 -0.341287 -0.666878
vt 0.992188 0.845032
f 1698/2213/3075 1678/2212/3075 1677/2214/3075

vn -0.927452 -0.303816 -0.218012
v 0.15649 0.0228156 -0.0850293
vt 0.984375 0.862417
f 1698/2213/3076 1677/2214/3076 1699/2215/3076

vn -0.938408 -0.163202 -0.304557
vt 0.992188 0.861734
f 1677/2214/3077 1676/2216/3077 1699/2215/3077

vn -0.969179 -0.172083 -0.176293
f 1676/2216/3078 1665/2165/3078 1699/2215/3078

vn -0.958815 -0.20821 -0.193189
f 1699/2215/3079 1665/2165/3079 1663/2163/3079

vn -0.98055 0.0135568 -0.1958
v 0.155909 0.059339 -0.0795876
vt 0.969077 0.864593
f 1699/2215/3080 1663/2163/3080 1700/2217/3080

vn -0.987662 0.0980306 -0.122126
f 1700/2217/3081 1663/2163/3081 1661/2161/3081

vn -0.928865 0.350793 -0.118973
v 0.164525 0.0858302 -0.0687537
vt 0.957014 0.868369
f 1700/2217/3082 1661/2161/3082 1701/2218/3082

vn -0.857483 0.514011 0.0227026
f 1701/2218/3083 1661/2161/3083 1659/2159/3083

vt 0.992188 0.540373
vn -0.996256 0.074061 0.0446055
v 0.166347 0.103419 -0.0572707
vt 0.985767 0.544932
f 1701/2219/3084 1659/2157/3084 1702/2220/3084

vn -0.982956 0.164162 0.08275
f 1702/2220/3085 1659/2157/3085 1657/2155/3085

vn -0.993566 0.073209 0.0864167
v 0.168432 0.119321 -0.0467662
vt 0.979753 0.549172
f 1702/2220/3086 1657/2155/3086 1703/2221/3086

vn -0.997057 0.0285439 0.071155
f 1703/2221/3087 1657/2155/3087 1655/2153/3087

vn -0.997317 -0.0086106 0.0727
vt 0.973731 0.551028
f 1703/2221/3088 1655/2153/3088 1631/2222/3088

vn -0.996844 -0.0499417 0.0617078
f 1631/2222/3089 1655/2153/3089 1653/2151/3089

vn -0.995897 -0.0656014 0.0623328
f 1631/2222/3090 1653/2151/3090 1630/2122/3090

vn -0.994102 -0.0912682 0.0585734
f 1630/2122/3091 1653/2151/3091 1629/2121/3091

vn -0.997015 0.0349281 -0.0688579
vt 0.979753 0.800882
f 1632/2125/3092 1703/2223/3092 1631/2124/3092

v 0.172086 0.115547 -0.0993077
vt 0.98093 0.781046
vn -0.997242 0.0218835 -0.0709166
f 1704/2224/3093 1703/2223/3093 1632/2125/3093

vn -0.979909 0.182158 -0.081225
vt 0.985767 0.796941
f 1704/2224/3094 1702/2225/3094 1703/2223/3094

v 0.170204 0.0996686 -0.104247
vt 0.987039 0.779771
vn -0.985021 0.145533 -0.0924891
f 1705/2226/3095 1702/2225/3095 1704/2224/3095

vn -0.982196 0.16286 -0.0936405
vt 0.992188 0.792798
f 1705/2226/3096 1701/2227/3096 1702/2225/3096

v 0.168318 0.0858962 -0.111924
vt 0.992188 0.77774
vn -0.979561 0.181937 -0.085781
f 1706/2228/3097 1701/2227/3097 1705/2226/3097

vt 0.957636 0.850406
vn -0.937438 0.338396 -0.0818409
f 1706/2229/3098 1700/2217/3098 1701/2218/3098

v 0.166002 0.0582745 -0.127145
vt 0.969931 0.845633
vn -0.958559 0.194895 -0.2078
f 1707/2230/3099 1700/2217/3099 1706/2229/3099

vn -0.978026 0.0154018 -0.207914
f 1707/2230/3100 1699/2215/3100 1700/2217/3100

vn -0.97258 -0.0147852 -0.2321
f 1698/2213/3101 1699/2215/3101 1707/2230/3101

v 0.196148 0.0593141 -0.163905
vt 0.969851 0.828012
vn -0.77336 0.0193295 -0.633672
f 1708/2231/3102 1698/2213/3102 1707/2230/3102

vn -0.747484 -0.0287185 -0.663659
f 1697/2211/3103 1698/2213/3103 1708/2231/3103

vn -0.313173 -0.0108 -0.949635
f 1708/2231/3104 1696/2209/3104 1697/2211/3104

v 0.237537 0.0601294 -0.178186
vt 0.969772 0.8125
vn -0.32559 -0.0264667 -0.94514
f 1709/2232/3105 1696/2209/3105 1708/2231/3105

vt 0.881473 0.8125
vn 0.252248 -0.0358323 -0.966999
f 1709/2233/3106 1695/2205/3106 1696/2208/3106

vn 0.270201 -0.0140482 -0.962701
f 1691/2198/3107 1695/2205/3107 1709/2233/3107

vn 0.24619 0.312069 -0.917607
f 1690/2199/3108 1691/2198/3108 1709/2233/3108

vt 0.955885 0.8125
vn -0.315907 0.305985 -0.898096
f 1690/2234/3109 1709/2232/3109 1708/2231/3109

vn -0.330202 0.325206 -0.88612
v 0.199753 0.0897517 -0.154078
vt 0.956561 0.828821
f 1690/2234/3110 1708/2231/3110 1710/2235/3110

vn -0.745515 0.283095 -0.603377
f 1708/2231/3111 1707/2230/3111 1710/2235/3111

vn -0.763478 0.359629 -0.536441
f 1710/2235/3112 1707/2230/3112 1706/2229/3112

vt 0.992188 0.76
vn -0.747949 0.412487 -0.520026
v 0.202095 0.107689 -0.143219
vt 0.984689 0.76119
f 1710/2236/3113 1706/2228/3113 1711/2237/3113

vn -0.74838 0.398164 -0.530465
f 1711/2237/3114 1706/2228/3114 1705/2226/3114

vn -0.771587 0.270555 -0.57572
f 1711/2237/3115 1705/2226/3115 1704/2224/3115

vn -0.8066 0.135202 -0.575428
f 1711/2237/3116 1704/2224/3116 1633/2126/3116

vn -0.803467 0.0725497 -0.590912
f 1633/2126/3117 1704/2224/3117 1632/2125/3117

vn -0.353117 0.183554 -0.917397
f 1633/2126/3118 1634/2127/3118 1711/2237/3118

vn -0.382601 0.409734 -0.828091
f 1634/2127/3119 1690/2196/3119 1711/2237/3119

vn -0.311017 0.521588 -0.79449
f 1711/2237/3120 1690/2196/3120 1710/2236/3120

vn 0.949446 -0.0396628 -0.311414
f 1636/2129/3121 1637/2130/3121 1687/2194/3121

vn 0.995699 -0.0918824 -0.0118415
v 0.315011 0.0977915 -0.0296888
vt 0.992188 0.675611
f 1687/2194/3122 1637/2130/3122 1712/2238/3122

vn 0.982576 -0.16818 -0.0791209
f 1637/2130/3123 1638/2131/3123 1712/2238/3123

vn 0.95134 -0.21132 0.224267
v 0.304305 0.0977674 0.0157037
vt 0.992188 0.655673
f 1712/2238/3124 1638/2131/3124 1713/2239/3124

vn 0.948579 -0.258581 0.182577
v 0.311389 0.127766 0.0213845
vt 0.978777 0.655089
f 1638/2131/3125 1714/2240/3125 1713/2239/3125

vn 0.904997 -0.393923 0.160639
v 0.328198 0.169353 0.0286647
vt 0.961845 0.656414
f 1638/2131/3126 1715/2241/3126 1714/2240/3126

vn 0.920426 -0.365542 0.138544
f 1638/2131/3127 1639/2132/3127 1715/2241/3127

vn 0.921514 -0.362584 0.139089
f 1639/2132/3128 1647/2145/3128 1715/2241/3128

vn 0.917848 -0.36933 0.145432
f 1639/2132/3129 1640/2133/3129 1647/2145/3129

vn 0.823659 -0.37398 0.426292
v 0.316357 0.206536 0.0841642
vt 0.947388 0.641226
f 1715/2241/3130 1647/2145/3130 1716/2242/3130

vn 0.841157 -0.211036 0.497915
f 1647/2145/3131 1648/2146/3131 1716/2242/3131

vn 0.631289 -0.252535 0.733281
f 1648/2146/3132 1649/2147/3132 1716/2242/3132

vn 0.607099 -0.295928 0.737467
v 0.268915 0.184334 0.114311
vt 0.951443 0.624654
f 1649/2147/3133 1717/2243/3133 1716/2242/3133

vn 0.15667 -0.324177 0.932933
f 1649/2147/3134 1650/2148/3134 1717/2243/3134

vn 0.129952 -0.394308 0.909744
v 0.222987 0.163219 0.111719
vt 0.956738 0.611057
f 1650/2148/3135 1718/2244/3135 1717/2243/3135

vn -0.515603 -0.412117 0.751207
f 1650/2148/3136 1651/2149/3136 1718/2244/3136

vn -0.514083 -0.420896 0.747372
f 1651/2149/3137 1652/2150/3137 1718/2244/3137

vn -0.400898 -0.58159 0.707837
v 0.221397 0.134322 0.087076
vt 0.968879 0.608694
f 1718/2244/3138 1652/2150/3138 1719/2245/3138

vn -0.398513 -0.702289 0.589896
f 1719/2245/3139 1652/2150/3139 1654/2152/3139

vn -0.352624 -0.753654 0.554673
v 0.218261 0.11278 0.0558122
vt 0.98394 0.603409
f 1719/2245/3140 1654/2152/3140 1720/2246/3140

vn -0.316026 -0.648536 0.69248
f 1654/2152/3141 1656/2154/3141 1720/2246/3141

vn -0.433133 -0.368549 0.822537
v 0.214565 0.0984364 0.0474391
vt 0.992188 0.599559
f 1720/2246/3142 1656/2154/3142 1721/2247/3142

vn -0.442476 -0.430415 0.786739
f 1656/2154/3143 1658/2156/3143 1721/2247/3143

vt 0.935357 0.915035
vn -0.329511 0.922002 0.20331
v 0.180666 0.0812861 0.0702737
vt 0.951115 0.924873
f 1721/2248/3144 1658/2158/3144 1722/2249/3144

vn -0.531644 0.832422 0.156293
v 0.145375 0.0593987 0.0668033
vt 0.968546 0.923329
f 1658/2158/3145 1723/2250/3145 1722/2249/3145

vn -0.625163 0.780339 0.0155668
f 1658/2158/3146 1660/2160/3146 1723/2250/3146

vn -0.955803 0.293991 0.00306884
v 0.133854 0.0219387 0.0670227
vt 0.984375 0.923492
f 1660/2160/3147 1724/2251/3147 1723/2250/3147

vn -0.98301 0.141206 -0.117273
f 1662/2162/3148 1724/2251/3148 1660/2160/3148

vn -0.933863 -0.337988 -0.116891
vt 0.992188 0.923533
f 1662/2162/3149 1675/2252/3149 1724/2251/3149

vn -0.973841 -0.217151 -0.0669234
f 1664/2164/3150 1675/2252/3150 1662/2162/3150

vn -0.939601 -0.338104 -0.0532516
vt 0.992188 0.941982
f 1724/2251/3151 1675/2252/3151 1674/2253/3151

vn -0.982483 -0.18502 0.0222335
v 0.134925 0.0220253 0.115075
vt 0.984375 0.942207
f 1724/2251/3152 1674/2253/3152 1725/2254/3152

vn -0.962017 -0.186043 0.199778
vt 0.992188 0.957747
f 1674/2253/3153 1673/2255/3153 1725/2254/3153

vn -0.962263 -0.182593 0.201765
v 0.143476 0.0225093 0.156297
vt 0.984375 0.957226
f 1725/2254/3154 1673/2255/3154 1726/2256/3154

v 0.20623 0.0260439 0.181526
vt 0.984375 0.981269
vn -0.364213 -0.123107 0.923143
f 1727/2257/3155 1726/2256/3155 1673/2255/3155

v 0.160395 0.0547903 0.145407
vt 0.968696 0.959126
vn -0.353399 0.460011 0.814555
f 1728/2258/3156 1726/2256/3156 1727/2257/3156

vn -0.848075 0.501851 0.17004
f 1725/2254/3157 1726/2256/3157 1728/2258/3157

v 0.151222 0.057819 0.114146
vt 0.968258 0.943296
vn -0.867143 0.402441 0.293437
f 1729/2259/3158 1725/2254/3158 1728/2258/3158

vn -0.909736 0.414728 0.0195315
f 1724/2251/3159 1725/2254/3159 1729/2259/3159

vn -0.947886 0.292281 0.126825
f 1723/2250/3160 1724/2251/3160 1729/2259/3160

vn -0.531387 0.841929 0.0937229
f 1722/2249/3161 1723/2250/3161 1729/2259/3161

v 0.185429 0.0740275 0.116028
vt 0.951182 0.945418
vn -0.429102 0.884121 0.184935
f 1730/2260/3162 1722/2249/3162 1729/2259/3162

v 0.210716 0.0805381 0.0990105
vt 0.938558 0.938085
vn -0.13745 0.975961 0.169139
f 1731/2261/3163 1722/2249/3163 1730/2260/3163

vn -0.304571 0.889111 0.341641
v 0.208956 0.0872432 0.0799912
vt 0.938638 0.929173
f 1731/2261/3164 1732/2262/3164 1722/2249/3164

v 0.239055 0.0817944 0.0991641
vt 0.925504 0.938403
vn -0.0435332 0.940944 0.335752
f 1733/2263/3165 1732/2262/3165 1731/2261/3165

v 0.243595 0.0899952 0.0791779
vt 0.923588 0.928802
vn -0.0651577 0.92829 0.366104
f 1734/2264/3166 1732/2262/3166 1733/2263/3166

vn -0.06787 0.947013 0.313943
f 1734/2264/3167 1721/2248/3167 1732/2262/3167

v 0.251396 0.101728 0.0503431
vt 0.92066 0.915971
vn -0.110663 0.930665 0.348735
f 1735/2265/3168 1721/2248/3168 1734/2264/3168

vn -0.0236493 -0.499453 0.866018
vt 0.992188 0.620444
f 1720/2246/3169 1721/2247/3169 1735/2266/3169

v 0.254638 0.118021 0.0665002
vt 0.980536 0.62161
vn -0.111362 -0.688501 0.716634
f 1736/2267/3170 1720/2246/3170 1735/2266/3170

vn -0.0493299 -0.820126 0.570053
f 1736/2267/3171 1719/2245/3171 1720/2246/3171

v 0.260271 0.146495 0.0918926
vt 0.96528 0.622829
vn 0.120708 -0.673894 0.728901
f 1737/2268/3172 1719/2245/3172 1736/2267/3172

vn 0.109719 -0.648456 0.753304
f 1718/2244/3173 1719/2245/3173 1737/2268/3173

vn 0.198509 -0.532738 0.822669
f 1717/2243/3174 1718/2244/3174 1737/2268/3174

vn 0.560846 -0.513074 0.649774
v 0.299202 0.158982 0.06815
vt 0.963758 0.639209
f 1717/2243/3175 1737/2268/3175 1738/2269/3175

vn 0.564669 -0.468298 0.679592
v 0.286758 0.123515 0.0540497
vt 0.979426 0.63743
f 1738/2269/3176 1737/2268/3176 1739/2270/3176

vn 0.367266 -0.658475 0.656907
f 1739/2270/3177 1737/2268/3177 1736/2267/3177

vn 0.389581 -0.419016 0.820153
v 0.282428 0.100017 0.0441013
vt 0.992188 0.638054
f 1739/2270/3178 1736/2267/3178 1740/2271/3178

vn 0.100877 -0.710595 0.696333
f 1740/2271/3179 1736/2267/3179 1735/2266/3179

vt 0.908696 0.912982
vn 0.113309 0.945909 0.304002
v 0.27511 0.0900321 0.0778957
vt 0.910086 0.927424
f 1740/2272/3180 1735/2265/3180 1741/2273/3180

vn 0.0143868 0.9248 0.380181
f 1741/2273/3181 1735/2265/3181 1734/2264/3181

vn 0.0138952 0.929628 0.368237
v 0.269634 0.0821766 0.0979338
vt 0.911456 0.936949
f 1741/2273/3182 1734/2264/3182 1742/2274/3182

vn 0.00374183 0.92484 0.380337
f 1742/2274/3183 1734/2264/3183 1733/2263/3183

vn 0.00309204 0.930617 0.365983
v 0.23775 0.0734865 0.1203
vt 0.925973 0.949242
f 1742/2274/3184 1733/2263/3184 1743/2275/3184

vn -0.0432287 0.930722 0.363162
f 1733/2263/3185 1731/2261/3185 1743/2275/3185

vn -0.017562 0.942269 0.334396
f 1743/2275/3186 1731/2261/3186 1730/2260/3186

vn -0.0130405 0.959557 0.281213
v 0.204818 0.0620306 0.157863
vt 0.943382 0.968635
f 1743/2275/3187 1730/2260/3187 1744/2276/3187

vn -0.250051 0.893832 0.372209
f 1744/2276/3188 1730/2260/3188 1728/2258/3188

vn -0.428025 0.878852 0.210744
f 1730/2260/3189 1729/2259/3189 1728/2258/3189

vt 0.966814 0.978978
vn -0.308235 0.514198 0.800369
f 1744/2277/3190 1728/2258/3190 1727/2257/3190

vn -0.00575234 0.549254 0.835636
v 0.236912 0.0619455 0.15814
vt 0.966555 0.992188
f 1744/2277/3191 1727/2257/3191 1745/2278/3191

vn -0.00219811 0.547133 0.837043
v 0.236855 0.0263243 0.181424
vt 0.984375 0.992188
f 1745/2278/3192 1727/2257/3192 1746/2279/3192

vn 0.00408713 -0.0807273 0.996728
v 0.236858 0 0.179291
vt 0.992188 0.992188
f 1746/2279/3193 1727/2257/3193 1747/2280/3193

vn 0 -0.0855004 0.996338
vt 0.992188 0.981023
f 1727/2257/3194 1672/2281/3194 1747/2280/3194

vn -0.382928 -0.078127 0.920469
f 1727/2257/3195 1673/2255/3195 1672/2281/3195

vt 0.867188 0.992188
vn 0 -0.0807283 0.996736
vt 0.859375 0.992188
vt 0.859375 0.980412
f 1746/2282/3196 1747/2283/3196 1671/2284/3196

v 0.268435 0.0266372 0.181309
vt 0.867188 0.980607
vn 0.00436535 -0.0755125 0.997135
f 1748/2285/3197 1746/2282/3197 1671/2284/3197

vt 0.885589 0.992188
vn -0.0023853 0.547133 0.837042
f 1745/2286/3198 1746/2282/3198 1748/2285/3198

v 0.271379 0.0621078 0.157927
vt 0.884971 0.977507
vn 0.00255958 0.550219 0.835017
f 1749/2287/3199 1745/2286/3199 1748/2285/3199

vt 0.907828 0.968099
vn -0.00270521 0.956514 0.291674
vt 0.926197 0.969289
f 1749/2288/3200 1743/2275/3200 1745/2289/3200

v 0.291338 0.0748254 0.115354
vt 0.900285 0.944293
vn 0.00259345 0.957826 0.287336
f 1750/2290/3201 1743/2275/3201 1749/2288/3201

vn 0.0116071 0.926358 0.376466
f 1750/2290/3202 1742/2274/3202 1743/2275/3202

vn 0.0183346 0.929145 0.369261
f 1750/2290/3203 1741/2273/3203 1742/2274/3203

v 0.303751 0.0828416 0.0688071
vt 0.89763 0.923024
vn 0.307468 0.920652 0.24055
f 1751/2291/3204 1741/2273/3204 1750/2290/3204

vn 0.327492 0.884514 0.332241
f 1751/2291/3205 1740/2272/3205 1741/2273/3205

vt 0.901011 0.901394
vn 0.414745 0.874858 0.250222
f 1713/2292/3206 1740/2272/3206 1751/2291/3206

vn 0.746976 -0.289719 0.598406
f 1713/2239/3207 1714/2240/3207 1740/2271/3207

vn 0.765499 -0.365319 0.529673
f 1714/2240/3208 1739/2270/3208 1740/2271/3208

vn 0.737943 -0.45651 0.49703
f 1714/2240/3209 1738/2269/3209 1739/2270/3209

vn 0.785643 -0.400158 0.471845
f 1714/2240/3210 1715/2241/3210 1738/2269/3210

vn 0.77676 -0.433932 0.456451
f 1715/2241/3211 1716/2242/3211 1738/2269/3211

vn 0.619232 -0.441953 0.649021
f 1716/2242/3212 1717/2243/3212 1738/2269/3212

v 0.331531 0.0632391 0.0134936
vt 0.883501 0.901142
vn 0.778279 0.602334 0.177414
f 1752/2293/3213 1713/2292/3213 1751/2291/3213

vt 0.898093 0.883876
vn 0.777565 0.601367 0.183713
f 1712/2294/3214 1713/2292/3214 1752/2293/3214

vn 0.925736 0.374187 -0.0547503
f 1685/2189/3215 1712/2294/3215 1752/2293/3215

vn 0.930738 0.365676 -0.00286936
f 1687/2191/3216 1712/2294/3216 1685/2189/3216

vn 0.969738 0.237457 -0.056757
f 1685/2189/3217 1752/2293/3217 1684/2188/3217

vn 0.969057 0.23774 -0.0663974
v 0.344879 0.0233229 0.0653781
vt 0.867188 0.921497
f 1684/2188/3218 1752/2293/3218 1753/2295/3218

vn 0.923177 0.380396 0.0551551
v 0.329052 0.061676 0.065768
vt 0.88394 0.921798
f 1752/2293/3219 1754/2296/3219 1753/2295/3219

vn 0.64449 0.762748 0.0533719
f 1752/2293/3220 1751/2291/3220 1754/2296/3220

vn 0.645191 0.759979 0.0784892
v 0.324178 0.0609166 0.113188
vt 0.884376 0.941732
f 1754/2296/3221 1751/2291/3221 1755/2297/3221

vn 0.391239 0.883808 0.256545
f 1755/2297/3222 1751/2291/3222 1750/2290/3222

vn 0.393689 0.901726 0.178604
v 0.314566 0.0586707 0.145713
vt 0.884103 0.958017
f 1755/2297/3223 1750/2290/3223 1756/2298/3223

vn 0.173693 0.918301 0.355744
f 1756/2298/3224 1750/2290/3224 1749/2288/3224

vn 0.271073 0.513978 0.813846
f 1749/2287/3225 1748/2285/3225 1756/2298/3225

vn 0.341383 0.434517 0.833458
v 0.333751 0.0225616 0.15668
vt 0.867188 0.955562
f 1756/2298/3226 1748/2285/3226 1757/2299/3226

vn 0.341981 -0.137153 0.929644
vt 0.859375 0.956211
f 1748/2285/3227 1670/2300/3227 1757/2299/3227

vn 0.370316 -0.069207 0.926324
f 1748/2285/3228 1671/2284/3228 1670/2300/3228

vt 0.859375 0.940461
vn 0.958743 -0.206637 0.195227
f 1669/2301/3229 1757/2299/3229 1670/2300/3229

vn 0.946198 -0.243115 0.213551
v 0.343225 0.0228103 0.114985
vt 0.867188 0.940566
f 1669/2301/3230 1758/2302/3230 1757/2299/3230

vt 0.859375 0.922003
vn 0.969959 -0.243193 0.00615109
f 1668/2303/3231 1758/2302/3231 1669/2301/3231

vn 0.957192 -0.288004 0.0289295
f 1753/2295/3232 1758/2302/3232 1668/2303/3232

vn 0.893301 0.44814 0.0344072
f 1753/2295/3233 1755/2297/3233 1758/2302/3233

vn 0.920055 0.378645 0.100635
f 1753/2295/3234 1754/2296/3234 1755/2297/3234

vn 0.8527 0.439535 0.282331
f 1755/2297/3235 1756/2298/3235 1758/2302/3235

vn 0.840676 0.505582 0.194038
f 1758/2302/3236 1756/2298/3236 1757/2299/3236

vn 0.949357 -0.29551 -0.106749
f 1667/2186/3237 1753/2295/3237 1668/2303/3237

vn 0.924889 -0.374446 -0.0661128
f 1684/2188/3238 1753/2295/3238 1667/2186/3238

vn 1.93203e-005 0.956501 0.291731
f 1743/2275/3239 1744/2276/3239 1745/2289/3239

vn -0.285594 0.920332 0.267254
f 1721/2248/3240 1722/2249/3240 1732/2262/3240

vn 0.119086 0.81308 0.569841
f 1606/2093/3241 1263/1625/3241 1264/1627/3241

v 0.319634 0.898258 -0.00352425
vt 0.919512 0.410321
vn 0.201191 0.802369 0.561895
f 1759/2304/3242 1263/1625/3242 1606/2093/3242

vn 0.202046 0.969884 0.136021
f 1759/2304/3243 1262/1623/3243 1263/1625/3243

vn 0.210525 0.96932 0.126875
f 1256/1604/3244 1262/1623/3244 1759/2304/3244

v 0.37653 0.890422 -0.00640011
vt 0.918735 0.430906
vn 0.141604 0.981837 0.126267
f 1760/2305/3245 1256/1604/3245 1759/2304/3245

vn 0.15245 0.981635 0.11468
f 1255/1603/3246 1256/1604/3246 1760/2305/3246

v 0.429458 0.884352 -0.00876668
vt 0.917999 0.450428
vn 0.118238 0.986407 0.114113
f 1761/2306/3247 1255/1603/3247 1760/2305/3247

v 0.430583 0.889503 -0.0595521
vt 0.899095 0.450428
vn 0.129161 0.98627 0.102898
f 1762/2307/3248 1255/1603/3248 1761/2306/3248

vn 0.116933 0.938028 -0.326236
f 1762/2307/3249 1254/1602/3249 1255/1603/3249

v 0.434251 0.871896 -0.109381
vt 0.879461 0.450428
vn 0.113794 0.939346 -0.323544
f 1763/2308/3250 1254/1602/3250 1762/2307/3250

vn 0.0917374 0.608539 -0.788203
v 0.384833 0.833712 -0.144613
vt 0.860341 0.430906
f 1254/1602/3251 1763/2308/3251 1764/2309/3251

vn 0.0903356 0.609685 -0.787479
v 0.43878 0.831685 -0.139994
vt 0.86095 0.450428
f 1763/2308/3252 1765/2310/3252 1764/2309/3252

vn 0.0707279 0.609254 -0.789814
v 0.481477 0.867484 -0.108556
vt 0.878607 0.467771
f 1763/2308/3253 1766/2311/3253 1765/2310/3253

vn 0.0941319 0.954869 -0.281717
v 0.476875 0.882068 -0.0606593
vt 0.898158 0.467771
f 1766/2311/3254 1763/2308/3254 1767/2312/3254

vn 0.142737 0.936468 -0.320397
f 1767/2312/3255 1763/2308/3255 1762/2307/3255

vt 0.899187 0.450303
vn 0.160336 0.982444 0.0953718
v 0.475282 0.877466 -0.0105525
vt 0.917844 0.467626
v 0.511203 0.871687 -0.0115843
vt 0.917066 0.481084
vt 0.89827 0.467646
f 1762/2313/3256 1768/2314/3256 1769/2315/3256 1767/2316/3256 

vt 0.917732 0.467771
vn 0.151736 0.983032 0.10307
f 1768/2317/3257 1762/2307/3257 1761/2306/3257

vn 0.151495 0.905166 0.397144
v 0.430728 0.863382 0.038544
vt 0.936956 0.450428
f 1768/2317/3258 1761/2306/3258 1770/2318/3258

vn 0.122071 0.908591 0.399452
f 1770/2318/3259 1761/2306/3259 1760/2305/3259

vn 0.0781258 0.893061 0.443102
v 0.376885 0.866031 0.0426979
vt 0.938256 0.430907
f 1770/2318/3260 1760/2305/3260 1771/2319/3260

vn 0.144318 0.886613 0.439419
f 1771/2319/3261 1760/2305/3261 1759/2304/3261

vn 0.0956764 0.86823 0.48685
f 1771/2319/3262 1759/2304/3262 1605/2090/3262

vn 0.101281 0.867767 0.486542
f 1605/2090/3263 1759/2304/3263 1606/2093/3263

vn 0.102564 0.498345 0.86089
f 1605/2090/3264 1603/2092/3264 1771/2319/3264

vn 0.0266614 0.564967 0.824683
v 0.379128 0.820524 0.0738007
vt 0.957772 0.430906
f 1771/2319/3265 1603/2092/3265 1772/2320/3265

vn 0.0318348 -0.0976413 0.994712
v 0.382057 0.762493 0.0680095
vt 0.864706 0.247217
vt 0.844073 0.247313
f 1601/2086/3266 1773/2321/3266 1772/2322/3266 1603/2088/3266 

vt 0.86452 0.247313
vn 0.041421 -0.584057 0.810655
f 1773/2323/3267 1601/2086/3267 1600/2085/3267

vn 0.130199 -0.647692 0.750696
v 0.386293 0.722173 0.0324871
vt 0.883212 0.247313
f 1773/2323/3268 1600/2085/3268 1774/2324/3268

vn 0.125542 -0.820671 0.55744
v 0.334973 0.685084 -0.0105579
vt 0.900355 0.226728
f 1774/2324/3269 1600/2085/3269 1775/2325/3269

vn 0.0927957 -0.825374 0.556908
f 1775/2325/3270 1600/2085/3270 1598/2081/3270

vn 0.0806305 -0.995021 0.0585865
v 0.2851 0.677278 -0.0744852
vt 0.922696 0.205953
f 1775/2325/3271 1598/2081/3271 1776/2326/3271

vn 0.0454056 -0.997317 0.0574264
f 1776/2326/3272 1598/2081/3272 1247/2083/3272

vn 0.0514564 -0.762749 -0.644644
v 0.277249 0.721728 -0.127706
vt 0.947628 0.205953
f 1776/2326/3273 1247/2083/3273 1777/2327/3273

vn 0.0739663 -0.76499 -0.63978
f 1777/2327/3274 1247/2083/3274 1248/1596/3274

vn 0.115603 -0.387068 -0.914776
f 1250/1595/3275 1777/2327/3275 1248/1596/3275

vn 0.0467841 -0.39629 -0.916933
v 0.330101 0.781418 -0.150806
vt 0.967378 0.226728
f 1250/1595/3276 1778/2328/3276 1777/2327/3276

vn 0.0572838 0.070174 -0.995889
f 1252/1598/3277 1778/2328/3277 1250/1595/3277

vn 0.0464694 0.0693832 -0.996507
vt 0.982608 0.247313
f 1252/1598/3278 1764/2329/3278 1778/2328/3278

vn 0.059747 0.608489 -0.79131
f 1254/1602/3279 1764/2309/3279 1252/1600/3279

vn 0.0574673 0.0578915 -0.996667
v 0.388148 0.781751 -0.14744
vt 0.964028 0.247313
f 1764/2329/3280 1779/2330/3280 1778/2328/3280

vn 0.0873869 0.0596759 -0.994385
vt 0.978412 0.266834
f 1764/2329/3281 1765/2331/3281 1779/2330/3281

vn 0.0840035 0.0631184 -0.994464
v 0.443266 0.782803 -0.142718
vt 0.960581 0.266834
f 1765/2331/3282 1780/2332/3282 1779/2330/3282

vn 0.104871 0.0649164 -0.992365
v 0.487337 0.831182 -0.134895
vt 0.974934 0.284177
f 1765/2331/3283 1781/2333/3283 1780/2332/3283

vn 0.0900654 0.594372 -0.799131
vt 0.861069 0.467771
f 1766/2311/3284 1781/2334/3284 1765/2310/3284

vn 0.105246 0.595088 -0.79674
v 0.515435 0.862795 -0.107572
vt 0.877687 0.481757
f 1766/2311/3285 1782/2335/3285 1781/2334/3285

vn 0.139558 0.95881 -0.247402
v 0.512811 0.875147 -0.0611817
vt 0.89748 0.481757
f 1782/2335/3286 1766/2311/3286 1783/2336/3286

vn 0.178258 0.945953 -0.270919
f 1783/2336/3287 1766/2311/3287 1767/2312/3287

vn 0.189649 0.979026 0.0744362
vt 0.917857 0.481757
f 1783/2336/3288 1767/2312/3288 1769/2337/3288

v 0.541767 0.866605 -0.0119096
vt 0.918342 0.494003
vn 0.164357 0.983626 0.0739371
f 1784/2338/3289 1783/2336/3289 1769/2337/3289

v 0.542696 0.869089 -0.0617835
vt 0.896809 0.494003
vn 0.199403 0.978513 0.0524546
f 1785/2339/3290 1783/2336/3290 1784/2338/3290

vt 0.897515 0.481539
vn 0.188388 0.951564 -0.242971
vt 0.896831 0.493784
v 0.543436 0.857324 -0.107237
vt 0.87746 0.493015
vt 0.87772 0.48152
f 1783/2340/3291 1785/2341/3291 1786/2342/3291 1782/2343/3291 

v 0.567474 0.864311 -0.0623992
vt 0.896207 0.504371
vn 0.177773 0.953372 -0.243883
vt 0.87639 0.494003
f 1787/2344/3292 1786/2345/3292 1785/2339/3292

vn 0.133042 0.965959 -0.221863
v 0.566204 0.85421 -0.107142
vt 0.875507 0.504371
f 1787/2344/3293 1788/2346/3293 1786/2345/3293

v 0.606903 0.854763 -0.0765416
vt 0.88846 0.521411
vn 0.153635 0.962922 -0.221762
f 1789/2347/3294 1788/2346/3294 1787/2344/3294

vn 0.0860812 0.987457 -0.132358
v 0.597268 0.851372 -0.108105
vt 0.873922 0.516008
f 1789/2347/3295 1790/2348/3295 1788/2346/3295

v 0.634924 0.84532 -0.111607
vt 0.870629 0.531684
vn 0.143425 0.978397 -0.148888
f 1791/2349/3296 1790/2348/3296 1789/2347/3296

vn 0.0337064 0.649238 -0.759838
v 0.597238 0.832381 -0.124334
vt 0.862736 0.515536
f 1790/2348/3297 1791/2349/3297 1792/2350/3297

vn 0.0101566 0.686027 -0.727506
v 0.632978 0.83437 -0.121959
vt 0.864221 0.530784
f 1791/2349/3298 1793/2351/3298 1792/2350/3298

vn 0.121525 0.670437 -0.731947
v 0.656905 0.841052 -0.111866
vt 0.869417 0.540816
f 1791/2349/3299 1794/2352/3299 1793/2351/3299

vn 0.186466 0.969995 -0.156014
v 0.641922 0.846511 -0.0958365
vt 0.876924 0.535291
f 1794/2352/3300 1791/2349/3300 1795/2353/3300

vn 0.152504 0.978113 -0.141557
f 1795/2353/3301 1791/2349/3301 1789/2347/3301

vn 0.496568 0.56347 0.660243
v 0.626209 0.831535 -0.0712384
vt 0.890542 0.534417
f 1789/2347/3302 1796/2354/3302 1795/2353/3302

vn 0.742062 0.520272 -0.422683
v 0.627385 0.834476 -0.0655533
vt 0.893006 0.53393
f 1789/2347/3303 1797/2355/3303 1796/2354/3303

vn 0.741278 0.641526 -0.197359
v 0.612917 0.855609 -0.0512011
vt 0.901144 0.524353
f 1789/2347/3304 1798/2356/3304 1797/2355/3304

vn 0.211979 0.973759 -0.0828165
v 0.591388 0.860389 -0.0501005
vt 0.901609 0.514098
f 1798/2356/3305 1789/2347/3305 1799/2357/3305

vn 0.204771 0.97491 -0.0872903
f 1789/2347/3306 1787/2344/3306 1799/2357/3306

vn 0.143128 0.98901 0.0370677
v 0.590075 0.859627 -0.0246989
vt 0.913598 0.513418
f 1799/2357/3307 1787/2344/3307 1800/2358/3307

vn 0.174592 0.984483 0.017643
v 0.567759 0.863349 -0.0114977
vt 0.91907 0.504371
f 1800/2358/3308 1787/2344/3308 1801/2359/3308

vn 0.189727 0.981681 0.0175054
f 1801/2359/3309 1787/2344/3309 1785/2339/3309

vn 0.123337 0.991019 0.0516597
f 1801/2359/3310 1785/2339/3310 1784/2338/3310

vn 0.112877 0.941246 0.318301
v 0.543192 0.853265 0.027033
vt 0.935864 0.494003
f 1801/2359/3311 1784/2338/3311 1802/2360/3311

vn 0.161331 0.935435 0.314537
v 0.513999 0.8571 0.0305996
vt 0.935851 0.481757
f 1802/2360/3312 1784/2338/3312 1803/2361/3312

vn 0.159028 0.936271 0.31322
f 1784/2338/3313 1769/2337/3313 1803/2361/3313

vn 0.125306 0.940177 0.316806
v 0.477429 0.860516 0.034926
vt 0.936282 0.467771
f 1803/2361/3314 1769/2337/3314 1804/2362/3314

vn 0.15893 0.92756 0.338193
f 1769/2337/3315 1768/2317/3315 1804/2362/3315

vn 0.0840535 0.935014 0.344505
f 1804/2362/3316 1768/2317/3316 1770/2318/3316

vn 0.0981746 0.570844 0.815168
v 0.434711 0.820809 0.0678772
vt 0.955466 0.450428
f 1770/2318/3317 1805/2363/3317 1804/2362/3317

vn 0.0841316 0.570686 0.816847
f 1770/2318/3318 1772/2320/3318 1805/2363/3318

vn 0.0910655 0.564983 0.820062
f 1771/2319/3319 1772/2320/3319 1770/2318/3319

vt 0.848699 0.266834
vn 0.10598 -0.0934447 0.989968
f 1805/2364/3320 1772/2322/3320 1773/2323/3320

vn 0.100254 -0.088272 0.991038
v 0.439575 0.768213 0.0627004
vt 0.867442 0.266834
f 1805/2364/3321 1773/2323/3321 1806/2365/3321

vn 0.133637 -0.647184 0.750529
f 1806/2365/3322 1773/2323/3322 1774/2324/3322

vn 0.198417 -0.68783 0.698227
v 0.442102 0.731634 0.0259484
vt 0.885676 0.266834
f 1806/2365/3323 1774/2324/3323 1807/2366/3323

vt 0.883226 0.247319
vn 0.201534 -0.833801 0.513964
v 0.391343 0.694627 -0.0141855
vt 0.902116 0.247316
v 0.446174 0.705272 -0.0184115
vt 0.90365 0.266579
vt 0.885693 0.26684
f 1774/2367/3324 1808/2368/3324 1809/2369/3324 1807/2370/3324 

vt 0.902102 0.247313
vn 0.175213 -0.839456 0.514406
f 1808/2371/3325 1774/2324/3325 1775/2325/3325

vn 0.169831 -0.984205 0.0499877
v 0.335831 0.682033 -0.0735366
vt 0.922311 0.226728
f 1808/2371/3326 1775/2325/3326 1810/2372/3326

vn 0.0922871 -0.994505 0.0494296
f 1810/2372/3327 1775/2325/3327 1776/2326/3327

vn 0.0822072 -0.745024 -0.661952
v 0.334488 0.726915 -0.124218
vt 0.945944 0.226728
f 1810/2372/3328 1776/2326/3328 1811/2373/3328

vn 0.107831 -0.755155 -0.646617
f 1811/2373/3329 1776/2326/3329 1777/2327/3329

vn 0.0937077 -0.430415 -0.897754
f 1778/2328/3330 1811/2373/3330 1777/2327/3330

vn 0.0546325 -0.434237 -0.899141
f 1779/2330/3331 1811/2373/3331 1778/2328/3331

vn 0.0791272 -0.453399 -0.887789
v 0.390812 0.731571 -0.121575
vt 0.944207 0.247313
f 1779/2330/3332 1812/2374/3332 1811/2373/3332

vn 0.0846846 -0.452956 -0.887502
f 1780/2332/3333 1812/2374/3333 1779/2330/3333

vn 0.147509 -0.50257 -0.851859
v 0.446557 0.73945 -0.116571
vt 0.942554 0.266834
f 1780/2332/3334 1813/2375/3334 1812/2374/3334

v 0.492938 0.786242 -0.134146
vt 0.957319 0.284177
vn 0.18084 -0.497837 -0.848207
f 1814/2376/3335 1813/2375/3335 1780/2332/3335

vn 0.206191 -0.516529 -0.831073
v 0.497515 0.74945 -0.110143
vt 0.94089 0.284177
f 1814/2376/3336 1815/2377/3336 1813/2375/3336

v 0.523116 0.791202 -0.126831
vt 0.955412 0.298163
vn 0.280761 -0.499671 -0.819453
f 1816/2378/3337 1815/2377/3337 1814/2376/3337

vn 0.313191 -0.511779 -0.799996
v 0.529402 0.758137 -0.103217
vt 0.939137 0.296739
f 1816/2378/3338 1817/2379/3338 1815/2377/3338

v 0.552051 0.797344 -0.120856
vt 0.953482 0.310409
vn 0.277412 -0.522873 -0.806006
f 1818/2380/3339 1817/2379/3339 1816/2378/3339

vn 0.487625 -0.576615 -0.655543
v 0.552295 0.766427 -0.0934804
vt 0.936431 0.306441
f 1818/2380/3340 1819/2381/3340 1817/2379/3340

v 0.572856 0.802759 -0.116747
vt 0.951986 0.320778
vn 0.305044 -0.629985 -0.71419
f 1820/2382/3341 1819/2381/3341 1818/2380/3341

v 0.581403 0.780385 -0.078468
vt 0.931063 0.319937
vn 0.570919 -0.646865 -0.505586
f 1821/2383/3342 1819/2381/3342 1820/2382/3342

vn 0.561691 -0.704055 -0.434522
v 0.550497 0.74614 -0.0629341
vt 0.922951 0.303266
f 1821/2383/3343 1822/2384/3343 1819/2381/3343

vn 0.525202 -0.696076 -0.489532
v 0.58026 0.745508 -0.0301023
vt 0.910443 0.310634
f 1821/2383/3344 1823/2385/3344 1822/2384/3344

vn 0.914471 -0.33816 -0.222238
v 0.599542 0.78344 -0.00848213
vt 0.900657 0.32447
f 1821/2383/3345 1824/2386/3345 1823/2385/3345

vn 0.72232 -0.673314 -0.157805
v 0.60199 0.797217 -0.056057
vt 0.921311 0.330145
f 1821/2383/3346 1825/2387/3346 1824/2386/3346

v 0.615633 0.811159 -0.0768548
vt 0.932057 0.33923
vn 0.668972 -0.741026 -0.0579428
f 1826/2388/3347 1825/2387/3347 1821/2383/3347

v 0.619201 0.811045 -0.0531297
vt 0.919746 0.340772
vn 0.633422 -0.76745 -0.0989758
f 1827/2389/3348 1825/2387/3348 1826/2388/3348

vn 0.622734 -0.781795 0.0316248
v 0.617751 0.810966 -0.0265171
vt 0.906957 0.339416
f 1827/2389/3349 1828/2390/3349 1825/2387/3349

v 0.650855 0.819084 -0.0314322
vt 0.909205 0.353173
vn 0.239581 -0.970823 0.0101843
f 1829/2391/3350 1828/2390/3350 1827/2389/3350

v 0.629823 0.83295 -0.0128646
vt 0.898869 0.348168
vn 0.260519 -0.608547 0.749533
f 1830/2392/3351 1828/2390/3351 1829/2391/3351

v 0.612638 0.806879 -0.00659994
vt 0.897349 0.334952
vn 0.841773 -0.529005 0.107571
vt 0.906964 0.339421
vt 0.899339 0.348415
v 0.628924 0.832254 -0.00927506
vt 0.897605 0.347629
f 1831/2393/3352 1828/2394/3352 1830/2395/3352 1832/2396/3352 

vn 0.63055 -0.776144 0.00261209
vt 0.897342 0.334947
v 0.599824 0.796404 -0.0257472
vt 0.907741 0.329162
f 1828/2390/3353 1831/2397/3353 1833/2398/3353

vn 0.838117 -0.442691 -0.318725
f 1833/2398/3354 1831/2397/3354 1824/2386/3354

vn 0.833101 -0.486601 0.262986
v 0.599984 0.8023 0.0250133
vt 0.882768 0.326608
f 1824/2386/3355 1831/2397/3355 1834/2399/3355

v 0.634365 0.812317 0.0263545
vt 0.881401 0.341614
vn 0.280598 -0.959455 -0.0266715
f 1835/2400/3356 1834/2399/3356 1831/2397/3356

v 0.629968 0.828736 0.0363687
vt 0.873667 0.341641
vn 0.110832 -0.495708 0.861388
f 1836/2401/3357 1834/2399/3357 1835/2400/3357

vn 0.163012 -0.539668 0.825945
v 0.590563 0.824987 0.0416964
vt 0.869295 0.325993
f 1836/2401/3358 1837/2402/3358 1834/2399/3358

v 0.591175 0.845439 0.026688
vt 0.938814 0.512846
vn 0.0528396 0.589769 0.805841
vt 0.950238 0.511426
vt 0.948022 0.528586
f 1838/2403/3359 1837/2404/3359 1836/2405/3359

vn 0.116726 0.585307 0.802366
v 0.572851 0.823989 0.0450012
vt 0.950485 0.504371
f 1838/2403/3360 1839/2406/3360 1837/2404/3360

v 0.566999 0.848614 0.0260043
vt 0.937053 0.504371
vn 0.0590667 0.618504 0.783558
f 1840/2407/3361 1839/2406/3361 1838/2403/3361

vn 0.169918 0.626925 0.760325
v 0.548465 0.823237 0.051071
vt 0.95191 0.494003
f 1840/2407/3362 1841/2408/3362 1839/2406/3362

vn 0.15655 0.633848 0.757449
f 1802/2360/3363 1841/2408/3363 1840/2407/3363

vn 0.102174 0.632547 0.767753
v 0.519557 0.822419 0.055592
vt 0.952844 0.481757
f 1802/2360/3364 1842/2409/3364 1841/2408/3364

vn 0.174001 0.593924 0.785479
f 1803/2361/3365 1842/2409/3365 1802/2360/3365

vn 0.122341 0.593079 0.795795
v 0.483786 0.821512 0.061767
vt 0.953942 0.467771
f 1803/2361/3366 1843/2410/3366 1842/2409/3366

vn 0.148903 0.576931 0.803105
f 1804/2362/3367 1843/2410/3367 1803/2361/3367

vn 0.0929947 0.574681 0.813077
f 1804/2362/3368 1805/2363/3368 1843/2410/3368

vt 0.852972 0.284177
vn 0.124309 -0.0858003 0.988527
f 1843/2411/3369 1805/2364/3369 1806/2365/3369

vn 0.192031 -0.142282 0.97102
v 0.491861 0.774814 0.0533276
vt 0.87069 0.284177
f 1843/2411/3370 1806/2365/3370 1844/2412/3370

vn 0.211442 -0.685444 0.696749
f 1844/2412/3371 1806/2365/3371 1807/2366/3371

v 0.493758 0.742412 0.0198647
vt 0.88763 0.284177
vn 0.225284 -0.693512 0.684316
f 1845/2413/3372 1844/2412/3372 1807/2366/3372

v 0.538787 0.778822 0.0378371
vt 0.875985 0.300309
vn 0.281259 -0.681375 0.675738
f 1846/2414/3373 1844/2412/3373 1845/2413/3373

vt 0.856591 0.298163
vn 0.322721 -0.231413 0.917769
f 1842/2415/3374 1844/2412/3374 1846/2414/3374

vn 0.17188 -0.146338 0.974188
f 1842/2415/3375 1843/2411/3375 1844/2412/3375

vt 0.860755 0.310409
vn 0.155387 -0.313033 0.936945
f 1841/2416/3376 1842/2415/3376 1846/2414/3376

vn 0.124393 -0.308136 0.943175
v 0.573138 0.78737 0.036099
vt 0.879896 0.313652
f 1841/2416/3377 1846/2414/3377 1847/2417/3377

vt 0.886719 0.780469
vn 0.0263565 0.0964124 0.994992
vt 0.870026 0.782346
v 0.555638 0.749209 0.0402603
vt 0.872419 0.766008
f 1847/2418/3378 1846/2419/3378 1848/2420/3378

vn -0.634262 -0.302686 0.711402
v 0.53578 0.733003 0.0156608
vt 0.855469 0.76277
f 1846/2419/3379 1849/2421/3379 1848/2420/3379

vn -0.00738231 -0.435248 0.90028
vt 0.893023 0.297977
f 1846/2414/3380 1845/2413/3380 1849/2422/3380

vn -0.145741 -0.865275 0.479644
v 0.498442 0.718035 -0.022687
vt 0.905817 0.284177
f 1849/2422/3381 1845/2413/3381 1850/2423/3381

vn 0.243691 -0.829735 0.50215
vt 0.903926 0.266834
f 1850/2423/3382 1845/2413/3382 1809/2424/3382

vn 0.2328 -0.826498 0.512548
f 1845/2413/3383 1807/2366/3383 1809/2424/3383

vt 0.904192 0.266778
vn 0.240554 -0.969391 0.0491375
v 0.446799 0.70281 -0.0702109
vt 0.922263 0.266751
v 0.498081 0.715632 -0.0681147
vt 0.921954 0.283791
vt 0.906113 0.284118
f 1809/2425/3384 1851/2426/3384 1852/2427/3384 1850/2428/3384 

vt 0.921998 0.266834
vn 0.191531 -0.980268 0.048888
v 0.391452 0.691909 -0.0719696
vt 0.922172 0.247313
f 1851/2429/3385 1809/2424/3385 1853/2430/3385

vn 0.19383 -0.979935 0.0464563
f 1809/2424/3386 1808/2371/3386 1853/2430/3386

vn 0.173354 -0.983757 0.0465974
f 1853/2430/3387 1808/2371/3387 1810/2372/3387

vn 0.149605 -0.738244 -0.657734
f 1853/2430/3388 1810/2372/3388 1811/2373/3388

vn 0.093433 -0.777036 -0.622483
f 1853/2430/3389 1811/2373/3389 1812/2374/3389

vn 0.17096 -0.768466 -0.616631
f 1851/2429/3390 1853/2430/3390 1812/2374/3390

vn 0.164281 -0.773481 -0.612159
f 1851/2429/3391 1812/2374/3391 1813/2375/3391

vt 0.921909 0.284177
vn 0.216159 -0.76546 -0.60609
f 1852/2431/3392 1851/2429/3392 1813/2375/3392

vn 0.225909 -0.757475 -0.612533
f 1852/2431/3393 1813/2375/3393 1815/2377/3393

v 0.531411 0.730722 -0.0662099
vt 0.922426 0.295204
vn 0.361394 -0.724063 -0.587475
f 1854/2432/3394 1852/2431/3394 1815/2377/3394

vn 0.409899 -0.911023 0.044933
f 1854/2432/3395 1850/2423/3395 1852/2431/3395

v 0.549069 0.728365 -0.0268486
vt 0.90914 0.300911
vn 0.186683 -0.972109 -0.141963
f 1855/2433/3396 1850/2423/3396 1854/2432/3396

vn 0.210447 -0.962567 0.170812
f 1855/2433/3397 1849/2422/3397 1850/2423/3397

v 0.565201 0.720486 -0.00267355
vt 0.898462 0.165312
vn -0.40561 -0.913644 -0.0271174
vt 0.914672 0.163768
vt 0.901224 0.178314
f 1856/2434/3398 1849/2435/3398 1855/2436/3398

vn -0.371861 -0.927569 0.0365458
v 0.550545 0.727347 0.0223282
vt 0.909524 0.158179
f 1856/2434/3399 1857/2437/3399 1849/2435/3399

v 0.589648 0.707489 0.0391518
vt 0.894992 0.143819
vn -0.447029 -0.894365 -0.0166284
f 1858/2438/3400 1857/2437/3400 1856/2434/3400

vn -0.526384 -0.805209 0.273052
v 0.587113 0.710849 0.0441747
vt 0.897271 0.141998
f 1858/2438/3401 1859/2439/3401 1857/2437/3401

v 0.597525 0.710217 0.0374777
vt 0.891378 0.143692
vn 0.369546 -0.675293 0.638291
f 1860/2440/3402 1859/2439/3402 1858/2438/3402

v 0.599148 0.715693 0.0416014
vt 0.888801 0.141998
vn 0.395365 -0.62443 0.673627
f 1861/2441/3403 1859/2439/3403 1860/2440/3403

vt 0.886055 0.742188
vn 0.405412 -0.686709 0.603384
v 0.59513 0.717964 0.0468856
vt 0.883131 0.743999
vt 0.877585 0.742188
f 1861/2442/3404 1862/2443/3404 1859/2444/3404

v 0.597634 0.745518 0.00971509
vt 0.900492 0.75751
vn 0.788989 0.466958 0.399308
f 1863/2445/3405 1862/2443/3405 1861/2442/3405

vn 0.828129 0.422171 0.368746
v 0.579051 0.758886 0.0361432
vt 0.885398 0.766119
f 1863/2445/3406 1864/2446/3406 1862/2443/3406

v 0.595607 0.761738 -0.00458417
vt 0.907238 0.765307
vn 0.827259 0.426137 0.366127
f 1865/2447/3407 1864/2446/3407 1863/2445/3407

vn 0.905104 0.188489 0.381127
f 1865/2447/3408 1847/2418/3408 1864/2446/3408

vt 0.901312 0.316379
vn 0.641037 -0.438208 0.630116
v 0.586257 0.797164 0.0295638
vt 0.881116 0.320854
f 1865/2448/3409 1866/2449/3409 1847/2417/3409

vn 0.926887 -0.103224 0.360868
f 1824/2386/3410 1866/2449/3410 1865/2448/3410

vn 0.438632 -0.785535 0.436505
f 1834/2399/3411 1866/2449/3411 1824/2386/3411

vn 0.422667 -0.416412 0.804956
f 1837/2402/3412 1866/2449/3412 1834/2399/3412

vn 0.189376 -0.416953 0.888981
vt 0.866235 0.320778
f 1837/2402/3413 1839/2450/3413 1866/2449/3413

vn 0.549297 -0.193326 0.812956
f 1839/2450/3414 1847/2417/3414 1866/2449/3414

vn 0.2418 -0.227422 0.943298
f 1839/2450/3415 1841/2416/3415 1847/2417/3415

vn 0.891672 -0.231526 -0.388994
f 1823/2385/3416 1824/2386/3416 1865/2448/3416

vt 0.885454 0.1773
vn 0.886695 -0.331218 -0.322592
vt 0.874391 0.167199
v 0.582742 0.732188 -0.00960537
vt 0.888806 0.166963
f 1823/2451/3417 1865/2452/3417 1867/2453/3417

vn 0.84429 -0.291122 -0.449914
vt 0.879423 0.159035
f 1867/2453/3418 1865/2452/3418 1863/2454/3418

vn 0.843862 -0.333302 -0.420483
f 1867/2453/3419 1863/2454/3419 1860/2440/3419

vn 0.971432 -0.148555 -0.18507
f 1863/2454/3420 1861/2441/3420 1860/2440/3420

vn 0.345344 -0.804215 -0.48371
f 1860/2440/3421 1856/2434/3421 1867/2453/3421

vn 0.221188 -0.887171 -0.404974
f 1860/2440/3422 1858/2438/3422 1856/2434/3422

vn 0.341741 -0.802246 -0.489504
f 1867/2453/3423 1856/2434/3423 1855/2436/3423

vn 0.362069 -0.760977 -0.53835
f 1867/2453/3424 1855/2436/3424 1823/2451/3424

vn 0.412086 -0.823722 -0.389445
f 1823/2385/3425 1855/2433/3425 1822/2384/3425

vn 0.62754 -0.708003 -0.323922
f 1822/2384/3426 1855/2433/3426 1854/2432/3426

vn 0.594754 -0.630191 -0.499125
f 1822/2384/3427 1854/2432/3427 1817/2379/3427

vn 0.32896 -0.750189 -0.573587
f 1854/2432/3428 1815/2377/3428 1817/2379/3428

vn 0.470198 -0.747698 -0.468894
f 1819/2381/3429 1822/2384/3429 1817/2379/3429

vn 0.159199 0.0345802 0.986641
f 1847/2418/3430 1848/2420/3430 1864/2446/3430

vn 0.060271 0.263746 0.962707
v 0.587837 0.715899 0.04737
vt 0.879573 0.744476
f 1864/2446/3431 1848/2420/3431 1868/2455/3431

vn -0.590926 -0.424858 0.685785
vt 0.861461 0.757298
f 1848/2420/3432 1857/2456/3432 1868/2455/3432

vn -0.506699 -0.47312 0.720703
f 1848/2420/3433 1849/2421/3433 1857/2456/3433

vn -0.593574 -0.367854 0.715788
f 1857/2456/3434 1859/2444/3434 1868/2455/3434

vn 0.208078 -0.544151 0.812775
f 1862/2443/3435 1868/2455/3435 1859/2444/3435

vn -0.00689269 0.251367 0.967867
f 1864/2446/3436 1868/2455/3436 1862/2443/3436

vn 0.193759 0.911758 0.362154
f 1801/2359/3437 1802/2360/3437 1840/2407/3437

v 0.605399 0.854304 -0.000629031
vt 0.925782 0.520108
vn 0.116476 0.923598 0.36524
f 1869/2457/3438 1801/2359/3438 1840/2407/3438

vn 0.21059 0.974179 0.0814018
f 1869/2457/3439 1800/2358/3439 1801/2359/3439

v 0.610961 0.854751 -0.0238879
vt 0.914352 0.523385
vn 0.224119 0.971878 0.0722799
f 1870/2458/3440 1800/2358/3440 1869/2457/3440

vn 0.225681 0.973344 0.0408655
f 1870/2458/3441 1799/2357/3441 1800/2358/3441

vn 0.218782 0.974674 0.0463027
f 1798/2356/3442 1799/2357/3442 1870/2458/3442

v 0.64896 0.849234 -0.0307492
vt 0.910558 0.539446
vn 0.150952 0.987655 0.0418536
f 1871/2459/3443 1798/2356/3443 1870/2458/3443

v 0.649521 0.849699 -0.0464881
vt 0.904461 0.539707
vn 0.154959 0.987312 0.0346853
f 1872/2460/3444 1798/2356/3444 1871/2459/3444

vn 0.198911 0.640144 -0.742058
f 1798/2356/3445 1872/2460/3445 1797/2355/3445

vn 0.245686 0.598122 -0.762816
v 0.655137 0.835294 -0.0559737
vt 0.898867 0.543776
f 1872/2460/3446 1873/2461/3446 1797/2355/3446

vn 0.328217 0.605438 -0.725064
v 0.670349 0.843176 -0.0425064
vt 0.906191 0.547726
f 1872/2460/3447 1874/2462/3447 1873/2461/3447

v 0.670613 0.843252 -0.0360571
vt 0.908527 0.547762
vn 0.302891 0.952731 -0.023663
f 1875/2463/3448 1874/2462/3448 1872/2460/3448

v 0.675648 0.836732 -0.0463753
vt 0.904473 0.550669
vn 0.760287 0.648428 -0.0388022
f 1876/2464/3449 1874/2462/3449 1875/2463/3449

vn 0.28264 0.653807 -0.701891
f 1874/2462/3450 1876/2464/3450 1873/2461/3450

vt 0.913777 0.364696
vn 0.359308 -0.649011 -0.670584
v 0.669602 0.830323 -0.0434122
vt 0.912878 0.36136
vt 0.919771 0.358551
f 1876/2465/3451 1877/2466/3451 1873/2467/3451

vn 0.727972 -0.685603 0.00239713
v 0.669562 0.830308 -0.0354292
vt 0.909928 0.361183
f 1876/2465/3452 1878/2468/3452 1877/2466/3452

vn 0.724402 -0.689376 -0.00180169
v 0.67562 0.836663 -0.0313685
vt 0.908083 0.364176
f 1876/2465/3453 1879/2469/3453 1878/2468/3453

vn 0.79476 0.606909 0.00425323
vt 0.910664 0.550561
f 1876/2464/3454 1875/2463/3454 1879/2470/3454

vn 0.259014 0.682882 0.68307
v 0.651896 0.834835 -0.0205444
vt 0.916793 0.542428
f 1875/2463/3455 1880/2471/3455 1879/2470/3455

vn 0.342154 0.588765 0.732316
f 1871/2459/3456 1880/2471/3456 1875/2463/3456

vn 0.218801 0.593515 0.77451
vt 0.921713 0.534535
f 1871/2459/3457 1830/2472/3457 1880/2471/3457

vn 0.225628 0.587977 0.776772
f 1870/2458/3458 1830/2472/3458 1871/2459/3458

vn 0.642257 0.706266 0.297816
vt 0.923226 0.534308
f 1830/2472/3459 1870/2458/3459 1832/2473/3459

vn 0.707226 0.683088 0.182269
f 1870/2458/3460 1869/2457/3460 1832/2473/3460

v 0.63817 0.847672 0.0142121
vt 0.935339 0.532934
vn 0.412566 0.678505 -0.607799
f 1881/2474/3461 1832/2473/3461 1869/2457/3461

v 0.645671 0.831477 0.00303695
vt 0.930082 0.539621
vn 0.475077 0.638117 -0.605894
f 1882/2475/3462 1832/2473/3462 1881/2474/3462

vt 0.897597 0.347624
vn 0.501167 -0.490875 -0.712652
vt 0.890228 0.35121
v 0.64088 0.817908 0.00901423
vt 0.887622 0.345815
f 1832/2476/3463 1882/2477/3463 1883/2478/3463

vn 0.635118 -0.487988 -0.598743
v 0.660334 0.827354 0.0219511
vt 0.881258 0.352594
f 1882/2477/3464 1884/2479/3464 1883/2478/3464

vn 0.675051 -0.410736 -0.612864
v 0.664045 0.836178 0.0201248
vt 0.881619 0.356158
f 1882/2477/3465 1885/2480/3465 1884/2479/3465

vt 0.939893 0.543586
vn 0.358204 0.727396 -0.585307
v 0.65895 0.841505 0.023626
vt 0.940587 0.540492
f 1885/2481/3466 1882/2475/3466 1886/2482/3466

vn 0.466735 0.638458 -0.611988
f 1886/2482/3467 1882/2475/3467 1881/2474/3467

vn 0.12861 0.935535 0.32899
v 0.6566 0.839252 0.0309512
vt 0.943346 0.539384
f 1886/2482/3468 1881/2474/3468 1887/2483/3468

vn 0.0562877 0.915436 0.398508
v 0.629577 0.841291 0.0300827
vt 0.942057 0.528671
f 1887/2483/3469 1881/2474/3469 1888/2484/3469

vn 0.0150803 0.924868 0.37999
f 1881/2474/3470 1869/2457/3470 1888/2484/3470

vn 0.0710791 0.937309 0.341175
f 1888/2484/3471 1869/2457/3471 1838/2403/3471

vn 0.111558 0.926718 0.358815
f 1869/2457/3472 1840/2407/3472 1838/2403/3472

vn -0.0307923 0.446712 0.894148
f 1838/2403/3473 1836/2405/3473 1888/2484/3473

vn 0.00506582 0.447812 0.894114
f 1888/2484/3474 1836/2405/3474 1887/2483/3474

vn 0.0190578 0.419339 0.90763
v 0.659318 0.83299 0.0337868
vt 0.945918 0.540746
f 1887/2483/3475 1836/2405/3475 1889/2485/3475

vt 0.876213 0.352886
vn 0.152997 -0.562265 0.812681
v 0.658178 0.825132 0.0285643
vt 0.879233 0.351188
f 1889/2486/3476 1836/2401/3476 1890/2487/3476

vn 0.177088 -0.477489 0.860607
f 1836/2401/3477 1835/2400/3477 1890/2487/3477

vn 0.478712 -0.872108 -0.101307
f 1890/2487/3478 1835/2400/3478 1883/2478/3478

vn 0.422405 -0.896967 -0.130478
f 1883/2478/3479 1835/2400/3479 1831/2397/3479

vn 0.559745 -0.433709 -0.706104
f 1832/2476/3480 1883/2478/3480 1831/2397/3480

vn 0.499502 -0.857217 -0.125205
f 1884/2479/3481 1890/2487/3481 1883/2478/3481

vn 0.937054 -0.277145 0.212417
f 1884/2479/3482 1889/2486/3482 1890/2487/3482

vn 0.912012 -0.334389 0.237527
f 1885/2480/3483 1889/2486/3483 1884/2479/3483

vn 0.780099 0.493188 0.384982
f 1885/2481/3484 1886/2482/3484 1889/2485/3484

vn 0.759933 0.511513 0.401068
f 1886/2482/3485 1887/2483/3485 1889/2485/3485

vt 0.902822 0.355903
vn 0.31543 -0.553625 0.770716
f 1880/2488/3486 1830/2392/3486 1829/2391/3486

vn 0.466492 -0.523632 0.712878
f 1880/2488/3487 1829/2391/3487 1878/2468/3487

vn 0.514483 -0.857501 -8.1058e-005
v 0.651373 0.819396 -0.0476651
vt 0.915068 0.353864
f 1878/2468/3488 1829/2391/3488 1891/2489/3488

vn 0.252928 -0.967428 -0.0105457
f 1891/2489/3489 1829/2391/3489 1827/2389/3489

vt 0.926934 0.350251
vn 0.272966 -0.523337 -0.807222
f 1797/2490/3490 1891/2489/3490 1827/2389/3490

vn 0.296265 -0.496549 -0.815883
f 1873/2467/3491 1891/2489/3491 1797/2490/3491

vn 0.467144 -0.493892 -0.733381
f 1873/2467/3492 1877/2466/3492 1891/2489/3492

vn 0.513958 -0.857815 0.000978856
f 1877/2466/3493 1878/2468/3493 1891/2489/3493

vt 0.92893 0.349042
vn 0.940666 -0.338783 -0.0193092
f 1796/2491/3494 1797/2490/3494 1827/2389/3494

vn 0.89413 -0.42648 -0.136548
f 1826/2388/3495 1796/2491/3495 1827/2389/3495

vn 0.597187 -0.485893 0.638181
v 0.643595 0.819889 -0.0963747
vt 0.94274 0.351307
f 1796/2491/3496 1826/2388/3496 1892/2492/3496

vn 0.221995 -0.96824 -0.115016
v 0.636402 0.820402 -0.114578
vt 0.950711 0.348079
f 1892/2492/3497 1826/2388/3497 1893/2493/3497

vn 0.334139 -0.941367 -0.0466869
v 0.601551 0.808032 -0.114593
vt 0.950194 0.331811
f 1893/2493/3498 1826/2388/3498 1894/2494/3498

vn 0.661678 -0.726162 -0.186738
f 1826/2388/3499 1821/2383/3499 1894/2494/3499

vn 0.191721 -0.828065 -0.526832
f 1894/2494/3500 1821/2383/3500 1820/2382/3500

vt 0.962976 0.332727
vn 0.133557 -0.347638 -0.928068
f 1792/2495/3501 1894/2494/3501 1820/2382/3501

vt 0.958058 0.348744
vn 0.0817057 -0.357698 -0.930256
f 1793/2496/3502 1894/2494/3502 1792/2495/3502

vn 0.153697 -0.431977 -0.888692
f 1793/2496/3503 1893/2493/3503 1894/2494/3503

vn 0.259845 -0.400634 -0.87862
v 0.655038 0.829983 -0.113435
vt 0.950823 0.357317
f 1793/2496/3504 1895/2497/3504 1893/2493/3504

v 0.659712 0.837181 -0.11798
vt 0.953744 0.360668
vn 0.179095 -0.605779 -0.775214
f 1896/2498/3505 1895/2497/3505 1793/2496/3505

vn 0.739985 -0.629713 -0.236398
v 0.657342 0.830275 -0.107002
vt 0.947913 0.358545
f 1896/2498/3506 1897/2499/3506 1895/2497/3506

v 0.665528 0.835703 -0.105116
vt 0.946051 0.362293
vn 0.572619 -0.743972 -0.344401
f 1898/2500/3507 1897/2499/3507 1896/2498/3507

vn 0.451138 -0.810321 0.373971
v 0.648066 0.833387 -0.0890697
vt 0.938625 0.356784
f 1898/2500/3508 1899/2501/3508 1897/2499/3508

vt 0.871601 0.545428
vn 0.429153 0.701989 0.568365
v 0.657931 0.841065 -0.106002
vt 0.871758 0.541541
vt 0.88054 0.540751
f 1898/2502/3509 1900/2503/3509 1899/2504/3509

vn 0.581564 0.806886 -0.103529
f 1898/2502/3510 1794/2352/3510 1900/2503/3510

vn 0.622403 0.758198 -0.194292
vt 0.866428 0.542084
f 1898/2502/3511 1896/2505/3511 1794/2352/3511

vn -0.00864767 0.843098 -0.537691
f 1896/2505/3512 1793/2351/3512 1794/2352/3512

vn 0.291232 0.955181 -0.0530383
f 1900/2503/3513 1794/2352/3513 1795/2353/3513

vn 0.569563 0.571326 0.590919
f 1795/2353/3514 1899/2504/3514 1900/2503/3514

vn 0.490049 0.56963 0.659829
f 1795/2353/3515 1796/2354/3515 1899/2504/3515

vn 0.56263 -0.52981 0.634625
f 1899/2501/3516 1796/2491/3516 1892/2492/3516

vn 0.733764 -0.494927 0.465444
f 1897/2499/3517 1899/2501/3517 1892/2492/3517

vn 0.520641 -0.840803 -0.148266
f 1897/2499/3518 1892/2492/3518 1895/2497/3518

vn 0.457418 -0.865265 -0.205145
f 1895/2497/3519 1892/2492/3519 1893/2493/3519

vn 0.0908904 -0.316646 -0.944179
v 0.569526 0.831416 -0.126678
vt 0.966197 0.320778
f 1792/2495/3520 1820/2382/3520 1901/2506/3520

vn 0.257461 -0.289563 -0.921883
f 1901/2506/3521 1820/2382/3521 1818/2380/3521

vn 0.0337847 -0.185134 -0.982132
v 0.548429 0.831332 -0.127388
vt 0.968803 0.310409
f 1901/2506/3522 1818/2380/3522 1902/2507/3522

vn 0.232017 -0.159663 -0.959519
f 1902/2507/3523 1818/2380/3523 1816/2378/3523

vn 0.103145 -0.0788143 -0.991539
v 0.51833 0.831207 -0.130509
vt 0.972253 0.298163
f 1902/2507/3524 1816/2378/3524 1903/2508/3524

vn 0.244409 -0.0597368 -0.96783
f 1903/2508/3525 1816/2378/3525 1814/2376/3525

vn 0.140137 0.000950294 -0.990132
f 1903/2508/3526 1814/2376/3526 1781/2333/3526

vn 0.169734 0.00471642 -0.985479
f 1781/2333/3527 1814/2376/3527 1780/2332/3527

vn 0.112615 0.59057 -0.79909
vt 0.861484 0.481757
f 1782/2335/3528 1903/2509/3528 1781/2334/3528

vn 0.124914 0.590439 -0.797357
f 1782/2335/3529 1786/2345/3529 1903/2509/3529

vn 0.0783736 0.620184 -0.780531
vt 0.862037 0.494003
f 1786/2345/3530 1902/2510/3530 1903/2509/3530

vn 0.0881715 0.620847 -0.778958
f 1786/2345/3531 1788/2346/3531 1902/2510/3531

vn 0.0228954 0.652513 -0.757431
vt 0.862126 0.504371
f 1788/2346/3532 1901/2511/3532 1902/2510/3532

vn 0.0362165 0.653373 -0.756169
f 1788/2346/3533 1790/2348/3533 1901/2511/3533

vn 0.0416444 0.649036 -0.759617
f 1790/2348/3534 1792/2350/3534 1901/2511/3534

vn 0.335727 -0.713203 0.615328
f 1879/2469/3535 1880/2488/3535 1878/2468/3535

vn 0.274762 0.960754 0.0381739
f 1875/2463/3536 1872/2460/3536 1871/2459/3536

vn 0.994443 0.0757464 0.0731164
f 1825/2387/3537 1833/2398/3537 1824/2386/3537

vn 0.630927 -0.775461 0.0243052
f 1828/2390/3538 1833/2398/3538 1825/2387/3538

vn -0.979307 -0.193469 -0.0593867
f 1146/1466/3539 1149/1470/3539 1455/1902/3539

vn -0.866611 -0.497627 -0.0367792
f 1146/1466/3540 1455/1902/3540 1145/1467/3540

vt 0.959406 0.548759
vn -0.878491 -0.470997 0.0800989
f 1145/2512/3541 1455/1899/3541 1453/1897/3541

vn 0.671184 -0.723588 0.161034
vt 0.548474 0.682609
f 1145/1464/3542 1453/2513/3542 1143/1462/3542

vn 0.419632 -0.863795 0.278869
v 0.145041 0.181441 0.0256675
vt 0.543553 0.685845
f 1453/2513/3543 1904/2514/3543 1143/1462/3543

vt 0.550666 0.706865
vn 0.502378 -0.771663 0.390068
f 1451/2515/3544 1904/2514/3544 1453/2513/3544

vn 0.560356 -0.749274 0.352974
v 0.154421 0.219008 0.0905231
vt 0.546527 0.708559
f 1451/2515/3545 1905/2516/3545 1904/2514/3545

vn 0.626301 -0.606626 0.489645
f 1451/2515/3546 1447/1889/3546 1905/2516/3546

vn 0.662172 -0.602954 0.444942
f 1905/2516/3547 1447/1889/3547 1446/1888/3547

vn 0.575102 -0.631244 0.520374
f 1446/1888/3548 1107/1424/3548 1905/2516/3548

vn 0.627052 -0.434629 0.646454
f 1106/1423/3549 1107/1424/3549 1446/1888/3549

vn 0.524778 -0.659024 0.538791
f 1905/2516/3550 1107/1424/3550 1108/1425/3550

vn 0.463786 -0.798927 0.382908
f 1905/2516/3551 1108/1425/3551 1109/1426/3551

vn 0.444882 -0.801373 0.399852
f 1905/2516/3552 1109/1426/3552 1904/2514/3552

vn 0.365714 -0.891027 0.268931
f 1904/2514/3553 1109/1426/3553 1110/1427/3553

vn 0.324915 -0.899768 0.291287
f 1904/2514/3554 1110/1427/3554 1143/1462/3554

vn 0.603859 -0.474714 0.640314
f 1268/1632/3555 1279/1650/3555 1267/1631/3555

vn 0.251869 -0.966389 0.0515309
f 1268/1633/3556 1270/1635/3556 1279/1649/3556

vn 0.493223 -0.86596 0.0827353
f 1269/1634/3557 1270/1635/3557 1268/1633/3557

vn -0.643844 0.153051 0.749693
f 1063/1380/3558 1089/1406/3558 1062/1379/3558

vt 0.117331 0.724741
vn -0.845233 0.31945 -0.428408
f 905/2517/3559 1049/1361/3559 903/1369/3559

vn -0.701339 0.0332032 -0.712054
f 905/2517/3560 907/1360/3560 1049/1361/3560

vn -0.667233 -0.744657 0.0169165
f 914/1193/3561 1048/1357/3561 912/1191/3561

vn -0.373153 -0.926813 0.0421231
f 917/1196/3562 1048/1357/3562 914/1193/3562

vn -0.355833 -0.933006 0.0536888
f 917/1196/3563 920/1199/3563 1048/1357/3563

vn -0.502378 -0.771663 0.390068
f 953/1232/3564 954/1233/3564 1040/1348/3564

vt 0.045458 0.569896
vn 0.952764 -0.226615 0.202206
v -0.16915 0.206683 0.0836226
vt 0.055671 0.591951
f 1040/2518/3565 954/1234/3565 1906/2519/3565

vn 0.780479 -0.13007 0.611502
f 954/1234/3566 955/1236/3566 1906/2519/3566

vn 0.70161 -0.223805 0.676502
v -0.207827 0.234092 0.132803
vt 0.064212 0.60914
f 1906/2519/3567 955/1236/3567 1907/2520/3567

vn 0.184478 0.0924528 0.978479
f 957/1238/3568 1907/2520/3568 955/1236/3568

vn -0.0251555 -0.121604 0.99226
v -0.273091 0.235201 0.131285
vt 0.062803 0.625704
f 957/1238/3569 1908/2521/3569 1907/2520/3569

vn -0.54933 -0.00281663 0.8356
f 957/1238/3570 962/1243/3570 1908/2521/3570

vn -0.557109 0.0250039 0.830063
f 958/1239/3571 962/1243/3571 957/1238/3571

vn -0.631289 -0.252535 0.733281
f 962/1243/3572 964/1245/3572 1908/2521/3572

vn -0.607099 -0.295928 0.737467
v -0.268915 0.184334 0.114311
vt 0.048556 0.624654
f 1908/2521/3573 964/1245/3573 1909/2522/3573

vn -0.619232 -0.441953 0.649021
f 964/1245/3574 966/1247/3574 1909/2522/3574

vn -0.560846 -0.513074 0.649774
v -0.260271 0.146495 0.0918926
vt 0.03472 0.622829
f 1909/2522/3575 966/1247/3575 1910/2523/3575

vn -0.564669 -0.468298 0.679592
f 966/1247/3576 968/1249/3576 1910/2523/3576

v -0.254638 0.118021 0.0665002
vt 0.019464 0.62161
vn -0.367266 -0.658475 0.656907
f 1911/2524/3577 1910/2523/3577 968/1249/3577

vn -0.120708 -0.673894 0.728901
v -0.221397 0.134322 0.087076
vt 0.031121 0.608694
f 1910/2523/3578 1911/2524/3578 1912/2525/3578

v -0.218261 0.11278 0.0558122
vt 0.01606 0.603409
vn 0.0493299 -0.820126 0.570053
f 1913/2526/3579 1912/2525/3579 1911/2524/3579

v -0.186824 0.126135 0.0539735
vt 0.025189 0.590513
vn 0.352624 -0.753654 0.554673
f 1914/2527/3580 1912/2525/3580 1913/2526/3580

v -0.184649 0.1452 0.0752008
vt 0.035081 0.595051
vn 0.398513 -0.702289 0.589896
f 1915/2528/3581 1912/2525/3581 1914/2527/3581

v -0.222987 0.163219 0.111719
vt 0.043261 0.611057
vn 0.400898 -0.58159 0.707837
f 1916/2529/3582 1912/2525/3582 1915/2528/3582

vn -0.109719 -0.648456 0.753304
f 1916/2529/3583 1910/2523/3583 1912/2525/3583

vn -0.198509 -0.532738 0.822669
f 1909/2522/3584 1910/2523/3584 1916/2529/3584

v -0.217989 0.1992 0.128028
vt 0.054534 0.610941
vn -0.129952 -0.394308 0.909744
f 1917/2530/3585 1909/2522/3585 1916/2529/3585

vn -0.15667 -0.324177 0.932933
f 1908/2521/3586 1909/2522/3586 1917/2530/3586

vn -0.0252498 -0.12832 0.991411
f 1908/2521/3587 1917/2530/3587 1907/2520/3587

vn 0.630198 -0.282501 0.723218
v -0.174359 0.187525 0.0854497
vt 0.049792 0.593839
f 1907/2520/3588 1917/2530/3588 1918/2531/3588

vn 0.652665 -0.212835 0.727138
v -0.179746 0.167636 0.0844641
vt 0.043408 0.595351
f 1917/2530/3589 1919/2532/3589 1918/2531/3589

vn 0.515603 -0.412117 0.751207
f 1917/2530/3590 1916/2529/3590 1919/2532/3590

vn 0.514083 -0.420896 0.747372
f 1919/2532/3591 1916/2529/3591 1915/2528/3591

v -0.171002 0.151903 0.0194267
vt 0.033461 0.57413
vn 0.938246 -0.285616 0.195236
f 1920/2533/3592 1919/2532/3592 1915/2528/3592

v -0.167776 0.16802 0.017647
vt 0.03937 0.572614
vn 0.969314 -0.174992 0.172652
f 1921/2534/3593 1919/2532/3593 1920/2533/3593

vn 0.949264 -0.265504 0.168541
f 1921/2534/3594 1918/2531/3594 1919/2532/3594

v -0.163257 0.179317 0.0152202
vt 0.043504 0.571138
vn 0.925533 -0.330445 0.184919
f 1922/2535/3595 1918/2531/3595 1921/2534/3595

vn 0.953565 -0.242197 0.179036
f 1922/2535/3596 1906/2519/3596 1918/2531/3596

vn 0.822696 -0.499823 0.27083
f 1040/2518/3597 1906/2519/3597 1922/2535/3597

v -0.164973 0.164202 -0.0442963
vt 0.037405 0.549782
vn 0.812573 -0.570085 0.121361
f 1923/2536/3598 1040/2518/3598 1922/2535/3598

vt 0.040594 0.548759
vn 0.878491 -0.470997 0.0800989
f 1038/2537/3599 1040/2518/3599 1923/2536/3599

vn 0.866611 -0.497627 -0.0367792
vt 0.037405 0.801933
f 1037/1343/3600 1038/1344/3600 1923/2538/3600

vn 0.979307 -0.193469 -0.0593867
v -0.171157 0.151129 -0.103679
vt 0.033082 0.779615
f 1037/1343/3601 1923/2538/3601 1924/2539/3601

vn 0.978541 -0.197602 -0.0583973
v -0.166487 0.156063 -0.042118
vt 0.034394 0.802707
f 1924/2539/3602 1923/2538/3602 1925/2540/3602

vn 0.983809 -0.178415 0.0169541
vt 0.034394 0.550711
f 1923/2536/3603 1922/2535/3603 1925/2541/3603

vn 0.931231 -0.352962 0.0907056
f 1925/2541/3604 1922/2535/3604 1921/2534/3604

vn 0.980065 -0.189685 0.0590927
f 1925/2541/3605 1921/2534/3605 1920/2533/3605

vn 0.988217 -0.139453 0.0630858
v -0.168029 0.145945 -0.0403205
vt 0.030503 0.551533
f 1925/2541/3606 1920/2533/3606 1926/2542/3606

vn 0.994102 -0.0912682 0.0585734
v -0.172258 0.137627 0.0184863
vt 0.0279 0.574531
f 1926/2542/3607 1920/2533/3607 1927/2543/3607

vn 0.969183 -0.100048 0.225109
f 1927/2543/3608 1920/2533/3608 1915/2528/3608

vn 0.893862 -0.375224 0.245395
f 1927/2543/3609 1915/2528/3609 1914/2527/3609

v -0.172449 0.121596 0.00860951
vt 0.021166 0.571128
vn 0.927019 -0.204682 0.314231
f 1928/2544/3610 1927/2543/3610 1914/2527/3610

v -0.168649 0.134997 -0.0419443
vt 0.026269 0.551028
vn 0.996844 -0.0499417 0.0617078
f 1929/2545/3611 1927/2543/3611 1928/2544/3611

vn 0.995897 -0.0656014 0.0623328
f 1929/2545/3612 1926/2542/3612 1927/2543/3612

v -0.172292 0.141728 -0.0992421
vt 0.029267 0.780949
vn 0.996561 -0.0461902 -0.0687895
vt 0.030503 0.803367
vt 0.026269 0.802741
f 1930/2546/3613 1926/2547/3613 1929/2548/3613

vn 0.985174 -0.160815 -0.0597622
f 1930/2546/3614 1925/2540/3614 1926/2547/3614

vn 0.986854 -0.148855 -0.0629342
f 1924/2539/3615 1925/2540/3615 1930/2546/3615

v -0.199607 0.164224 -0.145056
vt 0.038186 0.761201
vn 0.706744 -0.369952 -0.603032
f 1931/2549/3616 1924/2539/3616 1930/2546/3616

v -0.19616 0.181225 -0.155301
vt 0.045434 0.760438
vn 0.639622 -0.487717 -0.594151
f 1932/2550/3617 1924/2539/3617 1931/2549/3617

vn 0.517723 -0.605913 -0.604014
f 1037/1343/3618 1924/2539/3618 1932/2550/3618

vn 0.289397 -0.784682 -0.5482
f 1037/1343/3619 1932/2550/3619 1035/1341/3619

vn -0.142533 -0.713987 -0.685497
f 1035/1341/3620 1932/2550/3620 1029/1335/3620

vn 0.172726 -0.538087 -0.825002
f 1029/1335/3621 1932/2550/3621 1028/1334/3621

vn 0.175201 -0.533972 -0.827151
f 1028/1334/3622 1932/2550/3622 1931/2549/3622

vn 0.297456 -0.411458 -0.861523
v -0.241249 0.171313 -0.16282
vt 0.041078 0.743724
f 1028/1334/3623 1931/2549/3623 1933/2551/3623

vn 0.346286 -0.239003 -0.907173
v -0.201323 0.145558 -0.140793
vt 0.030626 0.761566
f 1933/2551/3624 1931/2549/3624 1934/2552/3624

vn 0.793601 -0.203871 -0.573266
f 1931/2549/3625 1930/2546/3625 1934/2552/3625

vn 0.817029 -0.0440949 -0.574908
v -0.172259 0.127355 -0.0980928
vt 0.023645 0.781386
f 1934/2552/3626 1930/2546/3626 1935/2553/3626

vn 0.99796 -0.00280766 -0.0637823
f 1930/2546/3627 1929/2548/3627 1935/2553/3627

vn 0.997015 0.0349281 -0.0688579
v -0.168432 0.119321 -0.0467662
vt 0.020247 0.800882
f 1935/2553/3628 1929/2548/3628 1936/2554/3628

vt 0.020247 0.549172
vn 0.997317 -0.0086106 0.0727
f 1936/2555/3629 1929/2545/3629 1928/2544/3629

vn 0.997057 0.0285439 0.071155
v -0.170977 0.104972 -0.00535442
vt 0.014362 0.56545
f 1936/2555/3630 1928/2544/3630 1937/2556/3630

vn 0.9053 -0.22333 0.361326
v -0.187249 0.108322 0.0374843
vt 0.015591 0.585449
f 1937/2556/3631 1928/2544/3631 1938/2557/3631

vn 0.895874 -0.31313 0.315214
f 1928/2544/3632 1914/2527/3632 1938/2557/3632

vn 0.316026 -0.648536 0.69248
f 1914/2527/3633 1913/2526/3633 1938/2557/3633

vn 0.433133 -0.368549 0.822537
v -0.214565 0.0984364 0.0474391
vt 0.007812 0.599559
f 1913/2526/3634 1939/2558/3634 1938/2557/3634

vn 0.0236493 -0.499453 0.866018
v -0.251396 0.101728 0.0503431
vt 0.007812 0.620444
f 1913/2526/3635 1940/2559/3635 1939/2558/3635

vn 0.111362 -0.688501 0.716634
f 1911/2524/3636 1940/2559/3636 1913/2526/3636

vn -0.100877 -0.710595 0.696333
f 1940/2559/3637 1911/2524/3637 969/1250/3637

vn -0.389581 -0.419016 0.820153
f 968/1249/3638 969/1250/3638 1911/2524/3638

vt 0.07934 0.915971
vn -0.113309 0.945909 0.304002
v -0.27511 0.0900321 0.0778957
vt 0.089914 0.927424
f 1940/2560/3639 969/1252/3639 1941/2561/3639

vn -0.327492 0.884514 0.332241
f 1941/2561/3640 969/1252/3640 971/1254/3640

vn -0.307468 0.920652 0.24055
v -0.291338 0.0748254 0.115354
vt 0.099715 0.944293
f 1941/2561/3641 971/1254/3641 1942/2562/3641

vn -0.391239 0.883808 0.256545
v -0.324178 0.0609166 0.113188
vt 0.115624 0.941732
f 1942/2562/3642 971/1254/3642 1943/2563/3642

vn -0.645191 0.759979 0.0784892
f 971/1254/3643 973/1256/3643 1943/2563/3643

vn -0.920055 0.378645 0.100635
f 974/1257/3644 1943/2563/3644 973/1256/3644

vn -0.893301 0.44814 0.0344072
v -0.343225 0.0228103 0.114985
vt 0.132813 0.940566
f 974/1257/3645 1944/2564/3645 1943/2563/3645

vn -0.957192 -0.288004 0.0289295
vt 0.140625 0.922003
f 974/1257/3646 991/2565/3646 1944/2564/3646

vn -0.949357 -0.29551 -0.106749
f 976/1259/3647 991/2565/3647 974/1257/3647

vn -0.969959 -0.243193 0.00615109
vt 0.140625 0.940461
f 991/2565/3648 990/2566/3648 1944/2564/3648

vn -0.946198 -0.243115 0.213551
v -0.333751 0.0225616 0.15668
vt 0.132813 0.955562
f 990/2566/3649 1945/2567/3649 1944/2564/3649

vn -0.958743 -0.206637 0.195227
vt 0.140625 0.956211
f 990/2566/3650 989/2568/3650 1945/2567/3650

v -0.268435 0.0266372 0.181309
vt 0.132813 0.980607
vn -0.341981 -0.137153 0.929644
f 1946/2569/3651 1945/2567/3651 989/2568/3651

v -0.314566 0.0586707 0.145713
vt 0.115897 0.958017
vn -0.341383 0.434517 0.833458
f 1947/2570/3652 1945/2567/3652 1946/2569/3652

vn -0.840676 0.505582 0.194038
f 1944/2564/3653 1945/2567/3653 1947/2570/3653

vn -0.8527 0.439535 0.282331
f 1943/2563/3654 1944/2564/3654 1947/2570/3654

vn -0.393689 0.901726 0.178604
f 1942/2562/3655 1943/2563/3655 1947/2570/3655

v -0.271379 0.0621078 0.157927
vt 0.092172 0.968099
vn -0.173693 0.918301 0.355744
f 1948/2571/3656 1942/2562/3656 1947/2570/3656

v -0.23775 0.0734865 0.1203
vt 0.074027 0.949242
vn -0.00259345 0.957826 0.287336
f 1949/2572/3657 1942/2562/3657 1948/2571/3657

vn -0.0116071 0.926358 0.376466
v -0.269634 0.0821766 0.0979338
vt 0.088544 0.936949
f 1949/2572/3658 1950/2573/3658 1942/2562/3658

vn -0.00309204 0.930617 0.365983
v -0.239055 0.0817944 0.0991641
vt 0.074496 0.938403
f 1949/2572/3659 1951/2574/3659 1950/2573/3659

v -0.210716 0.0805381 0.0990105
vt 0.061442 0.938085
vn 0.0432287 0.930722 0.363162
f 1952/2575/3660 1951/2574/3660 1949/2572/3660

v -0.208956 0.0872432 0.0799912
vt 0.061362 0.929173
vn 0.0435332 0.940944 0.335752
f 1953/2576/3661 1951/2574/3661 1952/2575/3661

vn 0.0651577 0.92829 0.366104
v -0.243595 0.0899952 0.0791779
vt 0.076412 0.928802
f 1953/2576/3662 1954/2577/3662 1951/2574/3662

vn 0.06787 0.947013 0.313943
vt 0.064643 0.915035
f 1953/2576/3663 1939/2578/3663 1954/2577/3663

v -0.180666 0.0812861 0.0702737
vt 0.048885 0.924873
vn 0.285594 0.920332 0.267254
f 1955/2579/3664 1939/2578/3664 1953/2576/3664

vn 0.329511 0.922002 0.20331
v -0.185605 0.0924057 0.0278524
vt 0.05258 0.907075
f 1955/2579/3665 1956/2580/3665 1939/2578/3665

v -0.145375 0.0593987 0.0668033
vt 0.031454 0.923329
vn 0.531644 0.832422 0.156293
f 1957/2581/3666 1956/2580/3666 1955/2579/3666

vn 0.625163 0.780339 0.0155668
v -0.145575 0.0605861 0.0153061
vt 0.031398 0.90273
f 1957/2581/3667 1958/2582/3667 1956/2580/3667

vn 0.955803 0.293991 0.00306884
v -0.133854 0.0219387 0.0670227
vt 0.015625 0.923492
f 1958/2582/3668 1957/2581/3668 1959/2583/3668

vn 0.947886 0.292281 0.126825
v -0.151222 0.057819 0.114146
vt 0.031741 0.943296
f 1957/2581/3669 1960/2584/3669 1959/2583/3669

vn 0.531387 0.841929 0.0937229
f 1957/2581/3670 1955/2579/3670 1960/2584/3670

vn 0.429102 0.884121 0.184935
v -0.185429 0.0740275 0.116028
vt 0.048818 0.945418
f 1960/2584/3671 1955/2579/3671 1961/2585/3671

vn 0.13745 0.975961 0.169139
f 1955/2579/3672 1952/2575/3672 1961/2585/3672

vn 0.304571 0.889111 0.341641
f 1955/2579/3673 1953/2576/3673 1952/2575/3673

vn 0.017562 0.942269 0.334396
f 1961/2585/3674 1952/2575/3674 1949/2572/3674

vn 0.0130405 0.959557 0.281213
v -0.204818 0.0620306 0.157863
vt 0.056618 0.968635
f 1961/2585/3675 1949/2572/3675 1962/2586/3675

vn -1.93203e-005 0.956501 0.291731
v -0.236912 0.0619455 0.15814
vt 0.073803 0.969289
f 1962/2586/3676 1949/2572/3676 1963/2587/3676

vn 0.00270521 0.956514 0.291674
f 1963/2587/3677 1949/2572/3677 1948/2571/3677

vt 0.115029 0.977507
vn -0.00255958 0.550219 0.835017
vt 0.11441 0.992188
f 1948/2588/3678 1946/2569/3678 1963/2589/3678

vn -0.271073 0.513978 0.813846
f 1948/2588/3679 1947/2570/3679 1946/2569/3679

vn 0.0023853 0.547133 0.837042
v -0.236855 0.0263243 0.181424
vt 0.132813 0.992188
f 1963/2589/3680 1946/2569/3680 1964/2590/3680

vn -0.00436535 -0.0755125 0.997135
vt 0.140625 0.980412
f 1946/2569/3681 988/2591/3681 1964/2590/3681

vn -0.370316 -0.069207 0.926324
f 1946/2569/3682 989/2568/3682 988/2591/3682

v -0.236858 0 0.179291
vt 0.140625 0.992188
f 1964/2590/3196 988/2591/3196 1965/2592/3196

vt 0.015625 0.992188
vn -0.00408713 -0.0807273 0.996728
vt 0.007813 0.992188
v -0.20623 0.0260439 0.181526
vt 0.015625 0.981269
f 1964/2593/3683 1965/2594/3683 1966/2595/3683

vt 0.007813 0.981023
f 1966/2595/3194 1965/2594/3194 987/2596/3194

vn 0.382928 -0.078127 0.920469
vt 0.007813 0.957747
f 1966/2595/3684 987/2596/3684 986/2597/3684

vn 0.364213 -0.123107 0.923143
v -0.143476 0.0225093 0.156297
vt 0.015625 0.957226
f 1966/2595/3685 986/2597/3685 1967/2598/3685

v -0.134925 0.0220253 0.115075
vt 0.015625 0.942207
vn 0.962263 -0.182593 0.201765
f 1968/2599/3686 1967/2598/3686 986/2597/3686

vn 0.848075 0.501851 0.17004
v -0.160395 0.0547903 0.145407
vt 0.031304 0.959126
f 1968/2599/3687 1969/2600/3687 1967/2598/3687

vn 0.867143 0.402441 0.293437
f 1960/2584/3688 1969/2600/3688 1968/2599/3688

vn 0.428025 0.878852 0.210744
f 1960/2584/3689 1961/2585/3689 1969/2600/3689

vn 0.250051 0.893832 0.372209
f 1969/2600/3690 1961/2585/3690 1962/2586/3690

vt 0.033186 0.978978
vn 0.308235 0.514198 0.800369
f 1962/2601/3691 1966/2595/3691 1969/2600/3691

vn 0.00575234 0.549254 0.835636
vt 0.033445 0.992188
f 1962/2601/3692 1963/2602/3692 1966/2595/3692

vn 0.00219811 0.547133 0.837043
f 1963/2602/3693 1964/2593/3693 1966/2595/3693

vn 0.353399 0.460011 0.814555
f 1969/2600/3694 1966/2595/3694 1967/2598/3694

vn 0.909736 0.414728 0.0195315
f 1959/2583/3695 1960/2584/3695 1968/2599/3695

vn 0.982483 -0.18502 0.0222335
vt 0.007813 0.941982
f 1959/2583/3696 1968/2599/3696 985/2603/3696

vn 0.962017 -0.186043 0.199778
f 985/2603/3697 1968/2599/3697 986/2597/3697

vn 0.939601 -0.338104 -0.0532516
vt 0.007813 0.923533
f 1959/2583/3698 985/2603/3698 984/2604/3698

v -0.140495 0.0225761 0.0121229
vt 0.015625 0.901711
vn 0.933863 -0.337988 -0.116891
f 1970/2605/3699 1959/2583/3699 984/2604/3699

vn 0.98301 0.141206 -0.117273
f 1970/2605/3700 1958/2582/3700 1959/2583/3700

v -0.150079 0.0600994 -0.031832
vt 0.031279 0.883853
vn 0.985562 0.139733 -0.0956106
f 1971/2606/3701 1958/2582/3701 1970/2605/3701

vn 0.833332 0.546157 -0.0852614
v -0.166839 0.087532 -0.0199149
vt 0.044791 0.887972
f 1971/2606/3702 1972/2607/3702 1958/2582/3702

v -0.164525 0.0858302 -0.0687537
vt 0.042986 0.868369
vn 0.857483 0.514011 0.0227026
f 1973/2608/3703 1972/2607/3703 1971/2606/3703

vt 0.007812 0.540373
vn 0.996256 0.074061 0.0446055
v -0.166347 0.103419 -0.0572707
vt 0.014233 0.544932
vt 0.007812 0.559008
f 1973/2609/3704 1974/2610/3704 1972/2611/3704

v -0.170204 0.0996686 -0.104247
vt 0.012961 0.779771
vn 0.982196 0.16286 -0.0936405
vt 0.014233 0.796941
vt 0.007812 0.792798
f 1975/2612/3705 1974/2613/3705 1973/2614/3705

vn 0.985021 0.145533 -0.0924891
v -0.172086 0.115547 -0.0993077
vt 0.01907 0.781046
f 1975/2612/3706 1976/2615/3706 1974/2613/3706

vn 0.771587 0.270555 -0.57572
f 1003/1293/3707 1976/2615/3707 1975/2612/3707

vn 0.8066 0.135202 -0.575428
v -0.202759 0.127039 -0.139603
vt 0.023095 0.761552
f 1003/1293/3708 1977/2616/3708 1976/2615/3708

vn 0.353117 0.183554 -0.917397
v -0.238873 0.117313 -0.15545
vt 0.018192 0.745759
f 1977/2616/3709 1003/1293/3709 1978/2617/3709

vn 0.382601 0.409734 -0.828091
f 1978/2617/3710 1003/1293/3710 1004/1295/3710

vn -0.236523 0.40376 -0.883762
v -0.276431 0.0952939 -0.155458
vt 0.007812 0.732039
f 1978/2617/3711 1004/1295/3711 1979/2618/3711

vt 0.103337 0.829452
vn -0.252062 0.32039 -0.913135
f 1979/2619/3712 1004/1310/3712 1011/1311/3712

vn -0.753326 0.274514 -0.597613
f 1011/1311/3713 1013/1314/3713 1979/2619/3713

vn -0.783626 0.0680812 -0.617491
f 1011/1311/3714 1012/1312/3714 1013/1314/3714

vn -0.751364 0.268868 -0.60263
v -0.3034 0.0981603 -0.120553
vt 0.102312 0.847522
f 1979/2619/3715 1013/1314/3715 1980/2620/3715

vn -0.939095 0.201618 -0.2783
f 1013/1314/3716 1014/1315/3716 1980/2620/3716

vn -0.940567 0.239043 -0.241229
v -0.314531 0.0986447 -0.076675
vt 0.102091 0.86562
f 1980/2620/3717 1014/1315/3717 1981/2621/3717

vn -0.964583 0.22153 -0.143193
f 1014/1315/3718 1015/1316/3718 1981/2621/3718

vn -0.930738 0.365676 -0.00286936
f 1981/2621/3719 1015/1316/3719 1016/1317/3719

vt 0.007812 0.695149
vn -0.995699 -0.0918824 -0.0118415
v -0.31784 0.133786 -0.0710603
vt 0.022261 0.692699
f 1981/2622/3720 1016/1318/3720 1982/2623/3720

vn -0.982576 -0.16818 -0.0791209
f 1982/2623/3721 1016/1318/3721 1017/1319/3721

v -0.329743 0.1751 -0.0710976
vt 0.038527 0.691668
vn -0.957701 -0.275985 -0.0814861
f 1983/2624/3722 1982/2623/3722 1017/1319/3722

v -0.310299 0.171173 -0.11596
vt 0.037792 0.709842
vn -0.894497 -0.258033 -0.365095
f 1984/2625/3723 1982/2623/3723 1983/2624/3723

vn -0.935995 -0.176779 -0.304407
v -0.30356 0.132967 -0.114493
vt 0.022387 0.711459
f 1984/2625/3724 1985/2626/3724 1982/2623/3724

v -0.280203 0.161454 -0.145547
vt 0.03523 0.726891
vn -0.717455 -0.152646 -0.679675
f 1986/2627/3725 1985/2626/3725 1984/2625/3725

vn -0.758165 -0.0833347 -0.646716
v -0.276639 0.12865 -0.145497
vt 0.021562 0.729004
f 1986/2627/3726 1987/2628/3726 1985/2626/3726

vn -0.238083 -0.0273225 -0.970861
v -0.240063 0.143706 -0.15489
vt 0.02929 0.744696
f 1986/2627/3727 1988/2629/3727 1987/2628/3727

vn -0.331181 -0.273588 -0.903033
f 1933/2551/3728 1988/2629/3728 1986/2627/3728

vn 0.341815 -0.245825 -0.907046
f 1933/2551/3729 1934/2552/3729 1988/2629/3729

vn 0.344322 -0.0868048 -0.93483
f 1934/2552/3730 1977/2616/3730 1988/2629/3730

vn 0.802175 -0.100045 -0.588648
f 1934/2552/3731 1935/2553/3731 1977/2616/3731

vn 0.803467 0.0725497 -0.590912
f 1977/2616/3732 1935/2553/3732 1976/2615/3732

vn 0.997242 0.0218835 -0.0709166
f 1976/2615/3733 1935/2553/3733 1936/2554/3733

vn 0.979909 0.182158 -0.081225
f 1976/2615/3734 1936/2554/3734 1974/2613/3734

vn 0.993566 0.073209 0.0864167
f 1974/2610/3735 1936/2555/3735 1937/2556/3735

vn 0.982956 0.164162 0.08275
f 1974/2610/3736 1937/2556/3736 1972/2611/3736

vn 0.923619 -0.0915848 0.37221
vt 0.007812 0.580916
f 1972/2611/3737 1937/2556/3737 1956/2630/3737

vn 0.924526 -0.122866 0.360772
f 1937/2556/3738 1938/2557/3738 1956/2630/3738

vn 0.442476 -0.430415 0.786739
f 1938/2557/3739 1939/2558/3739 1956/2630/3739

vn 0.645901 0.742377 0.178012
f 1958/2582/3740 1972/2607/3740 1956/2580/3740

vn 0.393122 0.0371821 -0.918734
f 1988/2629/3741 1977/2616/3741 1978/2617/3741

vn -0.252253 0.00912516 -0.967618
f 1988/2629/3742 1978/2617/3742 1987/2628/3742

vn -0.164698 0.281272 -0.945389
f 1987/2628/3743 1978/2617/3743 1979/2618/3743

vn -0.771626 0.177568 -0.610788
vt 0.007812 0.71419
f 1979/2618/3744 1980/2631/3744 1987/2628/3744

vn -0.74262 0.111554 -0.660357
f 1987/2628/3745 1980/2631/3745 1985/2626/3745

vn -0.968485 0.0383928 -0.246095
f 1980/2631/3746 1981/2622/3746 1985/2626/3746

vn -0.949446 -0.0396628 -0.311414
f 1985/2626/3747 1981/2622/3747 1982/2623/3747

vn -0.330673 -0.275111 -0.902756
f 1027/1333/3748 1933/2551/3748 1986/2627/3748

vn -0.396709 -0.417662 -0.817423
f 1028/1334/3749 1933/2551/3749 1027/1333/3749

vn -0.717312 -0.282861 -0.636752
f 1027/1333/3750 1986/2627/3750 1984/2625/3750

vn -0.714071 -0.287798 -0.638181
f 1027/1333/3751 1984/2625/3751 1025/1331/3751

vn -0.889633 -0.27957 -0.361102
f 1025/1331/3752 1984/2625/3752 1983/2624/3752

vn -0.855314 -0.33269 -0.397185
f 1025/1331/3753 1983/2624/3753 1023/1329/3753

vn -0.928574 -0.340494 -0.147697
f 1023/1329/3754 1983/2624/3754 1018/1320/3754

vn -0.928001 -0.342089 -0.147615
f 1983/2624/3755 1017/1319/3755 1018/1320/3755

vn -0.919352 -0.356888 -0.165595
f 1023/1329/3756 1018/1320/3756 1019/1321/3756

vn 0.74838 0.398164 -0.530465
f 1003/1293/3757 1975/2612/3757 1001/1294/3757

vn 0.979561 0.181937 -0.085781
f 1001/1294/3758 1975/2612/3758 1973/2614/3758

vn 0.937438 0.338396 -0.0818409
f 1001/1290/3759 1973/2608/3759 999/1288/3759

vn 0.928865 0.350793 -0.118973
f 999/1288/3760 1973/2608/3760 1971/2606/3760

vn 0.987662 0.0980306 -0.122126
f 999/1288/3761 1971/2606/3761 997/1285/3761

vn 0.986486 0.0993108 -0.130319
f 997/1285/3762 1971/2606/3762 1970/2605/3762

vn 0.968154 -0.215688 -0.12711
f 997/1285/3763 1970/2605/3763 983/1286/3763

vn 0.973841 -0.217151 -0.0669234
f 983/1286/3764 1970/2605/3764 984/2604/3764

vn 0.110663 0.930665 0.348735
f 1939/2578/3765 1940/2560/3765 1954/2577/3765

vn -0.0143868 0.9248 0.380181
f 1954/2577/3766 1940/2560/3766 1941/2561/3766

vn -0.0138952 0.929628 0.368237
f 1954/2577/3767 1941/2561/3767 1950/2573/3767

vn -0.0183346 0.929145 0.369261
f 1950/2573/3768 1941/2561/3768 1942/2562/3768

vn -0.00374183 0.92484 0.380337
f 1951/2574/3769 1954/2577/3769 1950/2573/3769

vn -0.0540158 -0.643651 -0.76341
f 1031/1337/3770 1035/1341/3770 1029/1335/3770

vn 0.73959 -0.138272 0.658701
f 1906/2519/3771 1907/2520/3771 1918/2531/3771

vn 0.767379 -0.639381 -0.0481732
f 865/1134/3772 791/1029/3772 792/1031/3772

vn 0.809275 -0.573032 -0.129263
f 790/1028/3773 791/1029/3773 865/1134/3773

v 0.211036 0.991121 -0.0675825
vt 0.802757 0.115357
vn 0.786305 -0.591104 -0.179776
f 1989/2632/3774 790/1028/3774 865/1134/3774

vn 0.843374 -0.479169 -0.243139
f 789/1027/3775 790/1028/3775 1989/2632/3775

vn 0.801701 -0.479706 -0.356593
f 772/1008/3776 789/1027/3776 1989/2632/3776

vn 0.855056 -0.0783494 -0.512582
f 772/1008/3777 774/1010/3777 789/1027/3777

vn 0.736938 -0.586157 -0.336664
f 772/1008/3778 1989/2632/3778 863/1136/3778

vn 0.787769 -0.589129 -0.179851
f 1989/2632/3779 865/1134/3779 863/1136/3779

vn 0.96002 -0.171569 -0.221193
f 770/1006/3780 772/1008/3780 863/1136/3780

vn 0.96304 -0.154121 -0.220909
f 770/1004/3781 863/1132/3781 861/1130/3781

vn 0.98219 -0.00543334 -0.187809
f 767/1001/3782 770/1004/3782 861/1130/3782

vn 0.800575 0.581235 -0.14576
f 767/1001/3783 861/1130/3783 766/1000/3783

vn -0.161989 0.27567 -0.947505
f 754/986/3784 850/1117/3784 848/1115/3784

vn -0.163671 0.276999 -0.946828
f 754/986/3785 848/1115/3785 752/984/3785

vn -0.314553 0.268245 -0.91055
f 752/984/3786 848/1115/3786 749/981/3786

vn -0.330252 0.248176 -0.910682
f 749/981/3787 848/1115/3787 846/1113/3787

vn -0.516375 0.238909 -0.822362
f 749/981/3788 846/1113/3788 748/980/3788

vn -0.530977 0.218333 -0.818776
f 748/980/3789 846/1113/3789 842/1106/3789

vn -0.659914 0.210974 -0.721113
f 748/980/3790 842/1106/3790 747/979/3790

vn 0.352262 0.00435718 -0.935891
f 50/64/3791 53/67/3791 773/1009/3791

vn 0.35862 0.0177031 -0.933316
f 50/64/3792 773/1009/3792 48/62/3792

vn 0.358561 0.0151649 -0.933383
f 48/62/3793 773/1009/3793 771/1005/3793

vn 0.361749 0.0234013 -0.931982
f 48/62/3794 771/1005/3794 46/60/3794

vn 0.361727 0.0833646 -0.92855
f 46/60/3795 771/1005/3795 769/1007/3795

vn 0.354183 0.0600247 -0.933248
f 46/60/3796 769/1007/3796 44/58/3796

vn 0.350264 0.186015 -0.917994
f 44/56/3797 769/1003/3797 768/1002/3797

vn 0.345036 0.166199 -0.923758
f 44/56/3798 768/1002/3798 43/54/3798

vn 0.334543 0.278568 -0.900267
f 768/1002/3799 762/996/3799 43/54/3799

vn 0.570598 0.23876 -0.785755
f 768/1002/3800 764/998/3800 762/996/3800

vn 0.318049 0.219432 -0.922331
f 43/54/3801 762/996/3801 760/994/3801

vn 0.104015 0.254793 -0.961385
f 43/54/3802 760/994/3802 41/55/3802

vn 0.11705 0.283602 -0.951772
f 41/55/3803 760/994/3803 759/993/3803

vn -0.11705 0.283602 -0.951772
vt 0.155703 0.964426
f 41/51/3804 759/2633/3804 39/49/3804

vn -0.113565 0.35129 -0.929354
v -0.0549217 0.898843 -0.226757
vt 0.181169 0.950447
f 39/49/3805 759/2633/3805 1990/2634/3805

vn -0.111849 0.348186 -0.930729
vt 0.155703 0.950216
f 759/2633/3806 757/2635/3806 1990/2634/3806

vn -0.113453 0.307039 -0.944911
f 757/2635/3807 751/983/3807 1990/2634/3807

vn -0.135659 0.331108 -0.93379
f 757/2635/3808 753/985/3808 751/983/3808

vn -0.323923 0.286961 -0.901514
f 1990/2634/3809 751/983/3809 750/982/3809

vn -0.320586 0.281604 -0.904391
f 37/47/3810 1990/2634/3810 750/982/3810

vn -0.315551 0.323663 -0.892003
f 39/49/3811 1990/2634/3811 37/47/3811

vn -0.513209 0.261753 -0.817375
f 37/47/3812 750/982/3812 36/46/3812

vn 0.122571 0.916138 0.381665
f 644/839/3813 645/840/3813 715/932/3813

vn 0.701526 0.620802 -0.34995
f 645/840/3814 682/891/3814 715/932/3814

vn 0.822803 0.364971 0.435651
f 715/932/3815 682/891/3815 698/911/3815

vn 0.718046 0.144126 0.68091
f 700/913/3816 701/914/3816 710/927/3816

vn 0.508888 0.0865381 0.856472
f 701/914/3817 702/915/3817 710/927/3817

vn 0.517482 0.185773 0.835285
f 702/915/3818 708/925/3818 710/927/3818

vn 0.336501 0.178879 0.924537
f 702/915/3819 704/919/3819 708/925/3819

vn 0.249866 0.517102 0.818641
f 703/916/3820 704/919/3820 702/915/3820

vn 0.367049 0.377354 0.850223
f 704/919/3821 705/921/3821 708/925/3821

vn 0.458841 0.725011 0.513637
f 695/908/3822 694/907/3822 693/906/3822

vn -0.00011566 0.900481 0.434895
f 662/868/3823 660/866/3823 661/867/3823

vn 0.0645564 0.815021 0.575824
f 641/836/3824 633/825/3824 634/826/3824

vn 0.11407 0.97807 0.174259
f 641/836/3825 634/826/3825 639/834/3825

vn 0.0193412 0.982523 0.185134
f 639/834/3826 634/826/3826 635/827/3826

vn 0.0648623 0.788146 -0.612061
f 639/834/3827 635/827/3827 636/829/3827

v 0.0272265 1.06466 0.153177
vt 0.622595 0.611804
vn 0.00705502 -0.799256 0.600949
f 1991/2636/3828 357/818/3828 627/815/3828

vn 0.0343337 -0.891132 0.452443
vt 0.610156 0.612761
f 1991/2636/3829 358/2637/3829 357/818/3829

v 0.02726 1.06502 0.165428
vt 0.622637 0.617332
vn -0.00415989 -0.999552 0.0296458
f 1992/2638/3830 358/2637/3830 1991/2636/3830

vn -0.0079374 -0.999163 0.0401252
vt 0.610156 0.617886
f 1992/2638/3831 360/2639/3831 358/2637/3831

v 0.0272938 1.06539 0.177679
vt 0.622708 0.622912
vn -0.00841091 -0.999519 0.0298639
f 1993/2640/3832 360/2639/3832 1992/2638/3832

vn -0.0125481 -0.999116 0.0401233
vt 0.610156 0.623003
f 1993/2640/3833 362/2641/3833 360/2639/3833

vt 0.609978 0.623219
vn -0.0130562 -0.996815 -0.0786696
vt 0.623112 0.622981
v 0.0301899 1.06084 0.234792
vt 0.625238 0.649672
vt 0.610679 0.648774
f 362/2642/3834 1993/2643/3834 1994/2644/3834 364/2645/3834 

v 0.0573865 1.06436 0.181338
vt 0.636479 0.624271
vn -0.0243935 -0.99664 -0.0781921
vt 0.624712 0.649611
f 1995/2646/3835 1994/2647/3835 1993/2640/3835

v 0.058435 1.06088 0.236112
vt 0.638301 0.649622
vn 0.00449654 -0.997967 -0.0635807
f 1996/2648/3836 1994/2647/3836 1995/2646/3836

vn 0.00494128 -0.997311 -0.0731202
f 1996/2648/3837 443/560/3837 1994/2647/3837

vt 0.637873 0.64958
vn -0.0157896 -0.996375 -0.0835942
vt 0.640718 0.698975
vt 0.625467 0.676995
f 1996/2649/3838 445/2650/3838 443/2651/3838

vn 0.0163261 -0.996374 -0.0835044
v 0.0587101 1.05645 0.288961
vt 0.63959 0.675645
f 445/2650/3839 1996/2649/3839 1997/2652/3839

v 0.0877689 1.05564 0.285798
vt 0.654643 0.67286
vn -0.0368202 -0.995854 -0.0831842
vt 0.640106 0.675681
f 1998/2653/3840 1997/2654/3840 1996/2648/3840

vn -0.035938 -0.996543 -0.0749005
v 0.0838728 1.05252 0.329235
vt 0.654855 0.695528
f 1998/2653/3841 1999/2655/3841 1997/2654/3841

vt 0.657444 0.694107
vn 0.00704295 -0.997418 -0.0714749
vt 0.656876 0.671453
v 0.119985 1.05637 0.279024
vt 0.673185 0.665683
v 0.110752 1.0537 0.315189
vt 0.670551 0.684969
f 1999/2656/3842 1998/2657/3842 2000/2658/3842 2001/2659/3842 

vt 0.670292 0.667459
vn 0.00314023 -0.995734 -0.0922183
v 0.0883135 1.06015 0.237163
vt 0.652553 0.649025
f 2000/2660/3843 1998/2653/3843 2002/2661/3843

vn -0.0210331 -0.995494 -0.0924667
f 2002/2661/3844 1998/2653/3844 1996/2648/3844

v 0.0889752 1.06417 0.18142
vt 0.650629 0.623649
vn -0.0217909 -0.99716 -0.0720942
f 2003/2662/3845 2002/2661/3845 1996/2648/3845

v 0.128267 1.06291 0.184591
vt 0.667689 0.623594
vn -0.025955 -0.997057 -0.0721362
f 2004/2663/3846 2002/2661/3846 2003/2662/3846

vn -0.0204474 -0.997478 -0.0679727
v 0.124901 1.05928 0.238905
vt 0.669782 0.647713
f 2004/2663/3847 2005/2664/3847 2002/2661/3847

v 0.192808 1.06529 0.201494
vt 0.694811 0.62434
vn 0.0533376 -0.996566 -0.0633383
f 2006/2665/3848 2005/2664/3848 2004/2663/3848

vn 0.0266088 -0.993425 -0.111352
v 0.172204 1.05908 0.252021
vt 0.692766 0.649065
f 2006/2665/3849 2007/2666/3849 2005/2664/3849

v 0.197835 1.04439 0.234535
vt 0.705869 0.638493
vn -0.632289 -0.694533 -0.343271
f 2008/2667/3850 2007/2666/3850 2006/2665/3850

vn -0.643784 -0.657759 -0.391017
f 2008/2667/3851 600/783/3851 2007/2666/3851

vn 0.271004 -0.952813 0.136764
vt 0.699628 0.102225
f 601/785/3852 600/784/3852 2008/2668/3852

vn 0.276177 -0.951404 0.13622
f 602/786/3853 601/785/3853 2008/2668/3853

vn 0.313476 -0.948613 0.0432024
v 0.20971 1.0472 0.210113
vt 0.711943 0.102567
f 602/786/3854 2008/2668/3854 2009/2669/3854

vt 0.706858 0.624171
vn -0.585646 -0.72226 -0.367912
f 2009/2670/3855 2008/2667/3855 2006/2665/3855

vn -0.664836 -0.718429 -0.20458
v 0.196865 1.06469 0.190443
vt 0.694678 0.619867
f 2009/2670/3856 2006/2665/3856 2010/2671/3856

vn 0.0204721 -0.997846 0.0623276
f 2010/2671/3857 2006/2665/3857 2004/2663/3857

vn 0.0280927 -0.999252 -0.0265689
v 0.129357 1.0633 0.171127
vt 0.667512 0.618136
f 2010/2671/3858 2004/2663/3858 2011/2672/3858

vn -0.0293218 -0.999083 -0.0312107
f 2011/2672/3859 2004/2663/3859 2003/2662/3859

vn -0.0188966 -0.999774 0.00974627
v 0.0890588 1.06404 0.168294
vt 0.65038 0.617901
f 2011/2672/3860 2003/2662/3860 2012/2673/3860

vn -0.00629688 -0.999932 0.00982804
f 2012/2673/3861 2003/2662/3861 1995/2646/3861

vn -0.00609504 -0.997971 -0.0633782
f 2003/2662/3862 1996/2648/3862 1995/2646/3862

vn -0.0106167 -0.999943 -0.00066042
v 0.0568124 1.06438 0.167492
vt 0.636031 0.618008
f 2012/2673/3863 1995/2646/3863 2013/2674/3863

vn -0.0340337 -0.999421 0.000310941
f 1995/2646/3864 1993/2640/3864 2013/2674/3864

vn -0.0238169 -0.999269 0.0298989
f 2013/2674/3865 1993/2640/3865 1992/2638/3865

vn -0.0217132 -0.999764 -0.000383994
v 0.0562386 1.0644 0.153645
vt 0.635635 0.611774
f 2013/2674/3866 1992/2638/3866 2014/2675/3866

vn -0.00949154 -0.999515 0.0296593
f 2014/2675/3867 1992/2638/3867 1991/2636/3867

vn -0.0171319 -0.779077 0.626694
f 2014/2675/3868 1991/2636/3868 626/814/3868

vn -0.0221829 -0.797713 0.602629
f 626/814/3869 1991/2636/3869 627/815/3869

vn -0.0535944 -0.774001 0.630912
f 624/812/3870 2014/2675/3870 626/814/3870

v 0.0891423 1.06391 0.155168
vt 0.650231 0.612196
vn -0.0429766 -0.714382 0.698435
f 2015/2676/3871 2014/2675/3871 624/812/3871

vn -0.0148661 -0.999889 -0.000667886
f 2015/2676/3872 2013/2674/3872 2014/2675/3872

vn -0.0108765 -0.999893 0.00979869
f 2015/2676/3873 2012/2673/3873 2013/2674/3873

v 0.130447 1.06369 0.157663
vt 0.667466 0.61287
vn -0.0057591 -0.999935 0.00983169
f 2016/2677/3874 2012/2673/3874 2015/2676/3874

vn -0.0160723 -0.999411 -0.0303364
f 2016/2677/3875 2011/2672/3875 2012/2673/3875

vn 0.0141126 -0.999511 -0.0278964
f 615/801/3876 2011/2672/3876 2016/2677/3876

vn 0.00438561 -0.998409 0.056224
f 615/801/3877 2010/2671/3877 2011/2672/3877

vn -0.660776 -0.722607 -0.203011
f 613/803/3878 2010/2671/3878 615/801/3878

vn -0.656853 -0.723044 -0.213896
f 613/803/3879 2009/2670/3879 2010/2671/3879

v 0.232097 1.05343 0.206946
vt 0.716649 0.111327
vn 0.265599 -0.963899 -0.0188528
vt 0.718114 0.101985
f 2017/2678/3880 2009/2669/3880 613/2679/3880

vn 0.275875 -0.959114 0.0631962
f 2017/2678/3881 603/787/3881 2009/2669/3881

vn 0.804794 -0.513293 0.298055
f 2017/2678/3882 605/789/3882 603/787/3882

vn 0.829467 -0.487745 -0.272193
f 606/790/3883 605/789/3883 2017/2678/3883

vn 0.490585 -0.597625 -0.63417
f 606/790/3884 2017/2678/3884 613/2679/3884

vn 0.367376 -0.581348 0.725995
f 606/790/3885 613/2679/3885 609/793/3885

vn 0.281111 -0.958404 0.0493706
f 603/787/3886 602/786/3886 2009/2669/3886

vn -0.193613 -0.74251 0.641244
f 615/801/3887 2016/2677/3887 620/808/3887

vn -0.159713 -0.442353 0.882505
f 2016/2677/3888 622/810/3888 620/808/3888

vn -0.0560255 -0.455363 0.888541
f 2015/2676/3889 622/810/3889 2016/2677/3889

vn -0.0878271 -0.711221 0.69746
f 622/810/3890 2015/2676/3890 624/812/3890

vn -0.432211 -0.242893 0.868445
f 615/801/3891 620/808/3891 616/804/3891

vn -0.655678 -0.656407 -0.373117
f 600/783/3892 599/782/3892 2007/2666/3892

vn 0.0365037 -0.988469 -0.14696
f 2007/2666/3893 599/782/3893 2005/2664/3893

vn -0.0568315 -0.995245 -0.0791099
f 599/782/3894 2000/2660/3894 2005/2664/3894

vn -0.0492148 -0.990754 -0.126431
f 599/782/3895 453/572/3895 2000/2660/3895

vn -0.105422 -0.989371 -0.100156
vt 0.668099 0.686591
f 453/572/3896 2001/2680/3896 2000/2660/3896

vn -0.0991279 -0.985508 -0.137649
f 453/572/3897 451/570/3897 2001/2680/3897

vn -0.0774659 -0.986534 -0.144048
v 0.101303 1.05025 0.343893
vt 0.664937 0.7024
f 451/570/3898 2018/2681/3898 2001/2680/3898

vn -0.069888 -0.982802 -0.170927
f 451/570/3899 448/567/3899 2018/2681/3899

vn -0.0501265 -0.984539 -0.167838
f 2018/2681/3900 448/567/3900 447/566/3900

vn -0.0161033 -0.990782 -0.134507
f 2018/2681/3901 447/566/3901 1999/2655/3901

vn -0.0356232 -0.990048 -0.136149
f 1999/2655/3902 447/566/3902 445/564/3902

vn -0.0214283 -0.996241 -0.0839364
f 1999/2655/3903 445/564/3903 1997/2654/3903

vn -0.0228078 -0.991682 -0.126675
f 2001/2680/3904 2018/2681/3904 1999/2655/3904

vn -0.0201141 -0.997 -0.0747383
f 2005/2664/3905 2000/2660/3905 2002/2661/3905

vn -0.00627555 -0.997314 -0.0729759
f 443/560/3906 368/562/3906 1994/2647/3906

vn -0.0134042 -0.996948 -0.0769075
vt 0.610156 0.648651
f 1994/2647/3907 368/562/3907 364/2682/3907

vn 0.0134042 -0.996948 -0.0769075
vt 0.389844 0.648651
f 368/468/3908 363/464/3908 364/2683/3908

vn 0.8511 0.0459188 0.522991
f 593/771/3909 594/772/3909 604/788/3909

vn 0.887707 0.135449 0.440034
f 604/788/3910 594/772/3910 595/773/3910

vn 0.508 -0.0064575 -0.861333
f 58/72/3911 568/756/3911 56/70/3911

vn 0.509265 0.0420998 -0.859579
f 60/76/3912 568/730/3912 58/74/3912

vn -0.944572 0.194393 0.264564
f 17/23/3913 129/175/3913 15/20/3913

vn -0.839369 0.329166 0.432562
f 15/20/3914 129/175/3914 127/173/3914

vn -0.647255 0.70271 0.295397
f 13/21/3915 15/20/3915 127/173/3915

vn -0.63291 0.707782 0.3138
f 12/171/3916 13/21/3916 127/173/3916

v -0.10567 1.47973 -0.0452628
vt 0.343927 0.404887
vn -0.240246 0.930701 -0.275819
v -0.089125 1.50015 0.00926485
vt 0.364934 0.391804
vt 0.372917 0.408336
vt 0.354021 0.424233
f 2019/2684/3917 2020/2685/3917 203/2686/3917 72/2687/3917 

vt 0.363154 0.39206
vn -0.437982 0.877413 -0.195751
vt 0.343886 0.404874
v -0.147661 1.46667 -0.00984067
vt 0.337714 0.384879
f 2020/2688/3918 2019/2689/3918 2021/2690/3918

vn -0.562512 0.723531 -0.400103
v -0.165924 1.42865 -0.0529077
vt 0.317293 0.392823
f 2019/2689/3919 2022/2691/3919 2021/2690/3919

vn -0.555084 0.717791 -0.420307
v -0.118886 1.44147 -0.09314
vt 0.322937 0.415271
f 2019/2689/3920 2023/2692/3920 2022/2691/3920

vn -0.323204 0.780812 -0.53467
f 72/260/3921 2023/2692/3921 2019/2689/3921

vn -0.306706 0.771176 -0.55787
f 72/260/3922 73/96/3922 2023/2692/3922

vn -0.357117 0.587249 -0.726365
v -0.127546 1.39154 -0.129249
vt 0.301144 0.423107
f 73/96/3923 2024/2693/3923 2023/2692/3923

vn -0.346699 0.577595 -0.739043
f 73/96/3924 74/95/3924 2024/2693/3924

vn -0.371121 0.392012 -0.841781
v -0.132106 1.33639 -0.15292
vt 0.27908 0.42859
f 74/95/3925 2025/2694/3925 2024/2693/3925

vn -0.368452 0.389031 -0.844333
v -0.068023 1.34037 -0.179051
vt 0.284386 0.455561
f 74/95/3926 2026/2695/3926 2025/2694/3926

vn -0.101388 0.405003 -0.908677
f 75/97/3927 2026/2695/3927 74/95/3927

vn -0.0868005 0.3903 -0.916587
vt 0.292063 0.484436
f 75/97/3928 76/2696/3928 2026/2695/3928

vn -0.0905094 0.242775 -0.965851
v -0.0690603 1.28396 -0.193134
vt 0.260674 0.46023
f 76/2696/3929 2027/2697/3929 2026/2695/3929

vn -0.0740018 0.223533 -0.971883
vt 0.26581 0.490604
f 76/2696/3930 77/2698/3930 2027/2697/3930

vn -0.07444 0.131371 -0.988534
v -0.0688998 1.23049 -0.200253
vt 0.237957 0.462827
f 77/2698/3931 2028/2699/3931 2027/2697/3931

vn -0.055762 0.107722 -0.992616
vt 0.240359 0.493872
f 77/2698/3932 78/2700/3932 2028/2699/3932

vn -0.0558503 0.0361133 -0.997786
vt 0.21661 0.463835
f 78/2700/3933 107/2701/3933 2028/2699/3933

vn -0.0574401 0.0382885 -0.997614
vt 0.21661 0.494802
f 78/2700/3934 79/2702/3934 107/2701/3934

vn -0.380186 0.0258901 -0.924548
v -0.131708 1.17925 -0.17586
vt 0.21661 0.434724
f 2028/2699/3935 107/2701/3935 2029/2703/3935

vn -0.379683 -0.00103544 -0.925116
vt 0.128152 0.061136
f 107/148/3936 108/149/3936 2029/2704/3936

vn -0.508 -0.0064575 -0.861333
v -0.192085 1.17639 -0.140229
vt 0.130518 0.087884
f 2029/2704/3937 108/149/3937 2030/2705/3937

vn -0.502588 0.00421306 -0.864516
v -0.190719 1.13169 -0.141241
vt 0.147074 0.08668
f 2030/2705/3938 108/149/3938 2031/2706/3938

vn -0.501421 -0.0280109 -0.86475
f 108/149/3939 109/150/3939 2031/2706/3939

vn -0.821021 -0.0386181 -0.56959
v -0.231348 1.1288 -0.0824824
vt 0.148682 0.112108
f 2031/2706/3940 109/150/3940 2032/2707/3940

vn -0.80572 0.0125373 -0.592164
f 109/150/3941 110/151/3941 2032/2707/3941

vn -0.900401 0.0154041 -0.434788
f 2032/2707/3942 110/151/3942 111/152/3942

vn -0.897806 0.10224 -0.42836
f 2032/2707/3943 111/152/3943 112/153/3943

vn -0.913481 0.0483147 -0.404003
v -0.229873 1.17162 -0.0806958
vt 0.133994 0.112923
f 2032/2707/3944 112/153/3944 2033/2708/3944

vt 0.21661 0.378925
vn -0.909944 0.126945 -0.394824
v -0.253913 1.20699 -0.0139209
vt 0.233671 0.352004
f 2033/2709/3945 112/154/3945 2034/2710/3945

vn -0.993879 0.0997557 -0.0474771
f 112/154/3946 113/155/3946 2034/2710/3946

vn -0.987968 0.150386 -0.0360896
v -0.252591 1.23231 0.0554119
vt 0.249648 0.325482
f 2034/2710/3947 113/155/3947 2035/2711/3947

vn -0.978305 0.12171 0.167648
f 113/155/3948 114/156/3948 2035/2711/3948

vn -0.981799 0.100557 0.161116
v -0.240654 1.25122 0.116352
vt 0.265002 0.300707
f 2035/2711/3949 114/156/3949 2036/2712/3949

usemtl _auto_5
vn -0.980088 0.0993503 0.17192
v -0.237133 1.23746 0.144375
vt 0.037166 1.84169
vt 0.013811 1.85334
f 114/158/3950 2037/2713/3950 2036/2714/3950

vn -0.980128 0.100661 0.170928
f 114/158/3951 115/157/3951 2037/2713/3951

vn -0.914166 0.0857044 0.396176
f 115/157/3952 116/159/3952 2037/2713/3952

vn -0.905631 0.125724 0.405
f 2037/2713/3953 116/159/3953 117/160/3953

vn -0.901051 0.106269 0.420492
v -0.22982 1.28073 0.14911
vt 0.042449 1.87788
f 2037/2713/3954 117/160/3954 2038/2715/3954

vn -0.887529 0.147246 0.43659
v -0.210181 1.29566 0.183999
vt 0.075274 1.89124
f 2038/2715/3955 117/160/3955 2039/2716/3955

vn -0.900506 0.160457 0.404157
f 117/160/3956 118/161/3956 2039/2716/3956

vn -0.907192 0.149222 0.393365
v -0.197228 1.29351 0.214686
vt 0.102869 1.88982
f 2039/2716/3957 118/161/3957 2040/2717/3957

vn -0.842953 0.137372 0.520153
v -0.174969 1.29392 0.250649
vt 0.137808 1.89135
f 118/161/3958 2041/2718/3958 2040/2717/3958

vn -0.839318 0.123847 0.529347
f 118/161/3959 119/162/3959 2041/2718/3959

vn -0.735967 0.158514 0.658199
f 2041/2718/3960 119/162/3960 187/241/3960

vn -0.734991 0.194438 0.649602
v -0.16124 1.32493 0.256901
vt 0.147518 1.91824
f 2041/2718/3961 187/241/3961 2042/2719/3961

vn -0.873255 0.0376688 0.485805
f 2042/2719/3962 187/241/3962 188/242/3962

vn -0.87425 -0.0604009 0.481703
v -0.161991 1.34772 0.258397
vt 0.147615 1.93727
f 2042/2719/3963 188/242/3963 2043/2720/3963

vn -0.850615 -0.000851708 0.525788
f 2043/2720/3964 188/242/3964 189/243/3964

vt 0.180719 1.93895
vn -0.8505 0.0312883 0.525044
v -0.15669 1.37666 0.265255
vt 0.15398 1.96167
v -0.174477 1.35609 0.237662
vt 0.127253 1.94356
vt 0.147663 1.9373
f 189/2721/3965 2044/2722/3965 2045/2723/3965 2043/2724/3965 

usemtl _auto_6
vt 0.371067 0.270866
vn -0.77207 0.15976 0.61513
f 2044/2725/3966 189/244/3966 190/245/3966

vn -0.726283 0.345611 0.594194
f 2044/2725/3967 190/245/3967 193/248/3967

v -0.171209 1.38638 0.23656
vt 0.361072 0.28167
vn -0.765138 0.383686 0.517058
f 2046/2726/3968 2044/2725/3968 193/248/3968

usemtl _auto_5
vt 0.126893 1.96891
vn -0.871022 0.111405 0.478446
vt 0.127233 1.94352
vt 0.153932 1.96164
f 2046/2727/3969 2045/2728/3969 2044/2729/3969

v -0.187834 1.35582 0.211635
vt 0.10288 1.94251
vn -0.884576 0.111933 0.452765
f 2047/2730/3970 2045/2728/3970 2046/2727/3970

vn -0.889681 0.0118492 0.456429
v -0.185523 1.3344 0.216696
vt 0.108116 1.92479
f 2047/2730/3971 2048/2731/3971 2045/2728/3971

v -0.199414 1.32213 0.195998
vt 0.08769 1.91384
vn -0.839841 0.0373385 0.541547
f 2049/2732/3972 2048/2731/3972 2047/2730/3972

vn -0.865552 0.225772 0.447042
f 2049/2732/3973 2040/2717/3973 2048/2731/3973

vn -0.900099 0.187903 0.393083
f 2039/2716/3974 2040/2717/3974 2049/2732/3974

v -0.219036 1.31892 0.16064
vt 0.054132 1.91012
vn -0.871039 0.14097 0.470551
f 2050/2733/3975 2039/2716/3975 2049/2732/3975

vn -0.885828 0.11439 0.449692
f 2038/2715/3976 2039/2716/3976 2050/2733/3976

v -0.232755 1.29498 0.123625
vt 0.021349 1.8901
vn -0.953685 0.202038 0.222856
f 2051/2734/3977 2038/2715/3977 2050/2733/3977

vt 0.0425142 1.87786
vn -0.970873 0.143176 0.192108
vt 0.021327 1.88992
vt 0.0138772 1.85332
vt 0.0372327 1.84167
f 2038/2735/3978 2051/2736/3978 2036/2737/3978 2037/2738/3978 

usemtl _auto_6
v -0.245829 1.27533 0.0641944
vt 0.268738 0.326286
vn -0.97499 0.14847 0.165384
vt 0.285941 0.303291
f 2052/2739/3979 2036/2712/3979 2051/2740/3979

vn -0.980429 0.122657 0.153991
f 2035/2711/3980 2036/2712/3980 2052/2739/3980

v -0.249088 1.25064 -0.00632239
vt 0.251697 0.352282
vn -0.987534 0.157126 -0.00937799
f 2053/2741/3981 2035/2711/3981 2052/2739/3981

vn -0.993257 0.113713 -0.0225937
f 2034/2710/3982 2035/2711/3982 2053/2741/3982

v -0.229004 1.21673 -0.0767029
vt 0.234428 0.37924
vn -0.925617 0.16185 -0.342107
f 2054/2742/3983 2034/2710/3983 2053/2741/3983

vn -0.930989 0.0499305 -0.361617
f 2033/2709/3984 2034/2710/3984 2054/2742/3984

vt 0.21661 0.406751
vn -0.844877 0.0632836 -0.531205
f 2030/2743/3985 2033/2709/3985 2054/2742/3985

vn -0.843713 -0.0136282 -0.536622
f 2031/2706/3986 2033/2708/3986 2030/2705/3986

vn -0.822607 0.0519528 -0.566232
f 2031/2706/3987 2032/2707/3987 2033/2708/3987

vn -0.857618 0.024098 -0.513723
v -0.192938 1.22446 -0.13655
vt 0.235252 0.406479
f 2030/2743/3988 2054/2742/3988 2055/2744/3988

vn -0.85761 0.107324 -0.502977
v -0.227558 1.26451 -0.0689734
vt 0.253153 0.378822
f 2055/2744/3989 2054/2742/3989 2056/2745/3989

vn -0.948012 0.0785773 -0.30838
f 2054/2742/3990 2053/2741/3990 2056/2745/3990

vn -0.936247 0.221551 -0.272683
v -0.241823 1.29657 0.00604865
vt 0.270906 0.351804
f 2056/2745/3991 2053/2741/3991 2057/2746/3991

vn -0.987251 0.158859 -0.00999786
f 2053/2741/3992 2052/2739/3992 2057/2746/3992

vn -0.976611 0.214725 0.0111394
v -0.235964 1.31947 0.0781807
vt 0.28898 0.326291
f 2057/2746/3993 2052/2739/3993 2058/2747/3993

vn -0.973061 0.167155 0.15878
f 2052/2739/3994 2051/2740/3994 2058/2747/3994

vn -0.970552 0.176685 0.163739
v -0.222546 1.33846 0.137222
vt 0.307818 0.305006
f 2058/2747/3995 2051/2740/3995 2059/2748/3995

usemtl _auto_5
vn -0.954571 0.142254 0.261837
vt 0.034646 1.92666
f 2051/2734/3996 2050/2733/3996 2059/2749/3996

vn -0.920116 0.221611 0.322916
v -0.205906 1.34696 0.178802
vt 0.071879 1.93415
f 2059/2749/3997 2050/2733/3997 2060/2750/3997

vn -0.873786 0.100989 0.475709
f 2050/2733/3998 2049/2732/3998 2060/2750/3998

vn -0.882527 0.089042 0.461754
f 2060/2750/3999 2049/2732/3999 2047/2730/3999

vn -0.882437 0.158001 0.443103
v -0.187777 1.38635 0.200862
vt 0.09411 1.96805
f 2060/2750/4000 2047/2730/4000 2061/2751/4000

vn -0.897055 0.148537 0.416209
f 2061/2751/4001 2047/2730/4001 2046/2727/4001

usemtl _auto_6
vt 0.347276 0.29265
vn -0.833642 0.394469 0.386568
f 2061/2752/4002 2046/2726/4002 194/249/4002

vn -0.764233 0.402714 0.503755
f 194/249/4003 2046/2726/4003 193/248/4003

v -0.181513 1.42012 0.174445
vt 0.351753 0.31091
vn -0.838262 0.423837 0.343044
f 2062/2753/4004 2061/2752/4004 194/249/4004

v -0.207868 1.37256 0.159822
vt 0.328118 0.303423
vn -0.871377 0.392202 0.294752
f 2063/2754/4005 2061/2752/4005 2062/2753/4005

usemtl _auto_5
vt 0.056289 1.9557
vn -0.904354 0.207334 0.373035
f 2063/2755/4006 2060/2750/4006 2061/2751/4006

vn -0.925711 0.176956 0.334285
f 2059/2749/4007 2060/2750/4007 2063/2755/4007

usemtl _auto_6
v -0.204644 1.39746 0.130606
vt 0.330914 0.32027
vn -0.940527 0.302686 0.154242
f 2064/2756/4008 2059/2748/4008 2063/2754/4008

v -0.222491 1.36229 0.0994174
vt 0.310055 0.324848
vn -0.933232 0.30455 0.1906
f 2065/2757/4009 2059/2748/4009 2064/2756/4009

vn -0.962152 0.231168 0.144307
f 2058/2747/4010 2059/2748/4010 2065/2757/4010

v -0.216096 1.38688 0.0518704
vt 0.311813 0.346738
vn -0.956673 0.290373 0.0214644
f 2066/2758/4011 2058/2747/4011 2065/2757/4011

v -0.231095 1.34289 0.0248448
vt 0.291022 0.350148
vn -0.953502 0.29818 0.043858
f 2067/2759/4012 2058/2747/4012 2066/2758/4012

vn -0.974938 0.222309 0.00859494
f 2057/2746/4013 2058/2747/4013 2067/2759/4013

v -0.215288 1.36458 -0.0338712
vt 0.29307 0.374619
vn -0.947723 0.280912 -0.151363
f 2068/2760/4014 2057/2746/4014 2067/2759/4014

v -0.223507 1.31442 -0.0554167
vt 0.272753 0.377431
vn -0.946224 0.24552 -0.210666
f 2069/2761/4015 2057/2746/4015 2068/2760/4015

vn -0.959024 0.14412 -0.24393
f 2056/2745/4016 2057/2746/4016 2069/2761/4016

vt 0.27226 0.376907
vn -0.860479 0.197526 -0.469637
v -0.18852 1.32906 -0.113353
vt 0.275306 0.402953
v -0.192426 1.27575 -0.128628
vt 0.254887 0.405326
vt 0.253177 0.378811
f 2069/2762/4017 2070/2763/4017 2071/2764/4017 2056/2765/4017 

vt 0.275282 0.402964
vn -0.838836 0.348024 -0.418608
v -0.179469 1.38126 -0.0880908
vt 0.296251 0.398917
f 2070/2766/4018 2069/2761/4018 2072/2767/4018

vn -0.831366 0.328684 -0.448104
f 2072/2767/4019 2069/2761/4019 2068/2760/4019

vn -0.786483 0.496984 -0.366677
f 2072/2767/4020 2068/2760/4020 2022/2691/4020

vn -0.783102 0.489266 -0.383889
v -0.201197 1.41144 -0.00289237
vt 0.313771 0.370001
f 2022/2691/4021 2068/2760/4021 2073/2768/4021

vn -0.926816 0.356564 -0.117786
f 2068/2760/4022 2067/2759/4022 2073/2768/4022

vn -0.925526 0.368688 -0.0864307
f 2073/2768/4023 2067/2759/4023 2066/2758/4023

vn -0.863314 0.504595 -0.00854214
v -0.179254 1.44967 0.0375966
vt 0.334613 0.363258
f 2073/2768/4024 2066/2758/4024 2074/2769/4024

vn -0.864971 0.501005 -0.0286154
v -0.19565 1.42432 0.0894298
vt 0.333128 0.340482
f 2074/2769/4025 2066/2758/4025 2075/2770/4025

vn -0.908892 0.407539 0.0884732
f 2066/2758/4026 2065/2757/4026 2075/2770/4026

vn -0.911959 0.405094 0.0650421
f 2075/2770/4027 2065/2757/4027 2064/2756/4027

vn -0.815917 0.54939 0.18014
v -0.16621 1.45211 0.138028
vt 0.35599 0.330961
f 2075/2770/4028 2064/2756/4028 2076/2771/4028

vn -0.818497 0.556048 0.144477
f 2064/2756/4029 2062/2753/4029 2076/2771/4029

vn -0.877281 0.408731 0.251629
f 2064/2756/4030 2063/2754/4030 2062/2753/4030

vn -0.687862 0.663673 0.293911
f 2076/2771/4031 2062/2753/4031 195/250/4031

vn -0.683039 0.693276 0.22984
f 195/250/4032 2062/2753/4032 194/249/4032

vn -0.585201 0.789879 0.183387
f 198/253/4033 2076/2771/4033 195/250/4033

vn -0.597094 0.791929 0.127776
v -0.148574 1.47413 0.0839368
vt 0.355656 0.354664
f 198/253/4034 2077/2772/4034 2076/2771/4034

v -0.104915 1.49784 0.0778977
vt 0.371475 0.365897
vn -0.477301 0.878739 -0.000852908
f 2078/2773/4035 2077/2772/4035 198/253/4035

vn -0.471541 0.880544 0.0478677
v -0.1246 1.48946 0.0381671
vt 0.356889 0.375122
f 2078/2773/4036 2079/2774/4036 2077/2772/4036

vn -0.337452 0.940823 -0.0312873
f 199/254/4037 2079/2774/4037 2078/2773/4037

vn -0.327412 0.943399 -0.052914
f 199/254/4038 2020/2688/4038 2079/2774/4038

vn -0.223151 0.971118 -0.0844628
f 201/256/4039 2020/2688/4039 199/254/4039

vn -0.184148 0.973791 -0.133492
f 201/256/4040 203/258/4040 2020/2688/4040

vn -0.433634 0.876768 -0.207941
f 2020/2688/4041 2021/2690/4041 2079/2774/4041

vn -0.584886 0.804788 -0.101114
f 2079/2774/4042 2021/2690/4042 2074/2769/4042

vn -0.712224 0.660508 -0.237626
f 2021/2690/4043 2073/2768/4043 2074/2769/4043

vn -0.707426 0.651181 -0.274793
f 2022/2691/4044 2073/2768/4044 2021/2690/4044

vn -0.587926 0.808051 -0.0373685
f 2079/2774/4045 2074/2769/4045 2077/2772/4045

vn -0.716237 0.689069 0.110397
f 2074/2769/4046 2075/2770/4046 2077/2772/4046

vn -0.723609 0.688772 0.0445246
f 2077/2772/4047 2075/2770/4047 2076/2771/4047

vn -0.307704 0.950727 0.0379028
f 199/254/4048 2078/2773/4048 198/253/4048

vn -0.616531 0.575262 -0.537553
f 2023/2692/4049 2072/2767/4049 2022/2691/4049

vn -0.58617 0.539072 -0.604819
f 2023/2692/4050 2024/2693/4050 2072/2767/4050

vn -0.611951 0.427974 -0.665097
f 2024/2693/4051 2070/2766/4051 2072/2767/4051

vn -0.566052 0.364245 -0.739534
f 2024/2693/4052 2025/2694/4052 2070/2766/4052

vn -0.576637 0.2638 -0.77324
vt 0.254863 0.405337
f 2025/2694/4053 2071/2775/4053 2070/2766/4053

vn -0.537389 0.207024 -0.817529
v -0.133436 1.2811 -0.166048
vt 0.25739 0.432052
f 2025/2694/4054 2080/2776/4054 2071/2775/4054

vn -0.37994 0.22232 -0.897897
f 2026/2695/4055 2080/2776/4055 2025/2694/4055

vn -0.386077 0.2301 -0.893308
f 2026/2695/4056 2027/2697/4056 2080/2776/4056

vn -0.389602 0.112113 -0.914134
v -0.132927 1.22837 -0.172732
vt 0.236442 0.433988
f 2027/2697/4057 2081/2777/4057 2080/2776/4057

vn -0.395384 0.120038 -0.910638
f 2027/2697/4058 2028/2699/4058 2081/2777/4058

vn -0.395784 0.0485766 -0.917058
f 2028/2699/4059 2029/2703/4059 2081/2777/4059

vn -0.509265 0.0420998 -0.859579
f 2081/2777/4060 2029/2703/4060 2030/2743/4060

vn -0.518201 0.056122 -0.853416
f 2081/2777/4061 2030/2743/4061 2055/2744/4061

vn -0.518507 0.102599 -0.848896
f 2080/2776/4062 2081/2777/4062 2055/2744/4062

vn -0.539476 0.133787 -0.831304
f 2080/2776/4063 2055/2744/4063 2071/2775/4063

vn -0.865471 0.0848985 -0.493713
f 2055/2744/4064 2056/2745/4064 2071/2775/4064

usemtl _auto_5
vt 0.137706 1.89155
vn -0.831758 0.213168 0.51258
v -0.173168 1.33465 0.236613
vt 0.127531 1.92583
vt 0.10817 1.92497
vt 0.102767 1.89002
f 2041/2778/4065 2082/2779/4065 2048/2780/4065 2040/2781/4065 

vt 0.12763 1.92563
vn -0.785782 0.232322 0.573213
f 2082/2782/4066 2041/2718/4066 2042/2719/4066

vn -0.872874 -0.060518 0.484178
f 2082/2782/4067 2042/2719/4067 2043/2720/4067

vn -0.867548 -0.0770251 0.491354
f 2082/2782/4068 2043/2720/4068 2045/2728/4068

vn -0.846804 -0.0774643 0.526234
f 2048/2731/4069 2082/2782/4069 2045/2728/4069

vn -0.87094 0.0815202 0.48458
f 120/163/4070 121/164/4070 185/239/4070

vn -0.78322 0.101948 0.613329
v -0.120979 1.20591 0.33685
vt 0.225244 1.82167
f 185/239/4071 121/164/4071 2083/2783/4071

vn -0.792399 0.286244 0.538672
f 121/164/4072 173/224/4072 2083/2783/4072

vn -0.856352 0.141747 0.496558
f 121/164/4073 122/165/4073 173/224/4073

usemtl _auto_6
vt 0.376396 0.194585
vn -0.778026 0.292272 0.556104
v -0.09798 1.2172 0.363096
vt 0.392813 0.193116
f 2083/2784/4074 173/225/4074 2084/2785/4074

vn -0.804802 0.339572 0.486811
f 173/225/4075 174/226/4075 2084/2785/4075

vn -0.61953 0.438334 0.651188
f 178/230/4076 2084/2785/4076 174/226/4076

vn -0.606095 0.156444 0.779855
f 180/232/4077 2084/2785/4077 178/230/4077

vn -0.766696 0.107748 0.632904
f 183/235/4078 2084/2785/4078 180/232/4078

vn -0.769574 0.102575 0.630265
f 183/235/4079 2083/2784/4079 2084/2785/4079

usemtl _auto_5
vn -0.785995 0.0977312 0.61046
f 185/239/4080 2083/2783/4080 183/237/4080

usemtl _auto_6
vn -0.655467 0.4791 0.583803
f 174/226/4081 175/227/4081 178/230/4081

vn -0.62453 -0.534573 0.56938
f 147/193/4082 155/201/4082 158/204/4082

vn -0.545959 -0.642872 0.537257
f 149/195/4083 155/201/4083 147/193/4083

g Mesh2 Component_1_1 skp7EA0_1 Model

v -0.203597 0.00163175 0.158192
vt 0.405439 0.061147
vn 0.885768 0.396962 0.240491
v -0.216814 0.0298305 0.160328
vt 0.385035 0.068543
v -0.212718 0.00161521 0.191816
vt 0.393298 0.038959
f 2085/2786/4084 2086/2787/4084 2087/2788/4084

vn 0.919692 0.344245 0.188842
v -0.221375 0.0237902 0.193551
vt 0.378347 0.045736
f 2086/2787/4085 2088/2789/4085 2087/2788/4085

vn 0.738212 0.638564 0.217439
v -0.23684 0.0416202 0.193693
vt 0.363313 0.051406
f 2086/2787/4086 2089/2790/4086 2088/2789/4086

vn 0.748173 0.622728 0.229013
v -0.23684 0.0536979 0.160851
vt 0.363313 0.075097
f 2086/2787/4087 2090/2791/4087 2089/2790/4087

v -0.257048 0.0298305 0.160328
vt 0.341474 0.068538
vn -0.745174 0.625887 0.230175
f 2091/2792/4088 2089/2790/4088 2090/2791/4088

vn -0.734412 0.642854 0.217661
v -0.252488 0.0237913 0.193551
vt 0.348159 0.045739
f 2091/2792/4089 2092/2793/4089 2089/2790/4089

vn -0.922281 0.337728 0.187982
v -0.260962 0.00161524 0.191816
vt 0.333257 0.038953
f 2091/2792/4090 2093/2794/4090 2092/2793/4090

v -0.270083 0.00163177 0.158192
vt 0.321124 0.061152
vn -0.887774 0.392131 0.24102
f 2094/2795/4091 2093/2794/4091 2091/2792/4091

vt 0.164063 0.261719
vn -4.31859e-007 -1 -0.000491777
vt 0.214098 0.26172
vt 0.207233 0.287024
vt 0.170927 0.287023
f 2094/2796/4092 2085/2797/4092 2087/2798/4092 2093/2799/4092 

vt 0.170925 0.28702
vn -6.31728e-007 -0.999898 -0.0142719
vt 0.207231 0.287022
v -0.224779 0.00121255 0.220027
vt 0.198155 0.308254
v -0.2489 0.00121257 0.220027
vt 0.180002 0.308254
f 2093/2800/4093 2087/2801/4093 2095/2802/4093 2096/2803/4093 

vn 0.872287 0.310996 0.377356
vt 0.379268 0.020008
f 2087/2788/4094 2088/2789/4094 2095/2804/4094

vn 0.963318 0.130039 0.234752
v -0.227405 0.0168318 0.22215
vt 0.370821 0.026742
f 2088/2789/4095 2097/2805/4095 2095/2804/4095

vn 0.675075 0.671432 0.3057
v -0.23684 0.0261183 0.222589
vt 0.363312 0.03124
f 2088/2789/4096 2098/2806/4096 2097/2805/4096

vn 0.714176 0.616811 0.330904
f 2088/2789/4097 2089/2790/4097 2098/2806/4097

vn -0.710018 0.620527 0.332897
f 2092/2793/4098 2098/2806/4098 2089/2790/4098

vn -0.668477 0.677906 0.305913
v -0.246457 0.0168316 0.222151
vt 0.355649 0.026748
f 2098/2806/4099 2092/2793/4099 2099/2807/4099

vn -0.965232 0.119343 0.232563
vt 0.347285 0.020004
f 2092/2793/4100 2096/2808/4100 2099/2807/4100

vn -0.874242 0.304496 0.378131
f 2093/2794/4101 2096/2808/4101 2092/2793/4101

vn -0.841587 0.0586093 0.536932
v -0.23684 0 0.239064
vt 0.363312 0.010841
f 2096/2808/4102 2100/2809/4102 2099/2807/4102

vt 0.198157 0.308257
vn -1.05088e-006 -0.997977 -0.0635684
vt 0.18908 0.322612
vt 0.180003 0.308257
f 2095/2810/4103 2100/2811/4103 2096/2812/4103

vn 0.840782 0.0683472 0.537042
f 2095/2804/4104 2097/2805/4104 2100/2809/4104

vn 0.49152 0.464616 0.736573
f 2098/2806/4105 2100/2809/4105 2097/2805/4105

vn -0.484328 0.466761 0.739973
f 2098/2806/4106 2099/2807/4106 2100/2809/4106

g Mesh3 Component_1_1 skp7EA0_1 Model

v -0.261795 0.00163175 0.151292
vt 0.223989 0.02039
vn 0.877183 0.355138 0.323152
v -0.273982 0.0298305 0.153382
vt 0.246145 0.013004
v -0.27417 0.00161521 0.184901
vt 0.237562 0.043921
f 2101/2813/4107 2102/2814/4107 2103/2815/4107

vn 0.916676 0.29502 0.269569
v -0.28181 0.0237965 0.186606
vt 0.253379 0.037151
f 2102/2814/4108 2104/2816/4108 2103/2815/4108

vn 0.685439 0.670747 0.283323
v -0.299347 0.0416202 0.186835
vt 0.269531 0.032364
f 2102/2814/4109 2105/2817/4109 2104/2816/4109

vn 0.714949 0.619744 0.323674
v -0.294927 0.0536979 0.153947
vt 0.269531 0.007812
f 2102/2814/4110 2106/2818/4110 2105/2817/4110

v -0.315829 0.0298305 0.153338
vt 0.291622 0.016082
vn -0.746799 0.650464 0.138519
f 2107/2819/4111 2105/2817/4111 2106/2818/4111

vn -0.753539 0.64119 0.145099
v -0.314564 0.0237952 0.186577
vt 0.28401 0.039212
f 2107/2819/4112 2108/2820/4112 2105/2817/4112

vn -0.942821 0.319785 0.0939437
v -0.322255 0.00161521 0.184889
vt 0.299061 0.047161
f 2107/2819/4113 2109/2821/4113 2108/2820/4113

v -0.328061 0.00163175 0.151303
vt 0.312558 0.025594
vn -0.910044 0.383415 0.157521
f 2110/2822/4114 2109/2821/4114 2107/2819/4114

vt 0.05172 0.785156
vn -1.68306e-008 -1 -0.000492164
vt 0.101595 0.785122
vt 0.092293 0.810422
vt 0.0561021 0.810431
f 2110/2823/4115 2101/2824/4115 2103/2825/4115 2109/2826/4115 

vt 0.0561222 0.810463
vn 4.40596e-006 -0.999898 -0.0142823
vt 0.0923112 0.810449
v -0.288823 0.00121255 0.213092
vt 0.081297 0.831674
v -0.312865 0.00121255 0.213078
vt 0.0632035 0.831675
f 2109/2827/4116 2103/2828/4116 2111/2829/4116 2112/2830/4116 

vn 0.855225 0.260113 0.448253
vt 0.252837 0.063417
f 2103/2815/4117 2104/2816/4117 2111/2831/4117

vn 0.950266 0.0626792 0.305066
v -0.290518 0.0168309 0.21516
vt 0.261395 0.056554
f 2104/2816/4118 2113/2832/4118 2111/2831/4118

vn 0.607117 0.709311 0.358171
v -0.301734 0.0261181 0.215781
vt 0.269531 0.053621
f 2104/2816/4119 2114/2833/4119 2113/2832/4119

vn 0.656658 0.640968 0.397442
f 2104/2816/4120 2105/2817/4120 2114/2833/4120

vn -0.733653 0.622362 0.272797
f 2108/2820/4121 2114/2833/4121 2105/2817/4121

vn -0.685476 0.685046 0.246647
v -0.311252 0.0168311 0.215124
vt 0.276226 0.057614
f 2108/2820/4122 2115/2834/4122 2114/2833/4122

vn -0.987244 0.0842516 0.135096
vt 0.284469 0.064629
f 2108/2820/4123 2112/2835/4123 2115/2834/4123

vn -0.906423 0.291021 0.30611
f 2109/2821/4124 2112/2835/4124 2108/2820/4124

vn -0.893444 0.0335814 0.447918
v -0.303314 0 0.232218
vt 0.269531 0.073954
f 2112/2835/4125 2116/2836/4125 2115/2834/4125

vt 0.081276 0.831646
vn 3.60801e-005 -0.997998 -0.0632403
vt 0.070377 0.846075
vt 0.06318 0.831645
f 2111/2837/4126 2116/2838/4126 2112/2839/4126

vn 0.796868 0.00643621 0.60412
f 2111/2831/4127 2113/2832/4127 2116/2836/4127

vn 0.426487 0.463164 0.77691
f 2114/2833/4128 2116/2836/4128 2113/2832/4128

vn -0.51588 0.478439 0.710608
f 2114/2833/4129 2115/2834/4129 2116/2836/4129

g Mesh4 Component_1_1 skp7EA0_1 Model

v -0.214209 0.00163175 0.151289
vt 0.057298 0.175824
vn 3.3341e-008 -1 -0.000492266
v -0.148456 0.00163175 0.151311
vt 0.007813 0.175781
v -0.151468 0.00161521 0.18488
vt 0.0100931 0.150518
v -0.199179 0.00161521 0.184901
vt 0.046 0.150521
f 2117/2840/4130 2118/2841/4130 2119/2842/4130 2120/2843/4130 

vt 0.408472 0.026834
vn 0.937273 0.338257 0.0842689
v -0.159621 0.0237918 0.186549
vt 0.435934 0.039367
vt 0.421415 0.047487
f 2118/2844/4131 2121/2845/4131 2119/2846/4131

vn 0.912673 0.407354 0.0330199
v -0.161114 0.0298305 0.153304
vt 0.428533 0.016879
f 2118/2844/4132 2122/2847/4132 2121/2845/4132

vn 0.788727 0.610101 0.0754124
v -0.173441 0.0416202 0.186848
vt 0.449219 0.032343
f 2122/2847/4133 2123/2848/4133 2121/2845/4133

vn 0.762638 0.644593 0.0537023
v -0.181332 0.0536979 0.153948
vt 0.449219 0.007813
f 2122/2847/4134 2124/2849/4134 2123/2848/4134

v -0.200427 0.0298305 0.153377
vt 0.471508 0.011676
vn -0.725531 0.57127 0.383739
f 2125/2850/4135 2123/2848/4135 2124/2849/4135

vn -0.694348 0.636603 0.335585
v -0.189914 0.0237867 0.186595
vt 0.464745 0.035976
f 2125/2850/4136 2126/2851/4136 2123/2848/4136

vn -0.876827 0.340498 0.339464
vt 0.481073 0.041712
f 2125/2850/4137 2120/2852/4137 2126/2851/4137

vt 0.494169 0.017619
vn -0.842832 0.384006 0.37706
f 2117/2853/4138 2120/2852/4138 2125/2850/4138

vn -0.788262 0.287871 0.54385
v -0.179858 0.00121255 0.213118
vt 0.465067 0.062354
f 2120/2852/4139 2127/2854/4139 2126/2851/4139

vt 0.0461046 0.150634
vn -1.16812e-005 -0.999898 -0.0142757
vt 0.0101977 0.150605
v -0.158581 0.00121255 0.213061
vt 0.0155771 0.129401
vt 0.0315906 0.129378
f 2120/2855/4140 2119/2856/4140 2128/2857/4140 2127/2858/4140 

vn 0.917644 0.319612 0.236174
vt 0.435236 0.063991
f 2119/2846/4141 2121/2845/4141 2128/2859/4141

vn 0.990299 0.122552 0.0654927
v -0.160647 0.0168315 0.215074
vt 0.443405 0.057137
f 2121/2845/4142 2129/2860/4142 2128/2859/4142

vn 0.748988 0.636998 0.182347
v -0.168725 0.0261183 0.215812
vt 0.449219 0.052922
f 2121/2845/4143 2130/2861/4143 2129/2860/4143

vn 0.776916 0.598951 0.19406
f 2121/2845/4144 2123/2848/4144 2130/2861/4144

vn -0.66495 0.608056 0.433716
f 2126/2851/4145 2130/2861/4145 2123/2848/4145

vn -0.662489 0.612235 0.431598
v -0.177722 0.0168322 0.215174
vt 0.456261 0.055748
f 2126/2851/4146 2131/2862/4146 2130/2861/4146

vn -0.911102 0.0711785 0.405989
f 2126/2851/4147 2127/2854/4147 2131/2862/4147

vn -0.818768 0.0365797 0.572958
v -0.166522 0 0.232253
vt 0.449219 0.073215
f 2127/2854/4148 2132/2863/4148 2131/2862/4148

vt 0.015457 0.129312
vn -0.000171048 -0.998006 -0.0631229
vt 0.021441 0.114842
vt 0.03147 0.129276
f 2128/2864/4149 2132/2865/4149 2127/2866/4149

vn 0.919998 0.0720388 0.385245
f 2128/2859/4150 2129/2860/4150 2132/2863/4150

vn 0.59353 0.463988 0.657599
f 2130/2861/4151 2132/2863/4151 2129/2860/4151

vn -0.498507 0.431316 0.751969
f 2130/2861/4152 2131/2862/4152 2132/2863/4152

g Mesh5 Component_1_1 skp7EA0_1 Model

v 0.203597 0.00163175 0.158192
vt 0.594561 0.061147
vn -0.885768 0.396962 0.240491
v 0.212718 0.00161521 0.191816
vt 0.606702 0.038959
v 0.216814 0.0298305 0.160328
vt 0.614965 0.068543
f 2133/2867/4153 2134/2868/4153 2135/2869/4153

vt 0.785902 0.26172
vn 4.31859e-007 -1 -0.000491777
v 0.270083 0.00163177 0.158192
vt 0.835938 0.261719
v 0.260962 0.00161524 0.191816
vt 0.829074 0.287023
vt 0.792767 0.287024
f 2133/2870/4154 2136/2871/4154 2137/2872/4154 2134/2873/4154 

vt 0.678876 0.061152
vn 0.887774 0.392131 0.24102
v 0.257048 0.0298305 0.160328
vt 0.658526 0.068538
vt 0.666743 0.038953
f 2136/2874/4155 2138/2875/4155 2137/2876/4155

vn 0.922281 0.337728 0.187982
v 0.252488 0.0237913 0.193551
vt 0.651841 0.045739
f 2138/2875/4156 2139/2877/4156 2137/2876/4156

vn 0.734412 0.642854 0.217661
v 0.23684 0.0416202 0.193693
vt 0.636687 0.051406
f 2138/2875/4157 2140/2878/4157 2139/2877/4157

vn 0.745174 0.625887 0.230175
v 0.23684 0.0536979 0.160851
vt 0.636687 0.075097
f 2138/2875/4158 2141/2879/4158 2140/2878/4158

vn -0.748173 0.622728 0.229013
f 2135/2869/4159 2140/2878/4159 2141/2879/4159

vn -0.738212 0.638564 0.217439
v 0.221375 0.0237902 0.193551
vt 0.621653 0.045736
f 2135/2869/4160 2142/2880/4160 2140/2878/4160

vn -0.919692 0.344245 0.188842
f 2135/2869/4161 2134/2868/4161 2142/2880/4161

vn -0.872287 0.310996 0.377356
v 0.224779 0.00121255 0.220027
vt 0.620732 0.020008
f 2134/2868/4162 2143/2881/4162 2142/2880/4162

vt 0.792769 0.287022
vn 6.31728e-007 -0.999898 -0.0142719
vt 0.829075 0.28702
v 0.2489 0.00121257 0.220027
vt 0.819998 0.308254
vt 0.801845 0.308255
f 2134/2882/4163 2137/2883/4163 2144/2884/4163 2143/2885/4163 

vn 0.874242 0.304496 0.378131
vt 0.652714 0.020004
f 2137/2876/4164 2139/2877/4164 2144/2886/4164

vn 0.965232 0.119343 0.232563
v 0.246457 0.0168316 0.222151
vt 0.644351 0.026748
f 2139/2877/4165 2145/2887/4165 2144/2886/4165

vn 0.668477 0.677906 0.305913
v 0.23684 0.0261183 0.222589
vt 0.636688 0.03124
f 2139/2877/4166 2146/2888/4166 2145/2887/4166

vn 0.710018 0.620527 0.332897
f 2139/2877/4167 2140/2878/4167 2146/2888/4167

vn -0.714176 0.616811 0.330904
f 2142/2880/4168 2146/2888/4168 2140/2878/4168

vn -0.675075 0.671432 0.3057
v 0.227405 0.0168318 0.22215
vt 0.629179 0.026742
f 2142/2880/4169 2147/2889/4169 2146/2888/4169

vn -0.963318 0.130039 0.234752
f 2142/2880/4170 2143/2881/4170 2147/2889/4170

vn -0.840782 0.0683472 0.537042
v 0.23684 0 0.239064
vt 0.636688 0.010841
f 2143/2881/4171 2148/2890/4171 2147/2889/4171

vt 0.819997 0.308257
vn 1.05088e-006 -0.997977 -0.0635684
vt 0.81092 0.322612
vt 0.801843 0.308257
f 2144/2891/4172 2148/2892/4172 2143/2893/4172

vn 0.841587 0.0586093 0.536932
f 2144/2886/4173 2145/2887/4173 2148/2890/4173

vn 0.484328 0.466761 0.739973
f 2146/2888/4174 2148/2890/4174 2145/2887/4174

vn -0.49152 0.464616 0.736573
f 2146/2888/4175 2147/2889/4175 2148/2890/4175

g Mesh6 Component_1_1 skp7EA0_1 Model

v 0.261795 0.00163172 0.151292
vt 0.776011 0.02039
vn -0.877183 0.355138 0.323152
v 0.27417 0.00161521 0.184901
vt 0.762438 0.043921
v 0.273982 0.0298305 0.153382
vt 0.753855 0.013004
f 2149/2894/4176 2150/2895/4176 2151/2896/4176

vt 0.898405 0.785122
vn 2.67908e-007 -1 -0.00049181
v 0.328061 0.00163175 0.151303
vt 0.94828 0.785156
v 0.322255 0.00161521 0.184889
vt 0.943898 0.810431
vt 0.907707 0.810422
f 2149/2897/4177 2152/2898/4177 2153/2899/4177 2150/2900/4177 

vt 0.687442 0.025594
vn 0.910044 0.383415 0.157521
v 0.315829 0.0298305 0.153338
vt 0.708378 0.016082
vt 0.700939 0.047161
f 2152/2901/4178 2154/2902/4178 2153/2903/4178

vn 0.942821 0.319785 0.0939437
v 0.314564 0.0237952 0.186577
vt 0.71599 0.039212
f 2154/2902/4179 2155/2904/4179 2153/2903/4179

vn 0.753539 0.64119 0.145099
v 0.299347 0.0416202 0.186835
vt 0.730469 0.032364
f 2154/2902/4180 2156/2905/4180 2155/2904/4180

vn 0.746799 0.650464 0.138519
v 0.294927 0.0536979 0.153947
vt 0.730469 0.007813
f 2154/2902/4181 2157/2906/4181 2156/2905/4181

vn -0.714949 0.619744 0.323674
f 2151/2896/4182 2156/2905/4182 2157/2906/4182

vn -0.685439 0.670747 0.283323
v 0.28181 0.0237965 0.186606
vt 0.74662 0.037151
f 2151/2896/4183 2158/2907/4183 2156/2905/4183

vn -0.916676 0.29502 0.269569
f 2151/2896/4184 2150/2895/4184 2158/2907/4184

vn -0.855225 0.260113 0.448253
v 0.288823 0.00121255 0.213092
vt 0.747163 0.063417
f 2150/2895/4185 2159/2908/4185 2158/2907/4185

vt 0.907689 0.810449
vn -4.40596e-006 -0.999898 -0.0142823
vt 0.943878 0.810463
v 0.312865 0.00121255 0.213078
vt 0.936797 0.831675
vt 0.918703 0.831674
f 2150/2909/4186 2153/2910/4186 2160/2911/4186 2159/2912/4186 

vn 0.906423 0.291021 0.30611
vt 0.715531 0.064629
f 2153/2903/4187 2155/2904/4187 2160/2913/4187

vn 0.987244 0.0842517 0.135097
v 0.311252 0.0168311 0.215124
vt 0.723774 0.057614
f 2155/2904/4188 2161/2914/4188 2160/2913/4188

vn 0.685477 0.685045 0.246647
v 0.301734 0.0261181 0.215781
vt 0.730468 0.053621
f 2155/2904/4189 2162/2915/4189 2161/2914/4189

vn 0.733653 0.622362 0.272797
f 2155/2904/4190 2156/2905/4190 2162/2915/4190

vn -0.656658 0.640968 0.397442
f 2158/2907/4191 2162/2915/4191 2156/2905/4191

vn -0.607118 0.70931 0.358171
v 0.290518 0.0168309 0.21516
vt 0.738605 0.056554
f 2162/2915/4192 2158/2907/4192 2163/2916/4192

vn -0.950266 0.0626792 0.305066
f 2158/2907/4193 2159/2908/4193 2163/2916/4193

vn -0.796868 0.00643622 0.60412
v 0.303314 -2.54e-008 0.232218
vt 0.730468 0.073954
f 2159/2908/4194 2164/2917/4194 2163/2916/4194

vt 0.93682 0.831645
vn -3.60808e-005 -0.997998 -0.0632416
vt 0.929623 0.846075
vt 0.918724 0.831646
f 2160/2918/4195 2164/2919/4195 2159/2920/4195

vn 0.893444 0.0335815 0.447918
f 2160/2913/4196 2161/2914/4196 2164/2917/4196

vn 0.51588 0.478439 0.710608
f 2162/2915/4197 2164/2917/4197 2161/2914/4197

vn -0.426487 0.463163 0.77691
f 2162/2915/4198 2163/2916/4198 2164/2917/4198

g Mesh7 Component_1_1 skp7EA0_1 Model

v 0.148456 0.00163175 0.151311
vt 0.992188 0.175781
vn -3.3341e-008 -1 -0.000492266
v 0.214209 0.00163175 0.151289
vt 0.942702 0.175824
v 0.199179 0.00161521 0.184901
vt 0.954 0.150521
v 0.151468 0.00161521 0.18488
vt 0.989908 0.150518
f 2165/2921/4199 2166/2922/4199 2167/2923/4199 2168/2924/4199 

vt 0.505831 0.017619
vn 0.842832 0.384006 0.37706
v 0.200427 0.0298305 0.153377
vt 0.528492 0.011676
vt 0.518927 0.041712
f 2166/2925/4200 2169/2926/4200 2167/2927/4200

vn 0.876827 0.340498 0.339464
v 0.189914 0.0237867 0.186595
vt 0.535255 0.035976
f 2169/2926/4201 2170/2928/4201 2167/2927/4201

vn 0.694348 0.636603 0.335585
v 0.173441 0.0416202 0.186848
vt 0.550781 0.032343
f 2169/2926/4202 2171/2929/4202 2170/2928/4202

vn 0.725531 0.57127 0.383739
v 0.181332 0.0536979 0.153948
vt 0.550781 0.007813
f 2169/2926/4203 2172/2930/4203 2171/2929/4203

v 0.161114 0.0298305 0.153304
vt 0.571467 0.016879
vn -0.762638 0.644593 0.0537023
f 2173/2931/4204 2171/2929/4204 2172/2930/4204

vn -0.788727 0.610101 0.0754124
v 0.159621 0.0237918 0.186549
vt 0.564066 0.039367
f 2173/2931/4205 2174/2932/4205 2171/2929/4205

vt 0.591528 0.026834
vn -0.912673 0.407354 0.0330199
f 2165/2933/4206 2174/2932/4206 2173/2931/4206

vn -0.937273 0.338257 0.0842689
vt 0.578585 0.047487
f 2165/2933/4207 2168/2934/4207 2174/2932/4207

vn -0.917644 0.319612 0.236174
v 0.158581 0.00121255 0.213061
vt 0.564764 0.063991
f 2168/2934/4208 2175/2935/4208 2174/2932/4208

vt 0.989806 0.150602
vn 1.14835e-005 -0.999898 -0.0142762
vt 0.953899 0.15063
v 0.179858 0.00121252 0.213118
vt 0.968414 0.129374
vt 0.984427 0.129398
f 2168/2936/4209 2167/2937/4209 2176/2938/4209 2175/2939/4209 

vn 0.788262 0.287871 0.54385
vt 0.534933 0.062354
f 2167/2927/4210 2170/2928/4210 2176/2940/4210

vn 0.911102 0.0711784 0.405989
v 0.177722 0.0168322 0.215174
vt 0.543739 0.055748
f 2170/2928/4211 2177/2941/4211 2176/2940/4211

vn 0.662489 0.612235 0.431598
v 0.168725 0.0261183 0.215812
vt 0.55078 0.052922
f 2170/2928/4212 2178/2942/4212 2177/2941/4212

vn 0.66495 0.608056 0.433716
f 2170/2928/4213 2171/2929/4213 2178/2942/4213

vn -0.776916 0.598951 0.19406
f 2174/2932/4214 2178/2942/4214 2171/2929/4214

vn -0.748988 0.636998 0.182347
v 0.160647 0.0168315 0.215074
vt 0.556595 0.057137
f 2174/2932/4215 2179/2943/4215 2178/2942/4215

vn -0.990299 0.122552 0.0654927
f 2174/2932/4216 2175/2935/4216 2179/2943/4216

vn -0.919998 0.0720388 0.385245
v 0.166522 0 0.232253
vt 0.55078 0.073215
f 2175/2935/4217 2180/2944/4217 2179/2943/4217

vt 0.96853 0.129276
vn 0.000169856 -0.998006 -0.0631224
vt 0.978559 0.114842
vt 0.984544 0.129312
f 2176/2945/4218 2180/2946/4218 2175/2947/4218

vn 0.818768 0.0365797 0.572958
f 2176/2940/4219 2177/2941/4219 2180/2944/4219

vn 0.498507 0.431316 0.751969
f 2178/2942/4220 2180/2944/4220 2177/2941/4220

vn -0.59353 0.463988 0.657599
f 2178/2942/4221 2179/2943/4221 2180/2944/4221

g Mesh8 Component_1_1 skp7EA0_1 Model

v -0.103905 1.0038 0.303599
vt 0.349171 0.916879
vn 0.699837 -0.000369569 0.714302
v -0.116768 0.981001 0.316189
vt 0.330883 0.886689
v -0.0989714 0.979091 0.298752
vt 0.36121 0.888119
f 2181/2948/4222 2182/2949/4222 2183/2950/4222

vn 0.54411 0.148983 0.825681
v -0.117517 1.00039 0.313185
vt 0.330883 0.909619
f 2181/2948/4223 2184/2951/4223 2182/2949/4223

v -0.116441 1.02545 0.30212
vt 0.330883 0.941436
vn 0.484594 0.335824 0.807707
f 2185/2952/4224 2184/2951/4224 2181/2948/4224

vn -0.555188 0.355753 0.751802
v -0.13015 1.00343 0.302415
vt 0.312613 0.916769
f 2185/2952/4225 2186/2953/4225 2184/2951/4225

v -0.116768 1.00261 0.287472
vt 0.116643 0.586401
vn -0.668815 0.408127 -0.621385
vt 0.13622 0.595476
vt 0.116643 0.615531
f 2187/2954/4226 2186/2955/4226 2185/2956/4226

vn -0.713271 0.255139 -0.6528
v -0.132825 0.984126 0.297792
vt 0.142762 0.574785
f 2187/2954/4227 2188/2957/4227 2186/2955/4227

vn -0.683921 0.202857 -0.700786
v -0.114252 0.983709 0.279545
vt 0.116643 0.564157
f 2187/2954/4228 2189/2958/4228 2188/2957/4228

vn 0.775948 0.328997 -0.538206
vt 0.088656 0.567419
f 2189/2958/4229 2187/2954/4229 2183/2959/4229

vn 0.743283 0.26855 -0.612708
vt 0.09642 0.595291
f 2187/2954/4230 2181/2960/4230 2183/2959/4230

vn 0.712148 0.371787 -0.5955
f 2187/2954/4231 2185/2956/4231 2181/2960/4231

vn -0.658385 -0.0877678 0.747546
vt 0.302853 0.895041
f 2186/2953/4232 2188/2961/4232 2184/2951/4232

vn -0.745067 0.07396 0.662876
f 2188/2961/4233 2182/2949/4233 2184/2951/4233

g Mesh9 Component_1_1 skp7EA0_1 Model

v 0.103905 1.0038 0.303599
vt 0.650829 0.916879
vn -0.699837 -0.000369569 0.714302
v 0.0989714 0.979091 0.298752
vt 0.63879 0.888119
v 0.116768 0.981001 0.316189
vt 0.669117 0.886689
f 2190/2962/4234 2191/2963/4234 2192/2964/4234

v 0.116768 1.00261 0.287472
vt 0.883357 0.586401
vn -0.743283 0.26855 -0.612708
vt 0.911345 0.567419
vt 0.90358 0.595291
f 2193/2965/4235 2191/2966/4235 2190/2967/4235

v 0.114252 0.983709 0.279545
vt 0.883357 0.564157
vn -0.775948 0.328997 -0.538206
f 2194/2968/4236 2191/2966/4236 2193/2965/4236

vn 0.683921 0.202857 -0.700786
v 0.132825 0.984126 0.297792
vt 0.857238 0.574785
f 2193/2965/4237 2195/2969/4237 2194/2968/4237

vn 0.713271 0.255139 -0.6528
v 0.13015 1.00343 0.302415
vt 0.86378 0.595476
f 2193/2965/4238 2196/2970/4238 2195/2969/4238

vn 0.668815 0.408127 -0.621385
v 0.116441 1.02545 0.30212
vt 0.883357 0.615531
f 2193/2965/4239 2197/2971/4239 2196/2970/4239

vn -0.712148 0.371787 -0.5955
f 2193/2965/4240 2190/2967/4240 2197/2971/4240

vt 0.669117 0.941436
vn -0.484594 0.335824 0.807707
v 0.117517 1.00039 0.313185
vt 0.669117 0.909619
f 2197/2972/4241 2190/2962/4241 2198/2973/4241

vn -0.54411 0.148983 0.825681
f 2190/2962/4242 2192/2964/4242 2198/2973/4242

vt 0.697147 0.895041
vn 0.745067 0.07396 0.662876
f 2195/2974/4243 2198/2973/4243 2192/2964/4243

vt 0.687387 0.916769
vn 0.658385 -0.0877678 0.747546
f 2196/2975/4244 2198/2973/4244 2195/2974/4244

vn 0.555188 0.355753 0.751802
f 2197/2972/4245 2198/2973/4245 2196/2975/4245

g Mesh10 Component_1_1 skp7EA0_1 Model

v -0.136353 1.03322 0.284122
vt 0.236502 0.609012
vn 0.750865 -0.240003 0.615305
v -0.131356 1.05703 0.28731
vt 0.223765 0.585918
v -0.151045 1.0508 0.30891
vt 0.25482 0.577684
f 2199/2976/4246 2200/2977/4246 2201/2978/4246

v -0.151045 1.05721 0.268209
vt 0.254647 0.520322
vn 0.695191 -0.0498966 -0.717091
vt 0.284047 0.521363
vt 0.277085 0.546735
f 2202/2979/4247 2200/2980/4247 2199/2981/4247

vn 0.717227 -0.0227166 -0.69647
v -0.151045 1.03322 0.268991
vt 0.254646 0.545865
f 2202/2979/4248 2199/2981/4248 2203/2982/4248

vn 0.71625 -0.0568924 -0.695521
v -0.151045 1.01475 0.270502
vt 0.254647 0.565615
f 2203/2982/4249 2199/2981/4249 2204/2983/4249

vn 0.545421 -0.733162 0.406188
v -0.151045 1.02871 0.295704
vt 0.25482 0.603717
vt 0.25482 0.632432
f 2199/2976/4250 2205/2984/4250 2204/2985/4250

vn 0.640603 -0.39393 0.659126
f 2201/2978/4251 2205/2984/4251 2199/2976/4251

v -0.166751 1.05181 0.287711
vt 0.28046 0.590228
vn -0.76599 -0.329793 0.551811
f 2206/2986/4252 2205/2984/4252 2201/2978/4252

vn -0.670535 -0.209603 0.711653
v -0.164749 1.03322 0.284122
vt 0.272281 0.60928
f 2206/2986/4253 2207/2987/4253 2205/2984/4253

vn -0.740283 0.0497147 -0.670455
vt 0.23293 0.54676
vt 0.22799 0.526949
f 2203/2982/4254 2207/2988/4254 2206/2989/4254

vn -0.740084 -0.0548273 -0.670275
f 2203/2982/4255 2204/2983/4255 2207/2988/4255

vn -0.572204 -0.717373 0.39744
f 2205/2984/4256 2207/2987/4256 2204/2985/4256

vn -0.775889 -0.020566 -0.630534
f 2202/2979/4257 2203/2982/4257 2206/2989/4257

g Mesh11 Component_1_1 skp7EA0_1 Model

v 0.136353 1.03322 0.284122
vt 0.763498 0.609012
vn -0.750865 -0.240003 0.615305
v 0.151045 1.0508 0.30891
vt 0.74518 0.577684
v 0.131356 1.05703 0.28731
vt 0.776235 0.585918
f 2208/2990/4258 2209/2991/4258 2210/2992/4258

vn -0.640603 -0.39393 0.659126
v 0.151045 1.02871 0.295704
vt 0.74518 0.603717
f 2209/2991/4259 2208/2990/4259 2211/2993/4259

vn -0.545421 -0.733162 0.406188
v 0.151045 1.01475 0.270502
vt 0.74518 0.632432
f 2211/2993/4260 2208/2990/4260 2212/2994/4260

v 0.151045 1.03322 0.268991
vt 0.745354 0.545865
vn -0.71625 -0.0568924 -0.695521
vt 0.745353 0.565615
vt 0.722915 0.546735
f 2213/2995/4261 2212/2996/4261 2208/2997/4261

vn 0.740084 -0.0548273 -0.670275
v 0.164749 1.03322 0.284122
vt 0.76707 0.54676
f 2213/2995/4262 2214/2998/4262 2212/2996/4262

vn 0.740283 0.0497147 -0.670455
v 0.166751 1.05181 0.287711
vt 0.77201 0.526949
f 2213/2995/4263 2215/2999/4263 2214/2998/4263

v 0.151045 1.05721 0.268209
vt 0.745353 0.520322
vn 0.775889 -0.020566 -0.630534
f 2216/3000/4264 2215/2999/4264 2213/2995/4264

vn -0.717227 -0.0227166 -0.69647
f 2216/3000/4265 2213/2995/4265 2208/2997/4265

vn -0.695191 -0.0498966 -0.717091
vt 0.715953 0.521363
f 2216/3000/4266 2208/2997/4266 2210/3001/4266

vt 0.71954 0.590228
vn 0.670535 -0.209603 0.711653
vt 0.727719 0.60928
f 2215/3002/4267 2211/2993/4267 2214/3003/4267

vn 0.76599 -0.329793 0.551811
f 2215/3002/4268 2209/2991/4268 2211/2993/4268

vn 0.572204 -0.717373 0.39744
f 2214/3003/4269 2211/2993/4269 2212/2994/4269

g Mesh12 Component_1_1 skp7EA0_1 Model

usemtl _auto_7
v 0 0.504556 -1.39982
vt 0.024689 0.264307
vn 0.368773 0.266542 -0.890484
v 0 0.638426 -1.35976
vt 0.0212283 0.273395
v 0.0274709 0.638426 -1.34838
vt 0.0178728 0.273395
v 0.0558048 0.504556 -1.37672
vt 0.017873 0.264307
f 2217/3004/4270 2218/3005/4270 2219/3006/4270 2220/3007/4270 

v -0.0558051 0.504556 -1.37672
vt 0.0314928 0.264307
vn -0.368772 0.266543 -0.890484
v -0.0274709 0.638426 -1.34838
vt 0.0280323 0.273395
vt 0.0246769 0.273395
vt 0.0246768 0.264307
f 2221/3008/4271 2222/3009/4271 2218/3010/4271 2217/3011/4271 

v -0.0388496 0.638426 -1.32091
vt 0.0348548 0.273395
vn -0.890465 0.266541 -0.368821
vt 0.0314998 0.273395
vt 0.0314998 0.264307
v -0.0789201 0.504556 -1.32091
vt 0.0383158 0.264307
f 2223/3012/4272 2222/3013/4272 2221/3014/4272 2224/3015/4272 

vt 0.031499 0.273395
vn -0.891802 0.261211 -0.369403
vt 0.038315 0.273395
v 0 0.771063 -1.32091
vt 0.045131 0.28676
f 2222/3016/4273 2223/3017/4273 2225/3018/4273

vn -0.89179 0.261208 0.369432
v -0.0274709 0.638426 -1.29344
vt 0.045131 0.273395
f 2223/3017/4274 2226/3019/4274 2225/3018/4274

v -0.0558051 0.504556 -1.2651
vt 0.0451319 0.264307
vn -0.890457 0.266541 0.368838
vt 0.0416708 0.273395
vt 0.038316 0.273395
vt 0.0383159 0.264307
f 2227/3020/4275 2226/3021/4275 2223/3022/4275 2224/3023/4275 

v 0 0.504556 -1.24199
vt 0.0519416 0.264307
vn -0.368772 0.266543 0.890484
v 0 0.638426 -1.28206
vt 0.0484809 0.273395
vt 0.0451254 0.273395
vt 0.0451256 0.264307
f 2228/3024/4276 2229/3025/4276 2226/3026/4276 2227/3027/4276 

v 0.0558051 0.504556 -1.2651
vt 0.0587685 0.264307
vn 0.368772 0.266543 0.890484
v 0.0274709 0.638426 -1.29344
vt 0.0553081 0.273395
vt 0.0519527 0.273395
vt 0.0519525 0.264307
f 2230/3028/4277 2231/3029/4277 2229/3030/4277 2228/3031/4277 

vt 0.058762 0.264307
vn 0.890457 0.266541 0.368838
v 0.0789201 0.504556 -1.32091
vt 0.065578 0.264307
v 0.0388496 0.638426 -1.32091
vt 0.0621168 0.273395
vt 0.0587619 0.273395
f 2230/3032/4278 2232/3033/4278 2233/3034/4278 2231/3035/4278 

v 0.0795724 0.369166 -1.24134
vt 0.0587634 0.255219
vn 0.900496 0.223556 0.373
v 0.112532 0.369166 -1.32091
vt 0.0655794 0.255219
vt 0.0635438 0.264307
vt 0.0587635 0.264307
f 2234/3036/4279 2235/3037/4279 2232/3038/4279 2230/3039/4279 

vt 0.0587626 0.255219
vn 0.917556 -0.116748 0.38008
v 0.0692495 0.254427 -1.25166
vt 0.059647 0.250675
v 0.0979338 0.254427 -1.32091
vt 0.0655786 0.250675
vt 0.0655786 0.255219
f 2234/3040/4280 2236/3041/4280 2237/3042/4280 2235/3043/4280 

vt 0.0587621 0.250675
vn 0.380102 -0.116768 0.917544
vt 0.0587621 0.255219
v 0 0.369166 -1.20837
vt 0.0519461 0.255219
v 0 0.254427 -1.22297
vt 0.0528303 0.250675
f 2236/3044/4281 2234/3045/4281 2238/3046/4281 2239/3047/4281 

vt 0.0587547 0.25522
vn 0.372995 0.223572 0.900494
vt 0.0567183 0.264308
vt 0.0519385 0.264308
vt 0.0519387 0.25522
f 2234/3048/4282 2230/3049/4282 2228/3050/4282 2238/3051/4282 

vt 0.0519552 0.25522
vn -0.372995 0.223572 0.900494
vt 0.0499192 0.264308
vt 0.0451394 0.264308
v -0.0795724 0.369166 -1.24134
vt 0.0451391 0.25522
f 2238/3052/4283 2228/3053/4283 2227/3054/4283 2240/3055/4283 

vt 0.0451306 0.255219
vn -0.900496 0.223556 0.373
vt 0.0430949 0.264307
vt 0.0383146 0.264307
v -0.112532 0.369166 -1.32091
vt 0.0383146 0.255219
f 2240/3056/4284 2227/3057/4284 2224/3058/4284 2241/3059/4284 

vt 0.0362786 0.264307
vn -0.900501 0.223556 -0.372989
vt 0.0314983 0.264307
v -0.0795724 0.369166 -1.40048
vt 0.0314982 0.255219
vt 0.0383142 0.255219
f 2224/3060/4285 2221/3061/4285 2242/3062/4285 2241/3063/4285 

vt 0.0315088 0.255218
vn -0.372995 0.223572 -0.900494
vt 0.0294725 0.264306
vt 0.0246926 0.264306
v 0 0.369166 -1.43344
vt 0.0246928 0.255218
f 2242/3064/4286 2221/3065/4286 2217/3066/4286 2243/3067/4286 

vt 0.0246734 0.255218
vn 0.372996 0.223573 -0.900494
vt 0.0226375 0.264306
vt 0.0178576 0.264306
v 0.0795724 0.369166 -1.40048
vt 0.0178574 0.255218
f 2243/3068/4287 2217/3069/4287 2220/3070/4287 2244/3071/4287 

vt 0.0655796 0.25522
vn 0.9005 0.223556 -0.37299
vt 0.0723966 0.25522
vt 0.0703606 0.264308
vt 0.0655796 0.264308
f 2235/3072/4288 2244/3073/4288 2220/3074/4288 2232/3075/4288 

vt 0.0664631 0.250675
vn 0.917561 -0.116748 -0.380069
v 0.0692495 0.254427 -1.39015
vt 0.0723955 0.250675
vt 0.0723955 0.255219
vt 0.0655785 0.255219
f 2237/3076/4289 2245/3077/4289 2244/3078/4289 2235/3079/4289 

v 0.0637286 0.198566 -1.32091
vt 0.0679609 0.246131
vn 0.80413 -0.492376 -0.333078
v 0.0450629 0.198566 -1.36597
vt 0.0723974 0.246131
vt 0.0723975 0.250675
vt 0.0655804 0.250675
f 2246/3080/4290 2247/3081/4290 2245/3082/4290 2237/3083/4290 

vt 0.065579 0.246131
vn 0.310075 -0.941998 -0.128425
v 0 0.177589 -1.32091
vt 0.068988 0.237043
vt 0.072396 0.246131
f 2246/3084/4291 2248/3085/4291 2247/3086/4291

vn 0.310075 -0.941998 0.128425
v 0.0450629 0.198566 -1.27584
vt 0.058763 0.246131
vt 0.062171 0.237043
f 2246/3084/4292 2249/3087/4292 2248/3088/4292

vt 0.0587639 0.250676
vn 0.80413 -0.49237 0.333087
vt 0.061144 0.246132
vt 0.06558 0.246132
vt 0.0655799 0.250676
f 2236/3089/4293 2249/3090/4293 2246/3091/4293 2237/3092/4293 

vt 0.0587533 0.246129
vn 0.333074 -0.492349 0.804148
vt 0.0587536 0.250673
vt 0.0519375 0.250673
v 0 0.198566 -1.25718
vt 0.0543182 0.246129
f 2249/3093/4294 2236/3094/4294 2239/3095/4294 2250/3096/4294 

vt 0.0519576 0.246129
vn -0.333074 -0.492349 0.804148
vt 0.0519573 0.250673
v -0.0692495 0.254427 -1.25166
vt 0.0451414 0.250673
v -0.0450629 0.198566 -1.27584
vt 0.0475225 0.24613
f 2250/3097/4295 2239/3098/4295 2251/3099/4295 2252/3100/4295 

vt 0.0519479 0.250675
vn -0.380102 -0.116768 0.917544
vt 0.0519479 0.255219
vt 0.0451319 0.255219
vt 0.0460162 0.250675
f 2239/3101/4296 2238/3102/4296 2240/3103/4296 2251/3104/4296 

vt 0.0451314 0.255219
vn -0.917556 -0.116748 0.38008
vt 0.0383154 0.255219
v -0.0979338 0.254427 -1.32091
vt 0.0391998 0.250675
vt 0.0451314 0.250675
f 2240/3105/4297 2241/3106/4297 2253/3107/4297 2251/3108/4297 

vt 0.0383155 0.255219
vn -0.917561 -0.116748 -0.380069
vt 0.0314995 0.255219
v -0.0692495 0.254427 -1.39015
vt 0.0323838 0.250675
vt 0.0383155 0.250675
f 2241/3109/4298 2242/3110/4298 2254/3111/4298 2253/3112/4298 

vt 0.0315 0.250675
vn -0.380102 -0.116768 -0.917544
vt 0.0315 0.255219
vt 0.024684 0.255219
v 0 0.254427 -1.41884
vt 0.0255683 0.250675
f 2254/3113/4299 2242/3114/4299 2243/3115/4299 2255/3116/4299 

vt 0.024682 0.250675
vn 0.380102 -0.116768 -0.917544
vt 0.024682 0.255219
vt 0.017866 0.255219
vt 0.0187502 0.250675
f 2255/3117/4300 2243/3118/4300 2244/3119/4300 2245/3120/4300 

v 0 0.198566 -1.38464
vt 0.0246748 0.246132
vn 0.333083 -0.492363 -0.804136
vt 0.0246746 0.250676
vt 0.0178586 0.250676
vt 0.0202396 0.246132
f 2256/3121/4301 2255/3122/4301 2245/3123/4301 2247/3124/4301 

v -0.0450629 0.198566 -1.36597
vt 0.0315066 0.246132
vn -0.333083 -0.492363 -0.804136
vt 0.0315068 0.250676
vt 0.0246908 0.250676
vt 0.0270715 0.246132
f 2257/3125/4302 2254/3126/4302 2255/3127/4302 2256/3128/4302 

vt 0.0383141 0.250673
vn -0.80413 -0.492376 -0.333078
vt 0.0314981 0.250673
vt 0.0338783 0.246129
v -0.0637286 0.198566 -1.32091
vt 0.0383142 0.246129
f 2253/3129/4303 2254/3130/4303 2257/3131/4303 2258/3132/4303 

vt 0.034907 0.237043
vn -0.310075 -0.941998 -0.128425
vt 0.038315 0.246131
vt 0.031499 0.246131
f 2248/3133/4304 2258/3134/4304 2257/3135/4304

vt 0.041723 0.237043
vn -0.310075 -0.941998 0.128425
vt 0.045131 0.246131
f 2248/3136/4305 2252/3137/4305 2258/3134/4305

vt 0.051947 0.246131
vn -0.128395 -0.941998 0.310087
vt 0.048539 0.237043
f 2250/3138/4306 2252/3137/4306 2248/3139/4306

vn 0.128395 -0.941998 0.310087
vt 0.055355 0.237043
f 2249/3087/4307 2250/3138/4307 2248/3140/4307

vt 0.0451297 0.250675
vn -0.80413 -0.49237 0.333087
vt 0.0383137 0.250675
vt 0.0406937 0.246131
vt 0.0451296 0.246131
f 2251/3141/4308 2253/3142/4308 2258/3143/4308 2252/3144/4308 

vt 0.028091 0.237043
vn -0.128408 -0.942 -0.310075
vt 0.024683 0.246131
f 2248/3145/4309 2257/3135/4309 2256/3146/4309

vt 0.017867 0.246131
vn 0.128408 -0.942 -0.310075
vt 0.021275 0.237043
f 2247/3147/4310 2248/3148/4310 2256/3146/4310

vt 0.0655783 0.264306
vn 0.890464 0.26654 -0.368824
vt 0.0723954 0.264306
vt 0.0689339 0.273394
vt 0.0655784 0.273394
f 2232/3149/4311 2220/3150/4311 2219/3151/4311 2233/3152/4311 

vt 0.072396 0.273395
vn 0.891802 0.261211 -0.369403
vt 0.065579 0.273395
f 2219/3153/4312 2225/3018/4312 2233/3154/4312

vn 0.369409 0.261209 -0.8918
vt 0.017867 0.273395
vt 0.024683 0.273395
f 2225/3018/4313 2219/3155/4313 2218/3156/4313

vn -0.369409 0.261209 -0.8918
vt 0.0314994 0.273395
f 2225/3018/4314 2218/3156/4314 2222/3157/4314

vn 0.89179 0.261208 0.369432
vt 0.058763 0.273395
f 2225/3018/4315 2231/3158/4315 2233/3154/4315

vn 0.36941 0.261193 0.891804
vt 0.051947 0.273395
f 2225/3018/4316 2229/3159/4316 2231/3158/4316

vn -0.36941 0.261193 0.891804
f 2225/3018/4317 2226/3019/4317 2229/3159/4317

g Mesh13 Component_1_1 skp7EA0_1 Model

v 0.0346367 0.369171 -1.24354
vt 0.014231 1.11561
vn 0.94173 0.154418 -0.298831
v 0.072276 0.369171 -1.12493
vt 0.985807 1.11561
v 0.0737875 0.233912 -1.19006
vt 0.985807 0.934476
f 2259/3160/4318 2260/3161/4318 2261/3162/4318

vn 0.876062 0.393999 -0.277993
v 0.00935965 0.504434 -1.13149
vt 0.985807 1.29674
f 2259/3160/4319 2262/3163/4319 2260/3161/4319

v 0.0116763 0.504434 -1.25794
vt 0.014231 1.29674
vn 0.985418 0.169193 0.0180547
f 2263/3164/4320 2262/3163/4320 2259/3160/4320

vn 0.937175 0.348436 0.0171708
v -0.0397111 0.639694 -1.19798
vt 0.985807 1.47787
f 2263/3164/4321 2264/3165/4321 2262/3163/4321

v 0.00599575 0.639694 -1.30443
vt 0.147792 1.47787
vn 0.905248 0.171611 0.388685
f 2265/3166/4322 2264/3165/4322 2263/3164/4322

vn 0.895392 0.224653 0.384453
v -0.0435615 0.774954 -1.26805
vt 0.985807 1.659
f 2265/3166/4323 2266/3167/4323 2264/3165/4323

v 0.000899058 0.774954 -1.31755
vt 0.408603 1.659
vn 0.740773 0.0924475 0.665364
f 2267/3168/4324 2266/3167/4324 2265/3166/4324

v 0 0.910214 -1.32091
vt 0.985807 1.84013
vn 0.743786 0.0215415 0.66807
f 2268/3169/4325 2266/3167/4325 2267/3168/4325

vt 0.985807 1.09013
vn 0.652599 -0.0144833 -0.757565
v 0.0510479 0.774954 -1.27435
vt 0.985807 0.909003
vt 0.408603 0.909003
f 2268/3170/4326 2269/3171/4326 2267/3172/4326

vn 0.651888 -0.048834 -0.756741
vt 0.147792 0.727871
f 2269/3171/4327 2265/3173/4327 2267/3172/4327

vn 0.152602 0.165846 -0.974273
v 0.129046 0.639694 -1.28515
vt 0.985807 0.727871
f 2269/3171/4328 2270/3174/4328 2265/3173/4328

vn 0.15013 0.242388 -0.958493
v 0.0614167 0.504434 -1.32995
vt 0.014231 0.546739
f 2270/3174/4329 2271/3175/4329 2265/3173/4329

vn -0.00575846 0.316992 -0.948411
v 0.189427 0.504434 -1.33073
vt 0.985807 0.546739
f 2270/3174/4330 2272/3176/4330 2271/3175/4330

vn -0.00596654 0.185211 -0.982681
v 0.0773659 0.369171 -1.35554
vt 0.014231 0.365608
f 2272/3176/4331 2273/3177/4331 2271/3175/4331

vn -0.278296 0.391461 -0.877103
v 0.19598 0.369171 -1.39318
vt 0.985807 0.365608
f 2272/3176/4332 2274/3178/4332 2273/3177/4332

vn -0.298803 0.154449 -0.941734
v 0.130853 0.233912 -1.3947
vt 0.985807 0.184476
f 2274/3178/4333 2275/3179/4333 2273/3177/4333

vn -0.398517 0.106122 -0.911001
v 0.0445351 0.233912 -1.35694
vt 0.014231 0.184476
f 2273/3177/4334 2275/3179/4334 2276/3180/4334

vn -0.399134 0.0905517 -0.91241
v 0.065373 0.193981 -1.37002
vt 0.933807 0.116551
f 2275/3179/4335 2277/3181/4335 2276/3180/4335

vn -0.603871 -0.0546783 -0.795205
v -2.54e-008 0.201766 -1.32091
vt 0.059921 0.116551
f 2276/3180/4336 2277/3181/4336 2278/3182/4336

vn -0.600615 -4.74573e-007 -0.799538
v 0 0.16962 -1.32091
vt 0.761008 0.048627
f 2278/3182/4337 2277/3181/4337 2279/3183/4337

vt 0.059921 0.866551
vn 0.799537 6.31751e-007 -0.600616
v 0.0491058 0.193981 -1.25554
vt 0.933807 0.866551
vt 0.761008 0.798627
f 2278/3184/4338 2280/3185/4338 2279/3186/4338

vn 0.795204 -0.0546698 -0.603872
v 0.0360286 0.233912 -1.27637
vt 0.014231 0.934476
f 2278/3184/4339 2281/3187/4339 2280/3185/4339

vn 0.912408 0.0905416 -0.39914
f 2281/3187/4340 2261/3162/4340 2280/3185/4340

vn 0.911 0.106103 -0.398524
f 2281/3187/4341 2259/3160/4341 2261/3162/4341

v -0.0491056 0.193981 -1.38628
vt 0.933807 0.366551
vn -0.79955 -6.31761e-007 0.600599
vt 0.761008 0.298627
vt 0.059921 0.366551
f 2282/3188/4342 2279/3189/4342 2278/3190/4342

vt 0.059921 0.616551
vn 0.600595 4.74558e-007 0.799553
v -0.065373 0.193981 -1.2718
vt 0.933807 0.616551
vt 0.761008 0.548627
f 2278/3191/4343 2283/3192/4343 2279/3193/4343

v -0.0445353 0.233912 -1.28488
vt 0.014231 0.684476
vn 0.603851 -0.0546584 0.795221
f 2284/3194/4344 2283/3192/4344 2278/3191/4344

v -0.130853 0.233912 -1.24712
vt 0.985807 0.684476
vn 0.399135 0.0905535 0.91241
f 2285/3195/4345 2283/3192/4345 2284/3194/4345

v -0.0773659 0.369171 -1.28627
vt 0.014231 0.865608
vn 0.398518 0.106121 0.911
f 2286/3196/4346 2285/3195/4346 2284/3194/4346

v -0.19598 0.369171 -1.24864
vt 0.985807 0.865608
vn 0.298821 0.15444 0.941729
f 2287/3197/4347 2285/3195/4347 2286/3196/4347

v -0.189408 0.504434 -1.31155
vt 0.985807 1.04674
vn 0.277989 0.393973 0.876075
f 2288/3198/4348 2287/3197/4348 2286/3196/4348

vn -0.0295741 0.159879 0.986694
v -0.0603446 0.504434 -1.30768
vt 0.014231 1.04674
f 2288/3198/4349 2286/3196/4349 2289/3199/4349

v -0.116473 0.639694 -1.35651
vt 0.985807 1.22787
vn -0.0282914 0.329025 0.943897
f 2290/3200/4350 2288/3198/4350 2289/3199/4350

vn -0.385845 0.167419 0.907246
vt 0.147792 1.22787
f 2290/3200/4351 2289/3199/4351 2265/3201/4351

v -0.0498691 0.774954 -1.36265
vt 0.985807 1.409
vn -0.381034 0.228292 0.895933
f 2291/3202/4352 2290/3200/4352 2265/3201/4352

vn -0.663436 0.0474277 0.746728
vt 0.408603 1.409
f 2291/3202/4353 2265/3201/4353 2267/3203/4353

v 0.0447403 0.774954 -1.36895
vt 0.985807 1.159
vn -0.757705 -0.0912258 -0.64619
vt 0.147792 0.977871
vt 0.408603 1.159
f 2292/3204/4354 2265/3205/4354 2267/3206/4354

v 0.0252653 0.639694 -1.42748
vt 0.985807 0.977871
vn -0.967027 0.204758 -0.151435
f 2293/3207/4355 2265/3205/4355 2292/3204/4355

vn -0.967388 0.203002 -0.151492
v -0.0106007 0.504434 -1.3797
vt 0.014231 0.796739
f 2293/3207/4356 2294/3208/4356 2265/3205/4356

v -0.00999284 0.504434 -1.51006
vt 0.985807 0.796739
vn -0.966979 0.254815 -0.00450895
f 2295/3209/4357 2294/3208/4357 2293/3207/4357

vn -0.984457 0.175567 -0.00459045
v -0.0346367 0.369171 -1.39827
vt 0.014231 0.615608
f 2295/3209/4358 2296/3210/4358 2294/3208/4358

v -0.072276 0.369171 -1.51689
vt 0.985807 0.615608
vn -0.877658 0.390069 0.2785
f 2297/3211/4359 2296/3210/4359 2295/3209/4359

vn -0.94173 0.154418 0.298831
v -0.0737875 0.233912 -1.45176
vt 0.985807 0.434476
f 2297/3211/4360 2298/3212/4360 2296/3210/4360

vn -0.911 0.106103 0.398524
v -0.0360286 0.233912 -1.36544
vt 0.014231 0.434476
f 2298/3212/4361 2299/3213/4361 2296/3210/4361

vn -0.912409 0.0905358 0.399141
f 2298/3212/4362 2282/3188/4362 2299/3213/4362

vn -0.795218 -0.054661 0.603854
f 2282/3188/4363 2278/3190/4363 2299/3213/4363

vn -0.760707 -0.021174 -0.64875
vt 0.985807 1.34013
f 2292/3204/4364 2267/3206/4364 2268/3214/4364

vt 0.985807 1.59013
vn -0.664117 0.0141566 0.747495
f 2268/3215/4365 2291/3202/4365 2267/3203/4365

v 0.0491741 0.193981 -1.38623
vt 0.929931 0.572162
vn -0.798934 -6.31274e-007 -0.601419
vt 0.761008 0.504237
vt 0.059921 0.572162
f 2300/3216/4366 2279/3217/4366 2278/3218/4366

vt 0.059921 0.322162
vn 0.60142 4.75209e-007 -0.798933
v 0.0653204 0.193981 -1.27173
vt 0.929931 0.322162
vt 0.761008 0.254237
f 2278/3219/4367 2301/3220/4367 2279/3221/4367

v 0.0444835 0.233912 -1.28482
vt 0.014231 0.390087
vn 0.604697 0.0552621 -0.794536
f 2302/3222/4368 2301/3220/4368 2278/3219/4368

v 0.130876 0.233912 -1.24717
vt 0.985807 0.390087
vn 0.397818 -0.0914649 -0.912894
f 2303/3223/4369 2301/3220/4369 2302/3222/4369

v 0.0772818 0.369171 -1.28609
vt 0.014231 0.571218
vn 0.397287 -0.10493 -0.911676
f 2304/3224/4370 2303/3223/4370 2302/3222/4370

v 0.19581 0.369171 -1.24817
vt 0.985807 0.571218
vn 0.301188 -0.151573 -0.941441
f 2305/3225/4371 2303/3223/4371 2304/3224/4371

v 0.189378 0.504434 -1.31085
vt 0.985807 0.75235
vn 0.280244 -0.392595 -0.875975
f 2306/3226/4372 2305/3225/4372 2304/3224/4372

vn 0.0023173 -0.181916 -0.983311
v 0.061119 0.504434 -1.31115
vt 0.014231 0.75235
f 2306/3226/4373 2304/3224/4373 2307/3227/4373

v 0.117474 0.639694 -1.36139
vt 0.985807 0.933482
vn 0.00220844 -0.349005 -0.937118
f 2308/3228/4374 2306/3226/4374 2307/3227/4374

vn -0.316393 -0.211655 -0.924715
v -0.000368452 0.639694 -1.32107
vt 0.147792 0.933482
f 2308/3228/4375 2307/3227/4375 2309/3229/4375

v 0.0492608 0.774954 -1.36656
vt 0.985807 1.11461
vn -0.317477 -0.195549 -0.927884
f 2310/3230/4376 2308/3228/4376 2309/3229/4376

vn -0.679743 0.00276066 -0.733445
v 0 0.774954 -1.32091
vt 0.408603 1.11461
f 2310/3230/4377 2309/3229/4377 2311/3231/4377

v -0.0454713 0.774954 -1.37057
vt 0.985807 1.36461
vn -0.73754 0.00117212 0.675302
vt 0.147792 1.18348
vt 0.408603 1.36461
f 2312/3232/4378 2309/3233/4378 2311/3234/4378

v -0.0406918 0.639694 -1.43892
vt 0.985807 1.18348
vn -0.928296 -0.193311 0.317642
f 2313/3235/4379 2309/3233/4379 2312/3232/4379

vn -0.924682 -0.211782 0.316406
v 0.00975474 0.504434 -1.38202
vt 0.014231 1.00235
f 2313/3235/4380 2314/3236/4380 2309/3233/4380

v 0.0100566 0.504434 -1.51028
vt 0.985807 1.00235
vn -0.93665 -0.35026 -0.00220441
f 2315/3237/4381 2314/3236/4381 2313/3235/4381

vn -0.983313 -0.181907 -0.00231423
v 0.0348155 0.369171 -1.39819
vt 0.014231 0.821218
f 2315/3237/4382 2316/3238/4382 2314/3236/4382

v 0.0727321 0.369171 -1.51672
vt 0.985807 0.821218
vn -0.875992 -0.392567 -0.28023
f 2317/3239/4383 2316/3238/4383 2315/3237/4383

vn -0.941443 -0.151602 -0.301167
v 0.073742 0.233912 -1.45179
vt 0.985807 0.640087
f 2317/3239/4384 2318/3240/4384 2316/3238/4384

vn -0.911671 -0.104943 -0.397295
v 0.0360919 0.233912 -1.36539
vt 0.014231 0.640087
f 2318/3240/4385 2319/3241/4385 2316/3238/4385

vn -0.912889 -0.0914755 -0.397826
f 2318/3240/4386 2300/3216/4386 2319/3241/4386

vn -0.794538 0.0552546 -0.604695
f 2300/3216/4387 2278/3218/4387 2319/3241/4387

vt 0.147792 0.683482
vn 0.73515 -0.00116238 -0.677903
vt 0.408603 0.864614
v 0.0452585 0.774954 -1.27183
vt 0.985807 0.864614
f 2309/3242/4388 2311/3243/4388 2320/3244/4388

v -0.0494734 0.774954 -1.27583
vt 0.985807 1.61461
vn 0.673459 -0.0027507 0.739219
vt 0.147792 1.43348
vt 0.408603 1.61461
f 2321/3245/4389 2309/3246/4389 2311/3247/4389

vn 0.317486 -0.195115 0.927972
v -0.118211 0.639694 -1.28076
vt 0.985807 1.43348
f 2321/3245/4390 2322/3248/4390 2309/3246/4390

vn 0.31664 -0.207823 0.925499
v -0.061119 0.504434 -1.33066
vt 0.014231 1.25235
f 2322/3248/4391 2323/3249/4391 2309/3246/4391

vn -0.00221022 -0.346973 0.937873
v -0.189378 0.504434 -1.33097
vt 0.985807 1.25235
f 2322/3248/4392 2324/3250/4392 2323/3249/4392

vn -0.00231731 -0.181916 0.983311
v -0.0772818 0.369171 -1.35573
vt 0.014231 1.07122
f 2324/3250/4393 2325/3251/4393 2323/3249/4393

vn -0.280244 -0.392595 0.875975
v -0.19581 0.369171 -1.39364
vt 0.985807 1.07122
f 2324/3250/4394 2326/3252/4394 2325/3251/4394

vn -0.301188 -0.151573 0.941441
v -0.130876 0.233912 -1.39465
vt 0.985807 0.890087
f 2326/3252/4395 2327/3253/4395 2325/3251/4395

vn -0.397287 -0.104929 0.911676
v -0.0444838 0.233912 -1.357
vt 0.014231 0.890087
f 2325/3251/4396 2327/3253/4396 2328/3254/4396

vn -0.397818 -0.0914649 0.912894
v -0.0653207 0.193981 -1.37008
vt 0.929931 0.822162
f 2327/3253/4397 2329/3255/4397 2328/3254/4397

vn -0.604716 0.0552772 0.794521
vt 0.059921 0.822162
f 2328/3254/4398 2329/3255/4398 2278/3256/4398

vn -0.601439 -4.75224e-007 0.798919
vt 0.761008 0.754237
f 2278/3256/4399 2329/3255/4399 2279/3257/4399

vt 0.059921 0.072162
vn 0.798921 6.31264e-007 0.601435
v -0.0491744 0.193981 -1.25559
vt 0.929931 0.072162
vt 0.761008 0.004237
f 2278/3258/4400 2330/3259/4400 2279/3260/4400

vn 0.794524 0.0552681 0.604712
v -0.0360921 0.233912 -1.27642
vt 0.014231 0.140087
f 2278/3258/4401 2331/3261/4401 2330/3259/4401

vn 0.912889 -0.0914755 0.397826
v -0.0737423 0.233912 -1.19003
vt 0.985807 0.140087
f 2331/3261/4402 2332/3262/4402 2330/3259/4402

vn 0.911671 -0.104943 0.397295
v -0.0348158 0.369171 -1.24362
vt 0.014231 0.321218
f 2331/3261/4403 2333/3263/4403 2332/3262/4403

vn 0.941444 -0.151603 0.301166
v -0.0727321 0.369171 -1.1251
vt 0.985807 0.321218
f 2333/3263/4404 2334/3264/4404 2332/3262/4404

vn 0.875993 -0.392567 0.280228
v -0.0100567 0.504434 -1.13153
vt 0.985807 0.50235
f 2333/3263/4405 2335/3265/4405 2334/3264/4405

v -0.00975487 0.504434 -1.25979
vt 0.014231 0.50235
vn 0.983313 -0.181908 0.00231384
f 2336/3266/4406 2335/3265/4406 2333/3263/4406

vn 0.938318 -0.345766 0.00220796
v 0.0399547 0.639694 -1.20323
vt 0.985807 0.683482
f 2336/3266/4407 2337/3267/4407 2335/3265/4407

vn 0.925506 -0.207711 -0.316693
f 2309/3242/4408 2337/3267/4408 2336/3266/4408

vn 0.927539 -0.197323 -0.317388
f 2309/3242/4409 2320/3244/4409 2337/3267/4409

vt 0.985807 1.79574
vn 0.673462 -1.83083e-017 0.739222
f 2268/3268/4410 2321/3245/4410 2311/3247/4410

vn -0.73754 3.62563e-017 0.675303
vt 0.985807 1.54574
f 2312/3232/4411 2311/3234/4411 2268/3269/4411

vt 0.985807 1.29574
vn -0.679746 -3.66449e-017 -0.733448
f 2268/3270/4412 2310/3230/4412 2311/3231/4412

vt 0.985807 1.04574
vn 0.735151 -1.85002e-017 -0.677904
f 2268/3271/4413 2320/3244/4413 2311/3243/4413

g Mesh14 Component_1_1 skp7EA0_1 Model

usemtl _auto_8
v 0.108806 0.364945 -1.50891
vt 0.914901 0.282412
vn 0.692036 0.0621015 -0.719187
v 0.10427 0.506501 -1.50105
vt 0.91144 0.458136
v 0.182473 0.506501 -1.4258
vt 0.831904 0.458136
v 0.190411 0.364945 -1.43039
vt 0.831904 0.282412
f 2338/3272/4414 2339/3273/4414 2340/3274/4414 2341/3275/4414 

v 1.27e-007 0.364945 -1.54032
vt 0.997912 0.282395
vn 0.27682 0.0621015 -0.958913
v 1.778e-007 0.506501 -1.53115
vt 0.997912 0.458119
vt 0.918376 0.458119
vt 0.914916 0.282395
f 2342/3276/4415 2343/3277/4415 2339/3278/4415 2338/3279/4415 

v -0.108806 0.364945 -1.50891
vt 0.0849244 0.282413
vn -0.27682 0.0621014 -0.958913
v -0.10427 0.506501 -1.50105
vt 0.0814638 0.458137
vt 0.00192741 0.458137
vt 0.00192835 0.282413
f 2344/3280/4416 2345/3281/4416 2343/3282/4416 2342/3283/4416 

v -0.190411 0.364945 -1.43039
vt 0.167936 0.282407
vn -0.692036 0.0621002 -0.719187
v -0.182473 0.506501 -1.4258
vt 0.167937 0.458131
vt 0.0884006 0.458131
vt 0.0849394 0.282407
f 2346/3284/4417 2347/3285/4417 2345/3286/4417 2344/3287/4417 

v -0.208541 0.506501 -1.32045
vt 0.247472 0.458138
vn -0.968852 0.0620905 -0.239732
vt 0.167936 0.458138
vt 0.167935 0.282414
v -0.217612 0.364945 -1.32045
vt 0.250932 0.282414
f 2348/3288/4418 2347/3289/4418 2346/3290/4418 2349/3291/4418 

vt 0.167934 0.458136
vn -0.948127 0.214512 -0.234606
vt 0.25093 0.458136
v -0.15595 0.640476 -1.41049
vt 0.167934 0.620173
f 2347/3292/4419 2348/3293/4419 2350/3294/4419

vn -0.948127 0.214516 -0.234601
v -0.178229 0.640476 -1.32045
vt 0.25093 0.620173
f 2350/3294/4420 2348/3293/4420 2351/3295/4420

vn -0.948126 0.214516 0.234607
v -0.15595 0.640476 -1.23042
vt 0.333926 0.620173
f 2348/3293/4421 2352/3296/4421 2351/3295/4421

vn -0.948126 0.214516 0.234606
v -0.182473 0.506501 -1.2151
vt 0.333926 0.458136
f 2348/3293/4422 2353/3297/4422 2352/3296/4422

v -0.190411 0.364945 -1.21052
vt 0.333926 0.282412
vn -0.968852 0.0620905 0.239732
vt 0.254392 0.458136
vt 0.25093 0.282412
f 2354/3298/4423 2353/3297/4423 2348/3299/4423 2349/3300/4423 

v -0.108806 0.364945 -1.13199
vt 0.416925 0.282412
vn -0.692036 0.0621002 0.719187
v -0.10427 0.506501 -1.13985
vt 0.413465 0.458136
vt 0.333928 0.458136
vt 0.333928 0.282412
f 2355/3301/4424 2356/3302/4424 2353/3303/4424 2354/3304/4424 

v 1.27e-007 0.364945 -1.10058
vt 0.499912 0.282423
vn -0.27682 0.0621014 0.958913
v 1.778e-007 0.506501 -1.10975
vt 0.499912 0.458147
vt 0.420374 0.458147
vt 0.416915 0.282423
f 2357/3305/4425 2358/3306/4425 2356/3307/4425 2355/3308/4425 

v 0.108806 0.364945 -1.13199
vt 0.582926 0.282411
vn 0.27682 0.0621015 0.958913
v 0.10427 0.506501 -1.13985
vt 0.579466 0.458135
vt 0.499929 0.458135
vt 0.499929 0.282411
f 2359/3309/4426 2360/3310/4426 2358/3311/4426 2357/3312/4426 

v 0.190411 0.364945 -1.21052
vt 0.665912 0.282415
vn 0.692036 0.0621015 0.719187
v 0.182473 0.506501 -1.2151
vt 0.665912 0.458139
vt 0.586375 0.458139
vt 0.582915 0.282415
f 2361/3313/4427 2362/3314/4427 2360/3315/4427 2359/3316/4427 

vt 0.665914 0.282412
vn 0.968852 0.0620931 0.239731
v 0.217613 0.364945 -1.32045
vt 0.74891 0.282412
v 0.208541 0.506501 -1.32045
vt 0.745449 0.458136
vt 0.665914 0.458136
f 2361/3317/4428 2363/3318/4428 2364/3319/4428 2362/3320/4428 

vn 0.960654 -0.143679 0.2377
v 0.174515 0.243477 -1.2197
vt 0.665912 0.120519
v 0.199445 0.243477 -1.32045
vt 0.74198 0.120519
f 2361/3317/4429 2365/3321/4429 2366/3322/4429 2363/3318/4429 

vt 0.66592 0.120522
vn 0.686187 -0.143669 0.713097
vt 0.665921 0.282415
vt 0.582924 0.282414
v 0.0997227 0.243477 -1.14772
vt 0.58985 0.120522
f 2365/3323/4430 2361/3324/4430 2359/3325/4430 2367/3326/4430 

vt 0.575994 0.120508
vn 0.274477 -0.143652 0.950803
vt 0.582923 0.282402
vt 0.499926 0.282401
v 1.016e-007 0.243477 -1.11894
vt 0.499926 0.120508
f 2367/3327/4431 2359/3328/4431 2357/3329/4431 2368/3330/4431 

vt 0.499914 0.120519
vn -0.274477 -0.143652 0.950803
vt 0.499914 0.282412
vt 0.416917 0.282412
v -0.0997227 0.243477 -1.14772
vt 0.423846 0.120519
f 2368/3331/4432 2357/3332/4432 2355/3333/4432 2369/3334/4432 

vt 0.40999 0.120535
vn -0.686187 -0.143667 0.713097
vt 0.416916 0.282427
vt 0.333919 0.282428
v -0.174515 0.243477 -1.2197
vt 0.333921 0.120535
f 2369/3335/4433 2355/3336/4433 2354/3337/4433 2370/3338/4433 

vn -0.960654 -0.143677 0.2377
v -0.199445 0.243477 -1.32045
vt 0.25786 0.120519
vt 0.333928 0.120519
f 2354/3298/4434 2349/3300/4434 2371/3339/4434 2370/3340/4434 

vt 0.250929 0.282411
vn -0.960654 -0.143677 -0.2377
vt 0.167932 0.282411
v -0.174515 0.243477 -1.42121
vt 0.167931 0.120518
vt 0.244 0.120518
f 2349/3341/4435 2346/3342/4435 2372/3343/4435 2371/3344/4435 

vt 0.16792 0.120517
vn -0.686187 -0.143667 -0.713097
vt 0.167921 0.28241
vt 0.0849243 0.282409
v -0.0997227 0.243477 -1.49318
vt 0.0918512 0.120517
f 2372/3345/4436 2346/3346/4436 2344/3347/4436 2373/3348/4436 

vt 0.0779996 0.120531
vn -0.274477 -0.143652 -0.950803
vt 0.0849282 0.282424
vt 0.00193217 0.282424
v 1.016e-007 0.243477 -1.52197
vt 0.00193227 0.120531
f 2373/3349/4437 2344/3350/4437 2342/3351/4437 2374/3352/4437 

vt 0.997909 0.120518
vn 0.274477 -0.143652 -0.950803
vt 0.997909 0.282411
vt 0.914913 0.282411
v 0.0997227 0.243477 -1.49318
vt 0.921841 0.120518
f 2374/3353/4438 2342/3354/4438 2338/3355/4438 2375/3356/4438 

vt 0.907989 0.120499
vn 0.686187 -0.143669 -0.713097
vt 0.914915 0.282391
vt 0.831918 0.282392
v 0.174515 0.243477 -1.42121
vt 0.831919 0.120498
f 2375/3357/4439 2338/3358/4439 2341/3359/4439 2376/3360/4439 

vt 0.75584 0.12052
vn 0.960654 -0.143679 -0.2377
vt 0.831909 0.12052
vt 0.831908 0.282413
vt 0.748911 0.282413
f 2366/3361/4440 2376/3362/4440 2341/3363/4440 2363/3364/4440 

vt 0.74891 0.120519
vn 0.623426 -0.766514 -0.154257
v 0.094678 0.169267 -1.37512
vt 0.831907 0.045356
vt 0.831908 0.120519
f 2366/3365/4441 2377/3366/4441 2376/3367/4441

vn 0.6289 -0.756876 -0.177831
v 0.110763 0.169789 -1.32045
vt 0.748909 0.045356
f 2366/3365/4442 2378/3368/4442 2377/3366/4442

vn 0.6289 -0.756876 0.177831
v 0.094678 0.169267 -1.26579
vt 0.665912 0.045356
f 2366/3365/4443 2379/3369/4443 2378/3368/4443

vn 0.623426 -0.766514 0.154257
f 2366/3365/4444 2365/3321/4444 2379/3369/4444

vn 0.445311 -0.766515 0.462766
vt 0.582916 0.120519
f 2365/3321/4445 2367/3370/4445 2379/3369/4445

vn 0.468466 -0.756876 0.455718
v 0.0553814 0.169789 -1.22453
vt 0.582916 0.045356
f 2367/3370/4446 2380/3371/4446 2379/3369/4446

vn 0.160437 -0.756877 0.633559
v 1.016e-007 0.169267 -1.21113
vt 0.49992 0.045356
f 2367/3370/4447 2381/3372/4447 2380/3371/4447

vn 0.178125 -0.76652 0.617024
vt 0.49992 0.120519
f 2367/3370/4448 2368/3373/4448 2381/3372/4448

vn -0.178125 -0.76652 0.617024
vt 0.416924 0.120519
f 2368/3373/4449 2369/3374/4449 2381/3372/4449

vn -0.160437 -0.756878 0.633558
v -0.0553811 0.169789 -1.22453
vt 0.416924 0.045356
f 2381/3372/4450 2369/3374/4450 2382/3375/4450

vn -0.468465 -0.756876 0.455718
v -0.0946777 0.169267 -1.26579
vt 0.333928 0.045356
f 2382/3375/4451 2369/3374/4451 2383/3376/4451

vn -0.44531 -0.766516 0.462766
f 2383/3376/4452 2369/3374/4452 2370/3340/4452

vn -0.623425 -0.766515 0.154256
vt 0.25093 0.120519
f 2383/3376/4453 2370/3340/4453 2371/3377/4453

vn -0.628899 -0.756877 0.177831
v -0.110763 0.169789 -1.32045
vt 0.25093 0.045356
f 2383/3376/4454 2371/3377/4454 2384/3378/4454

v -0.094678 0.169267 -1.37512
vt 0.167933 0.045356
vn -0.628899 -0.756877 -0.177828
f 2385/3379/4455 2384/3378/4455 2371/3377/4455

v 1.016e-007 0.153982 -1.32045
vt 0.503469 0.033208
vn -0.141208 -0.989459 -0.0321065
f 2386/3380/4456 2384/3378/4456 2385/3379/4456

vt 0.491676 0.033861
vn -0.141208 -0.989459 0.0321072
f 2386/3381/4457 2383/3376/4457 2384/3378/4457

vn -0.0984106 -0.989459 0.106233
f 2386/3381/4458 2382/3375/4458 2383/3376/4458

vn -0.0427966 -0.98946 0.138341
f 2381/3372/4459 2382/3375/4459 2386/3381/4459

vn 0.0427966 -0.98946 0.138341
f 2380/3371/4460 2381/3372/4460 2386/3381/4460

vn 0.0984105 -0.989459 0.106233
f 2379/3369/4461 2380/3371/4461 2386/3380/4461

vn 0.141208 -0.989459 0.0321071
f 2378/3368/4462 2379/3369/4462 2386/3380/4462

vn 0.141208 -0.989459 -0.0321071
f 2378/3368/4463 2386/3380/4463 2377/3366/4463

vn 0.0984105 -0.989459 -0.106233
v 0.0553814 0.169789 -1.41638
vt 0.914904 0.045356
f 2377/3366/4464 2386/3380/4464 2387/3382/4464

vn 0.0427966 -0.98946 -0.138341
v 1.016e-007 0.169267 -1.42978
vt 0.9979 0.045356
f 2387/3382/4465 2386/3380/4465 2388/3383/4465

vn -0.0427966 -0.98946 -0.138341
v -0.0553811 0.169789 -1.41638
vt 0.084936 0.045356
vt 0.00194 0.045356
f 2386/3380/4466 2389/3384/4466 2388/3385/4466

vn -0.0984102 -0.989459 -0.106233
f 2386/3380/4467 2385/3379/4467 2389/3384/4467

vn -0.468463 -0.756877 -0.455719
vt 0.084936 0.120519
f 2389/3384/4468 2385/3379/4468 2373/3386/4468

vn -0.445311 -0.766515 -0.462766
vt 0.167932 0.120519
f 2385/3379/4469 2372/3387/4469 2373/3386/4469

vn -0.623426 -0.766514 -0.154257
f 2385/3379/4470 2371/3377/4470 2372/3387/4470

vn -0.160437 -0.756878 -0.633558
f 2388/3385/4471 2389/3384/4471 2373/3386/4471

vn -0.178125 -0.76652 -0.617024
vt 0.00194 0.120519
f 2388/3385/4472 2373/3386/4472 2374/3388/4472

vt 0.914904 0.120519
vn 0.178125 -0.76652 -0.617024
vt 0.9979 0.120519
f 2375/3389/4473 2388/3383/4473 2374/3390/4473

vn 0.160437 -0.756877 -0.633559
f 2375/3389/4474 2387/3382/4474 2388/3383/4474

vn 0.468466 -0.756876 -0.455718
f 2375/3389/4475 2377/3366/4475 2387/3382/4475

vn 0.445311 -0.766515 -0.462766
f 2376/3367/4476 2377/3366/4476 2375/3389/4476

vt 0.748909 0.282412
vn 0.968852 0.0620931 -0.239731
vt 0.831906 0.282412
vt 0.831906 0.458136
vt 0.75237 0.458136
f 2363/3391/4477 2341/3392/4477 2340/3393/4477 2364/3394/4477 

vt 0.831907 0.458136
vn 0.948127 0.214512 -0.234604
v 0.15595 0.640476 -1.41049
vt 0.831906 0.620173
vt 0.74891 0.458136
f 2340/3395/4478 2390/3396/4478 2364/3397/4478

vn 0.677233 0.214505 -0.703807
vt 0.914903 0.458136
f 2390/3396/4479 2340/3395/4479 2339/3398/4479

vn 0.67722 0.214516 -0.703815
v 0.0891144 0.640476 -1.4748
vt 0.914903 0.620173
f 2390/3396/4480 2339/3398/4480 2391/3399/4480

vn 0.270894 0.214515 -0.938403
v 1.524e-007 0.640476 -1.50053
vt 0.9979 0.620173
f 2391/3399/4481 2339/3398/4481 2392/3400/4481

vn 0.270904 0.214523 -0.938398
vt 0.9979 0.458136
f 2392/3400/4482 2339/3398/4482 2343/3401/4482

vt 0.001939 0.620173
vn -0.270903 0.214523 -0.938398
vt 0.001939 0.458136
vt 0.084937 0.458136
f 2392/3402/4483 2343/3403/4483 2345/3404/4483

vn -0.270893 0.214515 -0.938403
v -0.0891144 0.640476 -1.4748
vt 0.084937 0.620173
f 2392/3402/4484 2345/3404/4484 2393/3405/4484

vn -0.67722 0.214516 -0.703815
f 2393/3405/4485 2345/3404/4485 2350/3294/4485

vn -0.677233 0.214505 -0.703807
f 2350/3294/4486 2345/3404/4486 2347/3292/4486

v -0.111099 0.776298 -1.38459
vt 0.167934 0.786559
vn -0.651047 0.343993 -0.676614
f 2394/3406/4487 2393/3405/4487 2350/3294/4487

v -0.063485 0.776298 -1.43041
vt 0.084937 0.786559
vn -0.651043 0.343995 -0.676617
f 2395/3407/4488 2393/3405/4488 2394/3406/4488

v 1.27e-007 0.776298 -1.44874
vt 0.00194 0.786559
vn -0.260451 0.343996 -0.902127
f 2396/3408/4489 2393/3405/4489 2395/3407/4489

vn -0.260425 0.343981 -0.902139
f 2396/3408/4490 2392/3402/4490 2393/3405/4490

vt 0.9979 0.786559
vn 0.260426 0.343981 -0.902139
f 2396/3409/4491 2391/3399/4491 2392/3400/4491

v 0.063485 0.776298 -1.43041
vt 0.914903 0.786559
vn 0.260452 0.343996 -0.902126
f 2397/3410/4492 2391/3399/4492 2396/3409/4492

v 0.111099 0.776298 -1.38459
vt 0.831906 0.786559
vn 0.651041 0.343995 -0.676618
f 2398/3411/4493 2391/3399/4493 2397/3410/4493

vn 0.651047 0.343992 -0.676614
f 2398/3411/4494 2390/3396/4494 2391/3399/4494

vn 0.911485 0.343992 -0.225531
v 0.178228 0.640476 -1.32045
vt 0.74891 0.620173
f 2390/3396/4495 2398/3411/4495 2399/3412/4495

vn 0.911485 0.343991 -0.225534
v 0.12697 0.776298 -1.32045
vt 0.74891 0.786559
f 2398/3411/4496 2400/3413/4496 2399/3412/4496

vn 0.833984 0.511748 -0.206358
v 0.0328788 0.921982 -1.33943
vt 0.831906 0.964872
f 2398/3411/4497 2401/3414/4497 2400/3413/4497

vn 0.595687 0.511747 -0.619089
f 2401/3414/4498 2398/3411/4498 2397/3410/4498

vn 0.615469 0.506433 -0.603923
v 0.0191805 0.921649 -1.35367
vt 0.914903 0.964872
f 2397/3410/4499 2402/3415/4499 2401/3414/4499

v 3.048e-007 0.921982 -1.35842
vt 0.997899 0.964872
vn 0.215334 0.506438 -0.834956
f 2403/3416/4500 2402/3415/4500 2397/3410/4500

vn 0.150294 0.821574 -0.549935
v 0.00896785 0.935358 -1.33598
vt 0.775915 0.970083
f 2402/3415/4501 2403/3416/4501 2404/3417/4501

vn 0.100678 0.836332 -0.5389
v 4.064e-007 0.936437 -1.33598
vt 0.747919 0.972689
f 2404/3417/4502 2403/3416/4502 2405/3418/4502

vt 0.249939 0.972689
vn -0.100677 0.836332 -0.5389
vt 0.001939 0.964872
v -0.00896709 0.935358 -1.33598
vt 0.222603 0.970083
f 2405/3419/4503 2403/3420/4503 2406/3421/4503

vn -0.150293 0.821574 -0.549934
v -0.0191799 0.921649 -1.35367
vt 0.084936 0.964872
f 2403/3420/4504 2407/3422/4504 2406/3421/4504

vn -0.215334 0.506438 -0.834956
f 2403/3420/4505 2395/3407/4505 2407/3422/4505

vn -0.238307 0.511741 -0.825428
f 2403/3420/4506 2396/3408/4506 2395/3407/4506

vn 0.238308 0.51174 -0.825428
f 2403/3416/4507 2397/3410/4507 2396/3409/4507

vn -0.615473 0.506434 -0.603919
v -0.032878 0.921982 -1.33943
vt 0.167933 0.964872
f 2395/3407/4508 2408/3423/4508 2407/3422/4508

vn -0.595688 0.511749 -0.619087
f 2408/3423/4509 2395/3407/4509 2394/3406/4509

vn -0.833982 0.511751 -0.20636
v -0.12697 0.776298 -1.32045
vt 0.25093 0.786559
f 2394/3406/4510 2409/3424/4510 2408/3423/4510

vn -0.911484 0.343992 -0.225537
f 2394/3406/4511 2351/3295/4511 2409/3424/4511

vn -0.911484 0.343994 -0.225534
f 2350/3294/4512 2351/3295/4512 2394/3406/4512

vn -0.911484 0.343992 0.225537
v -0.111099 0.776298 -1.25631
vt 0.333926 0.786559
f 2351/3295/4513 2410/3425/4513 2409/3424/4513

vn -0.911483 0.343991 0.22554
f 2351/3295/4514 2352/3296/4514 2410/3425/4514

vn -0.651063 0.343983 0.676604
v -0.0891144 0.640476 -1.1661
vt 0.416923 0.620173
f 2410/3425/4515 2352/3296/4515 2411/3426/4515

vn -0.677234 0.214515 0.703802
vt 0.416923 0.458136
f 2352/3296/4516 2356/3427/4516 2411/3426/4516

vn -0.677231 0.214518 0.703805
f 2352/3296/4517 2353/3297/4517 2356/3427/4517

vn -0.270893 0.214515 0.938403
v 1.524e-007 0.640476 -1.14038
vt 0.49992 0.620173
f 2411/3426/4518 2356/3427/4518 2412/3428/4518

vn -0.270903 0.214523 0.938398
vt 0.49992 0.458136
f 2412/3428/4519 2356/3427/4519 2358/3429/4519

vn 0.270904 0.214523 0.938398
vt 0.582917 0.458136
f 2412/3428/4520 2358/3429/4520 2360/3430/4520

vn 0.270894 0.214515 0.938403
v 0.0891144 0.640476 -1.1661
vt 0.582917 0.620173
f 2412/3428/4521 2360/3430/4521 2413/3431/4521

vn 0.677234 0.214515 0.703802
v 0.15595 0.640476 -1.23042
vt 0.665914 0.620173
f 2413/3431/4522 2360/3430/4522 2414/3432/4522

vn 0.677231 0.214518 0.703805
f 2414/3432/4523 2360/3430/4523 2362/3320/4523

vn 0.948127 0.214516 0.234604
f 2364/3397/4524 2414/3432/4524 2362/3320/4524

vn 0.948126 0.214516 0.234604
f 2399/3412/4525 2414/3432/4525 2364/3397/4525

vn 0.911485 0.343989 0.225538
v 0.111099 0.776298 -1.25631
vt 0.665914 0.786559
f 2399/3412/4526 2415/3433/4526 2414/3432/4526

vn 0.911485 0.343991 0.225534
f 2400/3413/4527 2415/3433/4527 2399/3412/4527

vn 0.833984 0.511748 0.206358
v 0.0328788 0.921982 -1.30147
vt 0.665915 0.964872
f 2400/3413/4528 2416/3434/4528 2415/3433/4528

v 0.0383606 0.921649 -1.32045
vt 0.748911 0.964872
vn 0.830745 0.50644 0.231041
f 2417/3435/4529 2416/3434/4529 2400/3413/4529

vn 0.551397 0.821573 0.144841
v 0.0179353 0.935358 -1.32045
vt 0.665254 0.970083
f 2417/3435/4530 2418/3436/4530 2416/3434/4530

vn 0.551397 0.821573 -0.144841
f 2417/3435/4531 2401/3414/4531 2418/3436/4531

vn 0.830745 0.50644 -0.231041
f 2401/3414/4532 2417/3435/4532 2400/3413/4532

vn 0.517073 0.836313 -0.182251
v 0.0134516 0.936437 -1.32822
vt 0.664923 0.972689
f 2401/3414/4533 2419/3437/4533 2418/3436/4533

vn 0.416367 0.836304 -0.356699
f 2401/3414/4534 2404/3417/4534 2419/3437/4534

vn 0.401143 0.82157 -0.405102
f 2401/3414/4535 2402/3415/4535 2404/3417/4535

vn 0.117035 0.972213 -0.202744
f 2419/3437/4536 2404/3417/4536 2405/3418/4536

vn 0.141013 0.959397 -0.244282
v 4.826e-007 0.940392 -1.32045
vt 0.497939 0.980507
f 2419/3437/4537 2405/3418/4537 2420/3438/4537

vn -0.141012 0.959397 -0.244281
v -0.0134508 0.936437 -1.32822
vt 0.332936 0.972689
f 2420/3438/4538 2405/3419/4538 2421/3439/4538

vn -0.117034 0.972213 -0.202743
f 2405/3419/4539 2406/3421/4539 2421/3439/4539

vn -0.416368 0.836304 -0.356697
f 2406/3421/4540 2408/3423/4540 2421/3439/4540

vn -0.401144 0.821571 -0.405099
f 2406/3421/4541 2407/3422/4541 2408/3423/4541

vn -0.517071 0.836314 -0.182253
v -0.0179346 0.935358 -1.32045
vt 0.333266 0.970083
f 2421/3439/4542 2408/3423/4542 2422/3440/4542

vn -0.551392 0.821575 -0.144847
v -0.0383601 0.921649 -1.32045
vt 0.250929 0.964872
f 2422/3440/4543 2408/3423/4543 2423/3441/4543

vn -0.830742 0.506441 -0.231051
f 2408/3423/4544 2409/3424/4544 2423/3441/4544

vn -0.830742 0.506441 0.231051
v -0.032878 0.921982 -1.30147
vt 0.333926 0.964872
f 2409/3424/4545 2424/3442/4545 2423/3441/4545

vn -0.833982 0.511751 0.20636
f 2409/3424/4546 2410/3425/4546 2424/3442/4546

vn -0.595688 0.511749 0.619087
v -0.063485 0.776298 -1.2105
vt 0.416923 0.786559
f 2424/3442/4547 2410/3425/4547 2425/3443/4547

vn -0.651043 0.343995 0.676617
f 2410/3425/4548 2411/3426/4548 2425/3443/4548

vn -0.260418 0.343993 0.902137
v 1.27e-007 0.776298 -1.19217
vt 0.49992 0.786559
f 2425/3443/4549 2411/3426/4549 2426/3444/4549

vn -0.260423 0.343996 0.902134
f 2426/3444/4550 2411/3426/4550 2412/3428/4550

vn 0.260424 0.343996 0.902134
f 2426/3444/4551 2412/3428/4551 2413/3431/4551

vn 0.260419 0.343993 0.902137
v 0.063485 0.776298 -1.2105
vt 0.582917 0.786559
f 2426/3444/4552 2413/3431/4552 2427/3445/4552

vn 0.651041 0.343995 0.676618
f 2427/3445/4553 2413/3431/4553 2415/3433/4553

vn 0.651063 0.343982 0.676604
f 2415/3433/4554 2413/3431/4554 2414/3432/4554

vn 0.595687 0.511747 0.619089
f 2416/3434/4555 2427/3445/4555 2415/3433/4555

vn 0.615469 0.506433 0.603923
v 0.0191805 0.921649 -1.28723
vt 0.582918 0.964872
f 2416/3434/4556 2428/3446/4556 2427/3445/4556

vn 0.401143 0.82157 0.405102
v 0.00896785 0.935358 -1.30492
vt 0.554592 0.970083
f 2416/3434/4557 2429/3447/4557 2428/3446/4557

vn 0.416396 0.83633 0.356603
v 0.0134516 0.936437 -1.31269
vt 0.581927 0.972689
f 2416/3434/4558 2430/3448/4558 2429/3447/4558

vn 0.517038 0.836327 0.182289
f 2416/3434/4559 2418/3436/4559 2430/3448/4559

vn 0.234072 0.972219 -7.69581e-018
f 2418/3436/4560 2419/3437/4560 2430/3448/4560

vn 0.282072 0.959393 -2.15038e-019
f 2419/3437/4561 2420/3438/4561 2430/3448/4561

vn 0.141058 0.95939 0.24428
v 4.064e-007 0.936437 -1.30492
vt 0.49893 0.972689
f 2430/3448/4562 2420/3438/4562 2431/3449/4562

vn -0.141057 0.959391 0.244279
v -0.0134508 0.936437 -1.31269
vt 0.415932 0.972689
f 2420/3438/4563 2432/3450/4563 2431/3449/4563

vn -0.282069 0.959394 -1.71097e-017
f 2420/3438/4564 2421/3439/4564 2432/3450/4564

vn -0.234069 0.97222 -1.57524e-018
f 2421/3439/4565 2422/3440/4565 2432/3450/4565

vn -0.517036 0.836328 0.182291
f 2432/3450/4566 2422/3440/4566 2424/3442/4566

vn -0.551392 0.821575 0.144847
f 2422/3440/4567 2423/3441/4567 2424/3442/4567

v -0.00896709 0.935358 -1.30492
vt 0.443929 0.970083
vn -0.416397 0.836331 0.356601
f 2433/3451/4568 2432/3450/4568 2424/3442/4568

vn -0.117036 0.972226 0.202679
f 2431/3449/4569 2432/3450/4569 2433/3451/4569

vn -0.100674 0.836305 0.538943
v 3.048e-007 0.921982 -1.28249
vt 0.499921 0.964872
f 2431/3449/4570 2433/3451/4570 2434/3452/4570

vn -0.150228 0.821566 0.549965
v -0.0191799 0.921649 -1.28723
vt 0.416923 0.964872
f 2434/3452/4571 2433/3451/4571 2435/3453/4571

vn -0.401144 0.821571 0.405099
f 2433/3451/4572 2424/3442/4572 2435/3453/4572

vn -0.615473 0.506434 0.603919
f 2424/3442/4573 2425/3443/4573 2435/3453/4573

vn -0.215232 0.506425 0.83499
f 2434/3452/4574 2435/3453/4574 2425/3443/4574

vn -0.238276 0.511745 0.825434
f 2434/3452/4575 2425/3443/4575 2426/3444/4575

vn 0.238277 0.511744 0.825434
f 2434/3452/4576 2426/3444/4576 2427/3445/4576

vn 0.215232 0.506424 0.834991
f 2434/3452/4577 2427/3445/4577 2428/3446/4577

vn 0.150228 0.821565 0.549966
f 2428/3446/4578 2429/3447/4578 2434/3452/4578

vn 0.100674 0.836304 0.538944
f 2429/3447/4579 2431/3449/4579 2434/3452/4579

vn 0.117036 0.972226 0.20268
f 2430/3448/4580 2431/3449/4580 2429/3447/4580

vn 0.948128 0.214516 -0.234598
f 2390/3396/4581 2399/3412/4581 2364/3397/4581

