# Alias OBJ Model File
# Exported from SketchUp, (c) 2000-2012 Trimble Navigation Limited
# File units = meters

mtllib ha.mtl

g Mesh1 Component_3_1 skp5E7F1 Model

usemtl _auto_14
v 0.884777 2.23095 0.677801
vt 0.367164 1.82983
vn 0.890532 -0.113636 0.440499
v 0.858816 2.24908 0.734961
vt 0.331373 1.85205
v 0.860174 2.20761 0.721517
vt 0.332017 1.82395
f 1/1/1 2/2/1 3/3/1

vn 0.898795 -0.0748115 0.431939
v 0.883481 2.27826 0.688691
vt 0.368993 1.86104
f 1/1/2 4/4/2 2/2/2

v 0.907806 2.25326 0.635804
vt 0.400735 1.8354
vn 0.891111 -0.078477 0.446948
f 5/5/3 4/4/3 1/1/3

vn 0.90311 -0.0277963 0.428509
v 0.90426 2.30681 0.646751
vt 0.402973 1.87059
f 5/5/4 6/6/4 4/4/4

v 0.936107 2.28138 0.581918
vt 0.443344 1.84232
vn 0.891853 -0.0331612 0.451109
f 7/7/5 6/6/5 5/5/5

vt 0.403146 1.87051
vn 0.904897 0.0599652 0.421386
vt 0.443518 1.84224
v 0.953878 2.30267 0.540797
vt 0.474963 1.84773
v 0.928134 2.34221 0.590398
vt 0.44719 1.88194
f 6/8/6 7/9/6 8/10/6 9/11/6 

v 0.956204 2.23699 0.537189
vt 0.466069 1.80631
vn 0.915926 0.0103907 0.401212
vt 0.47481 1.8478
f 10/12/7 8/13/7 7/7/7

usemtl _auto_15
v 0.974719 2.24704 0.482091
vt 0.753139 0.921139
vn 0.946911 0.0158876 0.321103
vt 0.746101 0.928764
vt 0.745545 0.920784
f 11/14/8 8/15/8 10/16/8

vn 0.931449 -0.0334135 0.362334
v 0.973793 2.31329 0.490583
vt 0.752707 0.929397
f 11/14/9 12/17/9 8/15/9

v 0.958267 2.3122 0.421287
vt 0.761549 0.928943
vn 0.974819 0.0417098 -0.219063
f 13/18/10 12/17/10 11/14/10

vn 0.973043 -0.0787323 -0.216768
v 0.969698 2.34699 0.459961
vt 0.756561 0.933319
f 13/18/11 14/19/11 12/17/11

vn 0.921453 0.111073 -0.372273
v 0.955242 2.34652 0.424039
vt 0.761354 0.933269
f 13/18/12 15/20/12 14/19/12

v 0.931751 2.35188 0.393038
vt 0.766259 0.934134
vn 0.801184 0.117671 -0.586735
f 16/21/13 15/20/13 13/18/13

vn 0.796643 -0.00452153 -0.604433
v 0.940319 2.36951 0.404198
vt 0.764381 0.936222
f 16/21/14 17/22/14 15/20/14

v 0.929403 2.3829 0.391567
vt 0.766242 0.937862
vn 0.770893 0.0281911 -0.636341
f 18/23/15 17/22/15 16/21/15

v 0.954197 2.372 0.388349
vt 0.858639 0.851229
vn -0.404835 -0.780167 -0.476914
vt 0.858952 0.847064
vt 0.863029 0.848075
f 19/24/16 17/25/16 18/26/16

v 0.968299 2.37041 0.405961
vt 0.831969 0.850993
vn 0.0396064 -0.991862 -0.121
vt 0.835943 0.847064
vt 0.836384 0.85126
f 20/27/17 17/28/17 19/29/17

vn 0.039824 -0.991396 -0.124692
v 0.94892 2.36732 0.424333
vt 0.831659 0.845616
f 20/27/18 21/30/18 17/28/18

v 0.976458 2.38122 0.423975
vt 0.827554 0.850481
vn 0.431224 -0.846372 0.312571
f 22/31/19 21/30/19 20/27/19

vn 0.430269 -0.844304 0.319404
v 0.955775 2.37701 0.440695
vt 0.827554 0.844862
f 22/31/20 23/32/20 21/30/20

vt 0.826803 0.845363
vn 0.6256 -0.388687 0.676422
vt 0.827533 0.850462
v 1.0109 2.41308 0.410441
vt 0.822981 0.858488
v 0.9764 2.40116 0.435485
vt 0.822902 0.850078
f 23/33/21 22/34/21 24/35/21 25/36/21 

vt 0.823003 0.858508
vn 0.636033 -0.409764 0.653877
v 1.01062 2.39122 0.397009
vt 0.827554 0.858696
f 24/37/22 22/31/22 26/38/22

vn 0.470899 -0.834113 0.287246
f 26/38/23 22/31/23 20/27/23

vn 0.470369 -0.839234 0.272837
v 0.999191 2.37828 0.376912
vt 0.832219 0.858947
f 26/38/24 20/27/24 27/39/24

vn 0.0952717 -0.981738 -0.16466
f 27/39/25 20/27/25 19/29/25

vn 0.0912574 -0.979561 -0.179257
v 0.980523 2.37999 0.358093
vt 0.837062 0.85907
f 27/39/26 19/29/26 28/40/26

vt 0.858366 0.859042
vn -0.356973 -0.778535 -0.516192
v 0.940132 2.38587 0.377149
vt 0.862965 0.851607
f 28/41/27 19/24/27 29/42/27

vn -0.406174 -0.786827 -0.464678
f 19/24/28 18/26/28 29/42/28

vn -0.742726 -0.276607 -0.609792
v 0.922269 2.40412 0.390627
vt 0.867818 0.848003
f 29/42/29 18/26/29 30/43/29

vt 0.766478 0.940286
vn 0.516256 0.13605 -0.845559
v 0.912761 2.37501 0.380138
vt 0.768731 0.937301
f 30/44/30 18/23/30 31/45/30

vn 0.564937 0.00364946 -0.825126
f 18/23/31 16/21/31 31/45/31

vn 0.655211 0.122158 -0.745504
v 0.920628 2.32127 0.378246
vt 0.768966 0.930395
f 31/45/32 16/21/32 32/46/32

vn 0.756371 0.0406319 -0.65288
f 32/46/33 16/21/33 13/18/33

v 0.919736 2.26439 0.373436
vt 0.769883 0.922739
vn 0.756564 0.0433119 -0.652484
f 33/47/34 32/46/34 13/18/34

vn 0.657755 0.0532204 -0.751349
v 0.868426 2.2704 0.328943
vt 0.77977 0.924051
f 32/46/35 33/47/35 34/48/35

vn 0.656094 0.0155616 -0.754519
v 0.866272 2.20662 0.325754
vt 0.780777 0.914237
f 34/48/36 33/47/36 35/49/36

vn 0.68401 -0.0315106 -0.728792
v 0.915206 2.20128 0.371913
vt 0.770282 0.913736
f 33/47/37 36/50/37 35/49/37

vn 0.747064 -0.0376074 -0.663687
v 0.959745 2.25708 0.418885
vt 0.761631 0.921883
f 36/50/38 33/47/38 37/51/38

vn 0.753589 0.0487627 -0.655535
f 33/47/39 13/18/39 37/51/39

vn 0.973702 0.0359104 -0.224977
f 37/51/40 13/18/40 11/14/40

v 0.956134 2.19488 0.41698
vt 0.761589 0.913535
vn 0.970119 -0.0490522 -0.23762
f 38/52/41 37/51/41 11/14/41

vn 0.738533 -0.0222412 -0.67385
f 36/50/42 37/51/42 38/52/42

vn 0.720041 -0.156316 -0.676096
v 0.907765 2.15177 0.375435
vt 0.769869 0.90625
f 36/50/43 38/52/43 39/53/43

vn 0.741216 -0.220691 -0.633951
v 0.943582 2.14455 0.419826
vt 0.761352 0.90625
f 39/53/44 38/52/44 40/54/44

vn 0.940227 -0.247693 -0.233714
v 0.969238 2.18757 0.477448
vt 0.75307 0.913101
f 38/52/45 41/55/45 40/54/45

vn 0.972888 -0.0725219 -0.21961
f 38/52/46 11/14/46 41/55/46

vt 0.745547 0.920778
vn 0.94795 -0.110833 0.298507
v 0.950369 2.1763 0.533155
vt 0.744429 0.912026
vt 0.753072 0.913095
vt 0.754064 0.921677
f 10/56/47 42/57/47 41/58/47 11/59/47 

vt 0.744427 0.912032
vn 0.894217 -0.114735 0.43268
v 0.934396 2.20469 0.573696
vt 0.738536 0.917787
f 42/60/48 10/16/48 43/61/48

usemtl _auto_14
vn 0.88231 -0.0695991 0.465494
vt 0.434141 1.79352
f 10/12/49 7/7/49 43/62/49

vn 0.897272 -0.0668131 0.436393
f 43/62/50 7/7/50 5/5/50

vn 0.887239 -0.0922564 0.451991
v 0.907599 2.18822 0.622934
vt 0.396511 1.79292
f 43/62/51 5/5/51 44/63/51

vn 0.892678 -0.0902123 0.441574
f 44/63/52 5/5/52 1/1/52

vn 0.879511 -0.121157 0.460197
v 0.883346 2.18561 0.668599
vt 0.363978 1.80019
f 44/63/53 1/1/53 45/64/53

vn 0.890904 -0.117177 0.438817
f 45/64/54 1/1/54 3/3/54

vn 0.85898 -0.214069 0.465111
v 0.859125 2.18477 0.712945
vt 0.332472 1.80821
f 45/64/55 3/3/55 46/65/55

vn 0.906041 -0.184582 0.380813
v 0.84502 2.19602 0.751956
vt 0.308945 1.82267
f 46/65/56 3/3/56 47/66/56

vn 0.906661 -0.147718 0.395152
v 0.85092 2.21139 0.744163
vt 0.317539 1.83064
f 3/3/57 48/67/57 47/66/57

vn 0.915627 -0.0965299 0.390268
f 3/3/58 2/2/58 48/67/58

vn 0.922417 -0.102316 0.372397
v 0.845778 2.22565 0.760819
vt 0.309309 1.84261
f 2/2/59 49/68/59 48/67/59

vn 0.879074 0.0354448 0.475366
v 0.838073 2.24517 0.773612
vt 0.303476 1.85735
f 2/2/60 50/69/60 49/68/60

vn 0.879977 0.0221099 0.474502
v 0.852392 2.27973 0.745446
vt 0.329132 1.87319
f 2/2/61 51/70/61 50/69/61

vn 0.877084 0.019646 0.479934
f 4/4/62 51/70/62 2/2/62

vn 0.876097 0.0604416 0.478332
v 0.871445 2.32215 0.705189
vt 0.364133 1.89184
f 4/4/63 52/71/63 51/70/63

vn 0.877091 0.0614492 0.476377
vt 0.364133 1.89183
f 6/6/64 52/72/64 4/4/64

vn 0.878685 0.109 0.464792
v 0.889141 2.36393 0.661937
vt 0.400346 1.90978
f 6/6/65 53/73/65 52/71/65

vt 0.447018 1.88202
vn 0.886481 0.115497 0.44812
f 9/74/66 53/73/66 6/6/66

vt 0.400316 1.9098
vn 0.886339 0.160795 0.434221
vt 0.446987 1.88204
v 0.945191 2.36875 0.545742
vt 0.481201 1.89045
v 0.909349 2.40945 0.603839
vt 0.446225 1.92781
f 53/75/67 9/76/67 54/77/67 55/78/67 

vn 0.911449 0.0897842 0.401496
vt 0.481214 1.89038
f 8/13/68 54/79/68 9/74/68

usemtl _auto_15
v 0.965322 2.3741 0.502485
vt 0.75158 0.936661
vn 0.899142 0.0860995 0.429104
vt 0.745921 0.936586
f 56/80/69 54/81/69 8/15/69

vn 0.90524 0.023848 0.42423
v 0.956186 2.40858 0.520041
vt 0.749667 0.940726
f 56/80/70 57/82/70 54/81/70

vn 0.966969 0.152071 0.20456
v 0.956824 2.42441 0.505262
vt 0.751429 0.942321
f 56/80/71 58/83/71 57/82/71

v 0.964511 2.39393 0.471416
vt 0.755214 0.938859
vn 0.983747 0.161914 0.0776244
f 59/84/72 58/83/72 56/80/72

vn 0.953574 0.296856 -0.0507371
v 0.958407 2.41416 0.475084
vt 0.754774 0.94122
f 59/84/73 60/85/73 58/83/73

v 0.956649 2.4093 0.461541
vt 0.756384 0.940812
vn 0.918294 0.319423 -0.23389
f 61/86/74 60/85/74 59/84/74

v 0.97642 2.42741 0.468563
vt 0.973745 0.850015
vn 0.625487 -0.756621 0.190503
vt 0.973661 0.844844
vt 0.977097 0.844845
f 62/87/75 60/88/75 61/89/75

v 0.954071 2.43267 0.492515
vt 0.967762 0.845854
vn 0.587689 -0.477475 0.653176
f 63/90/76 60/88/76 62/87/76

vn 0.964311 0.261983 -0.0383367
vt 0.752798 0.943231
f 60/85/77 63/91/77 58/83/77

vn 0.923149 0.381433 0.0480124
v 0.943344 2.45807 0.496995
vt 0.752393 0.946052
f 63/91/78 64/92/78 58/83/78

vt 0.967237 0.846256
vn 0.298547 -0.0418508 0.953477
v 0.971854 2.44844 0.487645
vt 0.967752 0.851042
v 0.958531 2.47563 0.493005
vt 0.962056 0.852588
vt 0.962172 0.847962
f 63/93/79 65/94/79 66/95/79 64/96/79 

vt 0.967762 0.851009
vn 0.593381 -0.46637 0.656048
f 65/97/80 63/90/80 62/87/80

v 1.00972 2.44915 0.457532
vt 0.97385 0.857888
vn 0.54664 -0.494441 0.675806
f 67/98/81 65/97/81 62/87/81

v 1.00214 2.47386 0.481965
vt 0.967762 0.85839
vn 0.545059 -0.499023 0.673711
f 68/99/82 65/97/82 67/98/82

vt 0.962066 0.852555
vn 0.242008 -0.0721571 0.967587
f 66/100/83 65/97/83 68/99/83

v 0.981083 2.49957 0.487983
vt 0.962038 0.858529
vn 0.244295 -0.0267924 0.969331
f 69/101/84 66/100/84 68/99/84

vt 0.962055 0.858485
vn -0.163919 0.348019 0.923046
v 0.927447 2.4796 0.485987
vt 0.957084 0.84966
vt 0.962082 0.852511
f 69/102/85 70/103/85 66/104/85

vn -0.16446 0.349539 0.922375
v 0.938818 2.49673 0.481523
vt 0.956379 0.853409
f 70/103/86 69/102/86 71/105/86

v 0.95368 2.51941 0.475772
vt 0.955757 0.858513
vn -0.16439 0.342344 0.925082
vt 0.956363 0.853453
f 72/106/87 71/107/87 69/101/87

vt 0.936134 0.853556
vn -0.60486 0.543701 0.581837
vt 0.9364 0.858616
v 0.920637 2.50324 0.456541
vt 0.930275 0.853815
v 0.911858 2.4868 0.462766
vt 0.930607 0.850254
f 71/108/88 72/109/88 73/110/88 74/111/88 

v 0.930826 2.52381 0.448233
vt 0.93007 0.858144
vn -0.604942 0.53714 0.587814
vt 0.930298 0.853711
vt 0.936422 0.858513
f 75/112/89 73/113/89 72/114/89

v 0.913273 2.49482 0.42738
vt 0.924115 0.853404
vn -0.878457 0.469991 0.0861491
f 76/115/90 73/113/90 75/112/90

vn -0.880349 0.466141 0.0877387
v 0.907253 2.48219 0.434078
vt 0.924115 0.85015
f 76/115/91 77/116/91 73/113/91

v 0.919609 2.47204 0.406082
vt 0.917701 0.852289
vn -0.874789 0.17797 -0.450634
f 78/117/92 77/116/92 76/115/92

vn -0.879246 0.163603 -0.447392
v 0.914152 2.46236 0.413268
vt 0.917624 0.849352
f 78/117/93 79/118/93 77/116/93

vn -0.604018 -0.226609 -0.764075
v 0.932274 2.44816 0.403154
vt 0.912024 0.850517
f 78/117/94 80/119/94 79/118/94

vn -0.618467 -0.236056 -0.749517
v 0.949677 2.46406 0.383786
vt 0.911269 0.856637
f 78/117/95 81/120/95 80/119/95

v 0.928845 2.48857 0.392658
vt 0.917727 0.856905
vn -0.618732 -0.257212 -0.742302
f 82/121/96 81/120/96 78/117/96

v 0.946043 2.50926 0.379064
vt 0.917831 0.862453
vn -0.513945 -0.129889 -0.847933
f 83/122/97 81/120/97 82/121/97

vn -0.459762 -0.128743 -0.878661
v 0.969282 2.48229 0.370857
vt 0.91129 0.862644
f 83/122/98 84/123/98 81/120/98

vn -0.443376 -0.11136 -0.889391
v 0.98663 2.49846 0.360184
vt 0.9116 0.867498
f 83/122/99 85/124/99 84/123/99

v 0.961801 2.52775 0.367198
vt 0.91812 0.867076
vn -0.45316 -0.174794 -0.874124
f 86/125/100 85/124/100 83/122/100

v 1.0141 2.53042 0.347843
vt 0.913242 0.874991
vn -0.343288 -0.0666291 -0.936864
f 87/126/101 85/124/101 86/125/101

vn 0.0978691 -0.430521 -0.897259
v 1.04087 2.51288 0.35918
vt 0.907497 0.876683
f 87/126/102 88/127/102 85/124/102

v 1.04076 2.56012 0.34292
vt 0.915085 0.881787
vn 0.184291 -0.319507 -0.92949
f 89/128/103 88/127/103 87/126/103

vn 0.181814 -0.319663 -0.929924
v 1.0615 2.54561 0.351964
vt 0.910416 0.883564
f 89/128/104 90/129/104 88/127/104

vn 0.248149 -0.231529 -0.940647
v 1.06216 2.58424 0.342628
vt 0.917173 0.888038
v 1.07683 2.57398 0.349026
vt 0.91387 0.889295
f 90/129/105 89/128/105 91/130/105 92/131/105 

vn -0.172403 0.141111 -0.974867
v 1.02434 2.58049 0.348773
vt 0.919655 0.880904
v 1.05054 2.59866 0.346768
vt 0.920489 0.886792
vt 0.917256 0.887417
f 89/128/106 93/132/106 94/133/106 91/134/106 

vt 0.913227 0.874981
vn -0.256903 0.0704437 -0.963866
v 0.993252 2.55619 0.355294
vt 0.918749 0.874288
vt 0.919429 0.88124
vt 0.91507 0.881777
f 87/135/107 95/136/107 93/137/107 89/138/107 

vt 0.918764 0.874298
vn -0.346627 -0.0092835 -0.937957
f 95/139/108 87/126/108 86/125/108

v 0.953525 2.55419 0.393652
vt 0.924109 0.867338
vn -0.635994 0.437232 -0.635877
v 0.985908 2.57958 0.378729
vt 0.924065 0.874523
vt 0.918758 0.87428
vt 0.918114 0.867058
f 96/140/109 97/141/109 95/142/109 86/143/109 

vt 0.924115 0.874315
vn -0.631555 0.77341 -0.054537
vt 0.924115 0.867357
v 0.964188 2.56516 0.425738
vt 0.929708 0.867871
f 97/144/110 96/145/110 98/146/110

vn -0.76309 0.645453 0.0329204
v 0.94827 2.5458 0.436396
vt 0.929924 0.863418
f 96/145/111 99/147/111 98/146/111

vn -0.768197 0.639457 0.0311151
v 0.937936 2.53491 0.404917
vt 0.924115 0.862878
f 96/145/112 100/148/112 99/147/112

vn -0.776834 0.306931 -0.549838
f 86/125/113 100/148/113 96/145/113

vn -0.776159 0.308772 -0.549761
f 86/125/114 83/122/114 100/148/114

v 0.921056 2.51322 0.417539
vt 0.924118 0.85759
vn -0.786431 0.297441 -0.541346
vt 0.924119 0.862841
vt 0.917835 0.862416
vt 0.918075 0.857184
f 101/149/115 100/150/115 83/151/115 82/152/115 

vn -0.779582 0.625463 0.0323832
vt 0.924115 0.857627
f 100/148/116 101/153/116 75/112/116

vn -0.886638 0.444102 0.129023
f 101/153/117 76/115/117 75/112/117

vn -0.891947 0.149015 -0.426878
f 82/121/118 76/115/118 101/153/118

vn -0.891467 0.151305 -0.427076
f 82/121/119 78/117/119 76/115/119

vn -0.773594 0.632702 0.0352221
f 100/148/120 75/112/120 99/147/120

vt 0.930296 0.857734
vn -0.504522 0.683607 0.527389
vt 0.936461 0.858242
v 0.972216 2.54148 0.464929
vt 0.936376 0.863738
vt 0.929967 0.863152
f 75/154/121 72/155/121 102/156/121 99/157/121 

vt 0.955741 0.864009
vn -0.0516142 0.475053 0.878442
v 1.00111 2.52122 0.477579
vt 0.962085 0.86374
f 102/158/122 72/106/122 103/159/122

vn -0.0515407 0.470895 0.880682
f 103/159/123 72/106/123 69/101/123

vn 0.36902 0.102538 0.923748
v 1.02344 2.49515 0.471554
vt 0.967762 0.86354
f 103/159/124 69/101/124 104/160/124

vn 0.368012 0.0846621 0.925958
f 69/101/125 68/99/125 104/160/125

vt 0.967763 0.858424
vn 0.689603 -0.391346 0.609341
vt 0.973516 0.858122
v 1.03147 2.46935 0.445874
vt 0.973796 0.863281
vt 0.967764 0.863574
f 68/161/126 67/162/126 105/163/126 104/164/126 

vt 0.973794 0.863248
vn 0.703178 -0.705297 0.0899809
v 1.0032 2.4388 0.427401
vt 0.979691 0.858009
f 105/165/127 67/98/127 106/166/127

vn 0.590821 -0.793729 0.144655
v 0.974349 2.42118 0.448557
vt 0.978152 0.850295
f 67/98/128 107/167/128 106/166/128

vn 0.579664 -0.79315 0.18682
f 67/98/129 62/87/129 107/167/129

vn 0.632225 -0.75595 0.169801
f 62/87/130 61/89/130 107/167/130

vn 0.634371 -0.752823 0.175588
v 0.954891 2.40562 0.452124
vt 0.979463 0.844875
f 107/167/131 61/89/131 108/168/131

v 0.956685 2.39379 0.449839
vt 0.757919 0.939093
vn 0.948301 0.192575 -0.252269
vt 0.757556 0.940489
f 109/169/132 108/170/132 61/86/132

vt 0.820446 0.844763
vn 0.602568 -0.0622735 0.795635
vt 0.823158 0.844654
vt 0.822923 0.850098
f 108/171/133 109/172/133 25/173/133

vn 0.632568 -0.396711 0.66519
f 25/173/134 109/172/134 23/32/134

vt 0.75922 0.937139
vn 0.919933 0.147937 -0.363095
v 0.962784 2.36493 0.453533
vt 0.757507 0.935539
f 23/174/135 109/169/135 110/175/135

vn 0.928699 0.153028 -0.337788
f 109/169/136 59/84/136 110/175/136

vn 0.909191 0.252153 -0.331347
f 109/169/137 61/86/137 59/84/137

vn 0.891764 0.197873 -0.406943
f 110/175/138 59/84/138 14/19/138

vn 0.994198 0.100552 0.0381988
f 14/19/139 59/84/139 56/80/139

vn 0.990733 0.134884 0.0159557
f 14/19/140 56/80/140 12/17/140

vn 0.924149 0.0547334 0.37809
f 12/17/141 56/80/141 8/15/141

vn 0.904563 0.217164 -0.366886
f 15/20/142 110/175/142 14/19/142

vn 0.877667 0.272281 -0.394416
vt 0.761579 0.935996
f 15/20/143 21/176/143 110/175/143

vn 0.894204 0.276705 -0.3519
f 17/22/144 21/176/144 15/20/144

vn 0.903169 0.07484 -0.422712
f 21/176/145 23/174/145 110/175/145

v 0.969678 2.41717 0.43837
vt 0.819337 0.849703
vn 0.623034 0.122371 0.772564
f 111/177/146 108/171/146 25/173/146

vn 0.626714 -0.779003 0.0195963
vt 0.980667 0.849888
f 107/167/147 108/168/147 111/178/147

vn 0.557103 -0.827437 0.0705969
f 106/166/148 107/167/148 111/178/148

vn 0.528357 -0.847163 -0.0561609
v 1.00007 2.43791 0.411337
vt 0.982702 0.85881
f 106/166/149 111/178/149 112/179/149

vt 0.817901 0.8587
vn 0.614193 0.117248 0.780397
f 112/180/150 111/177/150 25/173/150

vn 0.529077 0.200977 0.82443
f 112/180/151 25/173/151 24/37/151

vn 0.627848 0.247171 0.738047
v 1.03995 2.42896 0.38041
vt 0.823268 0.866142
f 112/180/152 24/37/152 113/181/152

vn 0.759046 -0.347702 0.550411
f 113/181/153 24/37/153 26/38/153

v 1.04026 2.40684 0.366824
vt 0.827554 0.86621
vn 0.753154 -0.33662 0.565195
f 114/182/154 113/181/154 26/38/154

vt 0.823254 0.866095
vn 0.885329 -0.234554 0.401468
vt 0.82754 0.866163
v 1.05857 2.42587 0.337527
vt 0.827413 0.87276
v 1.0584 2.44272 0.347775
vt 0.824157 0.872726
f 113/183/155 114/184/155 115/185/155 116/186/155 

vt 0.827554 0.866188
vn 0.734902 -0.677903 0.0191482
v 1.02914 2.39422 0.346954
vt 0.831853 0.866627
v 1.05008 2.41624 0.322511
vt 0.830817 0.87292
vt 0.827553 0.872602
f 114/187/156 117/188/156 118/189/156 115/190/156 

vn 0.590489 -0.788826 0.170517
vt 0.831853 0.866648
f 114/182/157 27/39/157 117/191/157

vn 0.590567 -0.788495 0.171773
f 114/182/158 26/38/158 27/39/158

vt 0.837066 0.858986
vn 0.207022 -0.934213 -0.290496
v 1.01082 2.39595 0.3284
vt 0.836604 0.866698
vt 0.831842 0.866556
vt 0.832223 0.858855
f 28/192/159 119/193/159 117/194/159 27/195/159 

v 0.961753 2.39569 0.347739
vt 0.863054 0.858632
vn -0.249805 -0.723555 -0.643479
v 0.992311 2.41135 0.31825
vt 0.863442 0.866531
vt 0.858708 0.866956
vt 0.85824 0.859051
f 120/196/160 121/197/160 119/198/160 28/199/160 

v 0.950049 2.41939 0.349805
vt 0.867748 0.858155
vn -0.609827 -0.235173 -0.756838
vt 0.863194 0.866532
vt 0.86311 0.85864
f 122/200/161 121/201/161 120/202/161

vn -0.609792 -0.2365 -0.756453
v 0.980669 2.43455 0.32038
vt 0.867749 0.866023
f 121/201/162 122/200/162 123/203/162

vt 0.867818 0.86601
vn -0.733481 0.347703 -0.584044
vt 0.867818 0.858142
v 0.980344 2.45668 0.333962
vt 0.872204 0.865916
f 123/204/163 122/205/163 124/206/163

vn -0.729077 0.339857 -0.594091
v 0.949725 2.4417 0.362968
vt 0.872588 0.857665
f 124/206/164 122/205/164 125/207/164

vn -0.841488 0.265382 -0.470606
v 0.931265 2.40896 0.377515
vt 0.867818 0.851463
f 122/205/165 126/208/165 125/207/165

vn -0.744105 -0.276139 -0.608321
f 122/205/166 29/42/166 126/208/166

vt 0.86318 0.858626
vn -0.718116 -0.299882 -0.627997
f 120/209/167 29/42/167 122/205/167

vn -0.359065 -0.773579 -0.522157
f 28/41/168 29/42/168 120/209/168

vn -0.7423 -0.275406 -0.610854
f 29/42/169 30/43/169 126/208/169

vn -0.837553 0.270269 -0.474825
v 0.931166 2.42854 0.388834
vt 0.872511 0.850726
f 126/208/170 30/43/170 127/210/170

vn -0.846877 0.275115 -0.455095
v 0.92435 2.4239 0.398708
vt 0.872442 0.847856
f 127/210/171 30/43/171 128/211/171

vt 0.765008 0.942206
vn 0.601205 0.247303 -0.759864
v 0.905879 2.4028 0.37723
vt 0.768897 0.940777
f 128/212/172 30/44/172 129/213/172

vn 0.627537 0.0742926 -0.775034
f 30/44/173 31/45/173 129/213/173

v 0.866463 2.40602 0.348539
vt 0.774767 0.942857
vn 0.590668 0.0620766 -0.804524
f 130/214/174 129/213/174 31/45/174

v 0.866022 2.46376 0.367086
vt 0.770806 0.949583
vn 0.582793 0.252543 -0.772382
f 131/215/175 129/213/175 130/214/175

vn 0.645708 0.305778 -0.699686
v 0.903297 2.45121 0.396
vt 0.765832 0.946174
f 131/215/176 132/216/176 129/213/176

vn 0.628407 0.50688 -0.590065
v 0.866338 2.50252 0.400715
vt 0.766073 0.953914
f 131/215/177 133/217/177 132/216/177

v 0.812293 2.52214 0.386418
vt 0.770551 0.960238
vn 0.400842 0.598556 -0.693582
f 134/218/178 133/217/178 131/215/178

vn 0.386534 0.891046 -0.237966
v 0.818055 2.53953 0.460886
vt 0.760468 0.963863
f 133/217/179 134/218/179 135/219/179

vn 0.196395 0.951367 -0.23734
v 0.748833 2.5535 0.459584
vt 0.764025 0.97403
f 135/219/180 134/218/180 136/220/180

vn 0.176914 0.950879 -0.254028
v 0.746495 2.53311 0.381647
vt 0.775851 0.968601
f 134/218/181 137/221/181 136/220/181

vn 0.15898 0.619266 -0.768918
v 0.746886 2.47818 0.337487
vt 0.784459 0.961078
f 137/221/182 134/218/182 138/222/182

vn 0.188741 0.591592 -0.783834
v 0.809461 2.47229 0.348113
vt 0.777216 0.954543
f 134/218/183 139/223/183 138/222/183

vn 0.338082 0.561277 -0.755426
f 134/218/184 131/215/184 139/223/184

vn 0.343385 0.289596 -0.893432
f 139/223/185 131/215/185 130/214/185

vn 0.413689 0.350401 -0.840286
v 0.809942 2.41051 0.322587
vt 0.782767 0.946537
f 139/223/186 130/214/186 140/224/186

vn 0.422224 0.181512 -0.888133
v 0.809304 2.33998 0.307868
vt 0.787346 0.936394
f 140/224/187 130/214/187 141/225/187

vn 0.47155 0.129094 -0.872339
v 0.868099 2.33229 0.338512
vt 0.777827 0.933039
f 130/214/188 142/226/188 141/225/188

vn 0.613147 0.119792 -0.780833
f 130/214/189 31/45/189 142/226/189

vn 0.614641 0.117435 -0.780017
f 31/45/190 32/46/190 142/226/190

vn 0.615002 0.123657 -0.778769
f 142/226/191 32/46/191 34/48/191

vn 0.478578 0.136631 -0.86735
v 0.809247 2.27552 0.297097
vt 0.790299 0.926132
f 142/226/192 34/48/192 143/227/192

vn 0.476694 0.0513886 -0.877566
v 0.809125 2.21163 0.29329
vt 0.791777 0.915337
f 143/227/193 34/48/193 144/228/193

vn 0.495544 0.0266681 -0.868174
f 34/48/194 35/49/194 144/228/194

vn 0.483541 -0.110853 -0.868274
v 0.806422 2.16053 0.298308
vt 0.792131 0.90625
f 144/228/195 35/49/195 145/229/195

vn 0.490638 -0.123466 -0.862572
v 0.860503 2.15804 0.329427
vt 0.781018 0.90625
f 35/49/196 146/230/196 145/229/196

vn 0.672081 -0.134843 -0.728097
f 35/49/197 36/50/197 146/230/197

vn 0.678813 -0.153112 -0.718171
f 36/50/198 39/53/198 146/230/198

vt 0.745862 0.890625
vn 0.592809 -0.447064 -0.669859
vt 0.734713 0.890625
v 0.843816 2.11079 0.346194
vt 0.745566 0.881814
f 146/231/199 39/232/199 147/233/199

vn 0.587723 -0.426551 -0.687486
v 0.888048 2.10092 0.390132
vt 0.734544 0.881811
f 39/232/200 148/234/200 147/233/200

vn 0.66552 -0.433602 -0.607513
vt 0.726196 0.890625
f 39/232/201 40/235/201 148/234/201

vn 0.6877 -0.565043 -0.455845
v 0.912846 2.08529 0.446917
vt 0.724554 0.879888
f 148/234/202 40/235/202 149/236/202

vn 0.764384 -0.550142 -0.336246
v 0.940798 2.10106 0.48466
vt 0.717216 0.8834
f 40/235/203 150/237/203 149/236/203

vn 0.858349 -0.442364 -0.259908
v 0.959081 2.14101 0.477034
vt 0.717661 0.890625
f 40/235/204 151/238/204 150/237/204

vn 0.941846 -0.203098 -0.267727
vt 0.752817 0.90625
f 40/54/205 41/55/205 151/239/205

vn 0.938558 -0.207216 0.27599
f 151/239/206 41/55/206 42/60/206

vn 0.958739 -0.148673 0.242314
v 0.945749 2.14127 0.529941
vt 0.744326 0.906265
f 151/239/207 42/60/207 152/240/207

vn 0.881742 -0.157103 0.444802
v 0.9303 2.16841 0.570151
vt 0.737283 0.911616
f 152/240/208 42/60/208 153/241/208

vn 0.882414 -0.14338 0.448094
f 42/60/209 43/61/209 153/241/209

vn 0.888627 -0.14288 0.435806
vt 0.727655 0.918018
f 153/241/210 43/61/210 44/242/210

vn 0.870956 -0.198989 0.449265
v 0.90408 2.16163 0.617982
vt 0.726711 0.912513
f 153/241/211 44/242/211 154/243/211

vn 0.898448 -0.192455 0.394654
v 0.882829 2.15807 0.664622
vt 0.71549 0.914619
f 154/243/212 44/242/212 155/244/212

vn 0.882051 -0.0835062 0.463696
vt 0.716577 0.921014
f 44/242/213 45/245/213 155/244/213

vn 0.875116 -0.0852041 0.476354
vt 0.704759 0.924569
f 155/244/214 45/245/214 46/246/214

vn 0.918536 0.166457 0.358587
v 0.861136 2.15097 0.723486
vt 0.700333 0.916911
f 155/244/215 46/246/215 156/247/215

vn 0.948959 0.143959 0.28063
v 0.846897 2.17883 0.757348
vt 0.692872 0.926026
f 46/246/216 157/248/216 156/247/216

vn 0.939351 0.191702 0.284376
vt 0.695009 0.930248
f 46/246/217 47/249/217 157/248/217

vn 0.948627 0.184206 0.257245
v 0.830677 2.20841 0.795978
vt 0.683375 0.935719
f 47/249/218 158/250/218 157/248/218

usemtl _auto_14
vn 0.932393 -0.125266 0.339046
vt 0.282577 1.83849
f 47/66/219 49/68/219 158/251/219

vn 0.904357 -0.143375 0.401973
vt 0.308945 1.82268
f 48/67/220 49/68/220 47/252/220

vn 0.901791 0.0772835 0.425207
vt 0.303476 1.85734
f 49/68/221 50/253/221 158/251/221

vn 0.867865 0.118889 0.482365
v 0.816987 2.23035 0.815201
vt 0.271947 1.85626
f 50/69/222 159/254/222 158/251/222

vn 0.85769 0.155268 0.490163
v 0.826295 2.2645 0.788096
vt 0.295475 1.87272
f 50/253/223 160/255/223 159/254/223

vn 0.83266 0.0990396 0.544856
f 51/70/224 160/255/224 50/69/224

vn 0.84415 0.0486668 0.533893
v 0.840128 2.30895 0.762173
vt 0.321612 1.89499
f 51/70/225 161/256/225 160/255/225

vn 0.865571 0.0803296 0.494302
f 52/71/226 161/256/226 51/70/226

vn 0.858218 0.119173 0.499259
v 0.85597 2.35531 0.723874
vt 0.355199 1.9166
f 52/71/227 162/257/227 161/256/227

vn 0.865992 0.132405 0.48221
f 53/73/228 162/257/228 52/72/228

vn 0.843833 0.231456 0.484123
v 0.871462 2.39752 0.676694
vt 0.393016 1.93478
f 53/73/229 163/258/229 162/257/229

vt 0.446255 1.92779
vn 0.846041 0.235097 0.478481
f 55/259/230 163/258/230 53/73/230

vn 0.829338 0.288448 0.478535
v 0.889119 2.44368 0.618265
vt 0.438424 1.95378
f 55/259/231 164/260/231 163/258/231

v 0.903318 2.47566 0.569725
vt 0.474842 1.9661
vn 0.839536 0.307331 0.448026
f 165/261/232 164/260/232 55/259/232

vt 0.474842 1.96611
vn 0.625756 0.554682 0.548414
v 0.87122 2.50172 0.579986
vt 0.464641 1.99153
f 165/262/233 166/263/233 164/260/233

usemtl _auto_15
vt 0.743294 0.951125
vn 0.657366 0.709293 0.254505
v 0.874162 2.51894 0.524401
vt 0.750209 0.957448
vt 0.741922 0.957087
f 165/264/234 167/265/234 166/266/234

v 0.915569 2.49092 0.509318
vt 0.751448 0.950968
vn 0.607608 0.732001 0.308199
f 168/267/235 167/265/235 165/264/235

vn 0.555871 0.831076 -0.0178904
v 0.899555 2.50069 0.46533
vt 0.757119 0.952381
f 168/267/236 169/268/236 167/265/236

vt 0.753912 0.94872
vn 0.62831 0.775908 -0.056508
f 70/269/237 169/268/237 168/267/237

vt 0.757061 0.950096
vn 0.697825 0.666702 -0.261818
f 74/270/238 169/268/238 70/269/238

vt 0.760671 0.949414
vn 0.709228 0.669332 -0.221339
f 77/271/239 169/268/239 74/270/239

v 0.897242 2.49052 0.424794
vt 0.762068 0.950801
vn 0.731223 0.650648 -0.204865
f 170/272/240 169/268/240 77/271/240

vn 0.539743 0.808772 -0.23359
v 0.871675 2.51909 0.464632
vt 0.758021 0.956479
f 169/268/241 170/272/241 171/273/241

vn 0.516123 0.817641 -0.255109
f 170/272/242 133/217/242 171/273/242

vn 0.642262 0.514818 -0.567858
f 132/216/243 133/217/243 170/272/243

vn 0.484004 0.564351 -0.668767
vt 0.763077 0.946703
f 170/272/244 79/274/244 132/216/244

vn 0.758849 0.57828 -0.299567
f 79/274/245 170/272/245 77/271/245

vn 0.593437 0.452754 -0.665467
v 0.925809 2.44235 0.41005
vt 0.763327 0.944019
f 79/274/246 172/275/246 132/216/246

vn -0.605576 -0.230253 -0.761749
vt 0.912271 0.848155
f 79/118/247 80/119/247 172/276/247

vn -0.230192 -0.627173 -0.744088
v 0.941983 2.43706 0.409504
vt 0.908781 0.849422
f 80/119/248 173/277/248 172/276/248

v 0.963034 2.455 0.385499
vt 0.907908 0.85727
vn -0.267945 -0.6443 -0.716298
f 174/278/249 173/277/249 80/119/249

vt 0.878485 0.85727
vn -0.637594 0.770201 0.0162379
vt 0.877667 0.849422
f 174/279/250 127/210/250 173/280/250

vn -0.641474 0.763785 -0.0717147
f 174/279/251 125/207/251 127/210/251

v 0.992071 2.46896 0.352288
vt 0.876573 0.866608
vn -0.561518 0.814016 -0.14858
f 175/281/252 125/207/252 174/279/252

vn -0.564092 0.806048 -0.179127
f 175/281/253 124/206/253 125/207/253

v 1.0217 2.47337 0.327584
vt 0.874568 0.873558
vn -0.396496 0.859614 -0.322265
f 176/282/254 124/206/254 175/281/254

vn -0.396503 0.857585 -0.327618
v 1.01324 2.46372 0.312573
vt 0.871136 0.872751
f 176/282/255 177/283/255 124/206/255

v 1.03941 2.47204 0.313632
vt 0.872774 0.877483
vn -0.260661 0.872316 -0.413667
f 178/284/256 177/283/256 176/282/256

vn -0.260264 0.871358 -0.415931
v 1.03344 2.46524 0.30312
vt 0.87029 0.876675
f 178/284/257 179/285/257 177/283/257

vt 0.870122 0.876654
vn -0.177406 0.869283 -0.461382
vt 0.872606 0.877463
v 1.05414 2.46918 0.302576
vt 0.870613 0.880634
v 1.05065 2.46523 0.29646
vt 0.869169 0.880161
f 179/286/258 178/287/258 180/288/258 181/289/258 

vt 0.872709 0.877508
vn 0.148371 0.987204 -0.058432
v 1.04922 2.47116 0.323527
vt 0.875125 0.879056
v 1.05984 2.46866 0.30831
vt 0.871943 0.881929
vt 0.870543 0.881029
f 178/290/259 182/291/259 183/292/259 180/293/259 

vt 0.875192 0.879029
vn 0.0813447 0.996648 0.00872088
f 182/294/260 178/284/260 176/282/260

vn 0.0808214 0.996715 0.00513478
v 1.03561 2.47217 0.341728
vt 0.878078 0.875093
f 182/294/261 176/282/261 184/295/261

vn -0.0430506 0.991037 0.126458
v 1.01407 2.46804 0.366746
vt 0.881045 0.869045
f 184/295/262 176/282/262 185/296/262

vn -0.0416553 0.991062 0.126733
f 176/282/263 175/281/263 185/296/263

vn -0.119291 0.962656 0.243029
v 1.00047 2.46234 0.382638
vt 0.882634 0.864576
f 185/296/264 175/281/264 186/297/264

vn -0.167515 0.952542 0.254171
f 186/297/265 175/281/265 174/279/265

vn 0.0265456 -0.477271 -0.878355
vt 0.90402 0.864576
f 84/123/266 186/298/266 174/278/266

vn -0.0222692 -0.534009 -0.845186
f 85/124/267 186/298/267 84/123/267

vn 0.040005 -0.516473 -0.855369
v 1.01481 2.47909 0.373196
vt 0.905204 0.868843
f 85/124/268 187/299/268 186/298/268

vn 0.102573 -0.447591 -0.888336
f 88/127/269 187/299/269 85/124/269

vt 0.984221 0.876683
vn 0.5206 -0.637213 -0.568274
v 1.03793 2.47465 0.399356
vt 0.979978 0.868005
vt 0.985988 0.868843
f 88/300/270 188/301/270 187/302/270

v 1.06214 2.50813 0.385228
vt 0.978504 0.875075
vn 0.54292 -0.627842 -0.557721
f 189/303/271 188/301/271 88/300/271

vn 0.799065 -0.599107 -0.0506471
v 1.04941 2.4869 0.435618
vt 0.97361 0.867511
f 189/303/272 190/304/272 188/301/272

vn 0.83312 -0.552636 -0.0224585
v 1.07088 2.52008 0.41582
vt 0.973032 0.874375
f 189/303/273 191/305/273 190/304/273

v 1.07864 2.5425 0.37245
vt 0.97677 0.881757
vn 0.887411 -0.454631 -0.076241
f 192/306/274 191/305/274 189/303/274

vn 0.886201 -0.456763 -0.0775601
v 1.08564 2.55198 0.396552
vt 0.972219 0.880845
f 192/306/275 193/307/275 191/305/275

vn 0.923181 -0.363472 -0.124998
v 1.08896 2.57178 0.36352
vt 0.974655 0.887397
v 1.09391 2.57849 0.380572
vt 0.971435 0.886752
f 193/307/276 192/306/276 194/308/276 195/309/276 

vn 0.662642 -0.422196 -0.618592
vt 0.981448 0.883564
vt 0.978031 0.889295
vt 0.974721 0.888016
f 192/306/277 90/310/277 92/311/277 194/312/277 

vn 0.615247 -0.518778 -0.593582
f 90/310/278 192/306/278 88/300/278

vn 0.614562 -0.516824 -0.595992
f 88/300/279 192/306/279 189/303/279

vn 0.691944 -0.348978 -0.632003
v 1.09011 2.6016 0.348307
vt 0.973403 0.894466
v 1.09658 2.60042 0.356048
vt 0.9716 0.893453
f 194/308/280 92/311/280 196/313/280 197/314/280 

vn 0.294278 -0.165939 -0.941204
v 1.08227 2.60708 0.344889
vt 0.920302 0.893463
vt 0.918493 0.894466
f 92/131/281 91/134/281 198/315/281 196/316/281 

vn -0.108858 0.192428 -0.975255
vt 0.920686 0.88646
v 1.07606 2.61478 0.3471
vt 0.922043 0.892443
vt 0.920211 0.892954
f 91/134/282 94/317/282 199/318/282 198/319/282 

vn -0.368456 0.597968 -0.711811
v 1.04642 2.61171 0.359867
vt 0.924115 0.886253
v 1.07386 2.62175 0.354097
vt 0.923939 0.892018
vt 0.922107 0.892128
f 94/317/283 200/320/283 201/321/283 199/322/283 

vt 0.919653 0.880903
vn -0.442808 0.561591 -0.698954
v 1.01852 2.59894 0.367286
vt 0.924113 0.880805
vt 0.92384 0.88639
vt 0.920684 0.886459
f 93/323/284 202/324/284 200/325/284 94/326/284 

vt 0.918754 0.87429
vn -0.537418 0.506718 -0.674106
vt 0.924105 0.874308
vt 0.92387 0.880905
vt 0.919645 0.880897
f 95/327/285 97/328/285 202/329/285 93/330/285 

vt 0.924115 0.880806
vn -0.542904 0.826513 -0.148768
v 0.994944 2.5909 0.408615
vt 0.929394 0.874927
f 202/331/286 97/144/286 203/332/286

vn -0.665452 0.742164 -0.0797844
f 203/332/287 97/144/287 98/146/287

vt 0.929755 0.867699
vn -0.404602 0.790215 0.460279
v 0.988759 2.56072 0.454984
vt 0.936117 0.868496
v 1.01668 2.58692 0.434512
vt 0.935079 0.875454
vt 0.929447 0.874755
f 98/333/288 204/334/288 205/335/288 203/336/288 

vt 0.930082 0.863461
vn -0.495419 0.694794 0.521365
vt 0.936284 0.864246
vt 0.936018 0.86891
vt 0.929657 0.868104
f 99/337/289 102/338/289 204/339/289 98/340/289 

vt 0.961731 0.863619
vn -0.0416407 0.486298 0.872801
v 1.01838 2.53996 0.467978
vt 0.962127 0.868266
vt 0.955858 0.868878
vt 0.955617 0.864214
f 103/341/290 206/342/290 204/343/290 102/344/290 

vt 0.962251 0.868061
vn 0.379765 0.119977 0.91727
v 1.04121 2.51341 0.461998
vt 0.967762 0.867656
f 206/345/291 103/159/291 207/346/291

vn 0.37877 0.112059 0.918682
f 103/159/292 104/160/292 207/346/292

vn 0.707782 -0.376172 0.597946
f 190/304/293 207/346/293 104/160/293

vt 0.967778 0.867682
vn 0.832119 -0.239927 0.500013
vt 0.973626 0.867537
vt 0.973049 0.874401
v 1.06354 2.54348 0.43924
vt 0.967869 0.87451
f 207/347/294 190/348/294 191/349/294 208/350/294 

vt 0.967778 0.874327
vn 0.889827 -0.151457 0.430428
vt 0.973048 0.874387
vt 0.972235 0.880857
v 1.07982 2.57043 0.415065
vt 0.968074 0.880803
f 208/351/295 191/352/295 193/353/295 209/354/295 

vt 0.967761 0.880682
vn 0.929061 -0.0710692 0.363035
vt 0.972218 0.880845
vt 0.971205 0.886396
v 1.08979 2.59154 0.39367
vt 0.968052 0.88628
f 209/355/296 193/356/296 195/357/296 210/358/296 

vt 0.967762 0.886169
vn 0.950732 -0.0108545 0.309823
vt 0.971206 0.886396
v 1.09923 2.604 0.365156
vt 0.969783 0.892155
v 1.09703 2.61098 0.372152
vt 0.967943 0.892034
f 210/359/297 195/360/297 211/361/297 212/362/297 

vn 0.943048 -0.292335 -0.158751
vt 0.971716 0.892972
vt 0.969874 0.892437
f 195/360/298 194/308/298 197/363/298 211/364/298 

v 1.09832 2.62566 0.35201
vt 0.967762 0.897534
vn 0.96535 -0.104687 -0.239039
f 213/365/299 211/361/299 197/363/299

vn 0.975941 0.141542 0.16585
vt 0.967762 0.891985
f 213/365/300 212/366/300 211/361/300

vn 0.763762 0.497281 0.411557
v 1.09082 2.61868 0.374364
vt 0.965737 0.892378
f 213/365/301 214/367/301 212/366/301

vn 0.405454 0.824958 0.393766
v 1.08299 2.62416 0.370946
vt 0.96383 0.893373
f 213/365/302 215/368/302 214/367/302

vt 0.924115 0.897534
vn 0.0436558 0.992516 0.114046
v 1.07651 2.62533 0.363205
vt 0.926128 0.892358
vt 0.928051 0.893373
f 213/369/303 216/370/303 215/371/303

vn -0.176047 0.932347 -0.315811
vt 0.924115 0.891937
f 213/369/304 201/372/304 216/370/304

vn -0.168914 0.671067 -0.721898
f 213/369/305 199/322/305 201/372/305

vn 0.0544212 0.315952 -0.947213
f 213/369/306 198/319/306 199/322/306

vn 0.401837 0.00372338 -0.915704
f 213/369/307 196/316/307 198/319/307

vn 0.745934 -0.154979 -0.647737
f 196/313/308 213/365/308 197/363/308

vt 0.924127 0.886267
vn -0.377864 0.893691 -0.24194
v 1.05137 2.61842 0.376919
vt 0.927592 0.886786
vt 0.925978 0.892228
vt 0.924127 0.891951
f 200/373/309 217/374/309 216/375/309 201/376/309 

vt 0.924116 0.880807
vn -0.452385 0.866817 -0.209706
v 1.02552 2.60842 0.391388
vt 0.92862 0.881326
vt 0.927302 0.886622
vt 0.924116 0.886254
f 202/377/310 218/378/310 217/379/310 200/380/310 

vt 0.928619 0.881325
vn -0.556988 0.815156 -0.159013
f 218/381/311 202/331/311 203/332/311

vn -0.290524 0.878777 0.378611
vt 0.934991 0.875868
f 218/381/312 203/332/312 205/382/312

v 1.04266 2.60532 0.411874
vt 0.93321 0.882461
vn -0.292467 0.878388 0.378019
f 219/383/313 218/381/313 205/382/313

vt 0.928617 0.881328
vn -0.191825 0.933748 0.302189
vt 0.933208 0.882464
v 1.0635 2.61622 0.391412
vt 0.930826 0.887579
vt 0.927578 0.886775
f 218/384/314 219/385/314 220/386/314 217/387/314 

vt 0.958716 0.882461
vn 0.237974 0.735488 0.63437
v 1.0634 2.5908 0.420918
vt 0.963283 0.881274
v 1.07818 2.60595 0.39781
vt 0.964292 0.886725
vt 0.961061 0.887565
f 219/388/315 221/389/315 222/390/315 220/391/315 

vt 0.958717 0.882461
vn 0.154749 0.672328 0.723898
vt 0.956971 0.875868
vt 0.963284 0.881274
f 219/392/316 205/393/316 221/394/316

vn 0.154241 0.673851 0.722588
v 1.04293 2.56858 0.446013
vt 0.962527 0.8749
f 221/394/317 205/393/317 223/395/317

vt 0.962377 0.867901
vn 0.0502839 0.58077 0.812513
vt 0.962653 0.87474
vt 0.957102 0.875275
vt 0.956108 0.868513
f 206/396/318 223/397/318 205/398/318 204/399/318 

vn 0.515175 0.198143 0.833867
vt 0.967762 0.874315
f 223/395/319 206/345/319 208/400/319

vn 0.506024 0.249189 0.825739
f 208/400/320 206/345/320 207/346/320

vt 0.967762 0.880682
vn 0.604791 0.297399 0.73877
f 209/401/321 223/395/321 208/400/321

vn 0.609211 0.277549 0.742852
f 221/394/322 223/395/322 209/401/322

vt 0.963285 0.881274
vn 0.668163 0.349829 0.656641
vt 0.967763 0.880682
vt 0.967763 0.886169
vt 0.964595 0.886588
f 221/402/323 209/403/323 210/404/323 222/405/323 

vt 0.964293 0.886725
vn 0.701685 0.395173 0.592855
vt 0.965909 0.892282
f 222/406/324 210/359/324 212/366/324 214/407/324 

vt 0.960857 0.887959
vn 0.287936 0.768041 0.572019
vt 0.964295 0.886723
vt 0.965739 0.892376
vt 0.963903 0.893036
f 220/408/325 222/409/325 214/410/325 215/411/325 

vt 0.927582 0.886769
vn -0.126695 0.959507 0.251584
vt 0.931032 0.887958
vt 0.927973 0.89299
vt 0.92613 0.892355
f 217/412/326 220/413/326 215/414/326 216/415/326 

vn 0.708507 -0.37456 0.598099
f 190/304/327 104/160/327 105/165/327

v 1.02222 2.45784 0.412144
vt 0.980037 0.863532
vn 0.711446 -0.70135 0.0441926
f 224/416/328 190/304/328 105/165/328

vn 0.730461 -0.682955 -0.000600441
f 188/301/329 190/304/329 224/416/329

vn 0.453981 -0.767945 -0.451843
vt 0.98648 0.864576
f 188/301/330 224/416/330 186/417/330

vn 0.580356 -0.624179 -0.523056
f 224/416/331 112/179/331 186/417/331

vn 0.667797 -0.73896 -0.0893596
f 224/416/332 106/166/332 112/179/332

vn 0.72184 -0.691026 0.0378178
f 224/416/333 105/165/333 106/166/333

v 1.02937 2.45153 0.381264
vt 0.818939 0.866778
vn 0.300482 0.724205 0.620675
vt 0.813578 0.864704
f 225/418/334 186/419/334 112/180/334

vn 0.315886 0.774624 0.547881
vt 0.814448 0.869053
f 225/418/335 185/420/335 186/419/335

v 1.04966 2.46036 0.349373
vt 0.820777 0.873517
vn 0.399835 0.78572 0.471992
f 226/421/336 185/420/336 225/418/336

vn 0.400568 0.783976 0.474264
vt 0.817216 0.87508
f 226/421/337 184/422/337 185/420/337

vn 0.497128 0.803637 0.327157
vt 0.820101 0.879035
f 226/421/338 182/423/338 184/422/338

v 1.05908 2.4629 0.328961
vt 0.822492 0.877438
vn 0.493831 0.805353 0.32793
f 227/424/339 182/423/339 226/421/339

vt 0.820178 0.879014
vn 0.539806 0.805495 0.244516
vt 0.82257 0.877417
v 1.06555 2.46387 0.31147
vt 0.824774 0.880981
vt 0.823388 0.881908
f 182/425/340 227/426/340 228/427/340 183/428/340 

vt 0.8226 0.877425
vn 0.855823 0.39089 0.338781
v 1.06518 2.45048 0.327863
vt 0.82513 0.876562
v 1.06911 2.45664 0.310849
vt 0.826105 0.880122
vt 0.824633 0.880627
f 227/429/341 229/430/341 230/431/341 228/432/341 

vt 0.825022 0.876575
vn 0.82662 0.368632 0.425217
vt 0.824172 0.872773
f 229/433/342 227/424/342 116/434/342

vn 0.825083 0.370197 0.42684
f 227/424/343 226/421/343 116/434/343

vn 0.755576 0.322799 0.570005
f 116/434/344 226/421/344 225/418/344

vn 0.754272 0.331947 0.566468
f 116/434/345 225/418/345 113/181/345

vn 0.627318 0.266214 0.731849
f 225/418/346 112/180/346 113/181/346

vn 0.952206 -0.15162 0.265169
vt 0.827554 0.872624
f 229/433/347 116/434/347 115/435/347

v 1.06526 2.4386 0.320691
vt 0.827554 0.876394
vn 0.952654 -0.152594 0.262993
f 231/436/348 229/433/348 115/435/348

vt 0.825003 0.876553
vn 0.976633 -0.106514 0.186664
vt 0.827535 0.876372
v 1.06915 2.44973 0.306683
vt 0.82744 0.879773
vt 0.825967 0.87988
f 229/437/349 231/438/349 232/439/349 230/440/349 

vt 0.82754 0.876374
vn 0.850445 -0.500594 -0.161706
v 1.05926 2.43181 0.310162
vt 0.830041 0.876746
v 1.06565 2.44577 0.300565
vt 0.828994 0.879897
vt 0.827539 0.879682
f 231/441/350 233/442/350 234/443/350 232/444/350 

vt 0.830055 0.876765
vn 0.819128 -0.564369 -0.102556
vt 0.830913 0.873084
f 233/445/351 231/436/351 118/446/351

vn 0.819259 -0.564371 -0.10149
f 231/436/352 115/435/352 118/446/352

v 1.03618 2.41753 0.308464
vt 0.834311 0.87406
vn 0.473255 -0.701563 -0.532766
v 1.04948 2.4327 0.3003
vt 0.832443 0.877445
vt 0.830053 0.876755
vt 0.830912 0.873074
f 235/447/353 236/448/353 233/449/353 118/450/353 

vt 0.861081 0.874032
vn 0.0502867 -0.507116 -0.860409
v 1.02217 2.42923 0.300752
vt 0.864483 0.873093
v 1.03964 2.44094 0.29487
vt 0.865322 0.876822
vt 0.86293 0.877479
f 235/451/354 237/452/354 238/453/354 236/454/354 

vt 0.859073 0.867407
vn -0.0870054 -0.618878 -0.780654
vt 0.863568 0.866528
vt 0.864511 0.873103
vt 0.861102 0.873763
f 119/455/355 121/456/355 237/457/355 235/458/355 

vt 0.863547 0.866524
vn -0.437928 -0.138254 -0.888316
vt 0.867803 0.866008
v 1.0134 2.44687 0.302322
vt 0.867803 0.872628
vt 0.864572 0.873004
f 121/459/356 123/460/356 239/461/356 237/462/356 

vt 0.872223 0.865948
vn -0.554699 0.429317 -0.712738
vt 0.867823 0.872835
vt 0.867837 0.866041
f 124/463/357 239/464/357 123/465/357

vn -0.555238 0.42824 -0.712967
vt 0.871154 0.872783
f 239/464/358 124/463/358 177/466/358

vn -0.402447 0.472881 -0.783849
vt 0.867818 0.87263
f 179/285/359 239/467/359 177/283/359

vn -0.401059 0.471436 -0.78543
v 1.03352 2.45336 0.29595
vt 0.867818 0.876468
f 179/285/360 240/468/360 239/467/360

vt 0.867856 0.876482
vn -0.31421 0.488967 -0.813746
vt 0.870328 0.876689
vt 0.869392 0.879955
v 1.05069 2.45831 0.292295
vt 0.867954 0.879832
f 240/469/361 179/470/361 181/471/361 241/472/361 

vt 0.869354 0.879941
vn -0.0945393 0.513365 -0.852947
v 1.06901 2.4622 0.292603
vt 0.867818 0.883644
vt 0.867818 0.879769
f 181/473/362 242/474/362 241/475/362

vn 0.0217027 0.833964 -0.551391
vt 0.870782 0.880655
f 242/474/363 181/473/363 180/476/363

vn 0.296479 0.931626 -0.210173
vt 0.872013 0.881904
f 242/474/364 180/476/364 183/477/364

vt 0.827554 0.883669
vn 0.626458 0.778115 0.0456777
vt 0.823311 0.881929
vt 0.824526 0.88064
f 242/478/365 183/479/365 228/480/365

vn 0.894502 0.429025 0.125711
vt 0.825986 0.879902
f 242/478/366 228/480/366 230/481/366

vn 0.999966 0.00753944 -0.00324417
vt 0.827554 0.879702
f 242/478/367 230/481/367 232/482/367

vn 0.895851 -0.328197 -0.299563
vt 0.829086 0.880051
f 242/478/368 232/482/368 234/483/368

vn 0.616415 -0.441857 -0.651762
v 1.05996 2.44629 0.294831
vt 0.830512 0.880874
f 242/478/369 234/483/369 243/484/369

vt 0.832493 0.877773
vn 0.520453 -0.632506 -0.573642
vt 0.830504 0.880636
vt 0.829086 0.88005
vt 0.830055 0.876764
f 236/485/370 243/486/370 234/487/370 233/488/370 

vt 0.862894 0.877731
vn 0.115985 -0.446598 -0.887185
vt 0.86534 0.876829
v 1.05424 2.45108 0.291672
vt 0.866289 0.880056
vt 0.864866 0.88058
f 236/489/371 238/490/371 244/491/371 243/492/371 

vt 0.865331 0.876831
vn -0.203745 -0.0155521 -0.9789
vt 0.867805 0.876469
vt 0.867805 0.87977
vt 0.866366 0.879979
f 238/493/372 240/494/372 241/495/372 244/496/372 

vt 0.865473 0.876806
vn -0.284718 -0.0572267 -0.956902
vt 0.867804 0.872645
vt 0.867804 0.876483
f 238/497/373 239/498/373 240/499/373

vn -0.2845 -0.0560974 -0.957033
vt 0.864491 0.873116
f 239/498/374 238/497/374 237/500/374

vn -0.00128425 0.0850986 -0.996372
vt 0.866293 0.880057
f 242/474/375 244/501/375 241/475/375

vn 0.271167 -0.283081 -0.919964
vt 0.864889 0.880851
f 242/474/376 243/502/376 244/501/376

vt 0.83637 0.867411
vn 0.361694 -0.825347 -0.433565
vt 0.83434 0.873658
vt 0.830914 0.873088
vt 0.831853 0.866652
f 119/503/377 235/504/377 118/505/377 117/506/377 

vn 0.469425 -0.703022 -0.534229
f 188/301/378 186/417/378 187/302/378

vn -0.180334 -0.432603 -0.883365
f 84/123/379 174/278/379 81/120/379

vn -0.301393 -0.586151 -0.752057
f 81/120/380 174/278/380 80/119/380

vn -0.842191 0.26666 -0.468622
f 125/207/381 126/208/381 127/210/381

vn -0.588094 0.808393 -0.0254065
f 173/280/382 127/210/382 128/211/382

vn -0.590022 0.807122 -0.0207074
v 0.934343 2.43163 0.415561
vt 0.877123 0.847132
f 173/280/383 128/211/383 245/507/383

vn 0.753886 0.29971 -0.584663
vt 0.762641 0.942491
f 128/212/384 172/275/384 245/508/384

vn 0.592959 0.38706 -0.706105
f 132/216/385 172/275/385 128/212/385

vn 0.5299 0.331046 -0.780778
f 132/216/386 128/212/386 129/213/386

vn -0.215146 -0.576608 -0.788185
vt 0.909163 0.847132
f 172/276/387 173/277/387 245/509/387

vn 0.359688 0.895467 -0.262228
f 171/273/388 133/217/388 135/219/388

vn 0.352543 0.93434 0.0521689
v 0.819197 2.5353 0.528985
vt 0.750648 0.965679
f 171/273/389 135/219/389 246/510/389

vn 0.202824 0.977534 0.0573646
v 0.750483 2.54929 0.533475
vt 0.752037 0.976865
f 246/510/390 135/219/390 247/511/390

vn 0.19657 0.979145 0.0513264
f 135/219/391 136/220/391 247/511/391

vn 0.0747626 0.995684 0.0549865
v 0.686413 2.55815 0.460239
vt 0.767811 0.984301
f 247/511/392 136/220/392 248/512/392

vn 0.0692003 0.964622 -0.254391
f 136/220/393 137/221/393 248/512/393

vn 0.032333 0.959207 -0.28085
v 0.686413 2.53491 0.380864
vt 0.781546 0.97732
f 137/221/394 249/513/394 248/512/394

vn 0.0288444 0.624849 -0.780213
v 0.686413 2.4798 0.336729
vt 0.792022 0.968731
f 249/513/395 137/221/395 250/514/395

vn 0.0265361 0.626442 -0.779016
f 137/221/396 138/222/396 250/514/396

vn 0.0227021 0.424156 -0.905305
v 0.686413 2.41524 0.306484
vt 0.800929 0.957964
f 250/514/397 138/222/397 251/515/397

vn 0.0516841 0.400914 -0.914656
v 0.745365 2.41359 0.30909
vt 0.791942 0.951819
f 138/222/398 252/516/398 251/515/398

vn 0.206163 0.389755 -0.897545
f 138/222/399 140/224/399 252/516/399

vn 0.189397 0.376207 -0.906971
f 138/222/400 139/223/400 140/224/400

vn 0.209563 0.197922 -0.957554
f 252/516/401 140/224/401 141/225/401

vn 0.242557 0.226344 -0.943363
v 0.745374 2.34384 0.292359
vt 0.797733 0.940552
f 252/516/402 141/225/402 253/517/402

vn 0.242005 0.168343 -0.95556
v 0.746087 2.27823 0.28098
vt 0.801549 0.928796
f 253/517/403 141/225/403 254/518/403

vn 0.250515 0.159346 -0.954909
f 141/225/404 143/227/404 254/518/404

vn 0.472151 0.144884 -0.86953
f 141/225/405 142/226/405 143/227/405

vn 0.249596 0.0756512 -0.96539
v 0.745714 2.21419 0.275865
vt 0.803833 0.916607
f 254/518/406 143/227/406 255/519/406

vn 0.26667 0.0568278 -0.962111
f 143/227/407 144/228/407 255/519/407

vn 0.260101 -0.0966204 -0.960735
v 0.743409 2.16209 0.280481
vt 0.804749 0.90625
f 255/519/408 144/228/408 256/520/408

vn 0.268156 -0.108198 -0.95728
f 144/228/409 145/229/409 256/520/409

vt 0.769593 0.890625
vn 0.245544 -0.361576 -0.899428
vt 0.756974 0.890625
v 0.738734 2.11782 0.297
vt 0.768941 0.880864
f 256/521/410 145/522/410 257/523/410

vn 0.269498 -0.400256 -0.87588
v 0.799157 2.11527 0.316756
vt 0.755846 0.881522
f 145/522/411 258/524/411 257/523/411

vn 0.443565 -0.398416 -0.802817
f 145/522/412 146/231/412 258/524/412

vn 0.463946 -0.437244 -0.770436
f 146/231/413 147/233/413 258/524/413

vn 0.398228 -0.598337 -0.695274
v 0.789321 2.09301 0.330285
vt 0.755721 0.87589
f 258/524/414 147/233/414 259/525/414

vn 0.400893 -0.703258 -0.587122
v 0.827507 2.08793 0.362438
vt 0.745244 0.875876
f 147/233/415 260/526/415 259/525/415

vn 0.414525 -0.704835 -0.575654
f 148/234/416 260/526/416 147/233/416

vn 0.379524 -0.807928 -0.450792
v 0.857735 2.07854 0.404713
vt 0.735411 0.875048
f 148/234/417 261/527/417 260/526/417

vn 0.409486 -0.818004 -0.403968
f 149/236/418 261/527/418 148/234/418

vn 0.378767 -0.853362 -0.358202
v 0.873518 2.06564 0.452128
vt 0.726777 0.872755
f 149/236/419 262/528/419 261/527/419

vn 0.411385 -0.883292 -0.224852
v 0.912577 2.0668 0.519039
vt 0.713405 0.874405
f 149/236/420 263/529/420 262/528/420

vn 0.659779 -0.72852 -0.184254
f 150/237/421 263/529/421 149/236/421

vn 0.819619 -0.561601 0.113269
v 0.928159 2.0921 0.531728
vt 0.70952 0.879272
f 150/237/422 264/530/422 263/529/422

vn 0.890415 -0.426879 0.157908
v 0.94256 2.12105 0.528764
vt 0.708834 0.886268
f 150/237/423 265/531/423 264/530/423

vn 0.910192 -0.389711 0.140272
f 151/238/424 265/531/424 150/237/424

vn 0.956227 -0.164868 0.241761
vt 0.70917 0.89064
f 151/238/425 152/532/425 265/531/425

vn 0.932545 -0.165731 0.320768
v 0.941365 2.13217 0.537984
vt 0.705476 0.88793
f 265/531/426 152/532/426 266/533/426

vt 0.875792 0.938437
vn -0.424832 0.705776 0.56692
v 0.932797 2.1315 0.5324
vt 0.874406 0.940275
vt 0.873916 0.938874
f 152/534/427 267/535/427 266/536/427

vn 0.613861 -0.759004 0.216999
v 0.926688 2.13643 0.566937
vt 0.736697 0.905685
vt 0.742877 0.903596
f 152/240/428 268/537/428 267/538/428

vn 0.887207 -0.144264 0.438238
f 152/240/429 153/241/429 268/537/429

vn 0.87612 -0.145171 0.459717
f 268/537/430 153/241/430 154/243/430

vn 0.87937 -0.135587 0.456425
v 0.90159 2.13001 0.613386
vt 0.725998 0.905828
f 268/537/431 154/243/431 269/539/431

vn 0.905993 -0.129899 0.402868
f 269/539/432 154/243/432 155/244/432

vn 0.895031 -0.161048 0.415912
v 0.878695 2.12419 0.660401
vt 0.71419 0.906728
f 269/539/433 155/244/433 270/540/433

vn 0.97283 -0.141549 0.183209
v 0.871155 2.11786 0.695543
vt 0.70542 0.907321
f 270/540/434 155/244/434 271/541/434

vn 0.938566 -0.00718843 0.345024
f 155/244/435 156/247/435 271/541/435

vt 0.742995 0.613728
vn 0.974273 0.167574 0.150704
vt 0.737146 0.627038
v 0.86897 2.11538 0.712413
vt 0.737032 0.614604
f 271/542/436 156/543/436 272/544/436

vn 0.949145 0.118133 0.291837
v 0.857086 2.14706 0.738241
vt 0.732276 0.62733
f 272/544/437 156/543/437 273/545/437

vn 0.94738 0.127199 0.293754
vt 0.728544 0.638791
f 156/543/438 157/546/438 273/545/438

vn 0.950326 0.136611 0.279676
v 0.845183 2.1764 0.764357
vt 0.726131 0.638653
f 273/545/439 157/546/439 274/547/439

vn 0.952201 0.128255 0.277243
v 0.834255 2.19811 0.791848
vt 0.718734 0.647874
f 157/546/440 275/548/440 274/547/440

vn 0.946591 0.244458 0.210253
vt 0.718281 0.651593
f 157/546/441 158/549/441 275/548/441

vn 0.889525 0.13378 0.436861
v 0.830917 2.16129 0.809919
vt 0.708495 0.639231
f 275/548/442 158/549/442 276/550/442

vn 0.976237 0.0660436 0.206397
v 0.824424 2.17233 0.837097
vt 0.672897 0.927708
vt 0.679235 0.924709
f 158/250/443 277/551/443 276/552/443

vn 0.928542 0.197397 0.314395
v 0.812883 2.20195 0.852588
vt 0.668954 0.935125
f 158/250/444 278/553/444 277/551/444

vn 0.904161 0.286471 0.316902
vt 0.678168 0.941649
f 158/250/445 159/554/445 278/553/445

vn 0.844353 0.377905 0.379812
v 0.798728 2.22318 0.862934
vt 0.665702 0.940947
f 159/554/446 279/555/446 278/553/446

vn 0.879275 0.287707 0.379604
v 0.804773 2.25081 0.827987
vt 0.674519 0.947019
f 159/554/447 280/556/447 279/555/447

usemtl _auto_14
vn 0.838747 0.179438 0.514106
vt 0.264941 1.87218
f 160/255/448 280/557/448 159/254/448

vn 0.827187 0.213805 0.519663
v 0.811009 2.28664 0.80332
vt 0.286441 1.8905
f 160/255/449 281/558/449 280/557/449

vn 0.780084 0.115828 0.614859
f 161/256/450 281/558/450 160/255/450

vn 0.760758 0.164841 0.627754
v 0.820957 2.34015 0.777212
vt 0.312874 1.91895
f 161/256/451 282/559/451 281/558/451

vn 0.789839 0.207012 0.577322
f 162/257/452 282/559/452 161/256/452

vn 0.768991 0.267186 0.580744
v 0.833871 2.38312 0.740345
vt 0.344594 1.93932
f 162/257/453 283/560/453 282/559/453

vn 0.786772 0.308716 0.534495
vt 0.344594 1.93933
f 163/258/454 283/561/454 162/257/454

vn 0.762277 0.366927 0.533197
v 0.847581 2.42609 0.691172
vt 0.383276 1.95844
f 163/258/455 284/562/455 283/561/455

vn 0.764689 0.372778 0.52563
f 164/260/456 284/562/456 163/258/456

vn 0.725645 0.448638 0.521693
v 0.861851 2.47147 0.632294
vt 0.427801 1.97813
f 164/260/457 285/563/457 284/562/457

vn 0.74344 0.5126 0.429579
f 166/263/458 285/563/458 164/260/458

usemtl _auto_15
vn 0.355726 0.780031 0.514791
v 0.816447 2.52142 0.587988
vt 0.741212 0.966542
vt 0.731512 0.956876
f 166/266/459 286/564/459 285/565/459

vn 0.358888 0.904725 0.229505
f 166/266/460 246/510/460 286/564/460

vn 0.29502 0.908183 0.296929
f 167/265/461 246/510/461 166/266/461

vn 0.284485 0.958634 -0.00944909
f 167/265/462 171/273/462 246/510/462

vn 0.551165 0.834136 -0.020859
f 169/268/463 171/273/463 167/265/463

vn 0.208661 0.949802 0.233105
f 246/510/464 247/511/464 286/564/464

vn 0.219643 0.95042 0.220132
v 0.749912 2.53563 0.593047
vt 0.741502 0.97815
f 286/564/465 247/511/465 287/566/465

vn 0.0801459 0.97138 0.223603
v 0.686413 2.55416 0.535285
vt 0.754164 0.988271
f 247/511/466 288/567/466 287/566/466

vn 0.0771661 0.995615 0.0528754
f 247/511/467 248/512/467 288/567/467

vt 0.245836 0.988271
vn -0.0771661 0.995615 0.0528754
vt 0.232189 0.984301
v 0.622343 2.54929 0.533475
vt 0.247963 0.976865
f 288/568/468 248/569/468 289/570/468

vn -0.0747626 0.995684 0.0549865
v 0.623993 2.5535 0.459584
vt 0.235975 0.97403
f 248/569/469 290/571/469 289/570/469

vn -0.0692003 0.964622 -0.254391
v 0.626331 2.53311 0.381647
vt 0.224149 0.968601
f 248/569/470 291/572/470 290/571/470

vn -0.032333 0.959207 -0.28085
vt 0.218454 0.97732
f 248/569/471 249/573/471 291/572/471

vn -0.0288444 0.624849 -0.780213
vt 0.207978 0.968731
f 249/573/472 250/574/472 291/572/472

vn -0.0265361 0.626442 -0.779016
v 0.62594 2.47818 0.337487
vt 0.215541 0.961078
f 291/572/473 250/574/473 292/575/473

vn -0.0227021 0.424156 -0.905305
vt 0.199071 0.957964
f 250/574/474 251/576/474 292/575/474

vn -0.0516841 0.400914 -0.914656
v 0.627461 2.41359 0.30909
vt 0.208058 0.951819
f 292/575/475 251/576/475 293/577/475

vn -0.0498705 0.256581 -0.965235
v 0.686413 2.34528 0.287885
vt 0.191878 0.945247
f 251/576/476 294/578/476 293/577/476

vn 0.0498705 0.256581 -0.965235
vt 0.808122 0.945247
f 251/515/477 252/516/477 294/579/477

vn 0.0791887 0.232558 -0.969353
f 252/516/478 253/517/478 294/579/478

vn 0.0789004 0.194575 -0.977709
v 0.686413 2.27927 0.27475
vt 0.813149 0.931948
f 294/579/479 253/517/479 295/580/479

vn 0.105258 0.171031 -0.979627
f 253/517/480 254/518/480 295/580/480

vn 0.105023 0.097604 -0.989668
v 0.686413 2.21505 0.268416
vt 0.816029 0.918057
f 295/580/481 254/518/481 296/581/481

vn 0.125367 0.0782619 -0.989019
f 254/518/482 255/519/482 296/581/482

vn 0.123025 -0.0829934 -0.988927
v 0.686413 2.16337 0.272753
vt 0.816406 0.90625
f 296/581/483 255/519/483 297/582/483

vn 0.131715 -0.0932589 -0.986891
f 255/519/484 256/520/484 297/582/484

vt 0.78125 0.890625
vn 0.116433 -0.372639 -0.920643
v 0.686413 2.11866 0.290849
vt 0.780236 0.880124
f 297/583/485 256/521/485 298/584/485

vn 0.103376 -0.357316 -0.928245
f 256/521/486 257/523/486 298/584/486

vn 0.0929308 -0.502884 -0.859344
v 0.686413 2.09885 0.302446
vt 0.779506 0.87504
f 298/584/487 257/523/487 299/585/487

vn 0.0951717 -0.508109 -0.856019
v 0.735956 2.09724 0.308905
vt 0.768399 0.875706
f 257/523/488 300/586/488 299/585/488

vn 0.285102 -0.508554 -0.812459
f 257/523/489 259/525/489 300/586/489

vn 0.231528 -0.577792 -0.782657
f 257/523/490 258/524/490 259/525/490

vn 0.242051 -0.63832 -0.730725
v 0.781615 2.08143 0.337842
vt 0.756011 0.872439
f 300/586/491 259/525/491 301/587/491

vn 0.420344 -0.675479 -0.605837
f 260/526/492 301/587/492 259/525/492

vn 0.327582 -0.863696 -0.383039
v 0.815628 2.07348 0.384865
vt 0.743125 0.870352
f 260/526/493 302/588/493 301/587/493

vn 0.29408 -0.866774 -0.402766
f 261/527/494 302/588/494 260/526/494

vn 0.239671 -0.932379 -0.270606
v 0.833138 2.06075 0.444231
vt 0.731507 0.867131
f 261/527/495 303/589/495 302/588/495

vn 0.322703 -0.921938 -0.214226
v 0.851907 2.06606 0.449665
vt 0.729109 0.869773
f 261/527/496 304/590/496 303/589/496

vn 0.0119483 -0.963856 -0.266154
f 262/528/497 304/590/497 261/527/497

vn 0.00982299 -0.968632 -0.248306
v 0.846024 2.05106 0.507934
vt 0.720796 0.863661
f 262/528/498 305/591/498 304/590/498

v 0.880782 2.04887 0.510691
vt 0.717103 0.868671
vn -0.0392245 -0.961864 -0.270701
f 306/592/499 305/591/499 262/528/499

vn -0.0356547 -0.951017 -0.307077
v 0.865038 2.02781 0.577744
vt 0.707492 0.859194
f 306/592/500 307/593/500 305/591/500

v 0.890809 2.04719 0.584675
vt 0.703632 0.86449
vn 0.615163 -0.781885 -0.101143
f 308/594/501 307/593/501 306/592/501

vn 0.607336 -0.793453 -0.0396948
v 0.867078 2.02639 0.637195
vt 0.696618 0.854005
f 308/594/502 309/595/502 307/593/502

vn 0.906493 -0.309683 0.286995
v 0.87352 2.05814 0.651099
vt 0.6904 0.858331
f 308/594/503 310/596/503 309/595/503

vn 0.814122 -0.500526 0.294413
v 0.904823 2.07475 0.592793
vt 0.69958 0.869629
f 308/594/504 311/597/504 310/596/504

vn 0.864682 -0.481588 0.142822
f 263/529/505 311/597/505 308/594/505

vn 0.807795 -0.570975 0.146478
f 263/529/506 264/530/506 311/597/506

vn 0.851335 -0.490557 0.185964
v 0.939409 2.12099 0.556424
vt 0.702695 0.883768
f 264/530/507 312/598/507 311/597/507

vn 0.894799 -0.434885 0.101046
f 265/531/508 312/598/508 264/530/508

vn 0.99349 0.0128361 0.113193
f 265/531/509 266/533/509 312/598/509

vn 0.970402 0.146636 0.19188
v 0.930046 2.15762 0.575785
vt 0.694586 0.888754
f 266/533/510 313/599/510 312/598/510

vn -0.256663 0.764427 -0.591418
v 0.933796 2.13136 0.540226
vt 0.872968 0.939993
vt 0.865839 0.936275
f 266/536/511 314/600/511 313/601/511

vn -0.0973105 0.994816 0.0295404
f 266/536/512 267/535/512 314/600/512

vn -0.505551 0.859141 0.0793423
v 0.91266 2.12174 0.509757
vt 0.877606 0.944492
f 314/600/513 267/535/513 315/602/513

v 0.910277 2.14277 0.497577
vt 0.881605 0.944214
vn -0.774512 0.249002 0.581489
f 316/603/514 315/602/514 267/535/514

vn 0.0376889 0.504003 0.862879
v 0.845067 2.14188 0.500946
vt 0.881317 0.956586
f 316/603/515 317/604/515 315/602/515

v 0.851312 2.18334 0.481937
vt 0.890139 0.955002
vn 0.041421 0.411249 0.910581
f 318/605/516 317/604/516 316/603/516

vn -0.0786679 0.425243 0.901654
v 0.765505 2.15435 0.488125
vt 0.885342 0.972056
f 318/605/517 319/606/517 317/604/517

v 0.769495 2.20214 0.473204
vt 0.895352 0.970701
vn -0.032755 0.30038 0.953257
f 320/607/518 319/606/518 318/605/518

v 0.686413 2.20302 0.470347
vt 0.896911 0.987803
vn -0.0295672 0.300167 0.953428
f 321/608/519 319/606/519 320/607/519

vn -0.0573891 0.258895 0.964199
v 0.686413 2.15398 0.483516
vt 0.886856 0.987803
f 321/608/520 322/609/520 319/606/520

vt 0.103089 0.987803
vn 0.0573891 0.258895 0.964199
v 0.607321 2.15435 0.488125
vt 0.114658 0.972056
vt 0.113144 0.987803
f 321/610/521 323/611/521 322/612/521

vn 0.0295672 0.300167 0.953428
v 0.60333 2.20214 0.473204
vt 0.104648 0.970701
f 321/610/522 324/613/522 323/611/522

v 0.686413 2.19308 0.555967
vt 0.026644 0.906925
vn 0.00665499 -0.993296 -0.115405
vt 0.012139 0.920571
vt 0.012311 0.906925
f 325/614/523 324/615/523 321/616/523

vn 0.0107054 -0.992787 -0.119415
v 0.60467 2.1916 0.560902
vt 0.02707 0.920965
f 325/614/524 326/617/524 324/615/524

v 0.686413 2.18654 0.601744
vt 0.03459 0.906925
vn 0.00933155 -0.98992 -0.141318
f 327/618/525 326/617/525 325/614/525

vn 0.0118199 -0.989183 -0.146207
v 0.606982 2.18479 0.60719
vt 0.035191 0.920853
f 327/618/526 328/619/526 326/617/526

v 0.686413 2.16896 0.654687
vt 0.044525 0.906925
vn -0.000647279 -0.949055 -0.31511
f 329/620/527 328/619/527 327/618/527

vn 0.0130019 -0.941928 -0.335562
v 0.612759 2.16677 0.657975
vt 0.04485 0.920335
f 329/620/528 330/621/528 328/619/528

vn 0.0105848 -0.925442 -0.378741
v 0.621159 2.14674 0.707169
vt 0.054829 0.91922
f 329/620/529 331/622/529 330/621/529

v 0.686413 2.14951 0.706816
vt 0.054798 0.906925
vn 0.0379233 -0.936236 -0.34932
f 332/623/530 331/622/530 329/620/530

vn 0.0363344 -0.907652 -0.418147
v 0.632832 2.12325 0.759178
vt 0.065902 0.91729
f 332/623/531 333/624/531 331/622/531

v 0.686413 2.12659 0.759331
vt 0.065723 0.906925
vn 0.0583233 -0.914958 -0.399312
f 334/625/532 333/624/532 332/623/532

vn 0.0553999 -0.863528 -0.501248
v 0.644159 2.0902 0.817356
vt 0.079036 0.915094
f 334/625/533 335/626/533 333/624/533

v 0.686413 2.09252 0.816666
vt 0.078706 0.906925
vn 0.038832 -0.859012 -0.510481
f 336/627/534 335/626/534 334/625/534

vn 0.0342566 -0.801419 -0.597121
v 0.653954 2.05765 0.861603
vt 0.089635 0.913125
f 336/627/535 337/628/535 335/626/535

v 0.686413 2.05721 0.861914
vt 0.089775 0.906925
vn -0.00473745 -0.78838 -0.61517
f 338/629/536 337/628/536 336/627/536

vn 7.51882e-005 -0.57542 -0.817858
v 0.660907 2.02656 0.883481
vt 0.096873 0.911814
f 337/628/537 338/629/537 339/630/537

vn 0.00587793 -0.578635 -0.815565
v 0.686413 2.02696 0.883381
vt 0.096827 0.906925
f 338/629/538 340/631/538 339/630/538

vt 0.910225 0.906925
vn -0.00587793 -0.578635 -0.815565
v 0.711919 2.02656 0.883481
vt 0.903127 0.911814
vt 0.903173 0.906925
f 338/632/539 341/633/539 340/634/539

v 0.718872 2.05765 0.861603
vt 0.910365 0.913125
vn -7.51882e-005 -0.57542 -0.817858
f 342/635/540 341/633/540 338/632/540

vn -0.0384509 -0.569241 -0.821271
v 0.740007 2.02454 0.883562
vt 0.902841 0.917164
f 342/635/541 343/636/541 341/633/541

vn -0.0534557 -0.575404 -0.816121
v 0.756584 2.05457 0.861306
vt 0.909963 0.920334
f 342/635/542 344/637/542 343/636/542

vn -0.06981 -0.796123 -0.601095
v 0.728667 2.0902 0.817356
vt 0.920964 0.915094
f 344/637/543 342/635/543 345/638/543

vn -0.0342566 -0.801419 -0.597121
vt 0.921294 0.906925
f 345/638/544 342/635/544 336/639/544

vn 0.00473745 -0.78838 -0.61517
f 342/635/545 338/632/545 336/639/545

vn -0.038832 -0.859012 -0.510481
vt 0.934277 0.906925
f 345/638/546 336/639/546 334/640/546

v 0.739994 2.12325 0.759178
vt 0.934098 0.91729
vn -0.0553999 -0.863528 -0.501248
f 346/641/547 345/638/547 334/640/547

v 0.77386 2.08656 0.822232
vt 0.919719 0.923904
vn -0.0163163 -0.868051 -0.496208
f 347/642/548 345/638/548 346/641/548

vn 0.00582406 -0.774962 -0.631981
f 347/642/549 344/637/549 345/638/549

vn -0.450789 -0.582564 -0.67632
v 0.802922 2.06337 0.822842
vt 0.916512 0.930689
f 347/642/550 348/643/550 344/637/550

v 0.817239 2.08532 0.785708
vt 0.925699 0.933794
vn -0.502857 -0.645139 -0.575265
f 349/644/551 348/643/551 347/642/551

v 0.821809 2.07452 0.80659
vt 0.920663 0.934747
vn 0.1071 -0.873416 -0.475051
f 350/645/552 348/643/552 349/644/552

vn -0.0571221 -0.790909 -0.609262
v 0.816939 2.05837 0.828014
vt 0.914952 0.933627
f 350/645/553 351/646/553 348/643/553

vt 0.678691 0.904438
vn 0.847668 -0.498038 -0.182803
v 0.826841 2.08064 0.813254
vt 0.677208 0.906323
vt 0.673308 0.900959
f 350/647/554 352/648/554 351/649/554

v 0.825726 2.0865 0.803604
vt 0.681064 0.909975
vn 0.872778 -0.365985 -0.322977
f 353/650/555 352/648/555 350/647/555

vt 0.701041 0.614604
vn 0.982239 -0.086973 -0.166261
v 0.830607 2.12212 0.813807
vt 0.701761 0.627819
vt 0.697054 0.613638
f 353/651/556 354/652/556 352/653/556

vn 0.988098 -0.102559 -0.11465
v 0.829461 2.1221 0.803948
vt 0.704896 0.626577
f 353/651/557 355/654/557 354/652/557

vn 0.134037 -0.0236254 0.990695
v 0.842627 2.08609 0.801308
vt 0.706269 0.614604
f 355/654/558 353/651/558 356/655/558

vn 0.0931236 -0.602712 0.792506
v 0.829923 2.05181 0.776729
vt 0.705525 0.600958
f 353/651/559 357/656/559 356/655/559

vt 0.969105 0.977471
vn -0.67117 -0.503042 0.544499
vt 0.972258 0.985132
v 0.822609 2.08203 0.795639
vt 0.970762 0.984115
f 357/657/560 353/658/560 358/659/560

vt 0.685783 0.906978
vn 0.923661 -0.344137 -0.168582
f 358/660/561 353/650/561 350/647/561

vt 0.923501 0.934992
vn 0.437333 -0.756201 -0.486724
f 358/661/562 350/645/562 349/644/562

v 0.824335 2.08911 0.781251
vt 0.926834 0.935443
vn 0.216043 -0.886112 -0.410038
f 359/662/563 358/661/563 349/644/563

vn -0.976044 -0.124582 -0.178376
vt 0.967891 0.984115
f 357/657/564 358/659/564 359/663/564

v 0.82983 2.05518 0.759092
vt 0.965731 0.977171
vn -0.989111 -0.145424 -0.0226058
f 360/664/565 357/657/565 359/663/565

v 0.837073 2.02451 0.744383
vt 0.964596 0.970797
vn -0.976296 -0.213476 -0.0356915
f 361/665/566 357/657/566 360/664/566

v 0.844026 2.05257 0.774731
vt 0.709913 0.602266
vn 0.133081 -0.742776 0.656181
vt 0.713933 0.589211
f 362/666/567 357/656/567 361/667/567

vn 0.143289 -0.611192 0.778404
f 356/655/568 357/656/568 362/666/568

vn 0.671847 -0.442761 0.593788
v 0.863508 2.09201 0.782094
vt 0.714285 0.614604
f 362/666/569 363/668/569 356/655/569

v 0.855866 2.05625 0.76061
vt 0.715753 0.602196
vn 0.736605 -0.456977 0.498583
f 364/669/570 363/668/570 362/666/570

v 0.862309 2.06203 0.74298
vt 0.721832 0.601974
vn 0.915978 -0.331536 0.225982
f 365/670/571 363/668/571 364/669/571

vn 0.831281 -0.453213 0.321824
v 0.877635 2.10051 0.757575
vt 0.722712 0.614604
f 365/670/572 366/671/572 363/668/572

v 0.86342 2.06849 0.725313
vt 0.727784 0.601652
vn 0.935457 -0.346838 -0.067994
f 367/672/573 366/671/573 365/670/573

vn 0.948943 -0.28492 -0.135382
v 0.876829 2.10957 0.732842
vt 0.7303 0.614604
f 367/672/574 368/673/574 366/671/574

v 0.855632 2.07373 0.710254
vt 0.73346 0.600433
vn 0.845487 -0.184091 -0.501261
f 369/674/575 368/673/575 367/672/575

vn 0.87459 -0.258786 -0.410028
f 369/674/576 272/544/576 368/673/576

vt 0.949617 0.986169
vn 0.186864 -0.00891469 -0.982345
vt 0.953833 0.978033
v 0.855211 2.1032 0.709907
vt 0.952953 0.984115
f 272/675/577 369/676/577 370/677/577

vn -0.641789 -0.0181938 -0.766665
v 0.844487 2.10205 0.718911
vt 0.955534 0.984115
f 370/677/578 369/676/578 371/678/578

vn -0.49561 0.0696047 -0.865752
v 0.841891 2.06934 0.717767
vt 0.957043 0.977776
f 371/678/579 369/676/579 372/679/579

vn -0.496241 0.0726224 -0.865142
v 0.845346 2.03532 0.71293
vt 0.957597 0.971096
f 369/676/580 373/680/580 372/679/580

vn 0.81976 -0.255239 -0.512685
vt 0.726757 0.588553
f 369/674/581 367/672/581 373/681/581

vn 0.840476 -0.286138 -0.460136
v 0.848423 2.0328 0.720114
vt 0.724086 0.589346
f 373/681/582 367/672/582 374/682/582

vn 0.923083 -0.376287 -0.0795377
f 374/682/583 367/672/583 365/670/583

vt 0.721838 0.60202
vn 0.927081 -0.360791 -0.101737
v 0.848152 2.02972 0.72859
vt 0.721068 0.589726
v 0.839501 2.00988 0.720073
vt 0.7205 0.582226
vt 0.724094 0.589392
f 365/683/584 375/684/584 376/685/584 374/686/584 

vt 0.72106 0.58968
vn 0.891178 -0.439881 0.110932
v 0.845726 2.02691 0.736941
vt 0.718002 0.589878
f 375/687/585 365/670/585 377/688/585

vn 0.878336 -0.444841 0.175047
f 377/688/586 365/670/586 364/669/586

vn 0.785228 -0.529899 0.32035
v 0.842037 2.02505 0.742903
vt 0.715582 0.589857
f 377/688/587 364/669/587 378/689/587

vn 0.700483 -0.560938 0.441217
f 378/689/588 364/669/588 362/666/588

vn 0.265043 -0.737544 0.621113
f 362/666/589 361/667/589 378/689/589

vn 0.243207 -0.820126 0.517923
vt 0.720337 0.581919
f 378/689/590 361/667/590 376/690/590

vt 0.960819 0.966956
vn -0.921918 -0.365619 0.128023
v 0.83536 2.02624 0.736974
vt 0.963121 0.97083
f 376/691/591 361/665/591 379/692/591

vn -0.943812 -0.294679 0.149611
f 379/692/592 361/665/592 360/664/592

vn -0.984311 -0.0617717 -0.165275
v 0.832866 2.06099 0.738841
vt 0.961705 0.97722
f 379/692/593 360/664/593 380/693/593

vn -0.985966 -0.0451054 -0.16074
v 0.829107 2.09812 0.751478
vt 0.962185 0.984115
f 380/693/594 360/664/594 381/694/594

vn -0.983981 -0.0470601 -0.17195
f 381/694/595 360/664/595 359/663/595

vt 0.933485 0.936868
vn -0.0259132 -0.955672 -0.293292
v 0.816234 2.0979 0.753342
vt 0.933182 0.934125
f 381/695/596 359/662/596 382/696/596

vn 0.255873 -0.898359 -0.357044
f 359/662/597 349/644/597 382/696/597

vn -0.617152 -0.739695 -0.268281
v 0.790866 2.11621 0.761216
vt 0.933317 0.927458
f 349/644/598 383/697/598 382/696/598

vn -0.433163 -0.757348 -0.488666
f 349/644/599 347/642/599 383/697/599

vn -0.103798 -0.882934 -0.45788
f 383/697/600 347/642/600 346/641/600

vn -0.106882 -0.896899 -0.429125
v 0.751667 2.14674 0.707169
vt 0.945171 0.91922
f 383/697/601 346/641/601 384/698/601

vn -0.0363344 -0.907652 -0.418147
vt 0.945202 0.906925
f 384/698/602 346/641/602 332/699/602

vn -0.0583233 -0.914958 -0.399312
f 346/641/603 334/640/603 332/699/603

vn -0.0379233 -0.936236 -0.34932
vt 0.955475 0.906925
f 384/698/604 332/699/604 329/700/604

v 0.760067 2.16677 0.657975
vt 0.95515 0.920335
vn -0.0105848 -0.925442 -0.378741
f 385/701/605 384/698/605 329/700/605

v 0.809038 2.13715 0.709514
vt 0.944685 0.930421
vn -0.135912 -0.90921 -0.393528
f 386/702/606 384/698/606 385/701/606

vn -0.133829 -0.901277 -0.412055
f 386/702/607 383/697/607 384/698/607

vn -0.607541 -0.638681 -0.472208
f 382/696/608 383/697/608 386/702/608

v 0.836991 2.10614 0.707615
vt 0.942933 0.938666
vn -0.687109 -0.593677 -0.418842
f 387/703/609 382/696/609 386/702/609

vt 0.940405 0.94026
vn -0.155434 -0.957483 -0.243038
f 371/704/610 382/696/610 387/703/610

vn -0.000146834 -0.992789 -0.119872
f 371/704/611 381/695/611 382/696/611

vn -0.904837 0.0863745 -0.416904
f 372/679/612 381/694/612 371/678/612

vn -0.923748 0.0362565 -0.381281
f 372/679/613 380/693/613 381/694/613

vn -0.926649 0.0690992 -0.369523
v 0.839164 2.03329 0.717866
vt 0.959196 0.971152
f 372/679/614 388/705/614 380/693/614

vn -0.632425 0.0457308 -0.773271
f 372/679/615 373/680/615 388/705/615

vn -0.60499 -0.0833627 -0.791857
f 373/680/616 376/691/616 388/705/616

vn 0.825034 -0.320355 -0.465501
f 373/681/617 374/682/617 376/690/617

vn -0.952348 -0.0421676 -0.302086
v 0.83644 2.02941 0.726998
vt 0.961128 0.970913
f 388/705/618 376/691/618 389/706/618

vn -0.98462 -0.104779 -0.139805
f 376/691/619 379/692/619 389/706/619

vn -0.989762 -0.0641934 -0.127478
f 389/706/620 379/692/620 380/693/620

vn -0.958132 -0.0010554 -0.286324
f 388/705/621 389/706/621 380/693/621

vt 0.942351 0.942512
vn -0.120594 -0.956459 -0.265786
f 370/707/622 371/704/622 387/703/622

v 0.860568 2.10496 0.692473
vt 0.946077 0.943615
vn -0.139991 -0.979963 -0.141684
f 390/708/623 370/707/623 387/703/623

vt 0.701346 0.907834
vn 0.645341 -0.75403 0.122368
vt 0.700496 0.903486
vt 0.704869 0.903306
f 272/709/624 370/710/624 390/711/624

vn 0.772161 -0.635389 0.00689207
f 390/711/625 271/541/625 272/709/625

v 0.87134 2.1097 0.659993
vt 0.713008 0.903145
vn 0.745778 -0.64845 0.152734
f 391/712/626 271/541/626 390/711/626

vn 0.885325 -0.452159 0.108405
f 391/712/627 270/540/627 271/541/627

v 0.892728 2.11741 0.613382
vt 0.724698 0.902785
vn 0.842944 -0.436457 0.314563
f 392/713/628 270/540/628 391/712/628

vn 0.777465 -0.546692 0.310928
f 392/713/629 269/539/629 270/540/629

v 0.915257 2.12528 0.567925
vt 0.735298 0.902897
vn 0.782253 -0.550052 0.292443
f 393/714/630 269/539/630 392/713/630

vn 0.683352 -0.675981 0.275824
f 268/537/631 269/539/631 393/714/631

vn 0.690837 -0.68855 0.220551
f 267/538/632 268/537/632 393/714/632

vt 0.978923 0.95245
vn -0.00723373 -0.984378 -0.175918
vt 0.972038 0.950618
v 0.897081 2.12568 0.566438
vt 0.971711 0.947337
f 267/715/633 393/716/633 394/717/633

vn -0.00738481 -0.984691 -0.174155
vt 0.962937 0.948184
f 393/716/634 392/718/634 394/717/634

vn -0.016184 -0.984448 -0.174928
v 0.877711 2.11801 0.611397
vt 0.96283 0.945333
f 394/717/635 392/718/635 395/719/635

vn -0.0167679 -0.985175 -0.170731
vt 0.953149 0.945515
f 392/718/636 391/720/636 395/719/636

vn -0.111488 -0.977004 -0.18175
v 0.856052 2.11176 0.65829
vt 0.953227 0.942407
f 395/719/637 391/720/637 396/721/637

vn -0.111767 -0.977357 -0.17967
f 391/720/638 390/708/638 396/721/638

vn -0.159286 -0.972073 -0.172341
f 390/708/639 387/703/639 396/721/639

vn -0.758536 -0.546195 -0.355378
v 0.82457 2.1539 0.660719
vt 0.954825 0.932442
f 396/721/640 387/703/640 397/722/640

vn -0.686163 -0.59264 -0.421851
f 397/722/641 387/703/641 386/702/641

vn -0.167046 -0.914992 -0.367268
f 397/722/642 386/702/642 385/701/642

vn -0.169452 -0.922614 -0.34651
v 0.765844 2.18479 0.60719
vt 0.964809 0.920853
f 397/722/643 385/701/643 398/723/643

vn -0.0130019 -0.941928 -0.335562
f 398/723/644 385/701/644 329/700/644

vn 0.000647279 -0.949055 -0.31511
vt 0.96541 0.906925
f 398/723/645 329/700/645 327/724/645

v 0.768156 2.1916 0.560902
vt 0.97293 0.920965
vn -0.0118199 -0.989183 -0.146207
f 399/725/646 398/723/646 327/724/646

v 0.838456 2.16845 0.610825
vt 0.964446 0.933882
vn -0.209637 -0.965792 -0.152641
f 400/726/647 398/723/647 399/725/647

vn -0.192215 -0.926418 -0.323732
f 400/726/648 397/722/648 398/723/648

vn -0.754842 -0.542685 -0.368384
f 400/726/649 396/721/649 397/722/649

vn -0.718603 -0.563828 -0.407072
f 400/726/650 395/719/650 396/721/650

v 0.8481 2.17376 0.564339
vt 0.972716 0.93517
vn -0.767213 -0.599622 -0.227678
f 401/727/651 395/719/651 400/726/651

vn -0.637104 -0.665932 -0.388114
f 394/717/652 395/719/652 401/727/652

vt 0.984473 0.947306
vn -0.662278 -0.687624 -0.297592
f 316/728/653 394/717/653 401/727/653

vn -0.0866953 -0.962882 -0.255621
f 267/715/654 394/717/654 316/728/654

vn -0.541467 -0.832419 -0.117863
vt 0.987057 0.93481
f 316/728/655 401/727/655 318/729/655

vn -0.211219 -0.969924 -0.120973
f 318/729/656 401/727/656 399/725/656

vn -0.20889 -0.965787 -0.15369
f 401/727/657 400/726/657 399/725/657

vn -0.210108 -0.970315 -0.119762
vt 0.987861 0.920571
f 318/729/658 399/725/658 320/730/658

vn -0.0107054 -0.992787 -0.119415
vt 0.973356 0.906925
f 320/730/659 399/725/659 325/731/659

vn -0.00933155 -0.98992 -0.141318
f 399/725/660 327/724/660 325/731/660

vn -0.00665499 -0.993296 -0.115405
vt 0.987689 0.906925
f 320/730/661 325/731/661 321/732/661

vn 0.765433 -0.571928 0.294975
f 376/690/662 377/688/662 378/689/662

vn 0.892322 -0.437245 0.112151
f 376/690/663 375/687/663 377/688/663

vn 0.856379 0.478817 -0.193258
f 272/544/664 273/545/664 368/673/664

vn 0.832999 0.478638 -0.277521
v 0.86517 2.14155 0.753005
vt 0.726985 0.625865
f 368/673/665 273/545/665 402/733/665

vn 0.806369 0.540609 -0.239815
f 273/545/666 274/547/666 402/733/666

vn 0.820681 0.535565 -0.199131
v 0.849317 2.17356 0.773758
vt 0.722875 0.637795
f 402/733/667 274/547/667 403/734/667

vn 0.78287 0.600483 -0.162895
f 274/547/668 275/548/668 403/734/668

vn 0.89618 0.373861 0.238932
v 0.848151 2.1704 0.783076
vt 0.719759 0.637593
f 403/734/669 275/548/669 404/735/669

vn 0.836036 0.267706 0.478934
v 0.844356 2.16743 0.791361
vt 0.716739 0.637671
f 404/735/670 275/548/670 405/736/670

vn 0.680781 0.213066 0.700814
v 0.838268 2.16485 0.798061
vt 0.713765 0.638025
f 275/548/671 406/737/671 405/736/671

vn 0.331165 0.21174 0.919508
v 0.831698 2.16355 0.800726
vt 0.711515 0.63867
f 275/548/672 407/738/672 406/737/672

vn 0.995938 -0.0554641 0.0709243
f 275/548/673 276/550/673 407/738/673

vn 0.996189 -0.0481082 0.0727571
f 407/738/674 276/550/674 355/654/674

vn 0.993134 -0.0193255 -0.115379
f 355/654/675 276/550/675 354/652/675

vn 0.973861 0.0147796 0.226665
vt 0.677799 0.915836
f 276/552/676 277/551/676 354/739/676

vt 0.677798 0.915835
vn 0.993813 0.0991038 0.0501506
vt 0.672896 0.927707
v 0.825158 2.14063 0.885205
vt 0.662026 0.920626
f 354/740/677 277/741/677 408/742/677

vn 0.945026 0.279479 0.169754
vt 0.662027 0.920627
f 277/551/678 278/553/678 408/743/678

vn 0.910809 0.320649 0.260023
v 0.802053 2.18142 0.915841
vt 0.654342 0.930158
f 278/553/679 409/744/679 408/743/679

vn 0.822563 0.48432 0.298034
v 0.783393 2.22282 0.900069
vt 0.656075 0.940984
f 278/553/680 410/745/680 409/744/680

vn 0.848507 0.393149 0.354218
f 278/553/681 279/555/681 410/745/681

vn 0.351283 0.923512 0.154031
v 0.75732 2.23519 0.885309
vt 0.65694 0.948649
f 279/555/682 411/746/682 410/745/682

vn 0.489296 0.688005 0.535946
v 0.770309 2.24653 0.858901
vt 0.664284 0.949802
f 279/555/683 412/747/683 411/746/683

vn 0.45577 0.658144 0.599266
f 280/556/684 412/747/684 279/555/684

v 0.78111 2.26711 0.83255
vt 0.671968 0.953016
vn 0.512408 0.56221 0.649121
f 413/748/685 412/747/685 280/556/685

vn 0.414525 0.626985 0.65959
v 0.742979 2.26594 0.857624
vt 0.662292 0.957393
f 413/748/686 414/749/686 412/747/686

v 0.758284 2.28355 0.834055
vt 0.670013 0.959355
vn 0.445456 0.554101 0.703236
f 415/750/687 414/749/687 413/748/687

vn 0.782595 0.133612 0.608024
v 0.734183 2.30551 0.86025
vt 0.663554 0.966118
f 415/750/688 416/751/688 414/749/688

vn 0.805053 0.232566 0.545714
v 0.746307 2.31772 0.837161
vt 0.669394 0.967575
f 415/750/689 417/752/689 416/751/689

v 0.768319 2.29998 0.813092
vt 0.677318 0.96216
vn 0.796356 0.228209 0.560123
f 418/753/690 417/752/690 415/750/690

vn 0.805015 0.372914 0.461395
v 0.752102 2.32772 0.818968
vt 0.673468 0.969536
f 418/753/691 419/754/691 417/752/691

vn 0.0428905 0.230969 -0.972015
v 0.724905 2.31503 0.814752
vt 0.678647 0.973252
f 419/754/692 418/753/692 420/755/692

v 0.729329 2.32948 0.807377
vt 0.682115 0.972972
vn 0.174542 0.404603 0.897681
f 421/756/693 420/755/693 418/753/693

vn 0.173394 0.404981 0.897733
v 0.686413 2.32832 0.81619
vt 0.679385 0.981414
f 421/756/694 422/757/694 420/755/694

v 0.686413 2.34002 0.810894
vt 0.6818 0.982079
vn 0.173241 0.406307 0.897164
f 423/758/695 422/757/695 421/756/695

vt 0.3182 0.982079
vn -0.173241 0.406307 0.897164
v 0.643497 2.32948 0.807377
vt 0.317885 0.972972
vt 0.320615 0.981414
f 423/759/696 424/760/696 422/761/696

v 0.686413 2.37311 0.796167
vt 0.311016 0.984068
vn -0.172048 0.400497 0.900001
f 425/762/697 424/760/697 423/759/697

vn -0.16012 0.390457 0.90659
v 0.63175 2.36275 0.790975
vt 0.309578 0.972685
f 425/762/698 426/763/698 424/760/698

v 0.627207 2.41001 0.758018
vt 0.29793 0.974631
vn -0.18175 0.550629 0.814723
f 427/764/699 426/763/699 425/762/699

vn -0.233584 0.54094 0.807974
v 0.573731 2.39821 0.75046
vt 0.296227 0.963826
f 427/764/700 428/765/700 426/763/700

v 0.624644 2.45601 0.712553
vt 0.285295 0.976509
vn -0.247161 0.674158 0.696005
f 429/766/701 428/765/701 427/764/701

vn -0.266864 0.681773 0.681153
v 0.568577 2.44313 0.703484
vt 0.283762 0.965513
f 429/766/702 430/767/702 428/765/702

vn -0.269808 0.74234 0.613299
v 0.6245 2.50318 0.655397
vt 0.271299 0.978226
f 429/766/703 431/768/703 430/767/703

v 0.686413 2.4623 0.716879
vt 0.286812 0.988732
vn -0.122121 0.765353 0.631918
f 432/769/704 431/768/704 429/766/704

vn -0.121094 0.766009 0.631321
v 0.686413 2.50928 0.659875
vt 0.272024 0.9902
f 432/769/705 433/770/705 431/768/705

v 0.748326 2.50318 0.655397
vt 0.728701 0.978226
vn 0.121094 0.766009 0.631321
vt 0.727976 0.9902
vt 0.713188 0.988732
f 434/771/706 433/772/706 432/773/706

vn 0.119398 0.89154 0.436922
v 0.686413 2.54025 0.596675
vt 0.741954 0.990035
f 434/771/707 435/774/707 433/772/707

vn 0.0906372 0.882484 0.461528
f 287/566/708 435/774/708 434/771/708

vn 0.0833648 0.97188 0.220225
f 287/566/709 288/567/709 435/774/709

vt 0.258046 0.990035
vn -0.0833648 0.97188 0.220225
v 0.622914 2.53563 0.593047
vt 0.258498 0.97815
f 435/775/710 288/568/710 436/776/710

vn -0.0801459 0.97138 0.223603
f 288/568/711 289/570/711 436/776/711

vn -0.219643 0.95042 0.220132
v 0.556379 2.52142 0.587988
vt 0.258788 0.966542
f 436/776/712 289/570/712 437/777/712

vn -0.208661 0.949802 0.233105
v 0.553629 2.5353 0.528985
vt 0.249352 0.965679
f 289/570/713 438/778/713 437/777/713

vn -0.202824 0.977534 0.0573646
v 0.554771 2.53953 0.460886
vt 0.239532 0.963863
f 289/570/714 439/779/714 438/778/714

vn -0.19657 0.979145 0.0513264
f 290/571/715 439/779/715 289/570/715

vn -0.196395 0.951367 -0.23734
v 0.560533 2.52214 0.386418
vt 0.229449 0.960238
f 290/571/716 440/780/716 439/779/716

vn -0.176914 0.950879 -0.254028
f 291/572/717 440/780/717 290/571/717

vn -0.15898 0.619266 -0.768918
f 291/572/718 292/575/718 440/780/718

vn -0.188741 0.591592 -0.783834
v 0.563365 2.47229 0.348113
vt 0.222784 0.954543
f 440/780/719 292/575/719 441/781/719

vn -0.189397 0.376207 -0.906971
v 0.562884 2.41051 0.322587
vt 0.217233 0.946537
f 292/575/720 442/782/720 441/781/720

vn -0.206163 0.389755 -0.897545
f 292/575/721 293/577/721 442/782/721

vn -0.209563 0.197922 -0.957554
v 0.563522 2.33998 0.307868
vt 0.212654 0.936394
f 293/577/722 443/783/722 442/782/722

vn -0.242557 0.226344 -0.943363
v 0.627452 2.34384 0.292359
vt 0.202267 0.940552
f 293/577/723 444/784/723 443/783/723

vn -0.0791887 0.232558 -0.969353
f 293/577/724 294/578/724 444/784/724

vn -0.0789004 0.194575 -0.977709
vt 0.186851 0.931948
f 294/578/725 295/785/725 444/784/725

vn -0.105258 0.171031 -0.979627
v 0.626739 2.27823 0.28098
vt 0.198451 0.928796
f 444/784/726 295/785/726 445/786/726

vn -0.105023 0.097604 -0.989668
vt 0.183971 0.918057
f 295/785/727 296/787/727 445/786/727

vn -0.125367 0.0782619 -0.989019
v 0.627112 2.21419 0.275865
vt 0.196167 0.916607
f 445/786/728 296/787/728 446/788/728

vn -0.123025 -0.0829934 -0.988927
vt 0.183594 0.90625
f 296/787/729 297/789/729 446/788/729

vn -0.131715 -0.0932589 -0.986891
v 0.629416 2.16209 0.280481
vt 0.195251 0.90625
f 446/788/730 297/789/730 447/790/730

vt 0.21875 0.890625
vn -0.116433 -0.372639 -0.920643
vt 0.219764 0.880124
vt 0.230407 0.890625
f 297/791/731 298/792/731 447/793/731

vn -0.103376 -0.357316 -0.928245
v 0.634091 2.11782 0.297
vt 0.231059 0.880864
f 447/793/732 298/792/732 448/794/732

vn -0.0929308 -0.502884 -0.859344
vt 0.220494 0.87504
f 298/792/733 299/795/733 448/794/733

vn -0.0951717 -0.508109 -0.856019
v 0.63687 2.09724 0.308905
vt 0.231601 0.875706
f 448/794/734 299/795/734 449/796/734

vn -0.111881 -0.325511 -0.938896
v 0.686413 2.08717 0.306493
vt 0.220855 0.872276
f 299/795/735 450/797/735 449/796/735

vn 0.111881 -0.325511 -0.938896
vt 0.779145 0.872276
f 299/585/736 300/586/736 450/798/736

vn 0.130262 -0.426438 -0.895088
v 0.734121 2.08564 0.314167
vt 0.768239 0.872805
f 300/586/737 451/799/737 450/798/737

vn 0.371557 -0.431478 -0.822053
f 300/586/738 301/587/738 451/799/738

vt 0.58089 0.987639
vn 0.450432 0.0822521 -0.889014
vt 0.572421 0.987301
v 0.777874 2.05896 0.333867
vt 0.572948 0.983579
f 451/800/739 301/801/739 452/802/739

vn 0.800342 -0.0273064 -0.598922
v 0.811023 2.05054 0.378548
vt 0.563586 0.983394
f 452/802/740 301/801/740 453/803/740

vn 0.810156 -0.00122198 -0.586213
vt 0.563036 0.987366
f 301/801/741 302/804/741 453/803/741

vn 0.949995 -0.110259 -0.292153
v 0.82737 2.03629 0.437082
vt 0.552962 0.983045
f 453/803/742 302/804/742 454/805/742

vn 0.942587 -0.132694 -0.306467
vt 0.552694 0.987376
f 302/804/743 303/806/743 454/805/743

vn 0.930859 -0.285952 0.227451
v 0.809186 2.02303 0.494834
vt 0.542341 0.982977
f 454/805/744 303/806/744 455/807/744

vn 0.930547 -0.288682 0.225267
v 0.814397 2.04703 0.504073
vt 0.542216 0.987387
f 303/806/745 456/808/745 455/807/745

vn 0.145584 -0.973294 -0.177496
vt 0.724311 0.859327
f 305/591/746 456/809/746 303/589/746

vn 0.131575 -0.990283 -0.0450279
v 0.776118 2.04042 0.537637
vt 0.723384 0.850479
f 305/591/747 457/810/747 456/809/747

vn 0.0647352 -0.978069 -0.197965
v 0.801444 2.03297 0.582717
vt 0.714155 0.849019
f 305/591/748 458/811/748 457/810/748

vn -0.100002 -0.951841 -0.289825
f 307/593/749 458/811/749 305/591/749

vn -0.103443 -0.927561 -0.359068
v 0.849241 2.00899 0.630905
vt 0.700189 0.849996
f 307/593/750 459/812/750 458/811/750

vn 0.705163 -0.707858 -0.0410193
f 309/595/751 459/812/751 307/593/751

vn 0.692925 -0.720445 0.0285153
v 0.846107 2.00788 0.679049
vt 0.69157 0.844499
f 309/595/752 460/813/752 459/812/752

vn 0.896611 -0.317276 0.308908
f 309/595/753 310/596/753 460/813/753

vn 0.881794 -0.263414 0.39122
v 0.841206 2.04054 0.712089
vt 0.68146 0.845526
f 310/596/754 461/814/754 460/813/754

vn 0.880924 -0.269559 0.388987
v 0.873944 2.09552 0.676046
vt 0.680991 0.861951
f 310/596/755 462/815/755 461/814/755

v 0.895911 2.10439 0.644006
vt 0.68664 0.869131
vn 0.819655 -0.324375 0.472172
f 463/816/756 462/815/756 310/596/756

vn 0.773212 0.225733 0.592611
v 0.878739 2.1075 0.665227
vt 0.681099 0.865942
f 463/816/757 464/817/757 462/815/757

vn 0.763308 -0.118493 0.635075
v 0.900465 2.15141 0.647305
vt 0.680721 0.877722
f 463/816/758 465/818/758 464/817/758

v 0.911106 2.15313 0.637668
vt 0.683019 0.879862
vn 0.676975 -0.116563 0.726717
f 466/819/759 465/818/759 463/816/759

v 0.90953 2.17872 0.63209
vt 0.68032 0.885044
vn 0.639547 0.201071 0.74199
f 467/820/760 465/818/760 466/819/760

vn 0.202977 0.424237 0.88251
v 0.905814 2.1787 0.632956
vt 0.679497 0.884701
f 467/820/761 468/821/761 465/818/761

v 0.912268 2.19161 0.624026
vt 0.680282 0.888753
vn 0.194874 0.490171 0.849562
f 469/822/762 468/821/762 467/820/762

vt 0.855348 0.934072
vn -0.744715 0.589122 0.313583
v 0.904591 2.17839 0.630638
vt 0.854362 0.936807
vt 0.85392 0.936682
f 469/823/763 470/824/763 468/825/763

v 0.909626 2.17985 0.619706
vt 0.856348 0.936067
vn -0.873945 0.328029 -0.358632
f 471/826/764 470/824/764 469/823/764

v 0.903893 2.15509 0.611855
vt 0.858314 0.940385
vn -0.876703 0.317572 -0.361302
f 472/827/765 470/824/765 471/826/765

vn -0.893566 0.297699 -0.336027
v 0.89059 2.15051 0.643172
vt 0.85253 0.942567
f 472/827/766 473/828/766 470/824/766

v 0.891878 2.11824 0.600506
vt 0.861219 0.947257
vn -0.869945 0.380342 -0.313902
f 474/829/767 473/828/767 472/827/767

vn -0.852013 0.404862 -0.331903
v 0.861732 2.10728 0.664523
vt 0.848493 0.952249
f 474/829/768 475/830/768 473/828/768

vn -0.540462 0.833917 -0.111729
v 0.871529 2.10401 0.592708
vt 0.862418 0.952011
f 474/829/769 476/831/769 475/830/769

vn -0.517444 0.837087 -0.177585
f 314/600/770 476/831/770 474/829/770

vn -0.406733 0.913525 -0.00638683
f 314/600/771 315/602/771 476/831/771

vn 0.233574 0.920705 0.312644
f 315/602/772 317/604/772 476/831/772

vn 0.0359512 0.927381 0.372387
v 0.829399 2.11346 0.573246
vt 0.866458 0.959998
f 476/831/773 317/604/773 477/832/773

vn 0.0224631 0.928758 0.370006
v 0.758286 2.12155 0.557237
vt 0.86982 0.973731
f 317/604/774 478/833/774 477/832/774

vn 0.0708717 0.898297 0.433636
f 317/604/775 319/606/775 478/833/775

vn -0.0248668 0.90418 0.426427
v 0.686413 2.12144 0.553278
vt 0.869683 0.987803
f 319/606/776 479/834/776 478/833/776

vn -0.0288123 0.905902 0.422507
f 319/606/777 322/609/777 479/834/777

vn 0.0288123 0.905902 0.422507
vt 0.130317 0.987803
f 322/612/778 323/611/778 479/835/778

vn 0.0248668 0.90418 0.426427
v 0.61454 2.12155 0.557237
vt 0.13018 0.973731
f 479/835/779 323/611/779 480/836/779

vn -0.0708717 0.898297 0.433636
v 0.527758 2.14188 0.500946
vt 0.118683 0.956586
f 480/836/780 323/611/780 481/837/780

v 0.521514 2.18334 0.481937
vt 0.109861 0.955002
vn 0.0786679 0.425243 0.901654
f 482/838/781 481/837/781 323/611/781

vn -0.041421 0.411249 0.910581
v 0.462549 2.14277 0.497577
vt 0.118395 0.944214
f 482/838/782 483/839/782 481/837/782

v 0.524726 2.17376 0.564339
vt 0.027284 0.93517
vn 0.541467 -0.832419 -0.117863
vt 0.015527 0.947306
vt 0.012943 0.93481
f 484/840/783 483/841/783 482/842/783

vn 0.662278 -0.687624 -0.297592
v 0.475745 2.12568 0.566438
vt 0.028289 0.947337
f 484/840/784 485/843/784 483/841/784

vn 0.637104 -0.665932 -0.388114
v 0.495115 2.11801 0.611397
vt 0.03717 0.945333
f 484/840/785 486/844/785 485/843/785

vn 0.767213 -0.599622 -0.227678
v 0.534369 2.16845 0.610825
vt 0.035554 0.933882
f 484/840/786 487/845/786 486/844/786

vn 0.20889 -0.965787 -0.15369
f 326/617/787 487/845/787 484/840/787

vn 0.209637 -0.965792 -0.152641
f 328/619/788 487/845/788 326/617/788

vn 0.192215 -0.926418 -0.323732
v 0.548256 2.1539 0.660719
vt 0.045175 0.932442
f 328/619/789 488/846/789 487/845/789

vn 0.169452 -0.922614 -0.34651
f 330/621/790 488/846/790 328/619/790

vn 0.167046 -0.914992 -0.367268
v 0.563787 2.13715 0.709514
vt 0.055315 0.930421
f 330/621/791 489/847/791 488/846/791

vn 0.135912 -0.90921 -0.393528
f 331/622/792 489/847/792 330/621/792

vn 0.133829 -0.901277 -0.412055
v 0.58196 2.11621 0.761216
vt 0.066683 0.927458
f 331/622/793 490/848/793 489/847/793

vn 0.106882 -0.896899 -0.429125
f 333/624/794 490/848/794 331/622/794

vn 0.103798 -0.882934 -0.45788
v 0.598966 2.08656 0.822232
vt 0.080281 0.923904
f 333/624/795 491/849/795 490/848/795

vn 0.0163163 -0.868051 -0.496208
f 335/626/796 491/849/796 333/624/796

vn -0.00582406 -0.774962 -0.631981
v 0.616242 2.05457 0.861306
vt 0.090037 0.920334
f 335/626/797 492/850/797 491/849/797

vn 0.06981 -0.796123 -0.601095
f 337/628/798 492/850/798 335/626/798

vn 0.0534557 -0.575404 -0.816121
v 0.632818 2.02454 0.883562
vt 0.097159 0.917164
f 337/628/799 493/851/799 492/850/799

vn 0.0384509 -0.569241 -0.821271
f 337/628/800 339/630/800 493/851/800

vn 0.0188309 -0.300826 -0.953493
v 0.642978 1.99524 0.893008
vt 0.103097 0.915368
f 339/630/801 494/852/801 493/851/801

vn 0.0959345 -0.339547 -0.935684
v 0.660272 1.98055 0.900111
vt 0.106222 0.911996
f 339/630/802 495/853/802 494/852/802

vn 0.00164824 -0.339966 -0.940436
f 340/631/803 495/853/803 339/630/803

vn -0.0362276 -0.3208 -0.946454
v 0.686413 1.96315 0.905007
vt 0.10967 0.906925
f 340/631/804 496/854/804 495/853/804

vn 0.0362276 -0.3208 -0.946454
v 0.712553 1.98055 0.900111
vt 0.893778 0.911996
vt 0.89033 0.906925
f 340/634/805 497/855/805 496/856/805

vn -0.00164824 -0.339966 -0.940436
f 340/634/806 341/633/806 497/855/806

vn -0.0959345 -0.339547 -0.935684
v 0.729848 1.99524 0.893008
vt 0.896903 0.915368
f 341/633/807 498/857/807 497/855/807

vn -0.0188309 -0.300826 -0.953493
f 341/633/808 343/636/808 498/857/808

vn -0.2724 -0.208357 -0.939354
v 0.763648 2.00304 0.881475
vt 0.899232 0.922285
f 343/636/809 499/858/809 498/857/809

v 0.782378 2.03285 0.859516
vt 0.906722 0.926179
vn -0.404821 -0.363716 -0.838946
f 500/859/810 499/858/810 343/636/810

vn -0.237646 -0.474945 -0.84732
v 0.780803 1.99627 0.880461
vt 0.89807 0.925853
f 500/859/811 501/860/811 499/858/811

vn -0.205773 -0.479585 -0.853027
v 0.801587 2.02876 0.857182
vt 0.906315 0.930234
f 500/859/812 502/861/812 501/860/812

vn -0.229503 -0.681062 -0.69533
f 348/643/813 502/861/813 500/859/813

vn 0.0107077 -0.704505 -0.709618
f 348/643/814 351/646/814 502/861/814

vn 0.807335 -0.569773 -0.153523
v 0.808124 2.03522 0.86759
vt 0.663544 0.896836
vt 0.665511 0.89438
f 351/649/815 503/862/815 502/863/815

vn 0.82679 -0.546002 -0.135282
v 0.822963 2.06537 0.836593
vt 0.671574 0.903261
f 351/649/816 504/864/816 503/862/816

vn 0.845899 -0.499683 -0.186473
f 352/648/817 504/864/817 351/649/817

vn 0.989427 -0.113812 0.0898891
v 0.82481 2.09975 0.859799
vt 0.667111 0.91138
f 352/648/818 505/865/818 504/864/818

vn 0.992553 -0.0912056 0.0807454
f 352/648/819 354/739/819 505/865/819

vn 0.99346 -0.0662499 0.0929981
f 354/739/820 408/743/820 505/865/820

vn 0.997461 -0.0435226 0.0563714
v 0.820875 2.10104 0.930423
vt 0.652336 0.912705
f 505/865/821 408/743/821 506/866/821

vn 0.909802 0.26573 0.318822
v 0.79812 2.15365 0.951514
vt 0.64696 0.923914
f 408/743/822 507/867/822 506/866/822

vn 0.907535 0.276985 0.315688
f 408/743/823 409/744/823 507/867/823

vn 0.857899 0.355295 0.37118
v 0.77381 2.21419 0.949747
vt 0.645009 0.937571
f 409/744/824 508/868/824 507/867/824

vn 0.845322 0.474541 0.24544
f 410/745/825 508/868/825 409/744/825

vn 0.82167 0.513366 0.247617
v 0.768842 2.23423 0.924681
vt 0.649382 0.943148
f 410/745/826 509/869/826 508/868/826

v 0.730742 2.25863 0.949555
vt 0.640637 0.95107
vn 0.479548 0.869426 -0.118881
vt 0.64952 0.942871
vt 0.656214 0.940713
vt 0.657073 0.948379
v 0.745765 2.24503 0.910647
vt 0.650494 0.949716
f 510/870/827 509/871/827 410/872/827 411/873/827 511/874/827 

vn 0.5429 0.83976 0.00793515
vt 0.640981 0.950246
v 0.745513 2.24895 0.962868
vt 0.639644 0.945846
f 509/869/828 510/875/828 512/876/828

vn 0.547477 0.83682 0.000720052
v 0.71097 2.27152 1.00076
vt 0.629335 0.951225
f 512/876/829 510/875/829 513/877/829

vn 0.199967 0.965657 -0.165891
v 0.699508 2.2731 0.996168
vt 0.629478 0.953796
f 510/875/830 514/878/830 513/877/830

vn 0.255395 0.958521 -0.126535
v 0.71018 2.26311 0.941981
vt 0.641054 0.954843
f 510/875/831 515/879/831 514/878/831

vn 0.273442 0.944116 -0.184049
v 0.715634 2.25402 0.903475
vt 0.64917 0.956155
f 510/875/832 516/880/832 515/879/832

vt 0.650279 0.949418
vn 0.323435 0.925186 -0.198547
f 511/881/833 516/880/833 510/875/833

vn 0.319326 0.931697 -0.173122
v 0.717606 2.24916 0.880933
vt 0.653825 0.957579
f 511/881/834 517/882/834 516/880/834

vn 0.344486 0.91747 -0.198943
f 411/746/835 517/882/835 511/881/835

vn 0.170671 0.702099 0.691323
f 411/746/836 414/749/836 517/882/836

vn 0.473047 0.701091 0.533571
f 412/747/837 414/749/837 411/746/837

v 0.713417 2.29392 0.880546
vt 0.657345 0.965892
vn 0.650443 0.0674109 0.756558
f 518/883/838 517/882/838 414/749/838

vn 0.462946 0.0509732 0.88492
v 0.686413 2.25284 0.89704
vt 0.648341 0.961866
f 518/883/839 519/884/839 517/882/839

vn 0.413168 0.0921549 0.90598
v 0.686413 2.29275 0.892981
vt 0.652227 0.968068
f 518/883/840 520/885/840 519/884/840

v 0.686413 2.34746 0.879457
vt 0.656958 0.976923
vn 0.400142 0.219894 0.889682
f 521/886/841 520/885/841 518/883/841

vt 0.343042 0.976923
vn -0.400142 0.219894 0.889682
v 0.659408 2.29392 0.880546
vt 0.342655 0.965892
vt 0.347773 0.968068
f 521/887/842 522/888/842 520/889/842

v 0.667399 2.35076 0.872937
vt 0.339562 0.976059
vn -0.29375 0.167285 0.94113
f 523/890/843 522/888/843 521/887/843

vn -0.63021 0.189396 0.752971
v 0.638643 2.30551 0.86025
vt 0.336446 0.966118
f 523/890/844 524/891/844 522/888/844

v 0.654032 2.35639 0.857874
vt 0.335891 0.976214
vn -0.680454 0.238146 0.693014
f 525/892/845 524/891/845 523/890/845

v 0.626519 2.31772 0.837161
vt 0.330606 0.967575
vn -0.789167 0.264549 0.554282
f 526/893/846 524/891/846 525/892/846

v 0.614541 2.28355 0.834055
vt 0.329987 0.959355
vn -0.805053 0.232566 0.545714
f 527/894/847 524/891/847 526/893/847

vn -0.782595 0.133612 0.608024
v 0.629847 2.26594 0.857624
vt 0.337708 0.957393
f 527/894/848 528/895/848 524/891/848

vn -0.445456 0.554101 0.703236
v 0.591716 2.26711 0.83255
vt 0.328032 0.953016
f 527/894/849 529/896/849 528/895/849

v 0.604507 2.29998 0.813092
vt 0.322682 0.96216
vn -0.460679 0.577946 0.673613
f 530/897/850 529/896/850 527/894/850

v 0.585051 2.30263 0.805954
vt 0.319137 0.958308
vn -0.217702 0.558477 0.800443
f 531/898/851 529/896/851 530/897/851

vn -0.423907 0.490535 0.761366
v 0.561817 2.28664 0.80332
vt 0.318487 0.952219
f 531/898/852 532/899/852 529/896/852

v 0.551868 2.34015 0.777212
vt 0.306822 0.955507
vn -0.345295 0.358888 0.867163
f 533/900/853 532/899/853 531/898/853

usemtl _auto_14
v 0.532697 2.30895 0.762173
vt 0.178388 1.89499
vn -0.760758 0.164841 0.627754
vt 0.213559 1.8905
vt 0.187126 1.91895
f 534/901/854 532/902/854 533/903/854

vn -0.780084 0.115828 0.614859
v 0.54653 2.2645 0.788096
vt 0.204525 1.87272
f 534/901/855 535/904/855 532/902/855

v 0.520434 2.27973 0.745446
vt 0.170868 1.87319
vn -0.84415 0.0486668 0.533893
f 536/905/856 535/904/856 534/901/856

vn -0.83266 0.0990396 0.544856
v 0.534753 2.24517 0.773612
vt 0.196524 1.85734
f 536/905/857 537/906/857 535/904/857

v 0.51401 2.24908 0.734961
vt 0.168627 1.85205
vn -0.879977 0.0221099 0.474502
vt 0.196524 1.85735
f 538/907/858 537/908/858 536/905/858

vn -0.879074 0.0354448 0.475366
v 0.527048 2.22565 0.760819
vt 0.190691 1.84261
f 538/907/859 539/909/859 537/908/859

vn -0.922417 -0.102316 0.372397
v 0.521906 2.21139 0.744163
vt 0.182461 1.83064
f 538/907/860 540/910/860 539/909/860

v 0.512652 2.20761 0.721517
vt 0.167983 1.82395
vn -0.915627 -0.0965299 0.390268
f 541/911/861 540/910/861 538/907/861

vn -0.906661 -0.147718 0.395152
v 0.527806 2.19602 0.751956
vt 0.191055 1.82267
f 541/911/862 542/912/862 540/910/862

v 0.5137 2.18477 0.712945
vt 0.167528 1.80822
vn -0.906041 -0.184582 0.380813
vt 0.191055 1.82268
f 543/913/863 542/914/863 541/911/863

usemtl _auto_15
vt 0.295241 0.924569
vn -0.939351 0.191702 0.284376
v 0.525929 2.17883 0.757348
vt 0.307128 0.926026
vt 0.304991 0.930248
f 543/915/864 544/916/864 542/917/864

vn -0.948959 0.143959 0.28063
v 0.511689 2.15097 0.723486
vt 0.299667 0.916911
f 543/915/865 545/918/865 544/916/865

v 0.489996 2.15807 0.664622
vt 0.28451 0.914619
vn -0.918536 0.166457 0.358587
f 546/919/866 545/918/866 543/915/866

vn -0.938566 -0.00718843 0.345024
v 0.501671 2.11786 0.695543
vt 0.29458 0.907321
f 546/919/867 547/920/867 545/918/867

v 0.494131 2.12419 0.660401
vt 0.28581 0.906728
vn -0.97283 -0.141549 0.183209
f 548/921/868 547/920/868 546/919/868

v 0.501486 2.1097 0.659993
vt 0.286992 0.903145
vn -0.885325 -0.452159 0.108405
f 549/922/869 547/920/869 548/921/869

vn -0.745778 -0.64845 0.152734
v 0.512258 2.10496 0.692473
vt 0.295131 0.903306
f 549/922/870 550/923/870 547/920/870

v 0.516774 2.11176 0.65829
vt 0.046773 0.942407
vn 0.111767 -0.977357 -0.17967
vt 0.053923 0.943615
vt 0.046851 0.945515
f 551/924/871 550/925/871 549/926/871

v 0.535835 2.10614 0.707615
vt 0.057067 0.938666
vn 0.159286 -0.972073 -0.172341
f 552/927/872 550/925/872 551/924/872

vn 0.139991 -0.979963 -0.141684
v 0.517615 2.1032 0.709907
vt 0.057649 0.942512
f 552/927/873 553/928/873 550/925/873

vn 0.120594 -0.956459 -0.265786
v 0.528339 2.10205 0.718911
vt 0.059595 0.94026
f 552/927/874 554/929/874 553/928/874

v 0.556592 2.0979 0.753342
vt 0.066818 0.934125
vn 0.155434 -0.957483 -0.243038
f 555/930/875 554/929/875 552/927/875

vn 0.000146834 -0.992789 -0.119872
v 0.543719 2.09812 0.751478
vt 0.066515 0.936868
f 555/930/876 556/931/876 554/929/876

vn 0.0259132 -0.955672 -0.293292
v 0.548491 2.08911 0.781251
vt 0.073166 0.935443
f 555/930/877 557/932/877 556/931/877

vn -0.255873 -0.898359 -0.357044
v 0.555587 2.08532 0.785708
vt 0.074301 0.933794
f 555/930/878 558/933/878 557/932/878

vn 0.617152 -0.739695 -0.268281
f 490/848/879 558/933/879 555/930/879

vn 0.433163 -0.757348 -0.488666
f 491/849/880 558/933/880 490/848/880

vn 0.502857 -0.645139 -0.575265
v 0.569904 2.06337 0.822842
vt 0.083488 0.930689
f 491/849/881 559/934/881 558/933/881

vn 0.450789 -0.582564 -0.67632
f 491/849/882 492/850/882 559/934/882

vn 0.485621 -0.518675 -0.703668
v 0.590448 2.03285 0.859516
vt 0.093278 0.926179
f 559/934/883 492/850/883 560/935/883

vn 0.392597 -0.397864 -0.829199
f 492/850/884 493/851/884 560/935/884

vn 0.404821 -0.363716 -0.838946
v 0.609177 2.00304 0.881475
vt 0.100768 0.922285
f 560/935/885 493/851/885 561/936/885

vn 0.2724 -0.208357 -0.939354
f 493/851/886 494/852/886 561/936/886

vn 0.269559 -0.218475 -0.937873
v 0.629464 1.9733 0.894234
vt 0.107287 0.91824
f 561/936/887 494/852/887 562/937/887

vn 0.227594 -0.193544 -0.954328
f 494/852/888 495/853/888 562/937/888

vn 0.225926 -0.184721 -0.95647
v 0.654537 1.94877 0.904894
vt 0.112467 0.9132
f 495/853/889 563/938/889 562/937/889

v 0.686413 1.9287 0.910647
vt 0.116674 0.906887
vn 0.076299 -0.161455 -0.983926
vt 0.112624 0.913163
vt 0.106318 0.912034
vt 0.109827 0.906888
f 564/939/890 563/940/890 495/941/890 496/942/890 

vn 0.085829 -0.146203 -0.985524
vt 0.116517 0.906925
v 0.649759 1.93406 0.90666
vt 0.115384 0.914155
f 563/938/891 564/943/891 565/944/891

vn 0.0997072 -0.0571032 -0.993377
v 0.686413 1.90764 0.911858
vt 0.120674 0.906925
f 565/944/892 564/943/892 566/945/892

v 0.723067 1.93406 0.90666
vt 0.884616 0.914155
vn -0.0997072 -0.0571032 -0.993377
vt 0.879326 0.906925
vt 0.883483 0.906925
f 567/946/893 566/947/893 564/948/893

vt 0.645659 0.870994
vn 0.589247 -0.767895 0.251247
v 0.686413 1.91089 0.921793
vt 0.637931 0.863985
vt 0.63978 0.862495
f 567/949/894 568/950/894 566/951/894

v 0.726093 1.93722 0.916957
vt 0.643998 0.872893
vn 0.558298 -0.824845 0.0890718
f 569/952/895 568/950/895 567/949/895

vn 0.524961 -0.702808 0.48008
v 0.686413 1.94263 0.968264
vt 0.629373 0.873388
f 569/952/896 570/953/896 568/950/896

vn 0.501884 -0.729291 0.465024
v 0.722287 1.96437 0.963642
vt 0.635035 0.880885
f 569/952/897 571/954/897 570/953/897

v 0.757114 1.96618 0.907061
vt 0.649771 0.880755
vn 0.689539 -0.60024 0.405274
f 572/955/898 571/954/898 569/952/898

vn 0.663766 -0.639331 0.388163
v 0.75261 1.99041 0.954678
vt 0.640472 0.887951
f 572/955/899 573/956/899 571/954/899

v 0.786748 2.00047 0.890956
vt 0.656377 0.889175
vn 0.784799 -0.519169 0.338457
f 574/957/900 573/956/900 572/955/900

vn 0.758704 -0.569353 0.316552
v 0.792884 2.03085 0.930884
vt 0.649434 0.897625
f 574/957/901 575/958/901 573/956/901

vn 0.887616 -0.421967 0.184614
f 503/862/902 575/958/902 574/957/902

vn 0.9061 -0.376897 0.192175
v 0.813651 2.06444 0.89884
vt 0.657841 0.904317
f 503/862/903 576/959/903 575/958/903

vn 0.937014 -0.321995 0.135369
f 504/864/904 576/959/904 503/862/904

vn 0.97816 -0.149796 0.144096
f 504/864/905 505/865/905 576/959/905

vn 0.968632 -0.24154 0.0583959
f 505/865/906 506/866/906 576/959/906

vn 0.917118 -0.348282 0.193891
v 0.802276 2.06827 0.959536
vt 0.645304 0.906514
f 576/959/907 506/866/907 577/960/907

vn 0.866837 -0.0513839 0.495936
v 0.806949 2.11286 0.955989
vt 0.646659 0.915323
f 506/866/908 578/961/908 577/960/908

vn 0.895081 0.235337 0.378742
f 506/866/909 507/867/909 578/961/909

vn 0.872862 0.235842 0.427188
v 0.796158 2.13324 0.966791
vt 0.643887 0.919612
f 507/867/910 579/962/910 578/961/910

vn 0.793767 0.31372 0.52107
v 0.771286 2.13976 1.00075
vt 0.635322 0.921203
f 507/867/911 580/963/911 579/962/911

vn 0.81796 0.252382 0.516957
v 0.768723 2.1915 0.979549
vt 0.638932 0.932281
f 507/867/912 581/964/912 580/963/912

vn 0.842066 0.350081 0.410327
f 508/868/913 581/964/913 507/867/913

vn 0.849981 0.339007 0.403245
v 0.74953 2.23707 0.981688
vt 0.636489 0.942333
f 508/868/914 582/965/914 581/964/914

vn 0.79536 0.574609 0.192944
f 508/868/915 512/876/915 582/965/915

vn 0.79378 0.541969 0.276012
f 509/869/916 512/876/916 508/868/916

vn 0.718458 0.647098 0.255112
v 0.714319 2.26503 1.00993
vt 0.627932 0.949241
f 512/876/917 583/966/917 582/965/917

vn 0.695424 0.681432 0.228113
f 512/876/918 513/877/918 583/966/918

vn 0.719026 0.6635 0.206806
v 0.686413 2.28274 1.05014
vt 0.617636 0.952868
f 513/877/919 584/967/919 583/966/919

vn 0.186241 0.97403 -0.128764
f 513/877/920 514/878/920 584/967/920

vn 0.074669 0.984655 -0.157733
v 0.686413 2.27365 0.993403
vt 0.629213 0.956578
f 514/878/921 585/968/921 584/967/921

vn 0.0764168 0.983106 -0.16632
f 515/879/922 585/968/922 514/878/922

vn 0.0789883 0.983104 -0.16513
v 0.686413 2.26448 0.938771
vt 0.640271 0.959663
f 515/879/923 586/969/923 585/968/923

vn 0.0894781 0.963841 -0.251006
v 0.686413 2.25658 0.908425
vt 0.646264 0.961265
f 515/879/924 587/970/924 586/969/924

vn 0.0473042 0.973659 -0.223047
f 516/880/925 587/970/925 515/879/925

vn 0.0302237 0.949754 -0.311535
f 516/880/926 519/884/926 587/970/926

vn 0.0068218 0.977597 -0.210375
f 517/882/927 519/884/927 516/880/927

vt 0.351659 0.961866
vn -0.0302237 0.949754 -0.311535
v 0.657192 2.25402 0.903475
vt 0.35083 0.956155
vt 0.353736 0.961265
f 519/971/928 588/972/928 587/973/928

vn -0.0068218 0.977597 -0.210375
v 0.655219 2.24916 0.880933
vt 0.346175 0.957579
f 519/971/929 589/974/929 588/972/929

vn -0.462946 0.0509732 0.88492
f 522/888/930 589/974/930 519/971/930

vn -0.650443 0.0674109 0.756558
f 522/888/931 528/895/931 589/974/931

vn -0.666672 0.0991728 0.738724
f 524/891/932 528/895/932 522/888/932

vn -0.170671 0.702099 0.691323
v 0.615506 2.23519 0.885309
vt 0.34306 0.948649
f 589/974/933 528/895/933 590/975/933

vn -0.473047 0.701091 0.533571
v 0.602516 2.24653 0.858901
vt 0.335716 0.949802
f 528/895/934 591/976/934 590/975/934

vn -0.414525 0.626985 0.65959
f 529/896/935 591/976/935 528/895/935

vn -0.512408 0.56221 0.649121
v 0.568052 2.25081 0.827987
vt 0.325481 0.947019
f 529/896/936 592/977/936 591/976/936

vn -0.457265 0.448944 0.767697
f 532/899/937 592/977/937 529/896/937

usemtl _auto_14
vn -0.827187 0.213805 0.519663
vt 0.235059 1.87218
f 535/904/938 592/978/938 532/902/938

vn -0.838747 0.179438 0.514106
v 0.555839 2.23035 0.815201
vt 0.228053 1.85626
f 535/904/939 593/979/939 592/978/939

vn -0.85769 0.155268 0.490163
f 537/906/940 593/979/940 535/904/940

vn -0.867865 0.118889 0.482365
v 0.542149 2.20841 0.795978
vt 0.217423 1.83849
f 537/906/941 594/980/941 593/979/941

vn -0.901791 0.0772835 0.425207
f 539/909/942 594/980/942 537/908/942

vn -0.932393 -0.125266 0.339046
f 542/912/943 594/980/943 539/909/943

usemtl _auto_15
vn -0.948627 0.184206 0.257245
vt 0.316625 0.935719
f 542/917/944 544/916/944 594/981/944

vt 0.271456 0.638791
vn -0.946591 0.244458 0.210253
v 0.538571 2.19811 0.791848
vt 0.281266 0.647874
vt 0.281719 0.651593
f 544/982/945 595/983/945 594/984/945

vn -0.952201 0.128255 0.277243
v 0.527643 2.1764 0.764357
vt 0.273869 0.638654
f 544/982/946 596/985/946 595/983/946

v 0.51574 2.14706 0.738241
vt 0.267724 0.62733
vn -0.950326 0.136611 0.279676
f 597/986/947 596/985/947 544/982/947

vn -0.806369 0.540609 -0.239815
v 0.507655 2.14155 0.753005
vt 0.273015 0.625865
f 597/986/948 598/987/948 596/985/948

v 0.495997 2.10957 0.732842
vt 0.2697 0.614604
vn -0.832999 0.478638 -0.277521
f 599/988/949 598/987/949 597/986/949

vn -0.951482 0.297632 0.0780857
v 0.495191 2.10051 0.757575
vt 0.277288 0.614604
f 599/988/950 600/989/950 598/987/950

v 0.509406 2.06849 0.725313
vt 0.272216 0.601652
vn -0.948943 -0.28492 -0.135382
f 601/990/951 600/989/951 599/988/951

vn -0.935457 -0.346838 -0.067994
v 0.510517 2.06203 0.74298
vt 0.278168 0.601974
f 601/990/952 602/991/952 600/989/952

v 0.524403 2.0328 0.720114
vt 0.275914 0.589346
vn -0.923083 -0.376287 -0.0795377
f 603/992/953 602/991/953 601/990/953

vt 0.278162 0.60202
vn -0.927081 -0.360791 -0.101737
vt 0.275906 0.589392
v 0.533325 2.00988 0.720073
vt 0.2795 0.582226
v 0.524674 2.02972 0.72859
vt 0.278932 0.589726
f 602/993/954 603/994/954 604/995/954 605/996/954 

v 0.52748 2.03532 0.71293
vt 0.273243 0.588553
vn -0.825034 -0.320355 -0.465501
vt 0.279663 0.581919
f 606/997/955 604/998/955 603/992/955

vt 0.042403 0.971096
vn 0.60499 -0.0833627 -0.791857
v 0.533662 2.03329 0.717866
vt 0.040804 0.971152
vt 0.039181 0.966956
f 606/999/956 607/1000/956 604/1001/956

v 0.530934 2.06934 0.717767
vt 0.042957 0.977776
vn 0.632425 0.0457308 -0.773271
f 608/1002/957 607/1000/957 606/999/957

vn 0.926649 0.0690992 -0.369523
v 0.53996 2.06099 0.738841
vt 0.038295 0.97722
f 608/1002/958 609/1003/958 607/1000/958

vn 0.923748 0.0362565 -0.381281
vt 0.037815 0.984115
f 608/1002/959 556/1004/959 609/1003/959

vn 0.904837 0.0863745 -0.416904
vt 0.044466 0.984115
f 608/1002/960 554/1005/960 556/1004/960

vn 0.49561 0.0696047 -0.865752
v 0.517194 2.07373 0.710254
vt 0.046167 0.978033
f 554/1005/961 608/1002/961 610/1006/961

vn 0.496241 0.0726224 -0.865142
f 610/1006/962 608/1002/962 606/999/962

vt 0.266539 0.600433
vn -0.81976 -0.255239 -0.512685
f 610/1007/963 606/997/963 601/990/963

vn -0.840476 -0.286138 -0.460136
f 606/997/964 603/992/964 601/990/964

vn -0.845487 -0.184091 -0.501261
f 610/1007/965 601/990/965 599/988/965

vn -0.87459 -0.258786 -0.410028
v 0.503856 2.11538 0.712413
vt 0.262968 0.614604
f 610/1007/966 599/988/966 611/1008/966

vn -0.856379 0.478817 -0.193258
f 611/1008/967 599/988/967 597/986/967

vn -0.949145 0.118133 0.291837
vt 0.262854 0.627038
f 611/1008/968 597/986/968 545/1009/968

vn -0.94738 0.127199 0.293754
f 545/1009/969 597/986/969 544/982/969

vt 0.257005 0.613728
vn -0.974273 0.167574 0.150704
f 547/1010/970 611/1008/970 545/1009/970

vn -0.772161 -0.635389 0.00689207
vt 0.298654 0.907834
f 550/923/971 611/1011/971 547/920/971

vt 0.299504 0.903486
vn -0.645341 -0.75403 0.122368
f 553/1012/972 611/1011/972 550/923/972

vt 0.050383 0.986169
vn -0.186864 -0.00891469 -0.982345
vt 0.047047 0.984115
f 611/1013/973 553/1014/973 610/1006/973

vn 0.641789 -0.0181938 -0.766665
f 553/1014/974 554/1005/974 610/1006/974

vn 0.985966 -0.0451054 -0.16074
v 0.542996 2.05518 0.759092
vt 0.034269 0.977171
f 609/1003/975 556/1004/975 612/1015/975

vn 0.983981 -0.0470601 -0.17195
vt 0.032109 0.984115
f 556/1004/976 557/1016/976 612/1015/976

vn 0.989111 -0.145424 -0.0226058
v 0.542903 2.05181 0.776729
vt 0.030895 0.977471
f 612/1015/977 557/1016/977 613/1017/977

vn 0.976044 -0.124582 -0.178376
v 0.550217 2.08203 0.795639
vt 0.029238 0.984115
f 613/1017/978 557/1016/978 614/1018/978

vn -0.216043 -0.886112 -0.410038
vt 0.076499 0.934992
f 558/933/979 614/1019/979 557/932/979

vn -0.437333 -0.756201 -0.486724
v 0.551017 2.07452 0.80659
vt 0.079337 0.934747
f 558/933/980 615/1020/980 614/1019/980

vn -0.1071 -0.873416 -0.475051
f 559/934/981 615/1020/981 558/933/981

vn 0.0571221 -0.790909 -0.609262
v 0.555886 2.05837 0.828014
vt 0.085048 0.933627
f 559/934/982 616/1021/982 615/1020/982

vn -0.0107077 -0.704505 -0.709618
v 0.571239 2.02876 0.857182
vt 0.093685 0.930234
f 559/934/983 617/1022/983 616/1021/983

vn 0.229503 -0.681062 -0.69533
f 559/934/984 560/935/984 617/1022/984

vn 0.205773 -0.479585 -0.853027
v 0.592023 1.99627 0.880461
vt 0.10193 0.925853
f 560/935/985 618/1023/985 617/1022/985

vn 0.237646 -0.474945 -0.84732
f 560/935/986 561/936/986 618/1023/986

vn 0.171511 -0.293525 -0.94044
v 0.61958 1.96167 0.896287
vt 0.109629 0.920233
f 561/936/987 619/1024/987 618/1023/987

vn 0.155301 -0.298093 -0.941818
f 561/936/988 562/937/988 619/1024/988

vn 0.131196 -0.279273 -0.951207
f 562/937/989 563/938/989 619/1024/989

vn 0.174786 -0.173148 -0.969262
f 619/1024/990 563/938/990 565/944/990

vt 0.354341 0.870994
vn -0.679447 -0.733286 0.0253653
v 0.646733 1.93722 0.916957
vt 0.356002 0.872893
vt 0.348434 0.878631
f 565/1025/991 620/1026/991 619/1027/991

vt 0.362069 0.863985
vn -0.558298 -0.824845 0.0890718
f 568/1028/992 620/1026/992 565/1025/992

vn -0.524961 -0.702808 0.48008
vt 0.370627 0.873388
f 568/1028/993 570/1029/993 620/1026/993

vn -0.501884 -0.729291 0.465024
v 0.650538 1.96437 0.963642
vt 0.364965 0.880885
f 570/1029/994 621/1030/994 620/1026/994

vn -0.49371 -0.70702 0.506332
v 0.686413 1.97475 1.01311
vt 0.378583 0.882945
f 570/1029/995 622/1031/995 621/1030/995

vn 0.49371 -0.70702 0.506332
vt 0.621417 0.882945
f 571/954/996 622/1032/996 570/953/996

vn 0.502192 -0.697936 0.510577
v 0.720875 1.99315 1.00437
vt 0.627788 0.888968
f 571/954/997 623/1033/997 622/1032/997

vn 0.654395 -0.606664 0.45136
f 573/956/998 623/1033/998 571/954/998

vn 0.670135 -0.582452 0.460075
v 0.747877 2.01417 0.991651
vt 0.633478 0.894275
f 573/956/999 624/1034/999 623/1033/999

vn 0.743829 -0.514922 0.426115
v 0.771931 2.03664 0.976816
vt 0.638977 0.899437
f 573/956/1000 625/1035/1000 624/1034/1000

vn 0.7555 -0.511677 0.409153
f 575/958/1001 625/1035/1001 573/956/1001

vn 0.759654 -0.50467 0.410164
f 575/958/1002 577/960/1002 625/1035/1002

vn 0.906307 -0.37567 0.193596
f 576/959/1003 577/960/1003 575/958/1003

vn 0.741365 -0.429496 0.515665
v 0.784198 2.07084 0.987664
vt 0.638704 0.907137
f 577/960/1004 626/1036/1004 625/1035/1004

vn 0.827978 -0.134407 0.544414
v 0.796407 2.09708 0.975575
vt 0.642166 0.912333
f 577/960/1005 627/1037/1005 626/1036/1005

vn 0.898208 -0.0594771 0.435528
f 578/961/1006 627/1037/1006 577/960/1006

vn 0.820198 0.140395 0.554585
f 578/961/1007 579/962/1007 627/1037/1007

vn 0.860967 0.125687 0.492888
v 0.784926 2.1196 0.989887
vt 0.638653 0.916929
f 579/962/1008 628/1038/1008 627/1037/1008

vn 0.803107 0.25256 0.53966
f 579/962/1009 580/963/1009 628/1038/1009

vn 0.692619 0.0824683 0.716574
v 0.769545 2.08913 1.00826
vt 0.633687 0.910885
f 580/963/1010 629/1039/1010 628/1038/1010

vn 0.709608 0.0794412 0.700104
v 0.744598 2.10674 1.03155
vt 0.626738 0.914604
f 580/963/1011 630/1040/1011 629/1039/1011

vn 0.704795 0.0870148 0.704054
v 0.731533 2.15441 1.03874
vt 0.624026 0.924681
f 580/963/1012 631/1041/1012 630/1040/1012

vn 0.710407 0.138717 0.689985
v 0.753371 2.1702 1.01308
vt 0.631216 0.927755
f 580/963/1013 632/1042/1013 631/1041/1013

vn 0.805695 0.258355 0.533017
f 581/964/1014 632/1042/1014 580/963/1014

vn 0.822084 0.22845 0.521525
v 0.743291 2.22308 1.0058
vt 0.631486 0.939082
f 581/964/1015 633/1043/1015 632/1042/1015

vn 0.845642 0.336666 0.414181
f 581/964/1016 582/965/1016 633/1043/1016

vn 0.817128 0.381041 0.432561
v 0.718279 2.26166 1.01907
vt 0.626503 0.947615
f 582/965/1017 634/1044/1017 633/1043/1017

vn 0.62891 0.777342 0.0145297
f 582/965/1018 583/966/1018 634/1044/1018

vn 0.58272 0.811307 0.0471002
f 634/1044/1019 583/966/1019 584/967/1019

vn 0.757278 0.457095 0.46647
v 0.714564 2.25497 1.03165
vt 0.623845 0.946127
f 634/1044/1020 584/967/1020 635/1045/1020

vn 0.718602 0.316104 0.619426
v 0.708254 2.24968 1.04167
vt 0.621328 0.945151
f 635/1045/1021 584/967/1021 636/1046/1021

vn 0.629255 0.225224 0.74385
v 0.701434 2.2459 1.04859
vt 0.619221 0.944556
f 584/967/1022 637/1047/1022 636/1046/1022

vn 0.492768 0.164932 0.854387
v 0.694543 2.2434 1.05304
vt 0.61742 0.944256
f 584/967/1023 638/1048/1023 637/1047/1023

vn 0.212032 0.115478 0.970416
v 0.686413 2.24217 1.05497
vt 0.615608 0.944303
f 584/967/1024 639/1049/1024 638/1048/1024

vt 0.382364 0.952868
vn -0.212032 0.115478 0.970416
v 0.678283 2.2434 1.05304
vt 0.38258 0.944256
vt 0.384392 0.944303
f 584/1050/1025 640/1051/1025 639/1052/1025

vn -0.492768 0.164932 0.854387
v 0.671392 2.2459 1.04859
vt 0.380779 0.944556
f 584/1050/1026 641/1053/1026 640/1051/1026

vn -0.629255 0.225224 0.74385
v 0.664572 2.24968 1.04167
vt 0.378672 0.945151
f 584/1050/1027 642/1054/1027 641/1053/1027

v 0.658262 2.25497 1.03165
vt 0.376155 0.946127
vn -0.718602 0.316104 0.619426
f 643/1055/1028 642/1054/1028 584/1050/1028

v 0.641772 2.21019 1.02842
vt 0.373918 0.936439
vn -0.76093 0.236645 0.604139
f 644/1056/1029 642/1054/1029 643/1055/1029

vn -0.713171 0.184906 0.676164
v 0.65568 2.20156 1.04545
vt 0.378624 0.934842
f 644/1056/1030 645/1057/1030 642/1054/1030

vn -0.734871 0.129385 0.665751
v 0.641293 2.15441 1.03874
vt 0.375974 0.924681
f 644/1056/1031 646/1058/1031 645/1057/1031

v 0.619454 2.1702 1.01308
vt 0.368784 0.927755
vn -0.712687 0.133433 0.688675
f 647/1059/1032 646/1058/1032 644/1056/1032

v 0.60154 2.13976 1.00075
vt 0.364678 0.921203
vn -0.710407 0.138717 0.689985
f 648/1060/1033 646/1058/1033 647/1059/1033

vn -0.704795 0.0870148 0.704054
v 0.628228 2.10674 1.03155
vt 0.373262 0.914604
f 648/1060/1034 649/1061/1034 646/1058/1034

vn -0.709608 0.0794412 0.700104
v 0.603281 2.08913 1.00826
vt 0.366313 0.910885
f 648/1060/1035 650/1062/1035 649/1061/1035

vn -0.692619 0.0824683 0.716574
v 0.587899 2.1196 0.989887
vt 0.361347 0.916929
f 648/1060/1036 651/1063/1036 650/1062/1036

v 0.576668 2.13324 0.966791
vt 0.356113 0.919612
vn -0.803107 0.25256 0.53966
f 652/1064/1037 651/1063/1037 648/1060/1037

vn -0.860967 0.125687 0.492888
v 0.576419 2.09708 0.975575
vt 0.357834 0.912333
f 652/1064/1038 653/1065/1038 651/1063/1038

v 0.565877 2.11286 0.955989
vt 0.353341 0.915323
vn -0.820198 0.140395 0.554585
f 654/1066/1039 653/1065/1039 652/1064/1039

vn -0.898208 -0.0594771 0.435528
v 0.57055 2.06827 0.959536
vt 0.354696 0.906514
f 654/1066/1040 655/1067/1040 653/1065/1040

v 0.551951 2.10104 0.930423
vt 0.347664 0.912705
vn -0.866837 -0.0513839 0.495936
f 656/1068/1041 655/1067/1041 654/1066/1041

v 0.559174 2.06444 0.89884
vt 0.342159 0.904317
vn -0.917118 -0.348282 0.193891
f 657/1069/1042 655/1067/1042 656/1068/1042

vn -0.906307 -0.37567 0.193596
v 0.579942 2.03085 0.930884
vt 0.350566 0.897625
f 657/1069/1043 658/1070/1043 655/1067/1043

v 0.564701 2.03522 0.86759
vt 0.336456 0.896836
vn -0.9061 -0.376897 0.192175
f 659/1071/1044 658/1070/1044 657/1069/1044

vn -0.887616 -0.421967 0.184614
v 0.586078 2.00047 0.890956
vt 0.343623 0.889175
f 659/1071/1045 660/1072/1045 658/1070/1045

vt 0.334489 0.89438
vn -0.799044 -0.585019 -0.138855
f 617/1073/1046 660/1072/1046 659/1071/1046

vn -0.762899 -0.619818 -0.183878
vt 0.341746 0.886999
f 617/1073/1047 618/1074/1047 660/1072/1047

vn -0.718132 -0.68304 -0.1332
v 0.615712 1.96618 0.907061
vt 0.350229 0.880755
f 618/1074/1048 661/1075/1048 660/1072/1048

vn -0.778392 -0.627554 -0.0167644
f 618/1074/1049 619/1027/1049 661/1075/1049

vn -0.690501 -0.721309 0.0540509
f 620/1026/1050 661/1075/1050 619/1027/1050

vn -0.689539 -0.60024 0.405274
f 661/1075/1051 620/1026/1051 621/1030/1051

vn -0.663766 -0.639331 0.388163
v 0.620216 1.99041 0.954678
vt 0.359528 0.887951
f 661/1075/1052 621/1030/1052 662/1076/1052

vn -0.654395 -0.606664 0.45136
v 0.651951 1.99315 1.00437
vt 0.372212 0.888968
f 662/1076/1053 621/1030/1053 663/1077/1053

vn -0.502192 -0.697936 0.510577
f 622/1031/1054 663/1077/1054 621/1030/1054

vn -0.502297 -0.698641 0.509508
v 0.686413 2.00903 1.06012
vt 0.386218 0.89338
f 622/1031/1055 664/1078/1055 663/1077/1055

vn 0.502297 -0.698641 0.509508
vt 0.613782 0.89338
f 623/1033/1056 664/1079/1056 622/1032/1056

vn 0.535623 -0.664957 0.520518
v 0.720211 2.02456 1.04518
vt 0.621213 0.897545
f 623/1033/1057 665/1080/1057 664/1079/1057

vn 0.721271 -0.543172 0.429804
v 0.742965 2.03956 1.02596
vt 0.627269 0.900699
f 623/1033/1058 666/1081/1058 665/1080/1058

vn 0.665861 -0.550898 0.50313
f 624/1034/1059 666/1081/1059 623/1033/1059

vn 0.796386 -0.425959 0.429334
v 0.757943 2.04841 1.00695
vt 0.632294 0.90232
f 624/1034/1060 667/1082/1060 666/1081/1060

vn 0.733056 -0.445251 0.514179
f 625/1035/1061 667/1082/1061 624/1034/1061

vn 0.743453 -0.429332 0.512788
f 625/1035/1062 626/1036/1062 667/1082/1062

vn 0.692353 -0.219378 0.687401
f 626/1036/1063 629/1039/1063 667/1082/1063

vn 0.779332 -0.0760417 0.62198
f 627/1037/1064 629/1039/1064 626/1036/1064

vn 0.773545 -0.00836967 0.633686
f 627/1037/1065 628/1038/1065 629/1039/1065

vn 0.813658 -0.248731 0.525446
f 667/1082/1066 629/1039/1066 666/1081/1066

vn 0.650012 -0.0787324 0.755835
f 630/1040/1067 666/1081/1067 629/1039/1067

vn 0.634477 -0.0794382 0.768849
v 0.718329 2.09568 1.05208
vt 0.619736 0.912362
f 630/1040/1068 668/1083/1068 666/1081/1068

v 0.711047 2.14433 1.05419
vt 0.61847 0.922777
vn 0.600364 0.055395 0.797806
f 669/1084/1069 668/1083/1069 630/1040/1069

vn 0.380908 0.0170771 0.924455
v 0.686413 2.13477 1.06451
vt 0.612563 0.920978
f 669/1084/1070 670/1085/1070 668/1083/1070

v 0.686413 2.1911 1.06161
vt 0.613689 0.933297
vn 0.370344 0.0477693 0.927665
f 671/1086/1071 670/1085/1071 669/1084/1071

vt 0.386311 0.933297
vn -0.370344 0.0477693 0.927665
v 0.661779 2.14433 1.05419
vt 0.38153 0.922777
vt 0.387437 0.920978
f 671/1087/1072 672/1088/1072 670/1089/1072

v 0.669807 2.19586 1.05567
vt 0.382415 0.933929
vn -0.330786 0.0244379 0.943389
f 673/1090/1073 672/1088/1073 671/1087/1073

vn -0.579585 0.0669671 0.812156
f 673/1090/1074 646/1058/1074 672/1088/1074

vn -0.569722 0.0570381 0.819856
f 645/1057/1075 646/1058/1075 673/1090/1075

vn -0.541601 0.142274 0.828508
f 640/1051/1076 645/1057/1076 673/1090/1076

vn -0.508141 0.119775 0.852905
f 641/1053/1077 645/1057/1077 640/1051/1077

vn -0.6501 0.178162 0.738666
f 642/1054/1078 645/1057/1078 641/1053/1078

vn -0.215971 0.0921439 0.972042
f 640/1051/1079 673/1090/1079 639/1052/1079

vn -0.303104 0.122984 0.944988
f 639/1052/1080 673/1090/1080 671/1087/1080

vn 0.303104 0.122984 0.944988
v 0.703019 2.19586 1.05567
vt 0.617585 0.933929
f 639/1049/1081 671/1086/1081 674/1091/1081

vn 0.330786 0.0244379 0.943389
f 674/1091/1082 671/1086/1082 669/1084/1082

vn 0.579585 0.0669671 0.812156
f 674/1091/1083 669/1084/1083 631/1041/1083

vn 0.589121 0.0397853 0.807065
f 631/1041/1084 669/1084/1084 630/1040/1084

v 0.717146 2.20156 1.04545
vt 0.621376 0.934842
vn 0.569722 0.0570381 0.819856
f 675/1092/1085 674/1091/1085 631/1041/1085

vn 0.541601 0.142274 0.828508
f 638/1048/1086 674/1091/1086 675/1092/1086

vn 0.215971 0.0921439 0.972042
f 638/1048/1087 639/1049/1087 674/1091/1087

vn 0.508141 0.119775 0.852905
f 637/1047/1088 638/1048/1088 675/1092/1088

vn 0.6501 0.178162 0.738666
f 636/1046/1089 637/1047/1089 675/1092/1089

v 0.731054 2.21019 1.02842
vt 0.626082 0.936439
vn 0.713171 0.184906 0.676164
f 676/1093/1090 636/1046/1090 675/1092/1090

vn 0.76093 0.236645 0.604139
f 676/1093/1091 635/1045/1091 636/1046/1091

vn 0.785655 0.24846 0.566581
f 633/1043/1092 635/1045/1092 676/1093/1092

vn 0.814775 0.376714 0.440713
f 633/1043/1093 634/1044/1093 635/1045/1093

vn 0.795689 0.228822 0.560821
f 633/1043/1094 676/1093/1094 632/1042/1094

vn 0.712687 0.133433 0.688675
f 632/1042/1095 676/1093/1095 631/1041/1095

vn 0.734871 0.129385 0.665751
f 676/1093/1096 675/1092/1096 631/1041/1096

vn -0.589121 0.0397853 0.807065
f 646/1058/1097 649/1061/1097 672/1088/1097

vn -0.600364 0.055395 0.797806
v 0.654497 2.09568 1.05208
vt 0.380264 0.912362
f 672/1088/1098 649/1061/1098 677/1094/1098

vn -0.634477 -0.0794382 0.768849
v 0.629861 2.03956 1.02596
vt 0.372731 0.900699
f 649/1061/1099 678/1095/1099 677/1094/1099

vn -0.650012 -0.0787324 0.755835
f 649/1061/1100 650/1062/1100 678/1095/1100

v 0.614883 2.04841 1.00695
vt 0.367706 0.90232
vn -0.813658 -0.248731 0.525446
f 679/1096/1101 678/1095/1101 650/1062/1101

v 0.624949 2.01417 0.991651
vt 0.366522 0.894275
vn -0.796386 -0.425959 0.429334
f 680/1097/1102 678/1095/1102 679/1096/1102

vn -0.665861 -0.550898 0.50313
f 680/1097/1103 663/1077/1103 678/1095/1103

vn -0.670135 -0.582452 0.460075
f 662/1076/1104 663/1077/1104 680/1097/1104

vn -0.743829 -0.514922 0.426115
v 0.600895 2.03664 0.976816
vt 0.361023 0.899437
f 662/1076/1105 680/1097/1105 681/1098/1105

vn -0.733056 -0.445251 0.514179
f 681/1098/1106 680/1097/1106 679/1096/1106

vn -0.743453 -0.429332 0.512788
v 0.588628 2.07084 0.987664
vt 0.361296 0.907137
f 681/1098/1107 679/1096/1107 682/1099/1107

vn -0.692353 -0.219378 0.687401
f 682/1099/1108 679/1096/1108 650/1062/1108

vn -0.779332 -0.0760417 0.62198
f 653/1065/1109 682/1099/1109 650/1062/1109

vn -0.827978 -0.134407 0.544414
f 655/1067/1110 682/1099/1110 653/1065/1110

vn -0.741365 -0.429496 0.515665
f 655/1067/1111 681/1098/1111 682/1099/1111

vn -0.759654 -0.50467 0.410164
f 658/1070/1112 681/1098/1112 655/1067/1112

vn -0.7555 -0.511677 0.409153
f 658/1070/1113 662/1076/1113 681/1098/1113

vn -0.758704 -0.569353 0.316552
f 660/1072/1114 662/1076/1114 658/1070/1114

vn -0.784799 -0.519169 0.338457
f 660/1072/1115 661/1075/1115 662/1076/1115

vn -0.773545 -0.00836967 0.633686
f 653/1065/1116 650/1062/1116 651/1063/1116

vn -0.721271 -0.543172 0.429804
v 0.652615 2.02456 1.04518
vt 0.378787 0.897545
f 663/1077/1117 683/1100/1117 678/1095/1117

vn -0.535623 -0.664957 0.520518
f 664/1078/1118 683/1100/1118 663/1077/1118

vt 0.38613 0.893449
vn -0.431614 -0.0756393 0.898882
v 0.686413 2.08238 1.06628
vt 0.387663 0.909463
vt 0.38062 0.913097
vt 0.378699 0.897614
f 664/1101/1119 684/1102/1119 677/1103/1119 683/1104/1119 

vt 0.61387 0.893449
vn 0.431614 -0.0756393 0.898882
vt 0.621302 0.897614
vt 0.61938 0.913097
vt 0.612337 0.909463
f 664/1105/1120 665/1106/1120 668/1107/1120 684/1108/1120 

vn 0.665229 -0.0546632 0.744635
f 668/1083/1121 665/1080/1121 666/1081/1121

vn 0.395324 0.0308926 0.918022
vt 0.612248 0.909394
f 670/1085/1122 684/1109/1122 668/1083/1122

vn -0.395324 0.0308926 0.918022
vt 0.387752 0.909394
f 670/1089/1123 677/1094/1123 684/1110/1123

vn -0.380908 0.0170771 0.924455
f 672/1088/1124 677/1094/1124 670/1089/1124

vn -0.665229 -0.0546632 0.744635
f 677/1094/1125 678/1095/1125 683/1100/1125

vt 0.326692 0.900959
vn -0.807335 -0.569773 -0.153523
f 616/1111/1126 617/1073/1126 659/1071/1126

vn -0.82679 -0.546002 -0.135282
v 0.549862 2.06537 0.836593
vt 0.328426 0.903261
f 616/1111/1127 659/1071/1127 685/1112/1127

vn -0.937014 -0.321995 0.135369
f 685/1112/1128 659/1071/1128 657/1069/1128

vn -0.97816 -0.149796 0.144096
v 0.548016 2.09975 0.859799
vt 0.332889 0.91138
f 685/1112/1129 657/1069/1129 686/1113/1129

vn -0.968632 -0.24154 0.0583959
f 686/1113/1130 657/1069/1130 656/1068/1130

vn -0.997461 -0.0435226 0.0563714
v 0.547668 2.14063 0.885205
vt 0.337973 0.920627
f 686/1113/1131 656/1068/1131 687/1114/1131

vn -0.909802 0.26573 0.318822
v 0.574706 2.15365 0.951514
vt 0.35304 0.923914
f 687/1114/1132 656/1068/1132 688/1115/1132

vn -0.895081 0.235337 0.378742
f 656/1068/1133 654/1066/1133 688/1115/1133

vn -0.872862 0.235842 0.427188
f 688/1115/1134 654/1066/1134 652/1064/1134

vn -0.793767 0.31372 0.52107
f 688/1115/1135 652/1064/1135 648/1060/1135

vn -0.81796 0.252382 0.516957
v 0.604103 2.1915 0.979549
vt 0.361068 0.932281
f 688/1115/1136 648/1060/1136 689/1116/1136

vn -0.805695 0.258355 0.533017
f 689/1116/1137 648/1060/1137 647/1059/1137

vn -0.822084 0.22845 0.521525
v 0.629535 2.22308 1.0058
vt 0.368514 0.939082
f 689/1116/1138 647/1059/1138 690/1117/1138

vn -0.795689 0.228822 0.560821
f 690/1117/1139 647/1059/1139 644/1056/1139

vn -0.785655 0.24846 0.566581
f 690/1117/1140 644/1056/1140 643/1055/1140

vn -0.814775 0.376714 0.440713
v 0.654547 2.26166 1.01907
vt 0.373497 0.947615
f 690/1117/1141 643/1055/1141 691/1118/1141

vn -0.757278 0.457095 0.46647
f 691/1118/1142 643/1055/1142 584/1050/1142

vn -0.58272 0.811307 0.0471002
v 0.658507 2.26503 1.00993
vt 0.372068 0.949241
f 584/1050/1143 692/1119/1143 691/1118/1143

v 0.661856 2.27152 1.00076
vt 0.370665 0.951225
vn -0.719026 0.6635 0.206806
f 693/1120/1144 692/1119/1144 584/1050/1144

v 0.627313 2.24895 0.962868
vt 0.360356 0.945846
vn -0.695424 0.681432 0.228113
f 694/1121/1145 692/1119/1145 693/1120/1145

vn -0.718458 0.647098 0.255112
v 0.623296 2.23707 0.981688
vt 0.363511 0.942333
f 694/1121/1146 695/1122/1146 692/1119/1146

v 0.599016 2.21419 0.949747
vt 0.354991 0.937571
vn -0.79536 0.574609 0.192944
f 696/1123/1147 695/1122/1147 694/1121/1147

vn -0.849981 0.339007 0.403245
f 696/1123/1148 689/1116/1148 695/1122/1148

vn -0.842066 0.350081 0.410327
f 696/1123/1149 688/1115/1149 689/1116/1149

v 0.570773 2.18142 0.915841
vt 0.345658 0.930158
vn -0.857899 0.355295 0.37118
f 697/1124/1150 688/1115/1150 696/1123/1150

vn -0.907535 0.276985 0.315688
f 687/1114/1151 688/1115/1151 697/1124/1151

v 0.559942 2.20195 0.852588
vt 0.331046 0.935125
vn -0.910809 0.320649 0.260023
f 698/1125/1152 687/1114/1152 697/1124/1152

v 0.548402 2.17233 0.837097
vt 0.327103 0.927708
vn -0.945026 0.279479 0.169754
f 699/1126/1153 687/1114/1153 698/1125/1153

v 0.542219 2.12212 0.813807
vt 0.322201 0.915835
vn -0.993813 0.0991038 0.0501506
vt 0.337973 0.920626
vt 0.327103 0.927707
f 700/1127/1154 687/1128/1154 699/1129/1154

vt 0.322201 0.915836
vn -0.99346 -0.0662499 0.0929981
f 700/1130/1155 686/1113/1155 687/1114/1155

v 0.545985 2.08064 0.813254
vt 0.322792 0.906323
vn -0.992553 -0.0912056 0.0807454
f 701/1131/1156 686/1113/1156 700/1130/1156

vn -0.989427 -0.113812 0.0898891
f 701/1131/1157 685/1112/1157 686/1113/1157

vn -0.845899 -0.499683 -0.186473
f 701/1131/1158 616/1111/1158 685/1112/1158

vt 0.321309 0.904438
vn -0.847668 -0.498038 -0.182803
f 615/1132/1159 616/1111/1159 701/1131/1159

v 0.5471 2.0865 0.803604
vt 0.318936 0.909975
vn -0.872778 -0.365985 -0.322977
f 702/1133/1160 615/1132/1160 701/1131/1160

vt 0.314217 0.906978
vn -0.923661 -0.344137 -0.168582
f 614/1134/1161 615/1132/1161 702/1133/1161

vn 0.67117 -0.503042 0.544499
vt 0.027742 0.985132
f 613/1017/1162 614/1018/1162 702/1135/1162

vt 0.298958 0.614604
vn -0.0931236 -0.602712 0.792506
v 0.530199 2.08609 0.801308
vt 0.29373 0.614604
vt 0.294475 0.600958
f 702/1136/1163 703/1137/1163 613/1138/1163

v 0.543365 2.1221 0.803948
vt 0.295104 0.626576
vn -0.134037 -0.0236254 0.990695
f 704/1139/1164 703/1137/1164 702/1136/1164

v 0.52972 2.12263 0.800613
vt 0.290733 0.625289
vn -0.236824 0.015367 0.971431
f 705/1140/1165 703/1137/1165 704/1139/1165

vn -0.676313 0.00514762 0.736596
v 0.509317 2.09201 0.782094
vt 0.285715 0.614604
f 705/1140/1166 706/1141/1166 703/1137/1166

v 0.517189 2.12781 0.788298
vt 0.28508 0.62511
vn -0.694694 0.0281836 0.718753
f 707/1142/1167 706/1141/1167 705/1140/1167

v 0.508305 2.13463 0.770794
vt 0.278775 0.625203
vn -0.869059 0.107383 0.482913
f 708/1143/1168 706/1141/1168 707/1142/1168

vn -0.841772 0.119568 0.526425
f 600/989/1169 706/1141/1169 708/1143/1169

vn -0.831281 -0.453213 0.321824
f 602/991/1170 706/1141/1170 600/989/1170

vn -0.915978 -0.331536 0.225982
v 0.51696 2.05625 0.76061
vt 0.284247 0.602196
f 602/991/1171 709/1144/1171 706/1141/1171

v 0.5271 2.02691 0.736941
vt 0.281997 0.589878
vn -0.878336 -0.444841 0.175047
f 710/1145/1172 709/1144/1172 602/991/1172

vn -0.785228 -0.529899 0.32035
v 0.530788 2.02505 0.742903
vt 0.284418 0.589857
f 710/1145/1173 711/1146/1173 709/1144/1173

vn -0.765433 -0.571928 0.294975
f 604/998/1174 711/1146/1174 710/1145/1174

v 0.535752 2.02451 0.744383
vt 0.286067 0.589211
vn -0.243207 -0.820126 0.517923
f 712/1147/1175 711/1146/1175 604/998/1175

vn -0.265043 -0.737544 0.621113
v 0.5288 2.05257 0.774731
vt 0.290087 0.602266
f 712/1147/1176 713/1148/1176 711/1146/1176

vn -0.133081 -0.742776 0.656181
f 613/1138/1177 713/1148/1177 712/1147/1177

vn -0.143289 -0.611192 0.778404
f 703/1137/1178 713/1148/1178 613/1138/1178

vn -0.671847 -0.442761 0.593788
f 713/1148/1179 703/1137/1179 706/1141/1179

vn -0.736605 -0.456977 0.498583
f 709/1144/1180 713/1148/1180 706/1141/1180

vn -0.700483 -0.560938 0.441217
f 711/1146/1181 713/1148/1181 709/1144/1181

vt 0.035404 0.970797
vn 0.976296 -0.213476 -0.0356915
f 712/1149/1182 612/1015/1182 613/1017/1182

v 0.537466 2.02624 0.736974
vt 0.036879 0.97083
vn 0.943812 -0.294679 0.149611
f 714/1150/1183 612/1015/1183 712/1149/1183

vn 0.984311 -0.0617717 -0.165275
f 714/1150/1184 609/1003/1184 612/1015/1184

v 0.536386 2.02941 0.726998
vt 0.038872 0.970913
vn 0.989762 -0.0641934 -0.127478
f 715/1151/1185 609/1003/1185 714/1150/1185

vn 0.958132 -0.0010554 -0.286324
f 607/1000/1186 609/1003/1186 715/1151/1186

vn 0.952348 -0.0421676 -0.302086
f 607/1000/1187 715/1151/1187 604/1001/1187

vn 0.98462 -0.104779 -0.139805
f 604/1001/1188 715/1151/1188 714/1150/1188

vn 0.921918 -0.365619 0.128023
f 604/1001/1189 714/1150/1189 712/1149/1189

vn -0.892322 -0.437245 0.112151
vt 0.27894 0.58968
f 604/998/1190 710/1145/1190 605/1152/1190

vn -0.891178 -0.439881 0.110932
f 605/1152/1191 710/1145/1191 602/991/1191

vn -0.940882 0.302655 0.152123
f 598/987/1192 600/989/1192 708/1143/1192

vn -0.922402 0.34737 0.168848
v 0.523509 2.17356 0.773758
vt 0.277125 0.637795
f 598/987/1193 708/1143/1193 716/1153/1193

vn -0.912492 0.338911 0.229122
v 0.524675 2.1704 0.783076
vt 0.280241 0.637593
f 708/1143/1194 717/1154/1194 716/1153/1194

vn -0.836716 0.20912 0.506138
f 708/1143/1195 707/1142/1195 717/1154/1195

vn -0.858793 0.208331 0.468052
v 0.528469 2.16743 0.791361
vt 0.283261 0.637671
f 717/1154/1196 707/1142/1196 718/1155/1196

vn -0.703313 0.146466 0.695628
v 0.534558 2.16485 0.798061
vt 0.286235 0.638025
f 707/1142/1197 719/1156/1197 718/1155/1197

vn -0.669864 0.121048 0.73255
f 719/1156/1198 707/1142/1198 705/1140/1198

vn -0.357604 0.0971287 0.928809
v 0.541128 2.16355 0.800726
vt 0.288485 0.63867
f 719/1156/1199 705/1140/1199 720/1157/1199

vn -0.234646 0.062736 0.970054
f 720/1157/1200 705/1140/1200 704/1139/1200

vn -0.996189 -0.0481082 0.0727571
v 0.541908 2.16129 0.809919
vt 0.291505 0.639231
f 720/1157/1201 704/1139/1201 721/1158/1201

vn -0.993134 -0.0193255 -0.115379
vt 0.298239 0.627819
f 704/1139/1202 700/1159/1202 721/1158/1202

vn -0.988098 -0.102559 -0.11465
f 702/1136/1203 700/1159/1203 704/1139/1203

vn -0.982239 -0.086973 -0.166261
vt 0.302946 0.613638
f 702/1136/1204 701/1160/1204 700/1159/1204

vt 0.320765 0.924709
vn -0.973861 0.0147796 0.226665
f 721/1161/1205 700/1130/1205 699/1126/1205

vn -0.976237 0.0660436 0.206397
f 594/981/1206 721/1161/1206 699/1126/1206

vn -0.889525 0.13378 0.436861
f 595/983/1207 721/1158/1207 594/984/1207

vn -0.995938 -0.0554641 0.0709243
f 595/983/1208 720/1157/1208 721/1158/1208

vn -0.331165 0.21174 0.919508
f 595/983/1209 719/1156/1209 720/1157/1209

vn -0.680781 0.213066 0.700814
f 595/983/1210 718/1155/1210 719/1156/1210

vn -0.836036 0.267706 0.478934
f 717/1154/1211 718/1155/1211 595/983/1211

vn -0.89618 0.373861 0.238932
f 716/1153/1212 717/1154/1212 595/983/1212

vn -0.78287 0.600483 -0.162895
f 596/985/1213 716/1153/1213 595/983/1213

vn -0.820681 0.535565 -0.199131
f 598/987/1214 716/1153/1214 596/985/1214

vn -0.928542 0.197397 0.314395
f 594/981/1215 699/1126/1215 698/1125/1215

vn -0.904161 0.286471 0.316902
vt 0.321832 0.941649
f 594/981/1216 698/1125/1216 593/1162/1216

vn -0.844353 0.377905 0.379812
v 0.574098 2.22318 0.862934
vt 0.334298 0.940947
f 593/1162/1217 698/1125/1217 722/1163/1217

vn -0.848507 0.393149 0.354218
v 0.589433 2.22282 0.900069
vt 0.343925 0.940984
f 698/1125/1218 723/1164/1218 722/1163/1218

vn -0.822563 0.48432 0.298034
f 698/1125/1219 697/1124/1219 723/1164/1219

vn -0.845322 0.474541 0.24544
f 723/1164/1220 697/1124/1220 696/1123/1220

vn -0.82167 0.513366 0.247617
v 0.603983 2.23423 0.924681
vt 0.350618 0.943148
f 723/1164/1221 696/1123/1221 724/1165/1221

vn -0.79378 0.541969 0.276012
f 724/1165/1222 696/1123/1222 694/1121/1222

v 0.642084 2.25863 0.949555
vt 0.359019 0.950246
vn -0.5429 0.83976 0.00793515
f 725/1166/1223 724/1165/1223 694/1121/1223

vt 0.350482 0.942876
vn -0.479548 0.869426 -0.118881
vt 0.359364 0.951075
v 0.627061 2.24503 0.910647
vt 0.349507 0.94972
vt 0.342928 0.948383
vt 0.343787 0.940717
f 724/1167/1224 725/1168/1224 726/1169/1224 590/1170/1224 723/1171/1224 

vn -0.323435 0.925186 -0.198547
vt 0.349721 0.949418
f 588/972/1225 726/1172/1225 725/1166/1225

vn -0.319326 0.931697 -0.173122
f 588/972/1226 589/974/1226 726/1172/1226

vn -0.344486 0.91747 -0.198943
f 589/974/1227 590/975/1227 726/1172/1227

v 0.662646 2.26311 0.941981
vt 0.358946 0.954843
vn -0.273442 0.944116 -0.184049
f 727/1173/1228 588/972/1228 725/1166/1228

vn -0.0473042 0.973659 -0.223047
f 587/973/1229 588/972/1229 727/1173/1229

vt 0.359729 0.959663
vn -0.0894781 0.963841 -0.251006
f 586/1174/1230 587/973/1230 727/1173/1230

vt 0.370787 0.956578
vn -0.0789883 0.983104 -0.16513
f 585/1175/1231 586/1174/1231 727/1173/1231

vn -0.0764168 0.983106 -0.16632
v 0.673318 2.2731 0.996168
vt 0.370522 0.953796
f 585/1175/1232 727/1173/1232 728/1176/1232

vn -0.255395 0.958521 -0.126535
f 728/1176/1233 727/1173/1233 725/1166/1233

vn -0.199967 0.965657 -0.165891
f 728/1176/1234 725/1166/1234 693/1120/1234

vn -0.547477 0.83682 0.000720052
f 693/1120/1235 725/1166/1235 694/1121/1235

vn -0.186241 0.97403 -0.128764
f 584/1050/1236 728/1176/1236 693/1120/1236

vn -0.074669 0.984655 -0.157733
f 584/1050/1237 585/1175/1237 728/1176/1237

vn -0.351283 0.923512 0.154031
f 590/975/1238 722/1163/1238 723/1164/1238

vn -0.489296 0.688005 0.535946
f 590/975/1239 591/976/1239 722/1163/1239

vn -0.45577 0.658144 0.599266
f 591/976/1240 592/977/1240 722/1163/1240

vn -0.879275 0.287707 0.379604
f 593/1162/1241 722/1163/1241 592/977/1241

vn -0.845642 0.336666 0.414181
f 689/1116/1242 690/1117/1242 695/1122/1242

vn -0.817128 0.381041 0.432561
f 695/1122/1243 690/1117/1243 691/1118/1243

vn -0.62891 0.777342 0.0145297
f 692/1119/1244 695/1122/1244 691/1118/1244

vt 0.36022 0.862495
vn -0.589247 -0.767895 0.251247
f 566/1177/1245 568/1028/1245 565/1025/1245

usemtl _auto_14
vn -0.904357 -0.143375 0.401973
f 540/910/1246 542/912/1246 539/909/1246

usemtl _auto_15
vn -0.413168 0.0921549 0.90598
f 522/888/1247 519/971/1247 520/889/1247

vn 0.799044 -0.585019 -0.138855
f 502/863/1248 503/862/1248 574/957/1248

vn 0.762899 -0.619818 -0.183878
vt 0.658254 0.886999
f 502/863/1249 574/957/1249 501/1178/1249

vn 0.718132 -0.68304 -0.1332
f 501/1178/1250 574/957/1250 572/955/1250

vn 0.778392 -0.627554 -0.0167644
v 0.753245 1.96167 0.896287
vt 0.651566 0.878631
f 501/1178/1251 572/955/1251 729/1179/1251

vn 0.690501 -0.721309 0.0540509
f 572/955/1252 569/952/1252 729/1179/1252

vn 0.679447 -0.733286 0.0253653
f 729/1179/1253 569/952/1253 567/949/1253

vt 0.890371 0.920233
vn -0.174786 -0.173148 -0.969262
v 0.718289 1.94877 0.904894
vt 0.887533 0.9132
f 729/1180/1254 567/946/1254 730/1181/1254

vn -0.085829 -0.146203 -0.985524
f 730/1181/1255 567/946/1255 564/948/1255

vt 0.883326 0.906887
vn -0.076299 -0.161455 -0.983926
vt 0.890173 0.906888
vt 0.893682 0.912034
vt 0.887376 0.913163
f 564/1182/1256 496/1183/1256 497/1184/1256 730/1185/1256 

vn -0.225926 -0.184721 -0.95647
v 0.743362 1.9733 0.894234
vt 0.892713 0.91824
f 497/855/1257 731/1186/1257 730/1181/1257

vn -0.227594 -0.193544 -0.954328
f 498/857/1258 731/1186/1258 497/855/1258

vn -0.269559 -0.218475 -0.937873
f 499/858/1259 731/1186/1259 498/857/1259

vn -0.155301 -0.298093 -0.941818
f 499/858/1260 729/1180/1260 731/1186/1260

vn -0.171511 -0.293525 -0.94044
f 499/858/1261 501/860/1261 729/1180/1261

vn -0.131196 -0.279273 -0.951207
f 731/1186/1262 729/1180/1262 730/1181/1262

vn 0.607541 -0.638681 -0.472208
f 490/848/1263 555/930/1263 489/847/1263

vn 0.687109 -0.593677 -0.418842
f 552/927/1264 489/847/1264 555/930/1264

vn 0.686163 -0.59264 -0.421851
f 488/846/1265 489/847/1265 552/927/1265

vn 0.758536 -0.546195 -0.355378
f 551/924/1266 488/846/1266 552/927/1266

vn 0.754842 -0.542685 -0.368384
f 487/845/1267 488/846/1267 551/924/1267

vn 0.718603 -0.563828 -0.407072
f 487/845/1268 551/924/1268 486/844/1268

vn 0.111488 -0.977004 -0.18175
f 551/924/1269 549/926/1269 486/844/1269

vn 0.0167679 -0.985175 -0.170731
v 0.480098 2.11741 0.613382
vt 0.037063 0.948184
f 549/926/1270 732/1187/1270 486/844/1270

vt 0.275302 0.902785
vn -0.842944 -0.436457 0.314563
f 732/1188/1271 549/922/1271 548/921/1271

vn -0.777465 -0.546692 0.310928
v 0.471236 2.13001 0.613386
vt 0.274002 0.905828
f 732/1188/1272 548/921/1272 733/1189/1272

vn -0.895031 -0.161048 0.415912
f 733/1189/1273 548/921/1273 546/919/1273

vn -0.905993 -0.129899 0.402868
v 0.468746 2.16163 0.617982
vt 0.273289 0.912513
f 733/1189/1274 546/919/1274 734/1190/1274

vn -0.898448 -0.192455 0.394654
v 0.465227 2.18822 0.622934
vt 0.272345 0.918018
f 734/1190/1275 546/919/1275 735/1191/1275

vn -0.882051 -0.0835062 0.463696
v 0.48948 2.18561 0.668599
vt 0.283423 0.921014
f 735/1191/1276 546/919/1276 736/1192/1276

vn -0.875116 -0.0852041 0.476354
f 546/919/1277 543/915/1277 736/1192/1277

usemtl _auto_14
vt 0.136022 1.80019
vn -0.85898 -0.214069 0.465111
vt 0.167528 1.80821
f 736/1193/1278 543/1194/1278 541/911/1278

vn -0.890904 -0.117177 0.438817
v 0.488049 2.23095 0.677801
vt 0.132836 1.82983
f 736/1193/1279 541/911/1279 737/1195/1279

vn -0.890532 -0.113636 0.440499
f 737/1195/1280 541/911/1280 538/907/1280

vn -0.898795 -0.0748115 0.431939
v 0.489345 2.27826 0.688691
vt 0.131007 1.86104
f 737/1195/1281 538/907/1281 738/1196/1281

vn -0.877084 0.019646 0.479934
f 738/1196/1282 538/907/1282 536/905/1282

vn -0.876097 0.0604416 0.478332
v 0.50138 2.32215 0.705189
vt 0.135867 1.89183
f 738/1196/1283 536/905/1283 739/1197/1283

vn -0.865571 0.0803296 0.494302
f 739/1197/1284 536/905/1284 534/901/1284

vn -0.858218 0.119173 0.499259
v 0.516856 2.35531 0.723874
vt 0.144801 1.9166
f 739/1197/1285 534/901/1285 740/1198/1285

vn -0.789839 0.207012 0.577322
f 740/1198/1286 534/901/1286 533/903/1286

vn -0.768991 0.267186 0.580744
v 0.538955 2.38312 0.740345
vt 0.155406 1.93932
f 740/1198/1287 533/903/1287 741/1199/1287

usemtl _auto_15
vt 0.295202 0.956218
vn -0.407218 0.521172 0.750036
v 0.578056 2.35019 0.784453
vt 0.307839 0.961253
f 741/1200/1288 533/900/1288 742/1201/1288

vn -0.368827 0.337293 0.866141
f 742/1201/1289 533/900/1289 531/898/1289

vn -0.196491 0.379749 0.903981
f 742/1201/1290 531/898/1290 424/760/1290

vn -0.24272 0.483717 0.840895
f 424/760/1291 531/898/1291 530/897/1291

vn -0.174542 0.404603 0.897681
v 0.647921 2.31503 0.814752
vt 0.321353 0.973252
f 424/760/1292 530/897/1292 743/1202/1292

v 0.620724 2.32772 0.818968
vt 0.326532 0.969536
vn -0.0428905 0.230969 -0.972015
f 744/1203/1293 743/1202/1293 530/897/1293

v 0.656158 2.33566 0.819011
vt 0.324335 0.976657
vn -0.0481666 0.220397 -0.97422
f 745/1204/1294 743/1202/1294 744/1203/1294

vn -0.0383958 0.216753 -0.975471
f 745/1204/1295 422/761/1295 743/1202/1295

v 0.686413 2.34238 0.819003
vt 0.322997 0.982414
vn -0.0438233 0.195965 -0.979631
f 746/1205/1296 422/761/1296 745/1204/1296

vt 0.677003 0.982414
vn 0.0438233 0.195965 -0.979631
v 0.716668 2.33566 0.819011
vt 0.675665 0.976657
f 746/1206/1297 747/1207/1297 422/757/1297

v 0.705059 2.3672 0.826328
vt 0.671373 0.981479
vn 0.0546482 0.244687 -0.968061
f 748/1208/1298 747/1207/1298 746/1206/1298

vn 0.0771754 0.252175 -0.964599
v 0.726897 2.36586 0.827727
vt 0.669665 0.977972
f 748/1208/1299 749/1209/1299 747/1207/1299

v 0.707483 2.39137 0.834045
vt 0.667247 0.983226
vn 0.0790429 0.296027 -0.951903
f 750/1210/1300 749/1209/1300 748/1208/1300

vn 0.804181 0.573805 0.155049
v 0.707366 2.38981 0.840409
vt 0.666218 0.98276
f 749/1209/1301 750/1210/1301 751/1211/1301

vn 0.798668 0.581009 0.15671
v 0.686413 2.41859 0.840494
vt 0.664657 0.988707
f 750/1210/1302 752/1212/1302 751/1211/1302

vt 0.667282 0.983298
vn 0.113616 0.311449 -0.943446
v 0.696117 2.39158 0.832744
vt 0.668227 0.985037
v 0.686413 2.39177 0.831642
vt 0.669033 0.986522
vt 0.664693 0.98878
f 750/1213/1303 753/1214/1303 754/1215/1303 752/1216/1303 

vt 0.668192 0.984965
vn 0.114252 0.291773 -0.949639
f 753/1217/1304 750/1210/1304 748/1208/1304

vn 0.0790337 0.280674 -0.956544
v 0.686413 2.36832 0.825118
vt 0.672754 0.9845
f 753/1217/1305 748/1208/1305 755/1218/1305

vn 0.0768067 0.228746 -0.970452
f 755/1218/1306 748/1208/1306 746/1206/1306

vt 0.327246 0.9845
vn -0.0768067 0.228746 -0.970452
v 0.667767 2.3672 0.826328
vt 0.328627 0.981479
f 755/1219/1307 746/1205/1307 756/1220/1307

vn -0.0546482 0.244687 -0.968061
f 756/1220/1308 746/1205/1308 745/1204/1308

vn -0.0771754 0.252175 -0.964599
v 0.645929 2.36586 0.827727
vt 0.330335 0.977972
f 756/1220/1309 745/1204/1309 757/1221/1309

vn -0.056813 0.258959 -0.964216
f 757/1221/1310 745/1204/1310 744/1203/1310

vn -0.833782 0.494675 0.245161
v 0.647359 2.36223 0.839921
vt 0.332437 0.97708
f 744/1203/1311 758/1222/1311 757/1221/1311

vn -0.81698 0.354311 0.45498
f 744/1203/1312 526/893/1312 758/1222/1312

vn -0.805015 0.372914 0.461395
f 530/897/1313 526/893/1313 744/1203/1313

vn -0.796356 0.228209 0.560123
f 530/897/1314 527/894/1314 526/893/1314

vn -0.829278 0.361876 0.425845
f 526/893/1315 525/892/1315 758/1222/1315

vn -0.775983 0.455386 0.436433
v 0.66807 2.38723 0.85066
vt 0.335569 0.982229
f 758/1222/1316 525/892/1316 759/1223/1316

vn -0.651941 0.441103 0.616767
v 0.67536 2.38458 0.860263
vt 0.33767 0.982108
f 759/1223/1317 525/892/1317 760/1224/1317

vn -0.605887 0.400254 0.68753
f 760/1224/1318 525/892/1318 523/890/1318

vn -0.194245 0.383983 0.902677
v 0.686413 2.38304 0.863298
vt 0.339548 0.982759
f 760/1224/1319 523/890/1319 761/1225/1319

vn -0.233911 0.402128 0.8852
f 761/1225/1320 523/890/1320 521/887/1320

vt 0.660452 0.982759
vn 0.233911 0.402128 0.8852
v 0.705427 2.35076 0.872937
vt 0.660438 0.976059
f 761/1226/1321 521/886/1321 762/1227/1321

vn 0.29375 0.167285 0.94113
f 762/1227/1322 521/886/1322 518/883/1322

vn 0.63021 0.189396 0.752971
f 762/1227/1323 518/883/1323 416/751/1323

vn 0.666672 0.0991728 0.738724
f 416/751/1324 518/883/1324 414/749/1324

v 0.718794 2.35639 0.857874
vt 0.664109 0.976214
vn 0.680454 0.238146 0.693014
f 763/1228/1325 762/1227/1325 416/751/1325

v 0.697466 2.38458 0.860263
vt 0.66233 0.982108
vn 0.605887 0.400254 0.68753
f 764/1229/1326 762/1227/1326 763/1228/1326

vn 0.194245 0.383983 0.902677
f 764/1229/1327 761/1226/1327 762/1227/1327

vn 0.153893 0.533454 0.831711
f 752/1212/1328 761/1226/1328 764/1229/1328

vt 0.335343 0.988707
vn -0.153893 0.533454 0.831711
f 752/1230/1329 760/1224/1329 761/1225/1329

vn -0.591741 0.540136 0.598411
f 752/1230/1330 759/1223/1330 760/1224/1330

v 0.665459 2.38981 0.840409
vt 0.333782 0.98276
vn -0.762593 0.554222 0.333601
f 765/1231/1331 759/1223/1331 752/1230/1331

vn -0.79162 0.513717 0.330805
f 758/1222/1332 759/1223/1332 765/1231/1332

vn -0.810996 0.527822 0.252365
f 757/1221/1333 758/1222/1333 765/1231/1333

vn -0.804181 0.573805 0.155049
v 0.665343 2.39137 0.834045
vt 0.332753 0.983226
f 757/1221/1334 765/1231/1334 766/1232/1334

vn -0.798668 0.581009 0.15671
f 766/1232/1335 765/1231/1335 752/1230/1335

vt 0.332718 0.983298
vn -0.113616 0.311449 -0.943446
vt 0.335307 0.98878
vt 0.330967 0.986522
v 0.676709 2.39158 0.832744
vt 0.331773 0.985037
f 766/1233/1336 752/1234/1336 754/1235/1336 767/1236/1336 

vt 0.331006 0.986457
vn -0.113911 0.266316 -0.957131
vt 0.331808 0.984965
f 754/1237/1337 755/1219/1337 767/1238/1337

vt 0.668994 0.986457
vn 0.113911 0.266316 -0.957131
f 754/1239/1338 753/1217/1338 755/1218/1338

vn -0.0790337 0.280674 -0.956544
f 767/1238/1339 755/1219/1339 756/1220/1339

vn -0.114252 0.291773 -0.949639
f 767/1238/1340 756/1220/1340 766/1232/1340

vn -0.0790429 0.296027 -0.951903
f 766/1232/1341 756/1220/1341 757/1221/1341

vn 0.591741 0.540136 0.598411
v 0.704756 2.38723 0.85066
vt 0.664431 0.982229
f 752/1212/1342 764/1229/1342 768/1240/1342

vn 0.651941 0.441103 0.616767
f 768/1240/1343 764/1229/1343 763/1228/1343

v 0.725467 2.36223 0.839921
vt 0.667563 0.97708
vn 0.775983 0.455386 0.436433
f 769/1241/1344 768/1240/1344 763/1228/1344

vn 0.79162 0.513717 0.330805
f 769/1241/1345 751/1211/1345 768/1240/1345

vn 0.810996 0.527822 0.252365
f 749/1209/1346 751/1211/1346 769/1241/1346

vn 0.833782 0.494675 0.245161
f 419/754/1347 749/1209/1347 769/1241/1347

vn 0.056813 0.258959 -0.964216
f 749/1209/1348 419/754/1348 747/1207/1348

vn 0.0481666 0.220397 -0.97422
f 747/1207/1349 419/754/1349 420/755/1349

vn 0.0383958 0.216753 -0.975471
f 747/1207/1350 420/755/1350 422/757/1350

vn 0.81698 0.354311 0.45498
f 419/754/1351 769/1241/1351 417/752/1351

vn 0.829278 0.361876 0.425845
f 417/752/1352 769/1241/1352 763/1228/1352

vn 0.789167 0.264549 0.554282
f 417/752/1353 763/1228/1353 416/751/1353

vn 0.762593 0.554222 0.333601
f 751/1211/1354 752/1212/1354 768/1240/1354

vn -0.173394 0.404981 0.897733
f 424/760/1355 743/1202/1355 422/761/1355

vn -0.197951 0.376355 0.905082
f 426/763/1356 742/1201/1356 424/760/1356

vn -0.226157 0.549162 0.804534
f 428/765/1357 742/1201/1357 426/763/1357

vn -0.433665 0.494281 0.753406
f 428/765/1358 741/1200/1358 742/1201/1358

vn -0.454785 0.618255 0.641039
f 430/767/1359 741/1200/1359 428/765/1359

vn -0.429887 0.617066 0.659111
v 0.525244 2.42609 0.691172
vt 0.282335 0.956581
f 430/767/1360 770/1242/1360 741/1200/1360

vn -0.434668 0.67333 0.598073
v 0.561526 2.48989 0.645718
vt 0.270084 0.966516
f 430/767/1361 771/1243/1361 770/1242/1361

vn -0.251995 0.736923 0.627251
f 431/768/1362 771/1243/1362 430/767/1362

vn -0.250237 0.856237 0.451929
f 431/768/1363 436/776/1363 771/1243/1363

vn -0.0906372 0.882484 0.461528
f 435/775/1364 436/776/1364 431/768/1364

vn -0.119398 0.89154 0.436922
f 433/770/1365 435/775/1365 431/768/1365

vn -0.217798 0.848226 0.48278
f 436/776/1366 437/777/1366 771/1243/1366

vn -0.409373 0.784838 0.465233
v 0.510975 2.47147 0.632294
vt 0.268488 0.956876
f 771/1243/1367 437/777/1367 772/1244/1367

vn -0.355726 0.780031 0.514791
v 0.501606 2.50172 0.579986
vt 0.258078 0.957087
f 437/777/1368 773/1245/1368 772/1244/1368

vn -0.358888 0.904725 0.229505
f 437/777/1369 438/778/1369 773/1245/1369

vn -0.29502 0.908183 0.296929
v 0.498664 2.51894 0.524401
vt 0.249791 0.957448
f 438/778/1370 774/1246/1370 773/1245/1370

vn -0.284485 0.958634 -0.00944909
v 0.501151 2.51909 0.464632
vt 0.241979 0.956479
f 438/778/1371 775/1247/1371 774/1246/1371

vn -0.352543 0.93434 0.0521689
f 439/779/1372 775/1247/1372 438/778/1372

vn -0.359688 0.895467 -0.262228
v 0.506488 2.50252 0.400715
vt 0.233927 0.953914
f 439/779/1373 776/1248/1373 775/1247/1373

vn -0.386534 0.891046 -0.237966
f 440/780/1374 776/1248/1374 439/779/1374

vn -0.400842 0.598556 -0.693582
v 0.506804 2.46376 0.367086
vt 0.229194 0.949583
f 440/780/1375 777/1249/1375 776/1248/1375

vn -0.338082 0.561277 -0.755426
f 440/780/1376 441/781/1376 777/1249/1376

vn -0.343385 0.289596 -0.893432
v 0.506363 2.40602 0.348539
vt 0.225233 0.942857
f 441/781/1377 778/1250/1377 777/1249/1377

vn -0.413689 0.350401 -0.840286
f 441/781/1378 442/782/1378 778/1250/1378

vn -0.422224 0.181512 -0.888133
f 442/782/1379 443/783/1379 778/1250/1379

vn -0.47155 0.129094 -0.872339
v 0.504727 2.33229 0.338512
vt 0.222173 0.933039
f 778/1250/1380 443/783/1380 779/1251/1380

vn -0.472151 0.144884 -0.86953
v 0.563578 2.27552 0.297097
vt 0.209701 0.926132
f 443/783/1381 780/1252/1381 779/1251/1381

vn -0.250515 0.159346 -0.954909
f 443/783/1382 445/786/1382 780/1252/1382

vn -0.242005 0.168343 -0.95556
f 444/784/1383 445/786/1383 443/783/1383

vn -0.249596 0.0756512 -0.96539
f 445/786/1384 446/788/1384 780/1252/1384

vn -0.26667 0.0568278 -0.962111
v 0.5637 2.21163 0.29329
vt 0.208223 0.915337
f 780/1252/1385 446/788/1385 781/1253/1385

vn -0.260101 -0.0966204 -0.960735
f 446/788/1386 447/790/1386 781/1253/1386

vn -0.268156 -0.108198 -0.95728
v 0.566404 2.16053 0.298308
vt 0.207869 0.90625
f 781/1253/1387 447/790/1387 782/1254/1387

vn -0.245544 -0.361576 -0.899428
vt 0.243026 0.890625
f 447/793/1388 448/794/1388 782/1255/1388

vn -0.269498 -0.400256 -0.87588
v 0.573669 2.11527 0.316756
vt 0.244154 0.881522
f 782/1255/1389 448/794/1389 783/1256/1389

vn -0.231528 -0.577792 -0.782657
v 0.583505 2.09301 0.330285
vt 0.244279 0.87589
f 448/794/1390 784/1257/1390 783/1256/1390

vn -0.285102 -0.508554 -0.812459
f 448/794/1391 449/796/1391 784/1257/1391

vn -0.242051 -0.63832 -0.730725
v 0.59121 2.08143 0.337842
vt 0.243989 0.872439
f 449/796/1392 785/1258/1392 784/1257/1392

vn -0.371557 -0.431478 -0.822053
v 0.638705 2.08564 0.314167
vt 0.231761 0.872805
f 449/796/1393 786/1259/1393 785/1258/1393

vn -0.130262 -0.426438 -0.895088
f 449/796/1394 450/797/1394 786/1259/1394

vt 0.411428 0.988178
vn -0.161619 0.137146 -0.977277
v 0.642436 2.06325 0.310409
vt 0.418358 0.984014
vt 0.41911 0.987639
f 450/1260/1395 787/1261/1395 786/1262/1395

vn -0.166924 0.147288 -0.974906
v 0.686413 2.06468 0.303095
vt 0.411193 0.984556
f 450/1260/1396 788/1263/1396 787/1261/1396

vt 0.588572 0.988178
vn 0.166924 0.147288 -0.974906
v 0.73039 2.06325 0.310409
vt 0.581642 0.984014
vt 0.588807 0.984556
f 450/1264/1397 789/1265/1397 788/1266/1397

vn 0.161619 0.137146 -0.977277
f 450/1264/1398 451/800/1398 789/1265/1398

vn 0.447122 0.0751252 -0.891313
f 451/800/1399 452/802/1399 789/1265/1399

vn 0.448775 0.173416 -0.876657
v 0.776409 2.01787 0.324989
vt 0.573542 0.976547
f 789/1265/1400 452/802/1400 790/1267/1400

vn 0.792038 0.101819 -0.601921
v 0.808499 2.00897 0.365709
vt 0.564545 0.976014
f 790/1267/1401 452/802/1401 791/1268/1401

vn 0.807889 0.128595 -0.575133
f 452/802/1402 453/803/1402 791/1268/1402

vn 0.964821 0.02232 -0.261959
v 0.824562 1.99699 0.423851
vt 0.553756 0.975851
f 791/1268/1403 453/803/1403 792/1269/1403

vn 0.964209 0.020117 -0.264381
f 453/803/1404 454/805/1404 792/1269/1404

vn 0.952193 -0.156395 0.26243
v 0.805878 1.98345 0.483577
vt 0.542383 0.97577
f 792/1269/1405 454/805/1405 793/1270/1405

vn 0.951969 -0.154727 0.264223
f 454/805/1406 455/807/1406 793/1270/1406

vn 0.638183 -0.259501 0.724832
v 0.755637 2.01385 0.538697
vt 0.530506 0.982987
f 455/807/1407 794/1271/1407 793/1270/1407

vt 0.533913 0.987384
vn 0.611756 -0.445505 0.653666
f 457/1272/1408 794/1271/1408 455/807/1408

vn 0.33824 -0.224266 0.913947
v 0.742089 2.03831 0.549712
vt 0.528141 0.987382
f 457/1272/1409 795/1273/1409 794/1271/1409

vn 0.0163249 -0.991714 -0.127428
v 0.745131 2.03313 0.590389
vt 0.719893 0.840274
vt 0.725639 0.844692
f 457/810/1410 796/1274/1410 795/1275/1410

vn -0.02327 -0.988378 -0.150225
f 458/811/1411 796/1274/1411 457/810/1411

vn -0.0330054 -0.974494 -0.221975
v 0.746969 2.02382 0.630998
vt 0.714088 0.835347
f 458/811/1412 797/1276/1412 796/1274/1412

v 0.808849 2.01585 0.629364
vt 0.70591 0.844073
vn -0.129212 -0.937369 -0.323486
f 798/1277/1413 797/1276/1413 458/811/1413

vn -0.127656 -0.91139 -0.391245
v 0.797665 1.9993 0.671576
vt 0.70071 0.836328
f 798/1277/1414 799/1278/1414 797/1276/1414

v 0.833595 1.9939 0.666699
vt 0.695878 0.842273
vn -0.189219 -0.896077 -0.401551
f 800/1279/1415 799/1278/1415 798/1277/1415

vn -0.197144 -0.801155 -0.565053
v 0.814329 1.97441 0.701046
vt 0.69236 0.833401
f 800/1279/1416 801/1280/1416 799/1278/1416

vn 0.733394 -0.679307 0.0259918
f 800/1279/1417 460/813/1417 801/1280/1417

vn 0.730639 -0.682021 0.0318548
f 459/812/1418 460/813/1418 800/1279/1418

vn -0.134812 -0.890583 -0.434381
f 459/812/1419 800/1279/1419 798/1277/1419

vn -0.146874 -0.935913 -0.320148
f 459/812/1420 798/1277/1420 458/811/1420

vn 0.720814 -0.693006 -0.0130232
v 0.824354 1.98455 0.716273
vt 0.68794 0.834495
f 460/813/1421 802/1281/1421 801/1280/1421

vn 0.896119 -0.241912 0.372088
f 460/813/1422 461/814/1422 802/1281/1422

vn 0.910175 -0.249224 0.330861
v 0.817302 2.01249 0.756713
vt 0.677195 0.833599
f 461/814/1423 803/1282/1423 802/1281/1423

vn 0.910378 -0.243246 0.334728
v 0.832067 2.08188 0.766983
vt 0.66625 0.844865
f 461/814/1424 804/1283/1424 803/1282/1424

vn 0.894001 -0.273583 0.354844
v 0.846868 2.08549 0.732475
vt 0.671988 0.850929
f 461/814/1425 805/1284/1425 804/1283/1425

vn 0.883786 -0.281027 0.374093
f 462/815/1426 805/1284/1426 461/814/1426

vn 0.902099 -0.0078366 0.431457
v 0.857382 2.12581 0.711224
vt 0.670077 0.861012
f 462/815/1427 806/1285/1427 805/1284/1427

vn 0.922978 0.0639083 0.379509
v 0.861413 2.12744 0.701148
vt 0.671637 0.862842
f 462/815/1428 807/1286/1428 806/1285/1428

vn 0.905081 0.0213378 0.424704
f 464/817/1429 807/1286/1429 462/815/1429

vn 0.300961 0.888004 -0.347666
v 0.872076 2.10981 0.665343
vt 0.679718 0.866351
f 464/817/1430 808/1287/1430 807/1286/1430

v 0.893418 2.15014 0.647898
vt 0.67944 0.87677
vn 0.131716 0.333937 0.933347
f 809/1288/1431 808/1287/1431 464/817/1431

vn -0.689991 0.562198 0.455901
vt 0.848104 0.950445
vt 0.851556 0.942344
f 473/828/1432 808/1289/1432 809/1290/1432

vn -0.195993 0.536337 0.820932
f 473/828/1433 475/830/1433 808/1289/1433

vn -0.156617 0.820108 -0.550357
v 0.856716 2.12929 0.698748
vt 0.841546 0.949746
f 808/1289/1434 475/830/1434 810/1291/1434

vn -0.587919 0.638439 -0.496736
v 0.851098 2.12557 0.700615
vt 0.841008 0.950783
f 475/830/1435 811/1292/1435 810/1291/1435

vn -0.871173 0.283932 -0.400549
v 0.829792 2.096 0.725992
vt 0.836459 0.957461
f 475/830/1436 812/1293/1436 811/1292/1436

vn -0.575207 0.803892 -0.151313
v 0.838358 2.08999 0.661509
vt 0.848677 0.957919
f 475/830/1437 813/1294/1437 812/1293/1437

vn -0.581018 0.805586 -0.115971
f 476/831/1438 813/1294/1438 475/830/1438

vn -0.287814 0.956045 0.056049
v 0.809083 2.08183 0.650354
vt 0.850362 0.963997
f 476/831/1439 814/1295/1439 813/1294/1439

vn 0.0286 0.922154 0.385764
f 476/831/1440 477/832/1440 814/1295/1440

vn -0.0544111 0.928782 0.366611
v 0.750003 2.08281 0.639089
vt 0.852464 0.97549
f 477/832/1441 815/1296/1441 814/1295/1441

vn 0.00647307 0.903608 0.428312
f 477/832/1442 478/833/1442 815/1296/1442

vn -0.0567781 0.904631 0.422396
v 0.686413 2.08186 0.632591
vt 0.853473 0.987803
f 478/833/1443 816/1297/1443 815/1296/1443

vn -0.0259538 0.894442 0.446429
f 478/833/1444 479/834/1444 816/1297/1444

vn 0.0259538 0.894442 0.446429
vt 0.146527 0.987803
f 479/835/1445 480/836/1445 816/1298/1445

vn 0.0567781 0.904631 0.422396
v 0.622822 2.08281 0.639089
vt 0.147536 0.97549
f 816/1298/1446 480/836/1446 817/1299/1446

vn -0.00647307 0.903608 0.428312
v 0.543427 2.11346 0.573246
vt 0.133542 0.959998
f 817/1299/1447 480/836/1447 818/1300/1447

vn -0.0224631 0.928758 0.370006
f 480/836/1448 481/837/1448 818/1300/1448

vn -0.0359512 0.927381 0.372387
v 0.501297 2.10401 0.592708
vt 0.137582 0.952011
f 818/1300/1449 481/837/1449 819/1301/1449

vn -0.233574 0.920705 0.312644
v 0.460166 2.12174 0.509757
vt 0.122394 0.944492
f 481/837/1450 820/1302/1450 819/1301/1450

vn -0.0376889 0.504003 0.862879
f 483/839/1451 820/1302/1451 481/837/1451

vn 0.774512 0.249002 0.581489
v 0.440029 2.1315 0.5324
vt 0.125594 0.940275
f 483/839/1452 821/1303/1452 820/1302/1452

vn 0.0866953 -0.962882 -0.255621
vt 0.021077 0.95245
f 485/843/1453 821/1304/1453 483/841/1453

vn 0.00723373 -0.984378 -0.175918
v 0.457569 2.12528 0.567925
vt 0.027962 0.950618
f 485/843/1454 822/1305/1454 821/1304/1454

vn 0.00738481 -0.984691 -0.174155
f 732/1187/1455 822/1305/1455 485/843/1455

vt 0.264702 0.902897
vn -0.782253 -0.550052 0.292443
f 822/1306/1456 732/1188/1456 733/1189/1456

v 0.446138 2.13643 0.566937
vt 0.263303 0.905685
vn -0.683352 -0.675981 0.275824
f 823/1307/1457 822/1306/1457 733/1189/1457

vt 0.257123 0.903596
vn -0.690837 -0.68855 0.220551
f 821/1308/1458 822/1306/1458 823/1307/1458

vn -0.613861 -0.759004 0.216999
v 0.427076 2.14127 0.529941
vt 0.255674 0.906265
f 823/1307/1459 824/1309/1459 821/1308/1459

vn -0.887207 -0.144264 0.438238
v 0.442526 2.16841 0.570151
vt 0.262717 0.911616
f 824/1309/1460 823/1307/1460 825/1310/1460

vn -0.87612 -0.145171 0.459717
f 823/1307/1461 734/1190/1461 825/1310/1461

vn -0.87937 -0.135587 0.456425
f 823/1307/1462 733/1189/1462 734/1190/1462

vn -0.870956 -0.198989 0.449265
f 825/1310/1463 734/1190/1463 735/1191/1463

vn -0.888627 -0.14288 0.435806
v 0.43843 2.20469 0.573696
vt 0.261464 0.917787
f 825/1310/1464 735/1191/1464 826/1311/1464

usemtl _auto_14
vt 0.065859 1.79352
vn -0.887239 -0.0922564 0.451991
vt 0.103489 1.79292
v 0.46502 2.25326 0.635804
vt 0.099265 1.8354
f 826/1312/1465 735/1313/1465 827/1314/1465

vn -0.892678 -0.0902123 0.441574
f 735/1313/1466 737/1195/1466 827/1314/1466

vn -0.879511 -0.121157 0.460197
f 735/1313/1467 736/1193/1467 737/1195/1467

vn -0.891111 -0.078477 0.446948
f 827/1314/1468 737/1195/1468 738/1196/1468

vn -0.90311 -0.0277963 0.428509
v 0.468566 2.30681 0.646751
vt 0.097027 1.87059
f 827/1314/1469 738/1196/1469 828/1315/1469

vn -0.877091 0.0614492 0.476377
vt 0.135867 1.89184
f 828/1315/1470 738/1196/1470 739/1316/1470

vn -0.878685 0.109 0.464792
v 0.483685 2.36393 0.661937
vt 0.099654 1.90978
f 828/1315/1471 739/1197/1471 829/1317/1471

vn -0.865992 0.132405 0.48221
f 829/1317/1472 739/1316/1472 740/1198/1472

vn -0.843833 0.231456 0.484123
v 0.501364 2.39752 0.676694
vt 0.106984 1.93478
f 829/1317/1473 740/1198/1473 830/1318/1473

vn -0.786772 0.308716 0.534495
vt 0.155406 1.93933
f 830/1318/1474 740/1198/1474 741/1319/1474

vn -0.762277 0.366927 0.533197
vt 0.116724 1.95844
f 830/1318/1475 741/1319/1475 770/1320/1475

v 0.483707 2.44368 0.618265
vt 0.061576 1.95378
vn -0.764689 0.372778 0.52563
f 831/1321/1476 830/1318/1476 770/1320/1476

v 0.463477 2.40945 0.603839
vt 0.053745 1.92779
vn -0.829338 0.288448 0.478535
f 832/1322/1477 830/1318/1477 831/1321/1477

vn -0.846041 0.235097 0.478481
f 832/1322/1478 829/1317/1478 830/1318/1478

vt 0.0996842 1.9098
vn -0.886339 0.160795 0.434221
vt 0.0537749 1.92781
v 0.427635 2.36875 0.545742
vt 0.0187992 1.89045
v 0.444692 2.34221 0.590398
vt 0.0530128 1.88204
f 829/1323/1479 832/1324/1479 833/1325/1479 834/1326/1479 

vt 0.018786 1.89038
vn -0.884923 0.149771 0.440998
v 0.444088 2.44405 0.553183
vt 0.014151 1.94005
f 833/1327/1480 832/1322/1480 835/1328/1480

vn -0.773973 0.344329 0.531417
v 0.469507 2.47566 0.569725
vt 0.025158 1.96611
f 835/1328/1481 832/1322/1481 836/1329/1481

vn -0.839536 0.307331 0.448026
f 836/1329/1482 832/1322/1482 831/1321/1482

vn -0.625756 0.554682 0.548414
vt 0.035359 1.99153
f 836/1329/1483 831/1321/1483 773/1330/1483

vn -0.74344 0.5126 0.429579
vt 0.072199 1.97813
f 773/1330/1484 831/1321/1484 772/1331/1484

vn -0.725645 0.448638 0.521693
f 831/1321/1485 770/1320/1485 772/1331/1485

usemtl _auto_15
vn -0.40874 0.672253 0.617258
f 771/1243/1486 772/1244/1486 770/1242/1486

vn -0.657366 0.709293 0.254505
vt 0.256706 0.951125
f 773/1245/1487 774/1246/1487 836/1332/1487

vn -0.607608 0.732001 0.308199
v 0.457257 2.49092 0.509318
vt 0.248552 0.950968
f 774/1246/1488 837/1333/1488 836/1332/1488

vn -0.555871 0.831076 -0.0178904
v 0.473271 2.50069 0.46533
vt 0.242881 0.952381
f 774/1246/1489 838/1334/1489 837/1333/1489

vn -0.551165 0.834136 -0.020859
f 775/1247/1490 838/1334/1490 774/1246/1490

vn -0.539744 0.808773 -0.233586
v 0.475584 2.49052 0.424794
vt 0.237932 0.950801
f 775/1247/1491 839/1335/1491 838/1334/1491

vn -0.516118 0.817644 -0.25511
f 776/1248/1492 839/1335/1492 775/1247/1492

v 0.469529 2.45121 0.396
vt 0.234168 0.946174
vn -0.64226 0.514817 -0.567861
f 840/1336/1493 839/1335/1493 776/1248/1493

vn -0.484025 0.564343 -0.668757
v 0.458674 2.46236 0.413268
vt 0.236923 0.946703
f 839/1335/1494 840/1336/1494 841/1337/1494

vn -0.593445 0.452758 -0.665458
v 0.447017 2.44235 0.41005
vt 0.236673 0.944019
f 841/1337/1495 840/1336/1495 842/1338/1495

vn -0.592966 0.387068 -0.706094
v 0.448476 2.4239 0.398708
vt 0.234992 0.942206
f 840/1336/1496 843/1339/1496 842/1338/1496

vn -0.5299 0.331046 -0.780778
v 0.466947 2.4028 0.37723
vt 0.231103 0.940777
f 840/1336/1497 844/1340/1497 843/1339/1497

vn -0.645708 0.305778 -0.699686
f 777/1249/1498 844/1340/1498 840/1336/1498

vn -0.582793 0.252543 -0.772382
f 777/1249/1499 778/1250/1499 844/1340/1499

vn -0.590668 0.0620766 -0.804524
v 0.460065 2.37501 0.380138
vt 0.231269 0.937301
f 778/1250/1500 845/1341/1500 844/1340/1500

vn -0.613147 0.119792 -0.780833
f 778/1250/1501 779/1251/1501 845/1341/1501

vn -0.614641 0.117435 -0.780017
v 0.452198 2.32127 0.378246
vt 0.231034 0.930395
f 845/1341/1502 779/1251/1502 846/1342/1502

vn -0.615002 0.123657 -0.778769
v 0.5044 2.2704 0.328943
vt 0.22023 0.924051
f 779/1251/1503 847/1343/1503 846/1342/1503

vn -0.478578 0.136631 -0.86735
f 779/1251/1504 780/1252/1504 847/1343/1504

vn -0.476694 0.0513886 -0.877566
f 780/1252/1505 781/1253/1505 847/1343/1505

vn -0.495544 0.0266681 -0.868174
v 0.506554 2.20662 0.325754
vt 0.219223 0.914237
f 847/1343/1506 781/1253/1506 848/1344/1506

vn -0.483541 -0.110853 -0.868274
f 781/1253/1507 782/1254/1507 848/1344/1507

vn -0.490638 -0.123466 -0.862572
v 0.512322 2.15804 0.329427
vt 0.218982 0.90625
f 848/1344/1508 782/1254/1508 849/1345/1508

vn -0.443565 -0.398416 -0.802817
vt 0.254138 0.890625
f 782/1255/1509 783/1256/1509 849/1346/1509

vn -0.463946 -0.437244 -0.770436
v 0.52901 2.11079 0.346194
vt 0.254434 0.881814
f 849/1346/1510 783/1256/1510 850/1347/1510

vn -0.398228 -0.598337 -0.695274
f 783/1256/1511 784/1257/1511 850/1347/1511

vn -0.400893 -0.703258 -0.587122
v 0.545319 2.08793 0.362438
vt 0.254756 0.875876
f 784/1257/1512 851/1348/1512 850/1347/1512

vn -0.420344 -0.675479 -0.605837
f 785/1258/1513 851/1348/1513 784/1257/1513

vn -0.327582 -0.863696 -0.383039
v 0.557197 2.07348 0.384865
vt 0.256875 0.870352
f 785/1258/1514 852/1349/1514 851/1348/1514

vt 0.427579 0.987301
vn -0.810156 -0.00122198 -0.586213
v 0.561803 2.05054 0.378548
vt 0.436414 0.983394
vt 0.436964 0.987366
f 785/1350/1515 853/1351/1515 852/1352/1515

v 0.594952 2.05896 0.333867
vt 0.427052 0.983579
vn -0.800342 -0.0273064 -0.598922
f 854/1353/1516 853/1351/1516 785/1350/1516

vn -0.807889 0.128595 -0.575133
v 0.564327 2.00897 0.365709
vt 0.435455 0.976014
f 854/1353/1517 855/1354/1517 853/1351/1517

v 0.596416 2.01787 0.324989
vt 0.426458 0.976547
vn -0.792038 0.101819 -0.601921
f 856/1355/1518 855/1354/1518 854/1353/1518

vn -0.791579 0.173743 -0.585847
v 0.561797 1.94466 0.350055
vt 0.434778 0.96446
f 856/1355/1519 857/1356/1519 855/1354/1519

v 0.594598 1.9536 0.308847
vt 0.425506 0.965266
vn -0.788619 0.170674 -0.590721
f 858/1357/1520 857/1356/1520 856/1355/1520

vt 0.434846 0.964163
vn -0.787172 0.206043 -0.581297
vt 0.425494 0.965309
v 0.592215 1.89552 0.291447
vt 0.424006 0.954953
v 0.558263 1.8855 0.333911
vt 0.433668 0.953631
f 857/1358/1521 858/1359/1521 859/1360/1521 860/1361/1521 

vn -0.450742 0.273119 -0.849845
v 0.639498 1.90093 0.268108
vt 0.415219 0.956486
vt 0.424015 0.954911
f 858/1357/1522 861/1362/1522 859/1363/1522

v 0.64186 1.95849 0.28524
vt 0.416627 0.966316
vn -0.452423 0.271417 -0.849498
f 862/1364/1523 861/1362/1523 858/1357/1523

vn -0.162546 0.287607 -0.943854
v 0.686413 1.90294 0.260639
vt 0.407761 0.958009
f 862/1364/1524 863/1365/1524 861/1362/1524

v 0.686413 1.95986 0.278251
vt 0.409371 0.967314
vn -0.156966 0.291915 -0.943476
f 864/1366/1525 863/1365/1525 862/1364/1525

vt 0.590629 0.967314
vn 0.156966 0.291915 -0.943476
v 0.730966 1.95849 0.28524
vt 0.583373 0.966316
vt 0.592239 0.958009
f 864/1367/1526 865/1368/1526 863/1369/1526

v 0.728632 2.02275 0.301322
vt 0.582454 0.977253
vn 0.157585 0.245129 -0.956597
f 866/1370/1527 865/1368/1527 864/1367/1527

vn 0.450711 0.232091 -0.861971
f 866/1370/1528 790/1267/1528 865/1368/1528

vn 0.451347 0.176656 -0.874688
f 789/1265/1529 790/1267/1529 866/1370/1529

vn 0.167033 0.208932 -0.96356
f 788/1266/1530 789/1265/1530 866/1370/1530

vn 0.154678 0.196687 -0.968189
v 0.686413 2.02393 0.294817
vt 0.589367 0.97791
f 788/1266/1531 866/1370/1531 867/1371/1531

vn 0.154303 0.247322 -0.956568
f 867/1371/1532 866/1370/1532 864/1367/1532

vt 0.410633 0.97791
vn -0.154303 0.247322 -0.956568
v 0.644194 2.02275 0.301322
vt 0.417546 0.977253
f 867/1372/1533 864/1366/1533 868/1373/1533

vn -0.157585 0.245129 -0.956597
f 868/1373/1534 864/1366/1534 862/1364/1534

vn -0.450711 0.232091 -0.861971
f 868/1373/1535 862/1364/1535 856/1355/1535

vn -0.45385 0.229117 -0.861119
f 856/1355/1536 862/1364/1536 858/1357/1536

vn -0.451347 0.176656 -0.874688
f 787/1261/1537 868/1373/1537 856/1355/1537

vn -0.167033 0.208932 -0.96356
f 788/1263/1538 868/1373/1538 787/1261/1538

vn -0.154678 0.196687 -0.968189
f 788/1263/1539 867/1372/1539 868/1373/1539

vn -0.448775 0.173416 -0.876657
f 787/1261/1540 856/1355/1540 854/1353/1540

vn -0.447122 0.0751252 -0.891313
f 786/1262/1541 787/1261/1541 854/1353/1541

vn -0.450432 0.0822521 -0.889014
f 786/1262/1542 854/1353/1542 785/1350/1542

vn 0.45385 0.229117 -0.861119
v 0.778228 1.9536 0.308847
vt 0.574494 0.965266
f 790/1267/1543 869/1374/1543 865/1368/1543

vn 0.788619 0.170674 -0.590721
v 0.811029 1.94466 0.350055
vt 0.565222 0.96446
f 869/1374/1544 790/1267/1544 870/1375/1544

vn 0.791579 0.173743 -0.585847
f 790/1267/1545 791/1268/1545 870/1375/1545

vn 0.96009 0.101238 -0.260726
v 0.827365 1.93288 0.405636
vt 0.554691 0.963999
f 870/1375/1546 791/1268/1546 871/1376/1546

vn 0.963555 0.111253 -0.243277
f 791/1268/1547 792/1269/1547 871/1376/1547

vn 0.959398 -0.0374949 0.279554
v 0.808222 1.91931 0.469511
vt 0.542435 0.96405
f 871/1376/1548 792/1269/1548 872/1377/1548

vn 0.955847 -0.0291909 0.29241
f 792/1269/1549 793/1270/1549 872/1377/1549

vn 0.678985 -0.133508 0.721911
v 0.756672 1.90944 0.516169
vt 0.529973 0.964632
f 793/1270/1550 873/1378/1550 872/1377/1550

vn 0.681321 -0.13626 0.71919
v 0.755209 1.97231 0.529467
vt 0.5303 0.975772
f 793/1270/1551 874/1379/1551 873/1378/1551

vn 0.681775 -0.165349 0.71263
f 794/1271/1552 874/1379/1552 793/1270/1552

vn 0.250651 -0.212431 0.944482
v 0.686413 1.96813 0.546785
vt 0.518307 0.976298
f 794/1271/1553 875/1380/1553 874/1379/1553

vn 0.24837 -0.208725 0.94591
v 0.686413 2.0127 0.55662
vt 0.518628 0.983843
f 794/1271/1554 876/1381/1554 875/1380/1554

vn 0.244849 -0.28215 0.927599
f 795/1273/1555 876/1381/1555 794/1271/1555

vn 0.225945 -0.236346 0.945034
v 0.686413 2.03752 0.562827
vt 0.518764 0.988045
f 795/1273/1556 877/1382/1556 876/1381/1556

vn -0.0154769 -0.992025 -0.125089
vt 0.730657 0.836002
f 796/1274/1557 877/1383/1557 795/1275/1557

vn 0.00954339 -0.98414 -0.177137
v 0.686413 2.03198 0.59364
vt 0.726654 0.832242
f 796/1274/1558 878/1384/1558 877/1383/1558

vn 0.00677183 -0.974611 -0.223802
f 797/1276/1559 878/1384/1559 796/1274/1559

vn -0.0599864 -0.991059 -0.119179
v 0.686413 2.02717 0.633607
vt 0.72159 0.827282
f 797/1276/1560 879/1385/1560 878/1384/1560

vn -0.0681562 -0.905688 -0.41843
v 0.739424 2.00336 0.676511
vt 0.708403 0.827808
f 797/1276/1561 880/1386/1561 879/1385/1561

vn -0.0985745 -0.901428 -0.421558
f 799/1278/1562 880/1386/1562 797/1276/1562

vn -0.104667 -0.823468 -0.557625
v 0.783409 1.97931 0.703766
vt 0.697227 0.828812
f 799/1278/1563 881/1387/1563 880/1386/1563

vn -0.177166 -0.799049 -0.574571
f 801/1280/1564 881/1387/1564 799/1278/1564

vn -0.17103 -0.687512 -0.705745
v 0.794307 1.95435 0.725446
vt 0.690635 0.825328
f 881/1387/1565 801/1280/1565 882/1388/1565

vn 0.658963 -0.74845 -0.0747754
v 0.803321 1.96081 0.740194
vt 0.686617 0.825937
f 801/1280/1566 883/1389/1566 882/1388/1566

vn 0.733013 -0.679553 -0.0300134
f 801/1280/1567 802/1281/1567 883/1389/1567

vn 0.848103 -0.355136 0.393192
f 802/1281/1568 803/1282/1568 883/1389/1568

vn 0.883263 -0.341622 0.321157
v 0.797543 1.98617 0.783057
vt 0.67591 0.82457
f 883/1389/1569 803/1282/1569 884/1390/1569

vn 0.882639 -0.30249 0.359788
v 0.81051 2.04088 0.797247
vt 0.66639 0.832691
f 803/1282/1570 885/1391/1570 884/1390/1570

vn 0.914768 -0.242463 0.323126
f 803/1282/1571 804/1283/1571 885/1391/1571

vn 0.886602 -0.141 0.440518
v 0.824666 2.08666 0.78341
vt 0.662526 0.842998
f 804/1283/1572 886/1392/1572 885/1391/1572

v 0.834937 2.11675 0.762136
vt 0.662219 0.85148
vn 0.909719 -0.0172193 0.414868
f 887/1393/1573 886/1392/1573 804/1283/1573

v 0.827989 2.11848 0.762683
vt 0.660649 0.851308
vn 0.195011 0.520948 0.831014
f 888/1394/1574 886/1392/1574 887/1393/1574

vn 0.27653 0.504081 0.818189
v 0.815162 2.09012 0.78449
vt 0.660259 0.842919
f 888/1394/1575 889/1395/1575 886/1392/1575

v 0.824608 2.11719 0.75917
vt 0.830107 0.95421
vn -0.666691 0.61984 0.41391
vt 0.82544 0.958906
vt 0.829406 0.953688
f 890/1396/1576 889/1397/1576 888/1398/1576

vn -0.695687 0.605024 0.387254
v 0.808449 2.08697 0.777359
vt 0.826708 0.960144
f 890/1396/1577 891/1399/1577 889/1397/1577

vn -0.901459 0.286884 -0.324144
f 812/1293/1578 891/1399/1578 890/1396/1578

v 0.815786 2.07715 0.722452
vt 0.836749 0.961848
vn -0.76517 0.608259 -0.211037
f 892/1400/1579 891/1399/1579 812/1293/1579

vn -0.905857 0.379147 -0.188865
v 0.799648 2.06502 0.775513
vt 0.826693 0.964336
f 892/1400/1580 893/1401/1580 891/1399/1580

vn -0.580698 0.814064 0.00942832
v 0.789764 2.05872 0.710884
vt 0.838096 0.968069
f 892/1400/1581 894/1402/1581 893/1401/1581

vn -0.605971 0.78819 0.107496
f 892/1400/1582 814/1295/1582 894/1402/1582

vn -0.298882 0.950088 0.0894529
f 813/1294/1583 814/1295/1583 892/1400/1583

vn -0.777685 0.607965 -0.159953
f 813/1294/1584 892/1400/1584 812/1293/1584

vn -0.0496276 0.93826 0.342353
f 814/1295/1585 815/1296/1585 894/1402/1585

vn -0.28915 0.847758 0.444633
v 0.740724 2.04651 0.702272
vt 0.838821 0.977663
f 894/1402/1586 815/1296/1586 895/1403/1586

vn -0.0631764 0.869314 0.490206
f 815/1296/1587 816/1297/1587 895/1403/1587

vn -0.0765881 0.863852 0.497889
v 0.686413 2.04334 0.699413
vt 0.839078 0.987803
f 895/1403/1588 816/1297/1588 896/1404/1588

vn 0.0765881 0.863852 0.497889
v 0.632102 2.04651 0.702272
vt 0.161179 0.977663
vt 0.160922 0.987803
f 816/1298/1589 897/1405/1589 896/1406/1589

vn 0.0631764 0.869314 0.490206
f 816/1298/1590 817/1299/1590 897/1405/1590

vn 0.28915 0.847758 0.444633
v 0.583062 2.05872 0.710884
vt 0.161904 0.968069
f 897/1405/1591 817/1299/1591 898/1407/1591

vn 0.0496276 0.93826 0.342353
v 0.563743 2.08183 0.650354
vt 0.149638 0.963997
f 817/1299/1592 899/1408/1592 898/1407/1592

vn 0.0544111 0.928782 0.366611
f 817/1299/1593 818/1300/1593 899/1408/1593

vn -0.0286 0.922154 0.385764
f 899/1408/1594 818/1300/1594 819/1301/1594

vn 0.287814 0.956045 0.056049
v 0.534468 2.08999 0.661509
vt 0.151323 0.957919
f 899/1408/1595 819/1301/1595 900/1409/1595

vn 0.581013 0.80559 -0.115967
v 0.511094 2.10728 0.664523
vt 0.151507 0.952249
f 900/1409/1596 819/1301/1596 901/1410/1596

vn 0.540456 0.833921 -0.111726
v 0.480947 2.11824 0.600506
vt 0.138781 0.947257
f 901/1410/1597 819/1301/1597 902/1411/1597

vn 0.517439 0.837092 -0.177578
v 0.439029 2.13136 0.540226
vt 0.127032 0.939993
f 819/1301/1598 903/1412/1598 902/1411/1598

vn 0.406733 0.913525 -0.00638683
f 819/1301/1599 820/1302/1599 903/1412/1599

vn 0.505551 0.859141 0.0793423
f 820/1302/1600 821/1303/1600 903/1412/1600

vn 0.0973105 0.994816 0.0295404
v 0.43146 2.13217 0.537984
vt 0.126084 0.938874
f 821/1303/1601 904/1413/1601 903/1412/1601

vn 0.424832 0.705776 0.56692
vt 0.124208 0.938437
f 821/1303/1602 824/1414/1602 904/1413/1602

v 0.430266 2.12105 0.528764
vt 0.291166 0.886268
vn -0.932545 -0.165731 0.320768
vt 0.294524 0.88793
vt 0.29083 0.89064
f 905/1415/1603 904/1416/1603 824/1417/1603

vn -0.99349 0.0128346 0.113194
v 0.433417 2.12099 0.556424
vt 0.297305 0.883768
f 905/1415/1604 906/1418/1604 904/1416/1604

vn -0.894799 -0.434884 0.101048
v 0.444667 2.0921 0.531728
vt 0.29048 0.879272
f 905/1415/1605 907/1419/1605 906/1418/1605

v 0.432028 2.10106 0.48466
vt 0.282784 0.8834
vn -0.890415 -0.426879 0.157908
f 908/1420/1606 907/1419/1606 905/1415/1606

vn -0.819619 -0.561601 0.113269
v 0.460249 2.0668 0.519039
vt 0.286595 0.874405
f 908/1420/1607 909/1421/1607 907/1419/1607

vn -0.659779 -0.72852 -0.184254
v 0.459979 2.08529 0.446917
vt 0.275446 0.879888
f 909/1421/1608 908/1420/1608 910/1422/1608

v 0.429244 2.14455 0.419826
vt 0.273804 0.890625
vn -0.764384 -0.550142 -0.336246
f 911/1423/1609 910/1422/1609 908/1420/1609

v 0.484778 2.10092 0.390132
vt 0.265456 0.881811
vn -0.6877 -0.565043 -0.455845
f 912/1424/1610 910/1422/1610 911/1423/1610

v 0.515091 2.07854 0.404713
vt 0.264589 0.875048
vn -0.409486 -0.818004 -0.403968
f 913/1425/1611 910/1422/1611 912/1424/1611

vn -0.378767 -0.853362 -0.358202
v 0.499308 2.06564 0.452128
vt 0.273223 0.872755
f 913/1425/1612 914/1426/1612 910/1422/1612

v 0.520918 2.06606 0.449665
vt 0.270891 0.869773
vn -0.0119483 -0.963856 -0.266154
f 915/1427/1613 914/1426/1613 913/1425/1613

v 0.526802 2.05106 0.507934
vt 0.279204 0.863661
vn -0.00982299 -0.968632 -0.248306
f 916/1428/1614 914/1426/1614 915/1427/1614

vn 0.0392245 -0.961864 -0.270701
v 0.492044 2.04887 0.510691
vt 0.282897 0.868671
f 916/1428/1615 917/1429/1615 914/1426/1615

vn 0.0356547 -0.951017 -0.307077
v 0.507788 2.02781 0.577744
vt 0.292508 0.859194
f 916/1428/1616 918/1430/1616 917/1429/1616

v 0.571381 2.03297 0.582717
vt 0.285845 0.849019
vn 0.100002 -0.951841 -0.289825
f 919/1431/1617 918/1430/1617 916/1428/1617

vn 0.103443 -0.927561 -0.359068
v 0.523585 2.00899 0.630905
vt 0.299811 0.849996
f 919/1431/1618 920/1432/1618 918/1430/1618

vn 0.146874 -0.935913 -0.320148
v 0.563976 2.01585 0.629364
vt 0.29409 0.844073
f 919/1431/1619 921/1433/1619 920/1432/1619

v 0.625857 2.02382 0.630998
vt 0.285912 0.835347
vn 0.129212 -0.937369 -0.323486
f 922/1434/1620 921/1433/1620 919/1431/1620

vn 0.127656 -0.91139 -0.391245
v 0.57516 1.9993 0.671576
vt 0.29929 0.836328
f 922/1434/1621 923/1435/1621 921/1433/1621

v 0.633402 2.00336 0.676511
vt 0.291597 0.827808
vn 0.0985745 -0.901428 -0.421558
f 924/1436/1622 923/1435/1622 922/1434/1622

vn 0.104667 -0.823468 -0.557625
v 0.589417 1.97931 0.703766
vt 0.302773 0.828812
f 924/1436/1623 925/1437/1623 923/1435/1623

v 0.640913 1.98128 0.70778
vt 0.295531 0.821536
vn 0.0764838 -0.805671 -0.587405
f 926/1438/1624 925/1437/1624 924/1436/1624

vn 0.0819905 -0.699421 -0.709992
v 0.604348 1.95634 0.72812
vt 0.305184 0.821617
f 926/1438/1625 927/1439/1625 925/1437/1625

vn 0.0499977 -0.674324 -0.736741
v 0.646979 1.95786 0.729625
vt 0.29866 0.816116
f 926/1438/1626 928/1440/1626 927/1439/1626

vn 0.0119059 -0.680433 -0.732713
v 0.686413 1.98105 0.708727
vt 0.289311 0.815836
f 926/1438/1627 929/1441/1627 928/1440/1627

v 0.686413 2.00505 0.678337
vt 0.284663 0.820962
vn 0.00904268 -0.78478 -0.619709
f 930/1442/1628 929/1441/1628 926/1438/1628

v 0.731912 1.98128 0.70778
vt 0.704469 0.821536
vn -0.00904268 -0.78478 -0.619709
vt 0.710689 0.815836
vt 0.715337 0.820962
f 931/1443/1629 929/1444/1629 930/1445/1629

vn -0.0119059 -0.680433 -0.732713
v 0.725846 1.95786 0.729625
vt 0.70134 0.816116
f 931/1443/1630 932/1446/1630 929/1444/1630

vn -0.0499977 -0.674324 -0.736741
v 0.768478 1.95634 0.72812
vt 0.694816 0.821617
f 931/1443/1631 933/1447/1631 932/1446/1631

vn -0.0819905 -0.699421 -0.709992
f 931/1443/1632 881/1387/1632 933/1447/1632

vn -0.0764838 -0.805671 -0.587405
f 881/1387/1633 931/1443/1633 880/1386/1633

vn -0.0459404 -0.810717 -0.583632
f 880/1386/1634 931/1443/1634 930/1445/1634

vn -0.0437916 -0.895508 -0.442885
f 880/1386/1635 930/1445/1635 879/1385/1635

vt 0.27841 0.827282
vn 0.0437916 -0.895508 -0.442885
f 879/1448/1636 930/1442/1636 924/1436/1636

vn 0.0459404 -0.810717 -0.583632
f 930/1442/1637 926/1438/1637 924/1436/1637

vn 0.0681562 -0.905688 -0.41843
f 879/1448/1638 924/1436/1638 922/1434/1638

vt 0.273346 0.832242
vn 0.0599864 -0.991059 -0.119179
f 878/1449/1639 879/1448/1639 922/1434/1639

vn -0.00677183 -0.974611 -0.223802
v 0.627695 2.03313 0.590389
vt 0.280107 0.840274
f 878/1449/1640 922/1434/1640 934/1450/1640

vn 0.0330054 -0.974494 -0.221975
f 934/1450/1641 922/1434/1641 919/1431/1641

vn 0.02327 -0.988378 -0.150225
v 0.596708 2.04042 0.537637
vt 0.276616 0.850479
f 934/1450/1642 919/1431/1642 935/1451/1642

vn -0.0647352 -0.978069 -0.197965
f 935/1451/1643 919/1431/1643 916/1428/1643

vn -0.131575 -0.990283 -0.0450279
v 0.558429 2.04703 0.504073
vt 0.275689 0.859327
f 935/1451/1644 916/1428/1644 936/1452/1644

vn -0.145584 -0.973294 -0.177496
v 0.539687 2.06075 0.444231
vt 0.268493 0.867131
f 936/1452/1645 916/1428/1645 937/1453/1645

vn -0.320923 -0.924532 -0.205546
f 937/1453/1646 916/1428/1646 915/1427/1646

vn -0.322703 -0.921938 -0.214226
f 937/1453/1647 915/1427/1647 913/1425/1647

vn -0.239671 -0.932379 -0.270606
f 852/1349/1648 937/1453/1648 913/1425/1648

vn -0.942587 -0.132694 -0.306467
v 0.545456 2.03629 0.437082
vt 0.447038 0.983045
vt 0.447306 0.987376
f 852/1352/1649 938/1454/1649 937/1455/1649

vn -0.949995 -0.110259 -0.292153
f 853/1351/1650 938/1454/1650 852/1352/1650

vn -0.964209 0.020117 -0.264381
v 0.548264 1.99699 0.423851
vt 0.446244 0.975851
f 853/1351/1651 939/1456/1651 938/1454/1651

vn -0.964821 0.02232 -0.261959
f 855/1354/1652 939/1456/1652 853/1351/1652

vn -0.963555 0.111253 -0.243277
v 0.545461 1.93288 0.405636
vt 0.445309 0.963999
f 855/1354/1653 940/1457/1653 939/1456/1653

vn -0.96009 0.101238 -0.260726
f 857/1356/1654 940/1457/1654 855/1354/1654

vn -0.958771 0.124671 -0.255374
v 0.541537 1.87208 0.390687
vt 0.44468 0.952616
f 857/1356/1655 941/1458/1655 940/1457/1655

vt 0.433677 0.953587
vn -0.959254 0.126269 -0.25276
f 860/1459/1656 941/1458/1656 857/1356/1656

v 0.550749 1.829 0.316671
vt 0.432296 0.942973
vn -0.951956 0.197922 -0.23368
f 942/1460/1657 941/1458/1657 860/1459/1657

vn -0.946058 0.214656 -0.242686
v 0.532751 1.81052 0.370483
vt 0.442985 0.940663
f 942/1460/1658 943/1461/1658 941/1458/1658

v 0.544925 1.78399 0.293823
vt 0.42943 0.93433
vn -0.942441 0.240075 -0.232743
f 944/1462/1659 943/1461/1659 942/1460/1659

vn -0.92978 0.276284 -0.243263
v 0.523576 1.75386 0.341202
vt 0.439177 0.929411
f 944/1462/1660 945/1463/1660 943/1461/1660

vn -0.8456 0.532111 -0.0426473
v 0.514115 1.7352 0.295942
vt 0.431795 0.924608
f 944/1462/1661 946/1464/1661 945/1463/1661

v 0.539065 1.75286 0.265397
vt 0.425452 0.92813
vn -0.79346 0.485079 -0.367586
f 947/1465/1662 946/1464/1662 944/1462/1662

vn -0.692308 0.704015 -0.158341
v 0.505398 1.71898 0.261932
vt 0.427058 0.920573
f 947/1465/1663 948/1466/1663 946/1464/1663

vn -0.59802 0.643063 -0.478374
v 0.531527 1.72452 0.236723
vt 0.421837 0.922648
f 947/1465/1664 949/1467/1664 948/1466/1664

v 0.573249 1.7623 0.236364
vt 0.418371 0.930821
vn -0.589566 0.646589 -0.484081
f 950/1468/1665 949/1467/1665 947/1465/1665

vn -0.459054 0.500054 -0.734313
v 0.557263 1.72367 0.220057
vt 0.417307 0.923885
f 950/1468/1666 951/1469/1666 949/1467/1666

vn -0.313431 0.476539 -0.821384
v 0.589429 1.71383 0.20207
vt 0.41155 0.924129
f 950/1468/1667 952/1470/1667 951/1469/1667

v 0.624808 1.76364 0.217918
vt 0.410195 0.933546
vn -0.306646 0.479427 -0.822264
f 953/1471/1668 952/1470/1668 950/1468/1668

vn -0.166289 0.404274 -0.899394
v 0.660188 1.73761 0.199678
vt 0.403455 0.931441
f 953/1471/1669 954/1472/1669 952/1470/1669

vt 0.403451 0.93143
vn -0.130446 0.444009 -0.886476
vt 0.410191 0.933535
v 0.686413 1.77759 0.215843
vt 0.402197 0.93867
v 0.686413 1.75666 0.205354
vt 0.400875 0.935562
f 954/1473/1670 953/1474/1670 955/1475/1670 956/1476/1670 

v 0.63394 1.80815 0.234471
vt 0.411617 0.940946
vn -0.114157 0.366738 -0.923294
vt 0.402201 0.938681
f 957/1477/1671 955/1478/1671 953/1471/1671

v 0.686413 1.81021 0.229642
vt 0.403959 0.94359
vn -0.0995005 0.387699 -0.9164
f 958/1479/1672 955/1478/1672 957/1477/1672

vt 0.596041 0.94359
vn 0.0995005 0.387699 -0.9164
v 0.738886 1.80815 0.234471
vt 0.588383 0.940946
vt 0.597799 0.938681
f 958/1480/1673 959/1481/1673 955/1482/1673

v 0.735936 1.85388 0.251593
vt 0.586407 0.948503
vn 0.0994318 0.354559 -0.929732
f 960/1483/1674 959/1481/1674 958/1480/1674

vt 0.588224 0.940197
vn 0.429308 0.340482 -0.83652
vt 0.586411 0.948443
v 0.78061 1.89552 0.291447
vt 0.575989 0.95485
v 0.783825 1.8455 0.272758
vt 0.57797 0.945831
f 959/1484/1675 960/1485/1675 961/1486/1675 962/1487/1675 

v 0.733327 1.90093 0.268108
vt 0.584781 0.956486
vn 0.448654 0.318005 -0.835214
vt 0.575985 0.954911
f 963/1488/1676 961/1489/1676 960/1483/1676

vn 0.450742 0.273119 -0.849845
f 869/1374/1677 961/1489/1677 963/1488/1677

vt 0.565154 0.964163
vn 0.787172 0.206043 -0.581297
v 0.814563 1.8855 0.333911
vt 0.566332 0.953631
vt 0.575994 0.954953
vt 0.574506 0.965309
f 870/1490/1678 964/1491/1678 961/1492/1678 869/1493/1678 

vt 0.566323 0.953587
vn 0.959254 0.126269 -0.25276
v 0.831289 1.87208 0.390687
vt 0.55532 0.952616
f 964/1494/1679 870/1375/1679 965/1495/1679

vn 0.958771 0.124671 -0.255374
f 870/1375/1680 871/1376/1680 965/1495/1680

vn 0.960237 -0.006644 0.279107
v 0.81205 1.85585 0.456488
vt 0.542346 0.952256
f 965/1495/1681 871/1376/1681 966/1496/1681

vn 0.95797 -0.00107159 0.286865
f 871/1376/1682 872/1377/1682 966/1496/1682

vn 0.6762 -0.108729 0.72865
v 0.758854 1.84472 0.504195
vt 0.529223 0.952992
f 872/1377/1683 967/1497/1683 966/1496/1683

vn 0.678526 -0.111468 0.726069
f 872/1377/1684 873/1378/1684 967/1497/1684

vn 0.244146 -0.168476 0.954991
v 0.686413 1.84011 0.521901
vt 0.516306 0.954512
f 873/1378/1685 968/1498/1685 967/1497/1685

vn 0.247477 -0.171975 0.953509
v 0.686413 1.90575 0.53374
vt 0.517587 0.965672
f 873/1378/1686 969/1499/1686 968/1498/1686

vn 0.247567 -0.194965 0.949052
f 874/1379/1687 969/1499/1687 873/1378/1687

vn 0.250569 -0.198161 0.947601
f 874/1379/1688 875/1380/1688 969/1499/1688

v 0.617616 1.97231 0.529467
vt 0.4697 0.975772
vn -0.250569 -0.198161 0.947601
vt 0.482413 0.965672
vt 0.481693 0.976298
f 970/1500/1689 969/1501/1689 875/1502/1689

vn -0.247567 -0.194965 0.949052
v 0.616154 1.90944 0.516169
vt 0.470027 0.964632
f 970/1500/1690 971/1503/1690 969/1501/1690

v 0.566948 1.98345 0.483577
vt 0.457617 0.97577
vn -0.681321 -0.13626 0.71919
f 972/1504/1691 971/1503/1691 970/1500/1691

vn -0.678985 -0.133508 0.721911
v 0.564604 1.91931 0.469511
vt 0.457565 0.96405
f 972/1504/1692 973/1505/1692 971/1503/1692

vn -0.955847 -0.0291909 0.29241
f 939/1456/1693 973/1505/1693 972/1504/1693

vn -0.959398 -0.0374949 0.279554
f 940/1457/1694 973/1505/1694 939/1456/1694

vn -0.95797 -0.00107159 0.286865
v 0.560775 1.85585 0.456488
vt 0.457654 0.952256
f 940/1457/1695 974/1506/1695 973/1505/1695

vn -0.960237 -0.006644 0.279107
f 941/1458/1696 974/1506/1696 940/1457/1696

vn -0.954519 0.0559019 0.292862
v 0.553446 1.79039 0.445095
vt 0.45788 0.939864
f 941/1458/1697 975/1507/1697 974/1506/1697

vn -0.959387 0.0455545 0.278392
f 943/1461/1698 975/1507/1698 941/1458/1698

vn -0.899601 0.288946 0.327458
v 0.523373 1.73443 0.411857
vt 0.452467 0.927699
f 943/1461/1699 976/1508/1699 975/1507/1699

vn -0.989273 0.14155 0.0360798
f 945/1463/1700 976/1508/1700 943/1461/1700

vn -0.585614 0.782009 0.213347
v 0.484704 1.71537 0.375585
vt 0.445965 0.920348
f 945/1463/1701 977/1509/1701 976/1508/1701

vn -0.60876 0.773268 0.177393
v 0.482217 1.72229 0.336874
vt 0.439469 0.920333
f 945/1463/1702 978/1510/1702 977/1509/1702

vn -0.580431 0.788406 -0.203754
f 945/1463/1703 946/1464/1703 978/1510/1703

vn -0.581654 0.787154 -0.205102
v 0.485163 1.71763 0.31064
vt 0.435217 0.91963
f 946/1464/1704 979/1511/1704 978/1510/1704

vn -0.60819 0.716341 -0.341996
v 0.489575 1.70894 0.284583
vt 0.431068 0.918533
f 946/1464/1705 980/1512/1705 979/1511/1705

vn -0.684536 0.710432 -0.163394
f 946/1464/1706 948/1466/1706 980/1512/1706

vt 0.401682 0.475301
vn -0.413471 0.903657 0.111559
v 0.45617 1.69871 0.243632
vt 0.407879 0.466789
vt 0.407021 0.47679
f 948/1513/1707 981/1514/1707 980/1515/1707

vn -0.447963 0.856424 0.256647
v 0.476127 1.7155 0.22245
vt 0.401783 0.466302
f 948/1513/1708 982/1516/1708 981/1514/1708

vt 0.394794 0.474305
vn -0.170626 0.984534 0.0397541
f 949/1517/1709 982/1516/1709 948/1513/1709

vn -0.187027 0.976334 0.108598
v 0.506124 1.7239 0.19858
vt 0.394794 0.466103
f 949/1517/1710 983/1518/1710 982/1516/1710

vt 0.389092 0.474304
vn 0.0156067 0.999521 -0.0267342
f 951/1519/1711 983/1518/1711 949/1517/1711

vn 0.041887 0.995119 -0.0893544
v 0.539232 1.72081 0.179745
vt 0.388018 0.466353
f 951/1519/1712 984/1520/1712 983/1518/1712

vt 0.381981 0.474409
vn 0.205741 0.96535 -0.160529
f 952/1521/1713 984/1520/1713 951/1519/1713

vn 0.254846 0.924413 -0.28375
v 0.571672 1.70741 0.165199
vt 0.381144 0.466809
f 952/1521/1714 985/1522/1714 984/1520/1714

vn 0.614037 0.672666 -0.412892
v 0.584185 1.69498 0.163568
vt 0.377872 0.467389
f 952/1521/1715 986/1523/1715 985/1522/1715

vt 0.322354 0.41824
vn 0.17413 -0.893607 0.413696
v 0.556521 1.69634 0.178157
vt 0.321135 0.414533
vt 0.323936 0.414746
f 952/1524/1716 987/1525/1716 986/1526/1716

vn 0.347899 -0.917633 0.192134
v 0.564934 1.7062 0.20999
vt 0.320248 0.417431
f 952/1524/1717 988/1527/1717 987/1525/1717

vt 0.41155 0.799129
vn -0.397543 0.441273 -0.804511
v 0.592633 1.65364 0.167475
vt 0.405701 0.789698
vt 0.41464 0.796904
f 952/1528/1718 989/1529/1718 988/1530/1718

vn -0.205117 0.479518 -0.853223
v 0.636095 1.68692 0.175726
vt 0.403073 0.797714
f 952/1528/1719 990/1531/1719 989/1529/1719

vn -0.194384 0.493033 -0.848017
vt 0.403073 0.922714
f 954/1472/1720 990/1532/1720 952/1470/1720

v 0.65266 1.72785 0.0980293
vt 0.466553 0.831634
vn -0.907748 0.418646 0.0270103
vt 0.463449 0.814736
vt 0.475125 0.813964
f 991/1533/1721 990/1534/1721 954/1535/1721

v 0.626893 1.68615 0.0849332
vt 0.456848 0.830974
vn -0.859199 0.504898 0.0827968
f 992/1536/1722 990/1534/1722 991/1533/1722

vn -0.958018 0.27058 0.0947988
v 0.622699 1.64602 0.157068
vt 0.454401 0.815264
f 992/1536/1723 993/1537/1723 990/1534/1723

v 0.622723 1.64073 0.0743529
vt 0.447836 0.829943
vn -0.995656 0.0928972 -0.00622364
f 994/1538/1724 993/1537/1724 992/1536/1724

vn -0.992368 0.123044 -0.00814984
v 0.616783 1.59671 0.132961
vt 0.443767 0.816277
f 994/1538/1725 995/1539/1725 993/1537/1725

v 0.619773 1.59475 0.0634623
vt 0.438523 0.828792
vn -0.996203 0.0745398 -0.0449715
f 996/1540/1726 995/1539/1726 994/1538/1726

vn -0.996148 -0.0776873 -0.0406652
v 0.621004 1.55245 0.114116
vt 0.434533 0.816637
f 996/1540/1727 997/1541/1727 995/1539/1727

v 0.618264 1.55416 0.0543931
vt 0.430399 0.827356
vn -0.998558 0.0267185 0.0465722
f 998/1542/1728 997/1541/1728 996/1540/1728

vn -0.938109 -0.344749 0.0331732
v 0.637177 1.5064 0.0928921
vt 0.424602 0.816674
f 998/1542/1729 999/1543/1729 997/1541/1729

v 0.628743 1.51356 0.0442134
vt 0.421986 0.825872
vn -0.952772 -0.277069 0.124335
f 1000/1544/1730 999/1543/1730 998/1542/1730

vn -0.838376 -0.541119 0.0656922
v 0.656193 1.47565 0.0823091
vt 0.418011 0.815123
f 1000/1544/1731 1001/1545/1731 999/1543/1731

v 0.644474 1.46425 0.020199
vt 0.411087 0.824655
vn -0.884782 -0.399317 0.240222
f 1002/1546/1732 1001/1545/1732 1000/1544/1732

v 0.686413 1.45773 0.0744654
vt 0.412269 0.812135
vn -0.447497 -0.860804 0.242411
f 1003/1547/1733 1001/1545/1733 1002/1546/1733

vt 0.380295 0.756236
vn -0.0925162 0.264204 -0.960019
vt 0.373058 0.75337
v 0.637499 1.43689 0.0734415
vt 0.382644 0.747028
f 1001/1548/1734 1003/1549/1734 1004/1550/1734

vt 0.5 0.243123
vn -0.373222 0.888709 -0.266274
v 0.641089 1.42853 0.0405052
vt 0.490767 0.251849
vt 0.489311 0.245252
f 1003/1551/1735 1005/1552/1735 1004/1553/1735

v 0.686413 1.4426 0.0304053
vt 0.5 0.252155
vn -0.343739 0.888116 -0.305113
f 1006/1554/1736 1005/1552/1736 1003/1551/1736

v 0.686413 1.41364 -0.0268207
vt 0.5 0.263827
vn -0.353297 0.834715 -0.422413
f 1007/1555/1737 1005/1552/1737 1006/1554/1737

vn -0.358615 0.831035 -0.425179
v 0.621801 1.39349 -0.0117071
vt 0.487748 0.263791
f 1007/1555/1738 1008/1556/1738 1005/1552/1738

v 0.686413 1.36931 -0.0825998
vt 0.5 0.27631
vn -0.363084 0.729432 -0.579741
f 1009/1557/1739 1008/1556/1739 1007/1555/1739

vn -0.339367 0.75156 -0.565674
v 0.613881 1.34864 -0.0665387
vt 0.486666 0.276534
f 1009/1557/1740 1010/1558/1740 1008/1556/1740

vn -0.333256 0.612941 -0.71641
v 0.686413 1.3162 -0.128037
vt 0.5 0.288567
f 1009/1557/1741 1011/1559/1741 1010/1558/1741

vn 0.333256 0.612941 -0.71641
v 0.758945 1.34864 -0.0665387
vt 0.513334 0.276534
f 1009/1557/1742 1012/1560/1742 1011/1559/1742

vn 0.339367 0.75156 -0.565674
v 0.751025 1.39349 -0.0117071
vt 0.512252 0.263791
f 1012/1560/1743 1009/1557/1743 1013/1561/1743

vn 0.363084 0.729432 -0.579741
f 1013/1561/1744 1009/1557/1744 1007/1555/1744

vn 0.358615 0.831035 -0.425179
v 0.731737 1.42853 0.0405052
vt 0.509233 0.251849
f 1013/1561/1745 1007/1555/1745 1014/1562/1745

vn 0.353297 0.834715 -0.422413
f 1014/1562/1746 1007/1555/1746 1006/1554/1746

vn 0.343739 0.888116 -0.305113
f 1014/1562/1747 1006/1554/1747 1003/1551/1747

v 0.735327 1.43689 0.0734415
vt 0.510689 0.245252
vn 0.373222 0.888709 -0.266274
f 1015/1563/1748 1014/1562/1748 1003/1551/1748

vn 0.690909 0.679178 -0.247714
v 0.763901 1.40511 0.0660133
vt 0.518413 0.249961
f 1014/1562/1749 1015/1563/1749 1016/1564/1749

v 0.774188 1.46 0.0928602
vt 0.607613 0.75128
vn 0.209912 0.397559 -0.893243
vt 0.612673 0.738877
vt 0.617356 0.747028
f 1017/1565/1750 1016/1566/1750 1015/1567/1750

vn 0.501062 0.302649 -0.810766
v 0.790831 1.39885 0.0803204
vt 0.606014 0.737152
f 1017/1565/1751 1018/1568/1751 1016/1566/1751

vn 0.528086 0.306171 -0.792076
v 0.819068 1.44153 0.115644
vt 0.596887 0.747184
f 1017/1565/1752 1019/1569/1752 1018/1568/1752

v 0.786062 1.49989 0.106927
vt 0.60364 0.759666
vn 0.496754 0.153335 -0.854239
f 1020/1570/1753 1019/1569/1753 1017/1565/1753

vn 0.487829 0.147366 -0.86041
v 0.824756 1.49174 0.127468
vt 0.594878 0.75772
f 1020/1570/1754 1021/1571/1754 1019/1569/1754

v 0.792405 1.54917 0.126236
vt 0.599914 0.769777
vn 0.49499 0.261066 -0.828752
f 1022/1572/1755 1021/1571/1755 1020/1570/1755

vn 0.416465 0.215664 -0.883202
v 0.834615 1.54008 0.143921
vt 0.591574 0.767161
f 1022/1572/1756 1023/1573/1756 1021/1571/1756

v 0.792975 1.59666 0.143041
vt 0.596933 0.778912
vn 0.422722 0.29778 -0.85594
f 1024/1574/1757 1023/1573/1757 1022/1572/1757

vn 0.427767 0.301553 -0.852104
v 0.841769 1.59217 0.165945
vt 0.587944 0.776599
f 1024/1574/1758 1025/1575/1758 1023/1573/1758

v 0.780192 1.65364 0.167475
vt 0.594299 0.789698
vn 0.415063 0.435616 -0.798725
f 1026/1576/1759 1025/1575/1759 1024/1574/1759

vn 0.374573 0.396047 -0.838357
v 0.846872 1.65291 0.196922
vt 0.583472 0.786633
f 1026/1576/1760 1027/1577/1760 1025/1575/1760

v 0.807892 1.7062 0.20999
vt 0.58536 0.796904
vn 0.362246 0.463323 -0.808771
f 1028/1578/1761 1027/1577/1761 1026/1576/1761

vn 0.462362 0.515195 -0.721662
v 0.844242 1.70584 0.233023
vt 0.57949 0.795282
f 1028/1578/1762 1029/1579/1762 1027/1577/1762

v 0.860511 1.69739 0.205426
vt 0.683514 0.414579
vn -0.143547 -0.96679 0.211451
vt 0.683514 0.417607
vt 0.679752 0.417431
f 1030/1580/1763 1029/1581/1763 1028/1582/1763

v 0.900436 1.69031 0.235895
vt 0.6882 0.414765
vn -0.270361 -0.953578 0.132644
f 1031/1583/1764 1029/1581/1764 1030/1580/1764

vn -0.270538 -0.942167 0.197814
v 0.871645 1.7042 0.26271
vt 0.687283 0.418593
f 1031/1583/1765 1032/1584/1765 1029/1581/1765

vn -0.176514 -0.938469 0.296847
v 0.88325 1.70894 0.284583
vt 0.689375 0.419846
f 1031/1583/1766 1033/1585/1766 1032/1584/1766

v 0.922906 1.68402 0.254417
vt 0.690968 0.414835
vn -0.410601 -0.890528 0.195876
f 1034/1586/1767 1033/1585/1767 1031/1583/1767

v 0.916655 1.69871 0.243632
vt 0.592121 0.466789
vn 0.688632 0.596113 0.412838
vt 0.592979 0.47679
vt 0.588551 0.467247
f 1035/1587/1768 1033/1588/1768 1034/1589/1768

vn 0.413471 0.903657 0.111559
v 0.867428 1.71898 0.261932
vt 0.598318 0.475301
f 1035/1587/1769 1036/1590/1769 1033/1588/1769

vn 0.447961 0.856427 0.256639
v 0.896699 1.7155 0.22245
vt 0.598217 0.466302
f 1035/1587/1770 1037/1591/1770 1036/1590/1770

v 0.921117 1.70512 0.188741
vt 0.597885 0.458703
vn 0.545525 0.82619 0.14076
f 1038/1592/1771 1037/1591/1771 1035/1587/1771

vn 0.315405 0.946857 -0.0630948
v 0.866702 1.7239 0.198579
vt 0.605206 0.466103
f 1038/1592/1772 1039/1593/1772 1037/1591/1772

vn 0.319485 0.946734 -0.0402936
v 0.888885 1.71494 0.163963
vt 0.605206 0.459046
f 1038/1592/1773 1040/1594/1773 1039/1593/1773

vn 0.365153 0.924607 -0.108471
v 0.915283 1.69959 0.121981
vt 0.605206 0.449316
f 1038/1592/1774 1041/1595/1774 1040/1594/1774

v 0.949045 1.68916 0.148043
vt 0.597748 0.449305
vn 0.369012 0.923049 -0.108679
f 1042/1596/1775 1041/1595/1775 1038/1592/1775

vn 0.470646 0.838664 -0.274108
v 0.937597 1.67528 0.0859039
vt 0.605206 0.440671
f 1042/1596/1776 1043/1597/1776 1041/1595/1776

v 0.971096 1.66623 0.111336
vt 0.597807 0.440685
vn 0.43786 0.856867 -0.272135
f 1044/1598/1777 1043/1597/1777 1042/1596/1777

v 0.988513 1.63756 0.0754721
vt 0.598197 0.432055
vn 0.49892 0.778727 -0.380346
f 1045/1599/1778 1043/1597/1778 1044/1598/1778

vn 0.501096 0.780089 -0.374652
v 0.961304 1.64053 0.0452743
vt 0.605206 0.430599
f 1045/1599/1779 1046/1600/1779 1043/1597/1779

v 1.00895 1.60339 0.0513738
vt 0.596707 0.423769
vn 0.582187 0.671499 -0.458418
f 1047/1601/1780 1046/1600/1780 1045/1599/1780

vn 0.584845 0.676757 -0.447165
v 0.9782 1.60594 0.0150142
vt 0.605206 0.421647
f 1047/1601/1781 1048/1602/1781 1046/1600/1781

vt 0.687654 0.393705
vn -0.367972 -0.896041 0.248408
v 0.92766 1.64958 0.0975704
vt 0.683514 0.402186
vt 0.683514 0.392654
f 1047/1603/1782 1049/1604/1782 1048/1605/1782

vn -0.358242 -0.895295 0.264782
v 0.975173 1.64034 0.1306
vt 0.68887 0.402072
f 1047/1603/1783 1050/1606/1783 1049/1604/1783

v 1.0188 1.60924 0.102666
vt 0.691024 0.397041
vn -0.485956 -0.852949 0.190589
f 1051/1607/1784 1050/1606/1784 1047/1603/1784

vn -0.481544 -0.853692 0.198306
v 1.01322 1.62554 0.159298
vt 0.693426 0.401881
f 1051/1607/1785 1052/1608/1785 1050/1606/1785

vt 0.589413 0.430138
vn 0.804007 0.587772 -0.0899784
v 0.99911 1.6368 0.106781
vt 0.593231 0.435147
vt 0.584121 0.440036
f 1051/1609/1786 1053/1610/1786 1052/1611/1786

vn 0.77078 0.587431 -0.246625
f 1045/1599/1787 1053/1610/1787 1051/1609/1787

vn 0.690167 0.690397 -0.216842
f 1053/1610/1788 1045/1599/1788 1044/1598/1788

vn 0.710997 0.694106 -0.112693
v 0.993017 1.64761 0.134907
vt 0.591227 0.440426
f 1053/1610/1789 1044/1598/1789 1054/1612/1789

vn 0.677883 0.73341 -0.0508393
f 1054/1612/1790 1044/1598/1790 1042/1596/1790

vn 0.69141 0.721788 0.0312049
v 0.972254 1.66581 0.173881
vt 0.590393 0.449185
f 1054/1612/1791 1042/1596/1791 1055/1613/1791

vn 0.634607 0.763477 0.119904
v 0.943392 1.68367 0.212932
vt 0.590805 0.45883
f 1055/1613/1792 1042/1596/1792 1056/1614/1792

vn 0.618171 0.77689 0.119607
f 1042/1596/1793 1038/1592/1793 1056/1614/1793

vn 0.603207 0.785085 0.140652
f 1056/1614/1794 1038/1592/1794 1035/1587/1794

vn 0.735084 0.575689 0.358097
f 1056/1614/1795 1035/1587/1795 1034/1589/1795

v 0.957958 1.66478 0.231635
vt 0.585105 0.459052
vn 0.598181 0.747419 0.28904
f 1057/1615/1796 1056/1614/1796 1034/1589/1796

vn 0.683436 0.707006 0.181818
f 1055/1613/1797 1056/1614/1797 1057/1615/1797

v 0.990886 1.64328 0.197175
vt 0.58341 0.449114
vn 0.660968 0.729324 0.176656
f 1058/1616/1798 1055/1613/1798 1057/1615/1798

vn 0.715123 0.692177 0.0974163
f 1052/1611/1799 1055/1613/1799 1058/1616/1799

vn 0.709033 0.70346 0.0491548
f 1054/1612/1800 1055/1613/1800 1052/1611/1800

vn 0.774726 0.628012 -0.0734901
f 1053/1610/1801 1054/1612/1801 1052/1611/1801

vn -0.456825 -0.878157 0.141956
vt 0.693569 0.40621
v 0.954289 1.65758 0.167817
vt 0.68908 0.406268
f 1052/1608/1802 1058/1617/1802 1059/1618/1802

vn -0.446735 -0.885798 0.125658
vt 0.692659 0.410929
f 1058/1617/1803 1057/1619/1803 1059/1618/1803

vt 0.691085 0.414649
vn -0.414221 -0.901521 0.125223
v 0.926113 1.67599 0.206962
vt 0.6889 0.410826
vt 0.689169 0.406122
vt 0.692752 0.41078
f 1034/1620/1804 1060/1621/1804 1059/1622/1804 1057/1623/1804 

vt 0.688807 0.410972
vn -0.365877 -0.921376 0.13115
f 1060/1624/1805 1034/1586/1805 1031/1583/1805

vn -0.316805 -0.931327 0.179623
v 0.879665 1.68546 0.174142
vt 0.683514 0.410995
f 1060/1624/1806 1031/1583/1806 1061/1625/1806

vn -0.299399 -0.938073 0.174297
f 1031/1583/1807 1030/1580/1807 1061/1625/1807

vn -0.146005 -0.950847 0.273081
v 0.816305 1.69634 0.178156
vt 0.678865 0.414533
f 1061/1625/1808 1030/1580/1808 1062/1626/1808

vn -0.137547 -0.955881 0.259562
f 1030/1580/1809 1028/1582/1809 1062/1626/1809

vn -0.3479 -0.917633 0.192134
v 0.783397 1.71383 0.20207
vt 0.677646 0.41824
f 1062/1626/1810 1028/1582/1810 1063/1627/1810

vt 0.58845 0.799129
vn 0.397544 0.441273 -0.804511
f 1063/1628/1811 1028/1578/1811 1026/1576/1811

vn 0.205117 0.479518 -0.853223
v 0.736731 1.68692 0.175726
vt 0.596927 0.797714
f 1063/1628/1812 1026/1576/1812 1064/1629/1812

vn 0.185097 0.457465 -0.86975
v 0.750127 1.64602 0.157068
vt 0.599727 0.790616
f 1064/1629/1813 1026/1576/1813 1065/1630/1813

vn 0.198572 0.42355 -0.883841
f 1026/1576/1814 1024/1574/1814 1065/1630/1814

vn 0.235774 0.449522 -0.861592
v 0.756043 1.59671 0.132961
vt 0.603807 0.781031
f 1065/1630/1815 1024/1574/1815 1066/1631/1815

vn 0.249841 0.320315 -0.913771
f 1066/1631/1816 1024/1574/1816 1022/1572/1816

vn 0.293931 0.350562 -0.889219
v 0.751822 1.55245 0.114116
vt 0.60819 0.772018
f 1066/1631/1817 1022/1572/1817 1067/1632/1817

vn 0.294893 0.315507 -0.901939
f 1067/1632/1818 1022/1572/1818 1020/1570/1818

vn 0.292014 0.313839 -0.903456
v 0.735649 1.5064 0.0928921
vt 0.614356 0.762408
f 1067/1632/1819 1020/1570/1819 1068/1633/1819

vn 0.289009 0.240665 -0.926582
f 1068/1633/1820 1020/1570/1820 1017/1565/1820

vn 0.226524 0.18879 -0.955534
v 0.716633 1.47565 0.0823091
vt 0.619705 0.756236
f 1068/1633/1821 1017/1565/1821 1069/1634/1821

vn 0.256591 0.331406 -0.907927
f 1069/1634/1822 1017/1565/1822 1015/1567/1822

vn 0.0925162 0.264204 -0.960019
vt 0.626942 0.75337
f 1069/1634/1823 1015/1567/1823 1003/1635/1823

v 0.728351 1.46425 0.020199
vt 0.588913 0.824655
vn 0.447497 -0.860804 0.242411
vt 0.581989 0.815123
vt 0.587731 0.812135
f 1070/1636/1824 1069/1637/1824 1003/1638/1824

vn 0.884782 -0.399317 0.240222
v 0.744083 1.51356 0.0442134
vt 0.578014 0.825872
f 1070/1636/1825 1071/1639/1825 1069/1637/1825

v 0.727193 1.51474 0.0081677
vt 0.582565 0.832469
vn 0.901556 -0.0806156 -0.425086
f 1072/1640/1826 1071/1639/1826 1070/1636/1826

v 0.710083 1.51392 -0.018917
vt 0.586804 0.837332
vn 0.353103 -0.914951 -0.195406
v 0.737639 1.51987 0.00303571
vt 0.580349 0.834144
vt 0.577882 0.825996
vt 0.582438 0.83259
f 1073/1641/1827 1074/1642/1827 1071/1643/1827 1072/1644/1827 

vt 0.580475 0.834022
vn 0.25475 -0.96525 -0.0582657
vt 0.586684 0.837388
v 0.722984 1.52095 -0.0790215
vt 0.585631 0.848469
f 1074/1645/1828 1073/1646/1828 1075/1647/1828

vn 0.11939 -0.988753 -0.0900705
v 0.686413 1.51266 -0.0364204
vt 0.590582 0.840665
f 1075/1647/1829 1073/1646/1829 1076/1648/1829

vn 0.436739 0.635703 -0.636507
v 0.710043 1.4948 -0.0380376
vt 0.591757 0.836655
f 1073/1646/1830 1077/1649/1830 1076/1648/1830

vn 0.907628 0.295903 -0.297748
v 0.723497 1.4802 -0.0115392
vt 0.590271 0.831086
f 1077/1649/1831 1073/1646/1831 1078/1650/1831

vn 0.82323 0.212278 -0.526526
f 1073/1646/1832 1072/1640/1832 1078/1650/1832

vn 0.987228 -0.0151466 -0.158591
f 1078/1650/1833 1072/1640/1833 1070/1636/1833

v 0.713594 1.42885 -0.0384358
vt 0.600624 0.829164
vn 0.977258 -0.0872396 -0.193279
f 1079/1651/1834 1078/1650/1834 1070/1636/1834

v 0.716719 1.44772 -0.0540671
vt 0.599493 0.833226
vn 0.983592 -0.179309 -0.019854
f 1080/1652/1835 1078/1650/1835 1079/1651/1835

vn 0.912479 0.241745 -0.330062
f 1080/1652/1836 1077/1649/1836 1078/1650/1836

v 0.705391 1.46459 -0.0685856
vt 0.598877 0.8373
vn 0.883978 0.258061 -0.389855
f 1081/1653/1837 1077/1649/1837 1080/1652/1837

v 0.686413 1.50064 -0.0504661
vt 0.592851 0.840689
vn 0.486299 0.583093 -0.650781
f 1082/1654/1838 1077/1649/1838 1081/1653/1838

vn 0.468018 0.671486 -0.574513
f 1077/1649/1839 1082/1654/1839 1076/1648/1839

vt 0.407149 0.840689
vn -0.468018 0.671486 -0.574513
v 0.662783 1.4948 -0.0380376
vt 0.408243 0.836655
vt 0.409418 0.840665
f 1082/1655/1840 1083/1656/1840 1076/1657/1840

vn -0.486299 0.583093 -0.650781
v 0.667434 1.46459 -0.0685856
vt 0.401123 0.8373
f 1082/1655/1841 1084/1658/1841 1083/1656/1841

vn -0.477922 0.58219 -0.657758
v 0.686413 1.47218 -0.075655
vt 0.401255 0.840809
f 1082/1655/1842 1085/1659/1842 1084/1658/1842

vn 0.477922 0.58219 -0.657758
vt 0.598745 0.840809
f 1082/1654/1843 1081/1653/1843 1085/1660/1843

vn 0.472265 0.513237 -0.716626
v 0.686413 1.41577 -0.116054
vt 0.61037 0.84028
f 1085/1660/1844 1081/1653/1844 1086/1661/1844

vn 0.424753 0.540831 -0.726008
v 0.696864 1.412 -0.112746
vt 0.610376 0.838332
f 1081/1653/1845 1087/1662/1845 1086/1661/1845

vn 0.876173 0.218657 -0.429546
f 1087/1662/1846 1081/1653/1846 1080/1652/1846

vn 0.877473 0.215881 -0.428296
v 0.703273 1.40174 -0.104792
vt 0.610929 0.83599
f 1087/1662/1847 1080/1652/1847 1088/1663/1847

vn 0.974648 -0.214395 -0.0639922
f 1088/1663/1848 1080/1652/1848 1079/1651/1848

vn 0.954761 -0.296098 -0.027511
v 0.699675 1.38932 -0.0960786
vt 0.612039 0.83361
f 1088/1663/1849 1079/1651/1849 1089/1664/1849

v 0.686413 1.38002 -0.0907209
vt 0.613707 0.831205
vn 0.628122 -0.704134 0.331147
vt 0.612098 0.833721
vt 0.600633 0.829161
v 0.686413 1.41163 -0.0235015
vt 0.60332 0.823555
f 1090/1665/1850 1089/1666/1850 1079/1667/1850 1091/1668/1850 

vn 0.62839 -0.699532 0.340266
vt 0.613698 0.831209
v 0.686413 1.35283 -0.146608
vt 0.621957 0.837833
f 1089/1664/1851 1090/1669/1851 1092/1670/1851

vt 0.386302 0.831209
vn -0.62839 -0.699532 0.340266
v 0.673151 1.38932 -0.0960786
vt 0.387961 0.83361
vt 0.378043 0.837833
f 1090/1671/1852 1093/1672/1852 1092/1673/1852

v 0.659231 1.42885 -0.0384358
vt 0.399367 0.829161
vn -0.628122 -0.704134 0.331147
vt 0.387902 0.833721
vt 0.386293 0.831205
vt 0.39668 0.823555
f 1094/1674/1853 1093/1675/1853 1090/1676/1853 1091/1677/1853 

v 0.669553 1.40174 -0.104792
vt 0.389071 0.83599
vn -0.954761 -0.296098 -0.027511
vt 0.399376 0.829164
f 1095/1678/1854 1093/1672/1854 1094/1679/1854

vn -0.953361 -0.299959 -0.0335882
f 1092/1673/1855 1093/1672/1855 1095/1678/1855

vn -0.851193 0.139247 -0.506044
v 0.675961 1.412 -0.112746
vt 0.389624 0.838332
f 1092/1673/1856 1095/1678/1856 1096/1680/1856

vn -0.877473 0.215881 -0.428296
v 0.656107 1.44772 -0.0540671
vt 0.400507 0.833226
f 1096/1680/1857 1095/1678/1857 1097/1681/1857

vn -0.974648 -0.214395 -0.0639922
f 1095/1678/1858 1094/1679/1858 1097/1681/1858

vn -0.983592 -0.179309 -0.019854
v 0.649328 1.4802 -0.0115392
vt 0.409729 0.831086
f 1097/1681/1859 1094/1679/1859 1098/1682/1859

vn -0.977258 -0.0872396 -0.193279
f 1094/1679/1860 1002/1546/1860 1098/1682/1860

v 0.686413 1.43836 0.0303314
vt 0.405465 0.81748
vn -0.552419 -0.767791 0.324546
f 1099/1683/1861 1002/1546/1861 1094/1679/1861

vn -0.552242 -0.763387 0.335066
f 1099/1683/1862 1003/1547/1862 1002/1546/1862

vn 0.552242 -0.763387 0.335066
vt 0.594535 0.81748
f 1070/1636/1863 1003/1638/1863 1099/1684/1863

vn 0.552419 -0.767791 0.324546
f 1070/1636/1864 1099/1684/1864 1079/1651/1864

vn 0.630344 -0.695285 0.345319
vt 0.603312 0.823558
f 1079/1651/1865 1099/1684/1865 1091/1685/1865

vt 0.396688 0.823558
vn -0.630344 -0.695285 0.345319
f 1091/1686/1866 1099/1683/1866 1094/1679/1866

vn -0.987228 -0.0151466 -0.158591
v 0.645632 1.51474 0.0081677
vt 0.417435 0.832469
f 1098/1682/1867 1002/1546/1867 1100/1687/1867

vn -0.901556 -0.0806156 -0.425086
f 1100/1687/1868 1002/1546/1868 1000/1544/1868

vt 0.422118 0.825996
vn -0.353103 -0.914951 -0.195406
v 0.635187 1.51987 0.00303571
vt 0.419651 0.834144
v 0.662743 1.51392 -0.018917
vt 0.413196 0.837332
vt 0.417562 0.83259
f 1000/1688/1869 1101/1689/1869 1102/1690/1869 1100/1691/1869 

vt 0.419525 0.834022
vn -0.962226 -0.202792 -0.181648
f 1101/1692/1870 1000/1544/1870 998/1542/1870

v 0.620707 1.55578 -0.00643357
vt 0.425949 0.838226
vn -0.922018 -0.384256 -0.0472286
f 1103/1693/1871 1101/1692/1871 998/1542/1871

v 0.649841 1.52095 -0.0790215
vt 0.414369 0.848469
vn -0.898644 -0.406115 -0.165861
f 1104/1694/1872 1101/1692/1872 1103/1693/1872

vt 0.413316 0.837388
vn -0.25475 -0.96525 -0.0582657
f 1102/1695/1873 1101/1692/1873 1104/1694/1873

vn -0.11939 -0.988753 -0.0900705
f 1076/1657/1874 1102/1695/1874 1104/1694/1874

vn -0.436739 0.635703 -0.636507
f 1102/1695/1875 1076/1657/1875 1083/1656/1875

vn -0.907628 0.295903 -0.297748
f 1083/1656/1876 1098/1682/1876 1102/1695/1876

vn -0.912479 0.241745 -0.330062
f 1097/1681/1877 1098/1682/1877 1083/1656/1877

vn -0.883978 0.258061 -0.389855
f 1084/1658/1878 1097/1681/1878 1083/1656/1878

vn -0.876173 0.218657 -0.429546
f 1096/1680/1879 1097/1681/1879 1084/1658/1879

vn -0.424753 0.540831 -0.726008
vt 0.38963 0.84028
f 1084/1658/1880 1086/1696/1880 1096/1680/1880

vn -0.472265 0.513237 -0.716626
f 1085/1659/1881 1086/1696/1881 1084/1658/1881

vn -0.404384 0.399417 -0.822764
f 1086/1696/1882 1092/1673/1882 1096/1680/1882

vn 0.404384 0.399417 -0.822764
f 1086/1661/1883 1087/1662/1883 1092/1670/1883

vn 0.851193 0.139247 -0.506044
f 1092/1670/1884 1087/1662/1884 1088/1663/1884

vn 0.953361 -0.299959 -0.0335882
f 1092/1670/1885 1088/1663/1885 1089/1664/1885

vn -0.82323 0.212278 -0.526526
f 1102/1695/1886 1098/1682/1886 1100/1687/1886

vn -0.275487 -0.960028 0.0495277
v 0.686413 1.51043 -0.0795745
vt 0.408234 0.84753
f 1076/1657/1887 1104/1694/1887 1105/1697/1887

vn -0.276801 -0.960516 -0.0281058
v 0.659518 1.51974 -0.133033
vt 0.41112 0.856838
f 1105/1697/1888 1104/1694/1888 1106/1698/1888

v 0.646419 1.54641 -0.136558
vt 0.415516 0.858719
vn -0.879906 -0.451664 -0.147532
f 1107/1699/1889 1106/1698/1889 1104/1694/1889

v 0.661157 1.53629 -0.191069
vt 0.410667 0.866404
vn -0.878731 -0.4519 -0.153683
f 1108/1700/1890 1106/1698/1890 1107/1699/1890

vn -0.801229 -0.569072 -0.184906
v 0.671461 1.52053 -0.187214
vt 0.407914 0.865078
f 1108/1700/1891 1109/1701/1891 1106/1698/1891

v 0.686413 1.52218 -0.262988
vt 0.404043 0.876761
vn -0.804938 -0.568135 -0.171163
f 1110/1702/1892 1109/1701/1892 1108/1700/1892

v 0.686413 1.51542 -0.187217
vt 0.405424 0.864703
vn -0.322191 -0.942937 -0.0840459
f 1111/1703/1893 1109/1701/1893 1110/1702/1893

v 0.686413 1.51143 -0.133786
vt 0.406652 0.856161
vn -0.322525 -0.943924 -0.0706106
f 1112/1704/1894 1109/1701/1894 1111/1703/1894

vn -0.296528 -0.951733 -0.0792166
f 1112/1704/1895 1106/1698/1895 1109/1701/1895

vn -0.295836 -0.955077 -0.0175817
f 1105/1697/1896 1106/1698/1896 1112/1704/1896

v 0.713308 1.51974 -0.133033
vt 0.58888 0.856838
vn 0.295836 -0.955077 -0.0175817
vt 0.591766 0.84753
vt 0.593348 0.856161
f 1113/1705/1897 1105/1706/1897 1112/1707/1897

vn 0.276801 -0.960516 -0.0281058
f 1075/1647/1898 1105/1706/1898 1113/1705/1898

vn 0.275487 -0.960028 0.0495277
f 1075/1647/1899 1076/1648/1899 1105/1706/1899

v 0.726407 1.54641 -0.136558
vt 0.584484 0.858719
vn 0.879906 -0.451664 -0.147532
f 1114/1708/1900 1075/1647/1900 1113/1705/1900

vn 0.890872 -0.432638 -0.13846
v 0.739208 1.55449 -0.0794297
vt 0.579591 0.850379
f 1114/1708/1901 1115/1709/1901 1075/1647/1901

v 0.71038 1.56772 -0.142308
vt 0.581357 0.861761
vn 0.804449 0.536018 -0.25602
f 1116/1710/1902 1115/1709/1902 1114/1708/1902

vn 0.839646 0.460452 -0.288058
v 0.722041 1.58677 -0.0778711
vt 0.574159 0.853271
f 1116/1710/1903 1117/1711/1903 1115/1709/1903

vn 0.548027 0.769986 -0.326785
v 0.686413 1.60315 -0.0990287
vt 0.571827 0.859969
f 1117/1711/1904 1116/1710/1904 1118/1712/1904

vn 0.565648 0.763472 -0.311695
v 0.686413 1.58298 -0.148436
vt 0.578455 0.865416
f 1116/1710/1905 1119/1713/1905 1118/1712/1905

vn 0.563806 0.73262 -0.381301
v 0.699214 1.54851 -0.195722
vt 0.587544 0.868638
f 1116/1710/1906 1120/1714/1906 1119/1713/1906

vn 0.718083 0.593475 -0.363516
v 0.711669 1.53629 -0.191069
vt 0.589333 0.866404
f 1120/1714/1907 1116/1710/1907 1121/1715/1907

vn 0.797871 0.51609 -0.311532
f 1121/1715/1908 1116/1710/1908 1114/1708/1908

vn 0.878731 -0.4519 -0.153683
f 1121/1715/1909 1114/1708/1909 1113/1705/1909

vn 0.801229 -0.569072 -0.184906
v 0.701364 1.52053 -0.187214
vt 0.592086 0.865078
f 1121/1715/1910 1113/1705/1910 1122/1716/1910

vn 0.296528 -0.951733 -0.0792166
f 1113/1705/1911 1112/1707/1911 1122/1716/1911

vn 0.322525 -0.943924 -0.0706106
vt 0.594576 0.864703
f 1122/1716/1912 1112/1707/1912 1111/1717/1912

vn 0.322191 -0.942937 -0.0840459
vt 0.595957 0.876761
f 1122/1716/1913 1111/1717/1913 1110/1718/1913

vn 0.804938 -0.568135 -0.171163
f 1110/1718/1914 1121/1715/1914 1122/1716/1914

vn 0.717602 0.591258 -0.368051
f 1110/1718/1915 1120/1714/1915 1121/1715/1915

vn 0.598579 0.700692 -0.388245
v 0.686413 1.55753 -0.199182
vt 0.585999 0.870685
f 1120/1714/1916 1110/1718/1916 1123/1719/1916

vn -0.598579 0.700692 -0.388245
v 0.673612 1.54851 -0.195722
vt 0.412456 0.868638
vt 0.414001 0.870685
f 1110/1702/1917 1124/1720/1917 1123/1721/1917

vn -0.717602 0.591258 -0.368051
f 1110/1702/1918 1108/1700/1918 1124/1720/1918

vn -0.718083 0.593475 -0.363516
v 0.662446 1.56772 -0.142308
vt 0.418643 0.861761
f 1124/1720/1919 1108/1700/1919 1125/1722/1919

vn -0.797871 0.51609 -0.311532
f 1108/1700/1920 1107/1699/1920 1125/1722/1920

vn -0.804449 0.536018 -0.25602
v 0.633618 1.55449 -0.0794297
vt 0.420409 0.850379
f 1125/1722/1921 1107/1699/1921 1126/1723/1921

vn -0.890872 -0.432638 -0.13846
f 1107/1699/1922 1104/1694/1922 1126/1723/1922

vn -0.889346 -0.432036 -0.149694
f 1126/1723/1923 1104/1694/1923 1103/1693/1923

vn -0.941303 0.290681 -0.171619
v 0.631479 1.59126 -0.00540603
vt 0.432488 0.841026
f 1126/1723/1924 1103/1693/1924 1127/1724/1924

vn -0.956195 0.29112 -0.0306643
f 1103/1693/1925 998/1542/1925 1127/1724/1925

vn -0.982477 0.0746845 -0.170768
f 1127/1724/1926 998/1542/1926 996/1540/1926

vn -0.782384 0.600986 -0.163375
v 0.644116 1.60789 -0.00476628
vt 0.436136 0.843242
f 1127/1724/1927 996/1540/1927 1128/1725/1927

vn -0.908493 -0.205716 -0.363761
v 0.633722 1.64946 -0.00231404
vt 0.444657 0.845005
f 1128/1725/1928 996/1540/1928 1129/1726/1928

vn -0.986907 0.0942849 -0.130865
f 1129/1726/1929 996/1540/1929 994/1538/1929

vn -0.9868 -0.0638254 -0.148839
v 0.629859 1.69342 0.00444081
vt 0.453283 0.846097
f 1129/1726/1930 994/1538/1930 1130/1727/1930

vn -0.994813 0.0978494 -0.0278115
f 1130/1727/1931 994/1538/1931 992/1536/1931

vn -0.844712 0.534944 0.0172361
v 0.653214 1.72997 0.0146385
vt 0.461774 0.846852
f 1130/1727/1932 992/1536/1932 1131/1728/1932

vn -0.851756 0.523883 0.00770214
f 1131/1728/1933 992/1536/1933 991/1533/1933

v 0.686413 1.74931 0.020869
vt 0.469048 0.847965
vn -0.505878 0.862404 0.0186317
f 1132/1729/1934 1131/1728/1934 991/1533/1934

v 0.686413 1.76052 -0.0652818
vt 0.465283 0.863667
vn -0.515682 0.849615 0.110568
f 1133/1730/1935 1131/1728/1935 1132/1729/1935

vn -0.557563 0.825864 0.084091
v 0.657779 1.74173 -0.0705528
vt 0.458969 0.86266
f 1133/1730/1936 1134/1731/1936 1131/1728/1936

vn -0.56179 0.813068 0.152684
v 0.664016 1.75969 -0.143261
vt 0.45741 0.876311
f 1133/1730/1937 1135/1732/1937 1134/1731/1937

v 0.686413 1.77699 -0.138643
vt 0.462561 0.877236
vn -0.624123 0.762355 0.171128
f 1136/1733/1938 1135/1732/1938 1133/1730/1938

vt 0.457505 0.876383
vn -0.623775 0.739786 0.252233
vt 0.462656 0.877309
v 0.686413 1.80051 -0.207576
vt 0.460752 0.890303
v 0.672217 1.79009 -0.212188
vt 0.457438 0.890032
f 1135/1734/1939 1136/1735/1939 1137/1736/1939 1138/1737/1939 

vt 0.537373 0.877294
vn 0.623775 0.739786 0.252233
v 0.70881 1.75969 -0.143261
vt 0.542524 0.876367
v 0.700609 1.79009 -0.212188
vt 0.542595 0.890016
vt 0.539281 0.890287
f 1136/1738/1940 1139/1739/1940 1140/1740/1940 1137/1741/1940 

vt 0.54259 0.876311
vn 0.624123 0.762355 0.171128
vt 0.537439 0.877236
vt 0.534717 0.863667
f 1139/1742/1941 1136/1743/1941 1133/1744/1941

v 0.715047 1.74173 -0.0705528
vt 0.541031 0.86266
vn 0.56179 0.813068 0.152684
f 1141/1745/1942 1139/1742/1942 1133/1744/1942

v 0.723957 1.73744 -0.151197
vt 0.547619 0.875834
vn 0.835385 0.546016 0.0632351
f 1142/1746/1943 1139/1742/1943 1141/1745/1943

v 0.710702 1.77769 -0.219601
vt 0.545768 0.889931
vn 0.841203 0.521254 0.143775
f 1143/1747/1944 1139/1742/1944 1142/1746/1944

vn 0.809328 0.566879 0.153744
vt 0.542656 0.88996
f 1143/1747/1945 1140/1748/1945 1139/1742/1945

v 0.686413 1.83916 -0.290372
vt 0.541552 0.906615
vn 0.814497 0.546408 0.19502
f 1144/1749/1946 1140/1748/1946 1143/1747/1946

vn 0.625732 0.706813 0.329961
vt 0.539414 0.890366
f 1140/1748/1947 1144/1749/1947 1137/1750/1947

vt 0.458448 0.906615
vn -0.625732 0.706813 0.329961
vt 0.457344 0.88996
vt 0.460586 0.890366
f 1144/1751/1948 1138/1752/1948 1137/1753/1948

vn -0.814497 0.546408 0.19502
v 0.662124 1.77769 -0.219601
vt 0.454232 0.889931
f 1144/1751/1949 1145/1754/1949 1138/1752/1949

vn -0.92748 -0.0586409 -0.369244
v 0.667017 1.7623 -0.229448
vt 0.450986 0.890547
f 1144/1751/1950 1146/1755/1950 1145/1754/1950

vn -0.503388 -0.455174 -0.73445
v 0.686413 1.75173 -0.236187
vt 0.447213 0.892032
f 1144/1751/1951 1147/1756/1951 1146/1755/1951

vn 0.503388 -0.455174 -0.73445
v 0.705809 1.7623 -0.229448
vt 0.549014 0.890547
vt 0.552787 0.892032
f 1144/1749/1952 1148/1757/1952 1147/1758/1952

vn 0.92748 -0.0586409 -0.369244
f 1144/1749/1953 1143/1747/1953 1148/1757/1953

vn 0.955018 -0.13457 -0.264257
f 1148/1757/1954 1143/1747/1954 1142/1746/1954

vn 0.957432 -0.123 -0.26114
v 0.717514 1.70801 -0.160958
vt 0.553202 0.875776
f 1148/1757/1955 1142/1746/1955 1149/1759/1955

vn 0.969215 -0.146578 -0.197832
v 0.734909 1.71193 -0.0786434
vt 0.547665 0.861918
f 1149/1759/1956 1142/1746/1956 1150/1760/1956

vn 0.838324 0.541426 0.063804
f 1142/1746/1957 1141/1745/1957 1150/1760/1957

vn 0.836477 0.546495 0.0406017
v 0.742966 1.69342 0.00444081
vt 0.546717 0.846097
f 1150/1760/1958 1141/1745/1958 1151/1761/1958

vn 0.845876 0.532636 0.0281756
v 0.719612 1.72997 0.0146385
vt 0.538226 0.846852
f 1141/1745/1959 1152/1762/1959 1151/1761/1959

vn 0.557563 0.825864 0.084091
f 1152/1762/1960 1141/1745/1960 1133/1744/1960

vn 0.515682 0.849615 0.110568
vt 0.530952 0.847965
f 1152/1762/1961 1133/1744/1961 1132/1763/1961

v 0.720166 1.72785 0.0980293
vt 0.533447 0.831634
vn 0.505878 0.862404 0.0186317
f 1153/1764/1962 1152/1762/1962 1132/1763/1962

vn 0.851756 0.523883 0.00770214
v 0.745932 1.68615 0.0849332
vt 0.543152 0.830974
f 1152/1762/1963 1153/1764/1963 1154/1765/1963

vn 0.859199 0.504898 0.0827968
vt 0.536551 0.814736
f 1154/1765/1964 1153/1764/1964 1064/1766/1964

vn 0.907748 0.418646 0.0270103
v 0.712638 1.73761 0.199678
vt 0.524875 0.813964
f 1153/1764/1965 1155/1767/1965 1064/1766/1965

vn 0.525157 0.849931 -0.0427581
v 0.686413 1.74913 0.106622
vt 0.525706 0.832593
f 1153/1764/1966 1156/1768/1966 1155/1767/1966

vn 0.533774 0.845625 0.00176084
f 1153/1764/1967 1132/1763/1967 1156/1768/1967

vn -0.533774 0.845625 0.00176084
vt 0.474294 0.832593
f 1132/1729/1968 991/1533/1968 1156/1769/1968

vn -0.525157 0.849931 -0.0427581
f 1156/1769/1969 991/1533/1969 954/1535/1969

vn -0.577658 0.81392 -0.0620127
vt 0.481332 0.814992
f 1156/1769/1970 954/1535/1970 956/1770/1970

vn 0.577658 0.81392 -0.0620127
vt 0.518668 0.814992
f 1155/1767/1971 1156/1768/1971 956/1771/1971

vt 0.596549 0.93143
vn 0.130446 0.444009 -0.886476
vt 0.599125 0.935562
vt 0.597803 0.93867
v 0.748017 1.76364 0.217918
vt 0.589809 0.933535
f 1155/1772/1972 956/1773/1972 955/1774/1972 1157/1775/1972 

vn 0.114157 0.366738 -0.923294
vt 0.589805 0.933546
f 959/1481/1973 1157/1776/1973 955/1482/1973

vn 0.38583 0.390032 -0.836068
v 0.791498 1.80015 0.255017
vt 0.579665 0.937654
f 959/1481/1974 1158/1777/1974 1157/1776/1974

vt 0.577966 0.945892
vn 0.385779 0.392006 -0.835168
f 962/1778/1975 1158/1777/1975 959/1481/1975

vn 0.768459 0.341689 -0.541035
v 0.822077 1.829 0.316671
vt 0.567704 0.942973
f 1158/1777/1976 962/1778/1976 1159/1779/1976

vn 0.773657 0.276826 -0.569931
f 962/1778/1977 964/1494/1977 1159/1779/1977

vn 0.783069 0.261187 -0.564433
f 962/1778/1978 961/1489/1978 964/1494/1978

vn 0.951956 0.197922 -0.23368
f 1159/1779/1979 964/1494/1979 965/1495/1979

vn 0.946058 0.214656 -0.242686
v 0.840075 1.81052 0.370483
vt 0.557015 0.940663
f 1159/1779/1980 965/1495/1980 1160/1780/1980

vn 0.959387 0.0455545 0.278392
v 0.81938 1.79039 0.445095
vt 0.54212 0.939864
f 1160/1780/1981 965/1495/1981 1161/1781/1981

vn 0.954519 0.0559019 0.292862
f 965/1495/1982 966/1496/1982 1161/1781/1982

vn 0.672839 -0.0530924 0.737881
f 966/1496/1983 967/1497/1983 1161/1781/1983

vn 0.68563 -0.0274782 0.727432
v 0.763522 1.77534 0.497174
vt 0.527812 0.940493
f 967/1497/1984 1162/1782/1984 1161/1781/1984

vn 0.241541 -0.0815883 0.966955
f 967/1497/1985 968/1498/1985 1162/1782/1985

vn 0.245325 -0.0768681 0.966389
v 0.686413 1.76877 0.516227
vt 0.513987 0.94253
f 968/1498/1986 1163/1783/1986 1162/1782/1986

vt 0.483694 0.954512
vn -0.245325 -0.0768681 0.966389
v 0.609304 1.77534 0.497174
vt 0.472188 0.940493
vt 0.486013 0.94253
f 968/1784/1987 1164/1785/1987 1163/1786/1987

v 0.613972 1.84472 0.504195
vt 0.470777 0.952992
vn -0.241541 -0.0815883 0.966955
f 1165/1787/1988 1164/1785/1988 968/1784/1988

vn -0.68563 -0.0274782 0.727432
f 1165/1787/1989 975/1507/1989 1164/1785/1989

vn -0.672839 -0.0530924 0.737881
f 974/1506/1990 975/1507/1990 1165/1787/1990

vn -0.6762 -0.108729 0.72865
f 973/1505/1991 974/1506/1991 1165/1787/1991

vn -0.678526 -0.111468 0.726069
f 973/1505/1992 1165/1787/1992 971/1503/1992

vn -0.244146 -0.168476 0.954991
f 971/1503/1993 1165/1787/1993 968/1784/1993

vn -0.247477 -0.171975 0.953509
f 971/1503/1994 968/1784/1994 969/1501/1994

vn -0.653357 0.145743 0.742889
v 0.549645 1.7317 0.453267
vt 0.461246 0.929443
f 975/1507/1995 1166/1788/1995 1164/1785/1995

vn -0.833501 0.128783 0.537299
f 976/1508/1996 1166/1788/1996 975/1507/1996

vn -0.624218 0.646457 0.438686
v 0.521391 1.70935 0.446002
vt 0.458677 0.923741
f 1166/1788/1997 976/1508/1997 1167/1789/1997

vn -0.474353 0.722374 0.503155
v 0.495375 1.70717 0.424597
vt 0.45428 0.920809
f 976/1508/1998 1168/1790/1998 1167/1789/1998

vn -0.611059 0.748294 0.258192
f 976/1508/1999 977/1509/1999 1168/1790/1999

vn -0.434192 0.868327 0.239761
v 0.476922 1.70383 0.403299
vt 0.45052 0.918081
f 1168/1790/2000 977/1509/2000 1169/1791/2000

vt 0.45261 0.454108
vn -0.00310204 0.92343 0.383755
v 0.433112 1.71587 0.373955
vt 0.452414 0.444782
vt 0.458177 0.452707
f 977/1792/2001 1170/1793/2001 1169/1794/2001

vn 0.00406324 0.984422 0.175774
vt 0.445422 0.453495
f 977/1792/2002 978/1795/2002 1170/1793/2002

vn -0.00323835 0.986055 0.166388
v 0.433149 1.72226 0.336107
vt 0.445422 0.444654
f 978/1795/2003 1171/1796/2003 1170/1793/2003

vn 0.000851424 0.99541 -0.0956951
v 0.436881 1.71912 0.303484
vt 0.439589 0.444899
f 978/1795/2004 1172/1797/2004 1171/1796/2004

vt 0.440253 0.453852
vn 0.0552969 0.984141 -0.16855
f 979/1798/2005 1172/1797/2005 978/1795/2005

vn 0.0997824 0.863872 -0.493729
v 0.443592 1.70548 0.280981
vt 0.434667 0.445617
f 979/1798/2006 1173/1799/2006 1172/1797/2006

vt 0.43491 0.454431
vn -0.0457222 0.945252 -0.323123
f 980/1800/2007 1173/1799/2007 979/1798/2007

vn -0.0336056 0.900072 -0.434444
v 0.448544 1.69567 0.260266
vt 0.430197 0.446057
f 980/1800/2008 1174/1801/2008 1173/1799/2008

vt 0.373096 0.418944
vn 0.275802 -0.959453 0.0581719
v 0.443416 1.69631 0.295081
vt 0.371588 0.415161
vt 0.374547 0.415164
f 980/1802/2009 1175/1803/2009 1174/1804/2009

v 0.437019 1.69724 0.345516
vt 0.367221 0.415432
vn 0.274787 -0.960063 0.0526443
vt 0.371581 0.415144
vt 0.373277 0.418894
v 0.476298 1.70646 0.30848
vt 0.371031 0.418159
f 1176/1805/2010 1175/1806/2010 980/1807/2010 1177/1808/2010 

vn 0.244118 -0.968514 0.0488664
vt 0.367227 0.415447
v 0.40078 1.68763 0.336099
vt 0.367227 0.41194
f 1175/1803/2011 1176/1809/2011 1178/1810/2011

vn 0.280643 -0.95387 -0.106638
v 0.398238 1.68084 0.39012
vt 0.362331 0.412238
f 1176/1809/2012 1179/1811/2012 1178/1810/2012

v 0.441772 1.69256 0.392095
vt 0.362918 0.416558
vn 0.263136 -0.95689 -0.122969
f 1180/1812/2013 1179/1811/2013 1176/1809/2013

vn 0.263316 -0.952578 -0.15251
v 0.44049 1.68845 0.415585
vt 0.36056 0.416763
f 1180/1812/2014 1181/1813/2014 1179/1811/2014

vt 0.362671 0.420292
vn 0.343311 -0.928139 -0.143862
f 1169/1814/2015 1181/1813/2015 1180/1812/2015

vn -0.142695 0.801686 0.580464
v 0.436953 1.70037 0.398246
vt 0.457685 0.445306
vt 0.461675 0.44581
f 1169/1794/2016 1182/1815/2016 1181/1816/2016

vn -0.140593 0.824349 0.548345
f 1169/1794/2017 1170/1793/2017 1182/1815/2017

vn -0.171618 0.817916 0.549146
v 0.389874 1.70788 0.372351
vt 0.452549 0.437019
f 1182/1815/2018 1170/1793/2018 1183/1817/2018

vn -0.185253 0.969022 0.163333
f 1171/1796/2019 1183/1817/2019 1170/1793/2019

vn -0.168271 0.968527 0.183413
v 0.390273 1.71539 0.333075
vt 0.445422 0.437356
f 1171/1796/2020 1184/1818/2020 1183/1817/2020

vn -0.149631 0.982417 -0.111658
f 1172/1797/2021 1184/1818/2021 1171/1796/2021

vn -0.169111 0.97513 -0.143261
v 0.395209 1.71093 0.296895
vt 0.438878 0.437337
f 1172/1797/2022 1185/1819/2022 1184/1818/2022

vn -0.0810298 0.841522 -0.534111
f 1173/1799/2023 1185/1819/2023 1172/1797/2023

vn -0.0510651 0.887166 -0.458616
v 0.403422 1.69678 0.268624
vt 0.432918 0.43779
f 1173/1799/2024 1186/1820/2024 1185/1819/2024

vn -0.059169 0.896585 -0.438902
f 1174/1801/2025 1186/1820/2025 1173/1799/2025

vn -0.0754749 0.850355 -0.520769
v 0.412141 1.68129 0.242053
vt 0.426851 0.438319
f 1174/1801/2026 1187/1821/2026 1186/1820/2026

vn 0.304577 -0.942752 0.135838
v 0.405847 1.68516 0.283023
vt 0.372096 0.411653
vt 0.375783 0.411668
f 1174/1804/2027 1188/1822/2027 1187/1823/2027

vn 0.267262 -0.961939 0.0569596
f 1174/1804/2028 1175/1803/2028 1188/1822/2028

vn 0.263159 -0.96221 0.0699926
f 1175/1803/2029 1178/1810/2029 1188/1822/2029

vn 0.288324 -0.954818 0.0720499
v 0.348891 1.67142 0.328855
vt 0.367227 0.406923
f 1188/1822/2030 1178/1810/2030 1189/1824/2030

vn 0.310335 -0.944351 -0.109057
v 0.34724 1.66421 0.386572
vt 0.36205 0.407167
f 1178/1810/2031 1190/1825/2031 1189/1824/2031

vn 0.314969 -0.943419 -0.103709
f 1178/1810/2032 1179/1811/2032 1190/1825/2032

v 0.399593 1.67349 0.423916
vt 0.359017 0.41257
vn 0.316369 -0.924239 -0.213759
f 1191/1826/2033 1190/1825/2033 1179/1811/2033

vn 0.332064 -0.912564 -0.238664
v 0.348521 1.65308 0.430888
vt 0.357778 0.407344
f 1191/1826/2034 1192/1827/2034 1190/1825/2034

vt 0.464216 0.43761
vn -0.219734 0.759206 0.612636
v 0.342236 1.67328 0.403599
vt 0.459796 0.42697
vt 0.466327 0.426974
f 1191/1828/2035 1193/1829/2035 1192/1830/2035

vn -0.22527 0.744548 0.628412
v 0.394005 1.68972 0.402686
vt 0.459061 0.437123
f 1191/1828/2036 1194/1831/2036 1193/1829/2036

vn -0.152533 0.765404 0.625212
f 1181/1816/2037 1194/1831/2037 1191/1828/2037

vn -0.139044 0.802474 0.580261
f 1181/1816/2038 1182/1815/2038 1194/1831/2038

vn -0.153891 0.838413 0.522859
f 1182/1815/2039 1183/1817/2039 1194/1831/2039

vn -0.240503 0.818043 0.52246
v 0.336717 1.69394 0.369704
vt 0.452614 0.427015
f 1194/1831/2040 1183/1817/2040 1195/1832/2040

vn -0.257853 0.949484 0.178863
f 1184/1818/2041 1195/1832/2041 1183/1817/2041

vn -0.216983 0.946936 0.237129
v 0.336088 1.70399 0.329014
vt 0.445422 0.427165
f 1184/1818/2042 1196/1833/2042 1195/1832/2042

vn -0.193176 0.970249 -0.145942
f 1185/1819/2043 1196/1833/2043 1184/1818/2043

vn -0.228437 0.949444 -0.215343
v 0.342534 1.69629 0.288247
vt 0.438082 0.427297
f 1185/1819/2044 1197/1834/2044 1196/1833/2044

vn -0.161236 0.863108 -0.478589
f 1186/1820/2045 1197/1834/2045 1185/1819/2045

vn -0.172427 0.840351 -0.513886
v 0.352905 1.6776 0.254195
vt 0.430831 0.42752
f 1186/1820/2046 1198/1835/2046 1197/1834/2046

vn -0.161528 0.828467 -0.536239
f 1187/1821/2047 1198/1835/2047 1186/1820/2047

vn -0.170912 0.785223 -0.595158
v 0.363047 1.65907 0.226844
vt 0.424298 0.427744
f 1187/1821/2048 1199/1836/2048 1198/1835/2048

vn 0.338957 -0.910723 0.235991
v 0.355416 1.66771 0.271143
vt 0.372587 0.406804
vt 0.376712 0.406779
f 1187/1823/2049 1200/1837/2049 1199/1838/2049

vn 0.295421 -0.945821 0.134721
f 1187/1823/2050 1188/1822/2050 1200/1837/2050

vn 0.305278 -0.947481 0.0953171
f 1188/1822/2051 1189/1824/2051 1200/1837/2051

vn 0.36355 -0.926134 0.100535
v 0.28882 1.64092 0.265135
vt 0.372544 0.400349
f 1200/1837/2052 1189/1824/2052 1201/1839/2052

vn 0.376294 -0.92243 0.0867485
v 0.277308 1.64165 0.322906
vt 0.367227 0.399872
f 1189/1824/2053 1202/1840/2053 1201/1839/2053

vn 0.388514 -0.917539 -0.0847336
v 0.280859 1.63774 0.381566
vt 0.361886 0.400515
f 1189/1824/2054 1203/1841/2054 1202/1840/2054

vn 0.375113 -0.921093 -0.104299
f 1189/1824/2055 1190/1825/2055 1203/1841/2055

vn 0.375553 -0.900322 -0.219954
v 0.288659 1.62989 0.427
vt 0.357654 0.401285
f 1190/1825/2056 1204/1842/2056 1203/1841/2056

vn 0.364285 -0.900725 -0.236624
f 1192/1827/2057 1204/1842/2057 1190/1825/2057

vn -0.320326 0.724609 0.610191
vt 0.465882 0.414588
f 1192/1830/2058 1193/1829/2058 1204/1843/2058

vn -0.330685 0.730537 0.597464
v 0.283853 1.65204 0.397268
vt 0.458963 0.415434
f 1193/1829/2059 1205/1844/2059 1204/1843/2059

vn -0.3403 0.777322 0.529119
f 1193/1829/2060 1195/1832/2060 1205/1844/2060

vn -0.247397 0.80896 0.533272
f 1194/1831/2061 1195/1832/2061 1193/1829/2061

vn -0.344667 0.779167 0.523549
v 0.279822 1.67156 0.365558
vt 0.452464 0.416072
f 1195/1832/2062 1206/1845/2062 1205/1844/2062

vn -0.371038 0.920512 0.122432
v 0.28108 1.67755 0.324352
vt 0.445422 0.41615
f 1195/1832/2063 1207/1846/2063 1206/1845/2063

vn -0.437616 0.871356 0.221878
f 1195/1832/2064 1196/1833/2064 1207/1846/2064

vn -0.405506 0.884407 -0.231061
f 1197/1834/2065 1207/1846/2065 1196/1833/2065

vn -0.356115 0.925989 -0.125406
v 0.285519 1.67366 0.283041
vt 0.438136 0.416242
f 1197/1834/2066 1208/1847/2066 1207/1846/2066

vn -0.272021 0.806167 -0.525451
f 1198/1835/2067 1208/1847/2067 1197/1834/2067

vn -0.270789 0.80867 -0.522231
v 0.293955 1.65576 0.250948
vt 0.4314 0.415818
f 1198/1835/2068 1209/1848/2068 1208/1847/2068

vn -0.247215 0.757263 -0.604515
f 1199/1836/2069 1209/1848/2069 1198/1835/2069

vn -0.241938 0.77235 -0.587317
v 0.302736 1.63556 0.220773
vt 0.424379 0.41523
f 1199/1836/2070 1210/1849/2070 1209/1848/2070

vn 0.332327 -0.913327 0.235357
vt 0.376721 0.400971
f 1199/1838/2071 1200/1837/2071 1210/1850/2071

vn 0.347139 -0.911896 0.218954
f 1200/1837/2072 1201/1839/2072 1210/1850/2072

vn 0.40642 -0.883192 0.234085
v 0.253749 1.61736 0.237149
vt 0.374855 0.396412
f 1210/1850/2073 1201/1839/2073 1211/1851/2073

vn 0.405342 -0.883303 0.235529
v 0.215681 1.60889 0.270884
vt 0.371453 0.393232
f 1201/1839/2074 1212/1852/2074 1211/1851/2074

vn 0.405523 -0.909402 0.0924071
f 1201/1839/2075 1202/1840/2075 1212/1852/2075

vn 0.395993 -0.912179 0.105446
v 0.199783 1.60725 0.316408
vt 0.367227 0.392208
f 1202/1840/2076 1213/1853/2076 1212/1852/2076

vn 0.410609 -0.90631 -0.10001
v 0.209333 1.60635 0.363718
vt 0.36298 0.393271
f 1202/1840/2077 1214/1854/2077 1213/1853/2077

vn 0.418194 -0.904311 -0.0856481
f 1203/1841/2078 1214/1854/2078 1202/1840/2078

vt 0.362889 0.393276
vn 0.438265 -0.870035 -0.225751
vt 0.361805 0.400522
vt 0.357587 0.40119
v 0.242418 1.61284 0.402872
vt 0.359474 0.39654
f 1214/1855/2079 1203/1856/2079 1204/1857/2079 1215/1858/2079 

vn -0.532571 0.601408 0.595547
v 0.256912 1.64011 0.388292
vt 0.457449 0.410095
vt 0.461348 0.405265
f 1204/1843/2080 1216/1859/2080 1215/1860/2080

vn -0.483752 0.662691 0.571685
f 1204/1843/2081 1205/1844/2081 1216/1859/2081

vn -0.484368 0.716152 0.502508
f 1205/1844/2082 1206/1845/2082 1216/1859/2082

vn -0.625347 0.701977 0.340837
v 0.240027 1.63857 0.360481
vt 0.452555 0.407076
f 1206/1845/2083 1217/1861/2083 1216/1859/2083

vn -0.642374 0.760974 0.090961
f 1207/1846/2084 1217/1861/2084 1206/1845/2084

vn -0.631236 0.767635 0.110803
v 0.233465 1.63905 0.319788
vt 0.445422 0.405567
f 1207/1846/2085 1218/1862/2085 1217/1861/2085

vn -0.611648 0.775244 -0.157742
v 0.245565 1.64059 0.280424
vt 0.438 0.40701
f 1207/1846/2086 1219/1863/2086 1218/1862/2086

vn -0.625967 0.767278 -0.139464
f 1208/1847/2087 1219/1863/2087 1207/1846/2087

vn -0.572874 0.722701 -0.386676
v 0.266109 1.64346 0.255351
vt 0.432807 0.410215
f 1208/1847/2088 1220/1864/2088 1219/1863/2088

vn -0.412111 0.745339 -0.524055
f 1209/1848/2089 1220/1864/2089 1208/1847/2089

vn -0.402967 0.702061 -0.587135
f 1210/1849/2090 1220/1864/2090 1209/1848/2090

vn -0.446881 0.644428 -0.620492
vt 0.428615 0.405188
f 1210/1849/2091 1211/1865/2091 1220/1864/2091

vn -0.640336 0.619753 -0.453736
f 1211/1865/2092 1219/1863/2092 1220/1864/2092

vn -0.567186 0.676181 -0.470191
vt 0.436514 0.398717
f 1211/1865/2093 1212/1866/2093 1219/1863/2093

vn -0.68706 0.702984 -0.183744
f 1219/1863/2094 1212/1866/2094 1218/1862/2094

vn -0.661025 0.721859 -0.204853
vt 0.445422 0.397132
f 1218/1862/2095 1212/1866/2095 1213/1867/2095

vn -0.686578 0.710983 0.152028
vt 0.45413 0.39925
f 1218/1862/2096 1213/1867/2096 1214/1868/2096

vn -0.712344 0.690972 0.12298
f 1218/1862/2097 1214/1868/2097 1217/1861/2097

vn -0.632648 0.645661 0.427642
f 1215/1860/2098 1217/1861/2098 1214/1868/2098

vn -0.706018 0.587012 0.396176
f 1217/1861/2099 1215/1860/2099 1216/1859/2099

vn 0.296639 -0.930622 -0.214356
f 1181/1813/2100 1191/1826/2100 1179/1811/2100

vn 0.351781 -0.91861 -0.180014
v 0.46942 1.71044 0.35487
vt 0.367227 0.4187
f 1169/1814/2101 1180/1812/2101 1221/1869/2101

vn 0.406578 -0.903988 -0.13229
f 1221/1869/2102 1180/1812/2102 1176/1809/2102

vt 0.371036 0.418176
vn 0.341569 -0.930734 0.130631
f 1177/1870/2103 1221/1869/2103 1176/1809/2103

v 0.470459 1.67298 0.278356
vt 0.430252 0.789041
vn -0.935493 0.312167 -0.165544
vt 0.44056 0.794766
vt 0.433767 0.794002
f 1222/1871/2104 1221/1872/2104 1177/1873/2104

vn -0.746592 0.59345 -0.300695
v 0.452915 1.68171 0.339138
vt 0.438851 0.789885
f 1222/1871/2105 1223/1874/2105 1221/1872/2105

vn -0.743114 0.597977 -0.300341
v 0.440131 1.6616 0.330735
vt 0.437934 0.786678
f 1222/1871/2106 1224/1875/2106 1223/1874/2106

vn -0.670122 0.704058 -0.235028
v 0.442356 1.64723 0.281346
vt 0.432286 0.784689
f 1222/1871/2107 1225/1876/2107 1224/1875/2107

v 0.470221 1.6328 0.232841
vt 0.425685 0.782683
vn -0.604508 0.59873 -0.525446
f 1226/1877/2108 1225/1876/2108 1222/1871/2108

vn -0.68075 0.4963 -0.538763
v 0.446522 1.61282 0.244379
vt 0.429122 0.779992
f 1226/1877/2109 1227/1878/2109 1225/1876/2109

vn -0.620119 0.322535 -0.715139
v 0.476442 1.57212 0.200078
vt 0.422303 0.773129
f 1226/1877/2110 1228/1879/2110 1227/1878/2110

v 0.525953 1.65291 0.196922
vt 0.416528 0.786633
vn -0.59285 0.334689 -0.73247
f 1229/1880/2111 1228/1879/2111 1226/1877/2111

vn -0.584389 0.329143 -0.741724
v 0.531057 1.59217 0.165945
vt 0.412056 0.776599
f 1229/1880/2112 1230/1881/2112 1228/1879/2112

vn -0.374574 0.396048 -0.838356
f 989/1529/2113 1230/1881/2113 1229/1880/2113

vn -0.415063 0.435616 -0.798724
v 0.579851 1.59666 0.143041
vt 0.403067 0.778912
f 989/1529/2114 1231/1882/2114 1230/1881/2114

vn -0.198572 0.42355 -0.883841
vt 0.400273 0.790616
f 989/1529/2115 993/1883/2115 1231/1882/2115

vn -0.185097 0.457465 -0.86975
f 990/1531/2116 993/1883/2116 989/1529/2116

vn -0.235774 0.449522 -0.861592
vt 0.396193 0.781031
f 993/1883/2117 995/1884/2117 1231/1882/2117

vn -0.249841 0.320315 -0.913771
v 0.580421 1.54917 0.126236
vt 0.400086 0.769777
f 995/1884/2118 1232/1885/2118 1231/1882/2118

vn -0.293931 0.350562 -0.889219
vt 0.39181 0.772018
f 995/1884/2119 997/1886/2119 1232/1885/2119

vn -0.294893 0.315507 -0.901939
v 0.586764 1.49989 0.106927
vt 0.39636 0.759666
f 997/1886/2120 1233/1887/2120 1232/1885/2120

vn -0.292014 0.313839 -0.903456
vt 0.385644 0.762408
f 997/1886/2121 999/1888/2121 1233/1887/2121

vn -0.289009 0.240665 -0.926582
v 0.598637 1.46 0.0928602
vt 0.392387 0.75128
f 999/1888/2122 1234/1889/2122 1233/1887/2122

vn -0.226524 0.18879 -0.955534
f 999/1888/2123 1001/1548/2123 1234/1889/2123

vn -0.256591 0.331406 -0.907927
f 1001/1548/2124 1004/1550/2124 1234/1889/2124

vn -0.209912 0.397559 -0.893243
v 0.608925 1.40511 0.0660133
vt 0.387327 0.738877
f 1234/1889/2125 1004/1550/2125 1235/1890/2125

vn -0.690909 0.679178 -0.247714
vt 0.481587 0.249961
f 1005/1552/2126 1235/1891/2126 1004/1553/2126

vn -0.681282 0.699002 -0.217376
f 1005/1552/2127 1008/1556/2127 1235/1891/2127

vn -0.775446 0.592913 -0.217114
v 0.576828 1.34818 0.0251782
vt 0.473785 0.263286
f 1008/1556/2128 1236/1892/2128 1235/1891/2128

vn -0.789436 0.526089 -0.31626
f 1010/1558/2129 1236/1892/2129 1008/1556/2129

vn -0.818338 0.471805 -0.328212
v 0.568727 1.29862 -0.0258572
vt 0.47209 0.27723
f 1010/1558/2130 1237/1893/2130 1236/1892/2130

v 0.578397 1.25989 -0.0858044
vt 0.475821 0.290622
vn -0.818126 0.413785 -0.399313
f 1238/1894/2131 1237/1893/2131 1010/1558/2131

vt 0.370664 0.696462
vn -0.101623 0.828033 -0.551392
v 0.550659 1.25491 -0.0881684
vt 0.374992 0.692457
vt 0.380839 0.707871
f 1238/1895/2132 1239/1896/2132 1237/1897/2132

v 0.598366 1.23837 -0.127355
vt 0.361957 0.690443
vn -0.111737 0.859444 -0.498869
f 1240/1898/2133 1239/1896/2133 1238/1895/2133

vn -0.0615712 0.890455 -0.450888
v 0.583316 1.2256 -0.150526
vt 0.36171 0.684142
f 1240/1898/2134 1241/1899/2134 1239/1896/2134

v 0.618568 1.22625 -0.152707
vt 0.35527 0.68766
vn -0.0448357 0.886893 -0.459794
f 1242/1900/2135 1241/1899/2135 1240/1898/2135

vn -0.0415073 0.916863 -0.397038
v 0.601288 1.21634 -0.173776
vt 0.355817 0.681595
f 1242/1900/2136 1243/1901/2136 1241/1899/2136

v 0.634429 1.24292 -0.190006
vt 0.490236 0.30821
vn -0.589533 0.800615 0.107084
vt 0.482347 0.306987
vt 0.485069 0.302977
f 1244/1902/2137 1243/1903/2137 1242/1904/2137

vn -0.643126 0.763099 -0.0637836
v 0.617401 1.22322 -0.253952
vt 0.487853 0.319908
f 1244/1902/2138 1245/1905/2138 1243/1903/2138

v 0.686413 1.25531 -0.201012
vt 0.5 0.308932
vn -0.269636 0.938156 -0.217162
f 1246/1906/2139 1245/1905/2139 1244/1902/2139

v 0.686413 1.24163 -0.268231
vt 0.5 0.320723
vn -0.289714 0.937896 -0.190831
f 1247/1907/2140 1245/1905/2140 1246/1906/2140

vn -0.310584 0.873638 -0.374559
v 0.611317 1.19212 -0.321443
vt 0.487028 0.33259
f 1247/1907/2141 1248/1908/2141 1245/1905/2141

vn -0.299883 0.871609 -0.387774
v 0.686413 1.21109 -0.336882
vt 0.5 0.33329
f 1247/1907/2142 1249/1909/2142 1248/1908/2142

v 0.761509 1.19212 -0.321443
vt 0.512972 0.33259
vn 0.299883 0.871609 -0.387774
f 1250/1910/2143 1249/1909/2143 1247/1907/2143

vn 0.309621 0.749126 -0.585616
v 0.75558 1.15046 -0.377878
vt 0.512456 0.344679
f 1250/1910/2144 1251/1911/2144 1249/1909/2144

vn 0.737581 0.503892 -0.449519
v 0.798784 1.11322 -0.348726
vt 0.52414 0.344465
f 1251/1911/2145 1250/1910/2145 1252/1912/2145

vn 0.762821 0.501512 -0.408154
v 0.808485 1.14845 -0.287306
vt 0.525809 0.330954
f 1252/1912/2146 1250/1910/2146 1253/1913/2146

vn 0.745575 0.628259 -0.222283
v 0.755425 1.22322 -0.253952
vt 0.512147 0.319908
f 1250/1910/2147 1254/1914/2147 1253/1913/2147

vn 0.310584 0.873638 -0.374559
f 1250/1910/2148 1247/1907/2148 1254/1914/2148

vn 0.289714 0.937896 -0.190831
f 1254/1914/2149 1247/1907/2149 1246/1906/2149

vn 0.269636 0.938156 -0.217162
v 0.738396 1.24292 -0.190006
vt 0.509764 0.30821
f 1254/1914/2150 1246/1906/2150 1255/1915/2150

vn 0.221187 0.973852 0.0518605
v 0.686413 1.25359 -0.168679
vt 0.5 0.30273
f 1255/1915/2151 1246/1906/2151 1256/1916/2151

vn -0.221187 0.973852 0.0518605
f 1246/1906/2152 1244/1902/2152 1256/1916/2152

vn -0.223419 0.973012 0.0577205
v 0.643551 1.24331 -0.161292
vt 0.490831 0.302639
f 1256/1916/2153 1244/1902/2153 1257/1917/2153

vn -0.52057 0.839828 0.153934
f 1257/1917/2154 1244/1902/2154 1242/1904/2154

v 0.630332 1.26118 -0.143473
vt 0.488753 0.297661
vn -0.521001 0.377817 -0.765384
f 1258/1918/2155 1257/1917/2155 1242/1904/2155

v 0.686413 1.27467 -0.153926
vt 0.5 0.297546
vn -0.28063 0.565657 -0.775422
f 1259/1919/2156 1257/1917/2156 1258/1918/2156

vn -0.268479 0.552294 -0.789234
f 1259/1919/2157 1256/1916/2157 1257/1917/2157

vn 0.268479 0.552294 -0.789234
v 0.729275 1.24331 -0.161292
vt 0.509169 0.302639
f 1259/1919/2158 1260/1920/2158 1256/1916/2158

vn 0.28063 0.565657 -0.775422
v 0.742494 1.26118 -0.143473
vt 0.511247 0.297661
f 1259/1919/2159 1261/1921/2159 1260/1920/2159

vn 0.274493 0.508699 -0.816014
f 1011/1559/2160 1261/1921/2160 1259/1919/2160

vn 0.334027 0.554319 -0.762336
v 0.755446 1.29736 -0.11149
vt 0.513224 0.288731
f 1011/1559/2161 1262/1922/2161 1261/1921/2161

vn 0.338079 0.607174 -0.719057
f 1012/1560/2162 1262/1922/2162 1011/1559/2162

vn 0.743166 0.411641 -0.527499
v 0.794429 1.25989 -0.0858044
vt 0.524179 0.290622
f 1262/1922/2163 1012/1560/2163 1263/1923/2163

vn 0.818126 0.413785 -0.399313
v 0.804099 1.29862 -0.0258572
vt 0.52791 0.27723
f 1263/1923/2164 1012/1560/2164 1264/1924/2164

vn 0.818338 0.471805 -0.328212
v 0.795998 1.34818 0.0251782
vt 0.526214 0.263286
f 1012/1560/2165 1265/1925/2165 1264/1924/2165

vn 0.789436 0.526089 -0.31626
f 1012/1560/2166 1013/1561/2166 1265/1925/2166

vn 0.775446 0.592913 -0.217114
f 1013/1561/2167 1016/1564/2167 1265/1925/2167

vn 0.681282 0.699002 -0.217376
f 1016/1564/2168 1013/1561/2168 1014/1562/2168

vt 0.61292 0.722054
vn 0.462608 0.673957 -0.576
f 1265/1926/2169 1016/1566/2169 1018/1568/2169

vn 0.657948 0.584195 -0.475206
v 0.814286 1.33813 0.0381439
vt 0.607953 0.720004
f 1265/1926/2170 1018/1568/2170 1266/1927/2170

vn 0.643761 0.588435 -0.4892
v 0.821685 1.38095 0.099391
vt 0.597664 0.733351
f 1266/1927/2171 1018/1568/2171 1267/1928/2171

vn 0.604889 0.230616 -0.762185
f 1019/1569/2172 1267/1928/2172 1018/1568/2172

vn 0.715185 0.209766 -0.666715
v 0.861935 1.41659 0.153779
vt 0.584331 0.743233
f 1267/1928/2173 1019/1569/2173 1268/1929/2173

v 0.869054 1.47009 0.166364
vt 0.583123 0.754284
vn 0.687675 0.0782854 -0.721785
f 1269/1930/2174 1268/1929/2174 1019/1569/2174

vn 0.931995 -0.03926 -0.360338
v 0.896374 1.42667 0.241756
vt 0.566907 0.748955
f 1268/1929/2175 1269/1930/2175 1270/1931/2175

vn 0.93285 -0.0355422 -0.358506
v 0.907144 1.46411 0.266069
vt 0.563847 0.756407
f 1269/1930/2176 1271/1932/2176 1270/1931/2176

vn 0.923567 -0.130258 -0.360635
v 0.882859 1.52056 0.183487
vt 0.580351 0.76408
f 1269/1930/2177 1272/1933/2177 1271/1932/2177

vn 0.650907 0.0781362 -0.755125
f 1023/1573/2178 1272/1933/2178 1269/1930/2178

vn 0.669346 0.209474 -0.712809
f 1025/1575/2179 1272/1933/2179 1023/1573/2179

vn 0.557143 0.118356 -0.821939
v 0.896383 1.57212 0.200078
vt 0.577697 0.773129
f 1025/1575/2180 1273/1934/2180 1272/1933/2180

vn 0.584388 0.329142 -0.741725
f 1027/1577/2181 1273/1934/2181 1025/1575/2181

vn 0.59285 0.334688 -0.73247
v 0.902605 1.6328 0.232841
vt 0.574315 0.782683
f 1027/1577/2182 1274/1935/2182 1273/1934/2182

vt 0.573903 0.794198
vn 0.587832 0.515628 -0.623363
f 1032/1936/2183 1274/1935/2183 1027/1577/2183

vn 0.739979 0.506148 -0.442997
v 0.902367 1.67298 0.278356
vt 0.569748 0.789041
f 1274/1935/2184 1032/1936/2184 1275/1937/2184

vn 0.731324 0.473765 -0.490624
vt 0.570252 0.794662
f 1032/1936/2185 1033/1938/2185 1275/1937/2185

vn 0.785198 0.484276 -0.385928
v 0.896527 1.70646 0.30848
vt 0.566233 0.794002
f 1275/1937/2186 1033/1938/2186 1276/1939/2186

vt 0.626723 0.418894
vn -0.274784 -0.960064 0.0526424
v 0.92941 1.69631 0.295081
vt 0.628418 0.415145
v 0.935806 1.69724 0.345516
vt 0.632779 0.415432
vt 0.628969 0.41816
f 1033/1940/2187 1277/1941/2187 1278/1942/2187 1276/1943/2187 

vt 0.628412 0.415161
vn -0.275803 -0.959452 0.0581792
vt 0.626904 0.418944
v 0.924282 1.69567 0.260266
vt 0.625453 0.415164
f 1277/1944/2188 1033/1945/2188 1279/1946/2188

v 0.929233 1.70548 0.280981
vt 0.565333 0.445617
vn 0.0336045 0.900067 -0.434453
vt 0.569803 0.446057
vt 0.56509 0.454431
f 1280/1947/2189 1279/1948/2189 1033/1949/2189

v 0.969404 1.69678 0.268624
vt 0.567082 0.43779
vn 0.0591655 0.89658 -0.438911
f 1281/1950/2190 1279/1948/2190 1280/1947/2190

vn 0.0754695 0.850356 -0.520768
v 0.960685 1.68129 0.242053
vt 0.573149 0.438319
f 1281/1950/2191 1282/1951/2191 1279/1948/2191

v 1.01992 1.6776 0.254195
vt 0.569169 0.42752
vn 0.161529 0.828467 -0.536238
f 1283/1952/2192 1282/1951/2192 1281/1950/2192

vn 0.170912 0.785223 -0.595158
v 1.00978 1.65907 0.226844
vt 0.575702 0.427744
f 1283/1952/2193 1284/1953/2193 1282/1951/2193

v 1.07887 1.65576 0.250948
vt 0.5686 0.415818
vn 0.247218 0.757261 -0.604515
f 1285/1954/2194 1284/1953/2194 1283/1952/2194

vn 0.24194 0.772353 -0.587313
v 1.07009 1.63556 0.220773
vt 0.575621 0.41523
f 1285/1954/2195 1286/1955/2195 1284/1953/2195

v 1.10672 1.64346 0.255351
vt 0.567193 0.410215
vn 0.402962 0.702067 -0.587131
f 1287/1956/2196 1286/1955/2196 1285/1954/2196

v 1.11908 1.61736 0.237149
vt 0.571385 0.405188
vn 0.446884 0.644424 -0.620494
f 1288/1957/2197 1286/1955/2197 1287/1956/2197

vt 0.625145 0.396412
vn -0.406424 -0.883189 0.234086
v 1.08401 1.64092 0.265135
vt 0.627456 0.400349
vt 0.623279 0.400971
f 1288/1958/2198 1289/1959/2198 1286/1960/2198

v 1.15715 1.60889 0.270884
vt 0.628547 0.393232
vn -0.405342 -0.883301 0.235536
f 1290/1961/2199 1289/1959/2199 1288/1958/2199

vn -0.405523 -0.909402 0.0924071
v 1.09552 1.64165 0.322906
vt 0.632773 0.399872
f 1290/1961/2200 1291/1962/2200 1289/1959/2200

v 1.17304 1.60725 0.316408
vt 0.632773 0.392208
vn -0.395993 -0.912179 0.105446
f 1292/1963/2201 1291/1962/2201 1290/1961/2201

vn -0.410609 -0.90631 -0.10001
v 1.16349 1.60635 0.363719
vt 0.63702 0.393271
f 1292/1963/2202 1293/1964/2202 1291/1962/2202

vt 0.554578 0.397132
vn 0.686579 0.710983 0.152028
v 1.13936 1.63905 0.319788
vt 0.554578 0.405567
vt 0.54587 0.39925
f 1292/1965/2203 1294/1966/2203 1293/1967/2203

vn 0.661025 0.721859 -0.204853
vt 0.563486 0.398717
f 1292/1965/2204 1290/1968/2204 1294/1966/2204

vn 0.68706 0.702984 -0.183743
v 1.12726 1.64059 0.280424
vt 0.562 0.40701
f 1290/1968/2205 1295/1969/2205 1294/1966/2205

vn 0.567184 0.67618 -0.470194
f 1290/1968/2206 1288/1957/2206 1295/1969/2206

vn 0.640338 0.619749 -0.453738
f 1288/1957/2207 1287/1956/2207 1295/1969/2207

vn 0.572874 0.722701 -0.386676
v 1.08731 1.67366 0.283041
vt 0.561864 0.416242
f 1295/1969/2208 1287/1956/2208 1296/1970/2208

vn 0.412105 0.745339 -0.52406
f 1287/1956/2209 1285/1954/2209 1296/1970/2209

vn 0.270791 0.808666 -0.522237
f 1296/1970/2210 1285/1954/2210 1283/1952/2210

vn 0.272021 0.806167 -0.525451
v 1.03029 1.69629 0.288247
vt 0.561918 0.427297
f 1296/1970/2211 1283/1952/2211 1297/1971/2211

vn 0.172427 0.840351 -0.513886
f 1297/1971/2212 1283/1952/2212 1281/1950/2212

vn 0.161236 0.863108 -0.478589
v 0.977617 1.71093 0.296895
vt 0.561122 0.437337
f 1297/1971/2213 1281/1950/2213 1298/1972/2213

vn 0.0510653 0.887166 -0.458616
f 1298/1972/2214 1281/1950/2214 1280/1947/2214

vn 0.0810269 0.841528 -0.534103
v 0.935945 1.71912 0.303484
vt 0.560411 0.444899
f 1298/1972/2215 1280/1947/2215 1299/1973/2215

vn -0.0997771 0.863876 -0.493723
v 0.887663 1.71763 0.31064
vt 0.559747 0.453852
f 1299/1973/2216 1280/1947/2216 1300/1974/2216

vn 0.0457222 0.945252 -0.323122
f 1280/1947/2217 1033/1949/2217 1300/1974/2217

vt 0.564783 0.91963
vn 0.60819 0.716341 -0.341995
vt 0.568932 0.918533
v 0.858711 1.7352 0.295942
vt 0.568205 0.924608
f 1300/1975/2218 1033/1976/2218 1301/1977/2218

vn 0.684535 0.710432 -0.163395
vt 0.572942 0.920573
f 1033/1976/2219 1036/1978/2219 1301/1977/2219

vn 0.692308 0.704015 -0.158342
v 0.833761 1.75286 0.265397
vt 0.574548 0.92813
f 1036/1978/2220 1302/1979/2220 1301/1977/2220

vn 0.598018 0.643062 -0.478378
v 0.841299 1.72452 0.236723
vt 0.578163 0.922648
f 1036/1978/2221 1303/1980/2221 1302/1979/2221

vn 0.170624 0.984534 0.0397462
vt 0.605206 0.474305
f 1037/1591/2222 1303/1981/2222 1036/1590/2222

vn 0.187029 0.976332 0.108605
f 1037/1591/2223 1039/1593/2223 1303/1981/2223

vn -0.0156028 0.999521 -0.0267249
v 0.815563 1.72367 0.220057
vt 0.610908 0.474304
f 1039/1593/2224 1304/1982/2224 1303/1981/2224

vn -0.0418871 0.995119 -0.0893543
v 0.833594 1.72081 0.179745
vt 0.611982 0.466353
f 1039/1593/2225 1305/1983/2225 1304/1982/2225

vn 0.0385524 0.973097 -0.227146
f 1040/1594/2226 1305/1983/2226 1039/1593/2226

vn 0.0313649 0.96766 -0.250302
v 0.852414 1.71082 0.143471
vt 0.61263 0.458936
f 1040/1594/2227 1306/1984/2227 1305/1983/2227

vn 0.0655224 0.949318 -0.30741
v 0.877165 1.69524 0.100625
vt 0.612862 0.449524
f 1040/1594/2228 1307/1985/2228 1306/1984/2228

vn 0.0636954 0.949531 -0.307138
f 1041/1595/2229 1307/1985/2229 1040/1594/2229

vn 0.168758 0.86258 -0.476944
f 1043/1597/2230 1307/1985/2230 1041/1595/2230

vn 0.17933 0.874787 -0.450099
v 0.900303 1.67195 0.064585
vt 0.612842 0.440842
f 1043/1597/2231 1308/1986/2231 1307/1985/2231

vn 0.242239 0.800271 -0.548531
v 0.922828 1.64286 0.0320948
vt 0.612543 0.432106
f 1043/1597/2232 1309/1987/2232 1308/1986/2232

vn 0.236333 0.802306 -0.548135
f 1046/1600/2233 1309/1987/2233 1043/1597/2233

vn 0.269333 0.698694 -0.662787
v 0.932789 1.60958 0.00105941
vt 0.614169 0.423526
f 1046/1600/2234 1310/1988/2234 1309/1987/2234

vn 0.259535 0.704508 -0.660538
f 1048/1602/2235 1310/1988/2235 1046/1600/2235

vn -0.186132 -0.911125 0.367703
vt 0.679325 0.393799
f 1048/1605/2236 1049/1604/2236 1310/1989/2236

vn -0.204825 -0.908026 0.365425
v 0.877991 1.64824 0.0663963
vt 0.678258 0.402216
f 1310/1989/2237 1049/1604/2237 1311/1990/2237

vn -0.191109 -0.919294 0.344057
v 0.905376 1.66742 0.132855
vt 0.683514 0.406272
f 1049/1604/2238 1312/1991/2238 1311/1990/2238

vn -0.344256 -0.90734 0.241293
f 1050/1606/2239 1312/1991/2239 1049/1604/2239

vn -0.34584 -0.910278 0.22757
f 1050/1606/2240 1059/1618/2240 1312/1991/2240

vn -0.455156 -0.877506 0.151052
f 1052/1608/2241 1059/1618/2241 1050/1606/2241

vt 0.683483 0.41111
vn -0.32825 -0.923455 0.198705
vt 0.683455 0.406375
vt 0.689021 0.406368
vt 0.688751 0.411072
f 1061/1992/2242 1312/1993/2242 1059/1994/2242 1060/1995/2242 

v 0.830576 1.68408 0.143931
vt 0.678337 0.411065
vn -0.163311 -0.937421 0.307525
v 0.853331 1.66612 0.10121
vt 0.678064 0.406426
vt 0.683529 0.406305
vt 0.683508 0.410982
f 1313/1996/2243 1314/1997/2243 1312/1998/2243 1061/1999/2243 

vt 0.678049 0.406402
vn -0.0603811 -0.931266 0.359302
vt 0.67833 0.41104
v 0.79438 1.67863 0.123713
vt 0.674565 0.411111
f 1314/2000/2244 1313/2001/2244 1315/2002/2244

vn -0.067323 -0.92642 0.370423
v 0.78864 1.69498 0.163568
vt 0.676064 0.414746
f 1313/2001/2245 1316/2003/2245 1315/2002/2245

vn -0.108685 -0.949352 0.294818
f 1313/2001/2246 1062/1626/2246 1316/2003/2246

vn -0.145301 -0.9491 0.279459
f 1061/1625/2247 1062/1626/2247 1313/2001/2247

vn -0.174124 -0.893606 0.413702
f 1062/1626/2248 1063/1627/2248 1316/2003/2248

v 0.801154 1.70741 0.165199
vt 0.618856 0.466809
vn -0.614036 0.672664 -0.412896
vt 0.622128 0.467389
vt 0.618019 0.474409
f 1317/2004/2249 1316/2005/2249 1063/2006/2249

v 0.818155 1.69378 0.130549
vt 0.620004 0.459297
vn -0.563373 0.63657 -0.526677
f 1318/2007/2250 1316/2005/2250 1317/2004/2250

vn -0.409833 0.821646 -0.396149
vt 0.625526 0.4597
f 1318/2007/2251 1315/2008/2251 1316/2005/2251

v 0.841807 1.67684 0.087826
vt 0.620417 0.449615
vn -0.354546 0.785217 -0.507672
f 1319/2009/2252 1315/2008/2252 1318/2007/2252

vn -0.331063 0.813552 -0.478049
v 0.810651 1.65854 0.078265
vt 0.627528 0.449729
f 1319/2009/2253 1320/2010/2253 1315/2008/2253

vn -0.27531 0.769756 -0.575917
v 0.835261 1.64001 0.0417319
vt 0.626972 0.440481
f 1319/2009/2254 1321/2011/2254 1320/2010/2254

v 0.868016 1.6577 0.0523592
vt 0.619629 0.44073
vn -0.228494 0.776158 -0.587681
f 1322/2012/2255 1321/2011/2255 1319/2009/2255

v 0.890035 1.64561 0.0347499
vt 0.617737 0.435353
vn -0.159977 0.708907 -0.686919
f 1323/2013/2256 1321/2011/2256 1322/2012/2256

vn -0.160799 0.671526 -0.723323
v 0.882843 1.62029 0.0128478
vt 0.621812 0.430313
f 1323/2013/2257 1324/2014/2257 1321/2011/2257

vn -0.00630947 0.655324 -0.755321
f 1323/2013/2258 1309/1987/2258 1324/2014/2258

vn 0.00887984 0.748059 -0.663573
f 1309/1987/2259 1323/2013/2259 1308/1986/2259

vn -0.0937544 0.762094 -0.640643
f 1308/1986/2260 1323/2013/2260 1322/2012/2260

vn -0.125704 0.794529 -0.594072
f 1308/1986/2261 1322/2012/2261 1307/1985/2261

vn -0.202871 0.791234 -0.576882
f 1307/1985/2262 1322/2012/2262 1319/2009/2262

vn -0.271174 0.843603 -0.463463
f 1307/1985/2263 1319/2009/2263 1306/1984/2263

vn -0.243851 0.847672 -0.471156
f 1306/1984/2264 1319/2009/2264 1318/2007/2264

vn -0.251098 0.852551 -0.458374
f 1306/1984/2265 1318/2007/2265 1317/2004/2265

vn -0.213445 0.907871 -0.360849
f 1306/1984/2266 1317/2004/2266 1305/1983/2266

vn -0.254849 0.92441 -0.283757
f 1305/1983/2267 1317/2004/2267 1063/2006/2267

vn -0.205741 0.96535 -0.160529
f 1305/1983/2268 1063/2006/2268 1304/1982/2268

v 0.799577 1.7623 0.236364
vt 0.581629 0.930821
vn 0.313431 0.476539 -0.821384
vt 0.582693 0.923885
vt 0.58845 0.924129
f 1325/2015/2269 1304/2016/2269 1063/2017/2269

vn 0.459056 0.500054 -0.734311
f 1325/2015/2270 1303/1980/2270 1304/2016/2270

vn 0.589567 0.646586 -0.484084
f 1303/1980/2271 1325/2015/2271 1302/1979/2271

vn 0.648169 0.443395 -0.619095
f 1325/2015/2272 1158/1777/2272 1302/1979/2272

vn 0.307733 0.472603 -0.825801
f 1158/1777/2273 1325/2015/2273 1157/1776/2273

vn 0.306646 0.479427 -0.822264
f 1157/1776/2274 1325/2015/2274 1063/2017/2274

vn 0.166289 0.404275 -0.899394
vt 0.596545 0.931441
f 1157/1776/2275 1063/2017/2275 1155/2018/2275

vn 0.194384 0.493033 -0.848017
vt 0.596927 0.922714
f 1155/2018/2276 1063/2017/2276 1064/2019/2276

vn 0.714112 0.540602 -0.444739
v 0.827901 1.78399 0.293823
vt 0.57057 0.93433
f 1158/1777/2277 1326/2020/2277 1302/1979/2277

vn 0.748985 0.374386 -0.546677
f 1158/1777/2278 1159/1779/2278 1326/2020/2278

vn 0.942441 0.240075 -0.232743
f 1326/2020/2279 1159/1779/2279 1160/1780/2279

vn 0.92978 0.276284 -0.243263
v 0.84925 1.75386 0.341202
vt 0.560823 0.929411
f 1326/2020/2280 1160/1780/2280 1327/2021/2280

vn 0.989273 0.14155 0.0360798
v 0.849453 1.73443 0.411857
vt 0.547533 0.927699
f 1327/2021/2281 1160/1780/2281 1328/2022/2281

vn 0.899601 0.288946 0.327458
f 1160/1780/2282 1161/1781/2282 1328/2022/2282

vn 0.833501 0.128783 0.537299
v 0.823181 1.7317 0.453267
vt 0.538754 0.929443
f 1328/2022/2283 1161/1781/2283 1329/2023/2283

vn 0.653357 0.145743 0.742889
f 1161/1781/2284 1162/1782/2284 1329/2023/2284

vn 0.607894 0.0328279 0.793339
v 0.76889 1.71639 0.4955
vt 0.526061 0.929975
f 1162/1782/2285 1330/2024/2285 1329/2023/2285

vn 0.241424 -0.0055707 0.970404
v 0.686413 1.73337 0.516117
vt 0.512497 0.936698
f 1162/1782/2286 1331/2025/2286 1330/2024/2286

vn 0.240112 -0.00300892 0.97074
f 1162/1782/2287 1163/1783/2287 1331/2025/2287

vn -0.240112 -0.00300892 0.97074
vt 0.487503 0.936698
f 1164/1785/2288 1331/2026/2288 1163/1786/2288

vn -0.241424 -0.0055707 0.970404
v 0.603936 1.71639 0.4955
vt 0.473939 0.929975
f 1164/1785/2289 1332/2027/2289 1331/2026/2289

vn -0.607894 0.0328279 0.793339
f 1164/1785/2290 1166/1788/2290 1332/2027/2290

vn -0.480484 0.419977 0.769906
v 0.558962 1.69774 0.477604
vt 0.466791 0.92421
f 1166/1788/2291 1333/2028/2291 1332/2027/2291

vn -0.551667 0.380573 0.742177
v 0.544664 1.70548 0.46301
vt 0.4631 0.924827
f 1166/1788/2292 1334/2029/2292 1333/2028/2292

vn -0.502551 0.383396 0.774887
f 1166/1788/2293 1167/1789/2293 1334/2029/2293

vt 0.446757 0.525025
vn -0.0569929 0.953797 0.294997
vt 0.441284 0.524687
v 0.518711 1.6923 0.500596
vt 0.447745 0.516119
f 1334/2030/2294 1167/2031/2294 1335/2032/2294

vn -0.0313137 0.954524 0.296484
v 0.490845 1.69723 0.481793
vt 0.441284 0.515582
f 1167/2031/2295 1336/2033/2295 1335/2032/2295

vn -0.205702 0.96677 0.151795
vt 0.434544 0.52432
f 1167/2031/2296 1168/2034/2296 1336/2033/2296

vn -0.188743 0.969926 0.153687
v 0.464437 1.69602 0.456982
vt 0.434513 0.515418
f 1168/2034/2297 1337/2035/2297 1336/2033/2297

vn -0.364211 0.930914 -0.0273785
v 0.449681 1.6897 0.438489
vt 0.429848 0.515494
f 1168/2034/2298 1338/2036/2298 1337/2035/2298

vn -0.319537 0.938702 0.129366
vt 0.42884 0.524578
f 1168/2034/2299 1169/2037/2299 1338/2036/2299

vn -0.536676 0.840149 -0.0782849
v 0.441071 1.68212 0.41615
vt 0.425088 0.51669
f 1169/2037/2300 1339/2038/2300 1338/2036/2300

v 0.488637 1.69019 0.429815
vt 0.347497 0.44565
vn 0.28843 -0.793623 -0.535696
vt 0.351417 0.443244
vt 0.350115 0.447051
f 1340/2039/2301 1339/2040/2301 1169/2041/2301

vn 0.254193 -0.900177 -0.353649
v 0.437707 1.66436 0.45895
vt 0.348802 0.439938
f 1340/2039/2302 1341/2042/2302 1339/2040/2302

vn 0.294296 -0.909948 -0.292207
v 0.475235 1.6649 0.495068
vt 0.344058 0.440134
f 1340/2039/2303 1342/2043/2303 1341/2042/2303

v 0.515606 1.68902 0.455738
vt 0.344058 0.445707
vn 0.252628 -0.918535 -0.304093
f 1343/2044/2304 1342/2043/2304 1340/2039/2304

v 0.516165 1.65726 0.525615
vt 0.33938 0.440466
vn 0.138323 -0.901181 -0.41078
f 1344/2045/2305 1342/2043/2305 1343/2044/2305

v 0.484095 1.62324 0.571824
vt 0.338471 0.434534
vn 0.203214 -0.850542 -0.485059
vt 0.344129 0.440211
vt 0.339413 0.440509
f 1345/2046/2306 1342/2047/2306 1344/2048/2306

vt 0.344129 0.44021
vn 0.204233 -0.850304 -0.485048
v 0.436646 1.63339 0.534059
vt 0.344093 0.434378
f 1342/2049/2307 1345/2046/2307 1346/2050/2307

vt 0.338436 0.434491
vn 0.245443 -0.813662 -0.526983
v 0.437454 1.5841 0.610536
vt 0.338946 0.428
vt 0.344058 0.434333
f 1345/2051/2308 1347/2052/2308 1346/2053/2308

vn 0.168053 -0.787153 -0.593421
v 0.479948 1.57522 0.634347
vt 0.33446 0.428577
f 1345/2051/2309 1348/2054/2309 1347/2052/2309

v 0.519247 1.61055 0.594482
vt 0.334446 0.434585
vn 0.101844 -0.792207 -0.601695
f 1349/2055/2310 1348/2054/2310 1345/2051/2310

v 0.490089 1.63166 0.5856
vt 0.455633 0.497183
vn 0.215078 0.615917 0.757883
vt 0.461636 0.484478
vt 0.462652 0.497091
f 1350/2056/2311 1348/2057/2311 1349/2058/2311

vn 0.193892 0.621045 0.759413
v 0.449269 1.59646 0.624813
vt 0.454603 0.485051
f 1350/2056/2312 1351/2059/2312 1348/2057/2312

v 0.460583 1.65151 0.574577
vt 0.448911 0.497233
vn 0.15732 0.647816 0.745375
f 1352/2060/2313 1351/2059/2313 1350/2056/2313

vn 0.0792151 0.662997 0.74442
v 0.419866 1.61391 0.612399
vt 0.448321 0.485413
f 1352/2060/2314 1353/2061/2314 1351/2059/2314

vn -0.203642 0.795109 0.571255
v 0.426289 1.66101 0.549129
vt 0.441284 0.497262
f 1352/2060/2315 1354/2062/2315 1353/2061/2315

v 0.49584 1.68071 0.530915
vt 0.448207 0.508869
vn -0.118858 0.867041 0.483853
f 1355/2063/2316 1354/2062/2316 1352/2060/2316

vn -0.126325 0.87615 0.465191
v 0.464992 1.68769 0.509395
vt 0.441284 0.508826
f 1355/2063/2317 1356/2064/2317 1354/2062/2317

vn -0.00856498 0.947537 0.319531
f 1355/2063/2318 1336/2033/2318 1356/2064/2318

vn -0.0508779 0.945033 0.322992
f 1335/2032/2319 1336/2033/2319 1355/2063/2319

v 0.539491 1.68286 0.508569
vt 0.452299 0.516962
vn 0.203646 0.853344 0.47993
f 1357/2065/2320 1335/2032/2320 1355/2063/2320

vt 0.450876 0.524416
vn 0.181998 0.836663 0.516596
f 1333/2066/2321 1335/2032/2321 1357/2065/2321

vn 0.098413 0.915951 0.389035
f 1333/2066/2322 1334/2030/2322 1335/2032/2322

vn 0.267542 0.791926 0.548884
v 0.555392 1.67414 0.513399
vt 0.455911 0.517707
f 1333/2066/2323 1357/2065/2323 1358/2067/2323

vn 0.273286 0.796841 0.538849
v 0.523757 1.66561 0.542055
vt 0.454432 0.509413
f 1358/2067/2324 1357/2065/2324 1359/2068/2324

vn 0.230576 0.816692 0.529007
f 1357/2065/2325 1355/2063/2325 1359/2068/2325

vn 0.15698 0.757684 0.633461
f 1359/2068/2326 1355/2063/2326 1352/2060/2326

vn 0.203998 0.689312 0.69515
f 1359/2068/2327 1352/2060/2327 1350/2056/2327

vn 0.29401 0.630174 0.718636
v 0.545836 1.64935 0.547285
vt 0.459838 0.509965
f 1359/2068/2328 1350/2056/2328 1360/2069/2328

vn 0.268589 0.6644 0.697447
f 1360/2069/2329 1350/2056/2329 1349/2058/2329

vt 0.335881 0.440576
vn 0.0984957 -0.795262 -0.598212
f 1360/2070/2330 1349/2055/2330 1345/2051/2330

vn 0.151691 -0.843344 -0.51552
f 1360/2070/2331 1345/2051/2331 1344/2045/2331

vt 0.337625 0.444177
vn 0.181497 -0.81733 -0.546837
f 1358/2071/2332 1360/2070/2332 1344/2045/2332

vn 0.36844 0.697694 0.61439
f 1358/2067/2333 1359/2068/2333 1360/2069/2333

vt 0.339876 0.447435
vn 0.192315 -0.827956 -0.526787
f 1333/2072/2334 1358/2071/2334 1344/2045/2334

vn 0.365707 -0.846184 -0.387597
f 1333/2072/2335 1344/2045/2335 1343/2044/2335

vt 0.466791 0.79921
vn -0.476213 0.265925 0.838156
vt 0.459308 0.795202
v 0.509965 1.63446 0.469843
vt 0.462488 0.786762
f 1333/2073/2336 1343/2074/2336 1361/2075/2336

vt 0.453279 0.793638
vn -0.665217 0.250614 0.703334
f 1340/2076/2337 1361/2075/2337 1343/2074/2337

vn -0.621625 0.285926 0.729266
v 0.460889 1.62354 0.432294
vt 0.453899 0.78266
f 1340/2076/2338 1362/2077/2338 1361/2075/2338

vt 0.448341 0.794812
vn -0.780417 0.344323 0.521911
f 1169/2078/2339 1362/2077/2339 1340/2076/2339

v 0.453121 1.66599 0.390949
vt 0.446492 0.788016
vn -0.797911 0.339266 0.498234
f 1363/2079/2340 1362/2077/2340 1169/2078/2340

vn -0.68951 0.436649 0.577853
v 0.442001 1.61343 0.417392
vt 0.451003 0.780151
f 1363/2079/2341 1364/2080/2341 1362/2077/2341

v 0.438736 1.64738 0.380264
vt 0.444805 0.784629
vn -0.817535 0.387386 0.426109
f 1365/2081/2342 1364/2080/2342 1363/2079/2342

vt 0.075384 0.728734
vn 0.0567557 0.739287 0.670994
vt 0.076079 0.719818
v 0.406708 1.64884 0.381365
vt 0.081766 0.719784
f 1364/2082/2343 1365/2083/2343 1366/2084/2343

vn 0.0529869 0.962678 0.265411
v 0.41088 1.66205 0.332617
vt 0.080781 0.710823
f 1365/2083/2344 1367/2085/2344 1366/2084/2344

vt 0.075519 0.710823
vn 0.0325875 0.96042 0.276643
f 1224/2086/2345 1367/2085/2345 1365/2083/2345

v 0.356825 1.65023 0.289249
vt 0.0902784 0.701954
vn -0.00189449 0.965375 -0.260858
vt 0.080784 0.710821
vt 0.0753469 0.710787
v 0.406814 1.64917 0.284991
vt 0.0809743 0.701698
f 1368/2087/2346 1367/2088/2346 1224/2089/2346 1369/2090/2346 

vn -0.0198105 0.970587 -0.239934
vt 0.090276 0.701957
v 0.359135 1.66178 0.335777
vt 0.090185 0.710823
f 1367/2085/2347 1368/2091/2347 1370/2092/2347

vn 0.00199746 0.970523 -0.241
v 0.269383 1.66225 0.336941
vt 0.106751 0.710823
f 1370/2092/2348 1368/2091/2348 1371/2093/2348

vn 0.00390196 0.971328 -0.237711
v 0.269383 1.65131 0.292231
vt 0.106716 0.702086
f 1368/2091/2349 1372/2094/2349 1371/2093/2349

vn -0.01392 0.737257 -0.675469
v 0.350598 1.61909 0.255393
vt 0.091098 0.693259
f 1368/2091/2350 1373/2095/2350 1372/2094/2350

v 0.396477 1.61644 0.251023
vt 0.082395 0.692768
vn -0.0216827 0.737865 -0.6746
f 1374/2096/2351 1373/2095/2351 1368/2091/2351

vn -0.0761836 0.266062 -0.960941
v 0.383233 1.5745 0.24046
vt 0.084677 0.684537
f 1373/2095/2352 1374/2096/2352 1375/2097/2352

vn -0.106971 0.274448 -0.955634
vt 0.072908 0.692027
f 1374/2096/2353 1227/2098/2353 1375/2097/2353

vn -0.037834 0.729261 -0.683189
vt 0.074349 0.701411
f 1227/2098/2354 1374/2096/2354 1225/2099/2354

vn -0.0310265 0.724462 -0.688616
vt 0.080972 0.7017
f 1225/2099/2355 1374/2096/2355 1369/2100/2355

vn -0.0431679 0.725968 -0.686372
f 1369/2100/2356 1374/2096/2356 1368/2091/2356

vn 0.023945 0.9602 -0.278287
f 1225/2099/2357 1369/2100/2357 1224/2086/2357

vn -0.0893921 0.246372 -0.965044
v 0.450319 1.56744 0.232443
vt 0.071948 0.683215
f 1227/2098/2358 1376/2101/2358 1375/2097/2358

vn -0.781276 0.0968289 -0.61663
vt 0.42874 0.773432
f 1228/1879/2359 1376/2102/2359 1227/1878/2359

vn -0.74423 -0.216175 -0.631973
v 0.452879 1.52147 0.245154
vt 0.431759 0.766288
f 1228/1879/2360 1377/2103/2360 1376/2102/2360

v 0.489967 1.52056 0.183487
vt 0.419649 0.76408
vn -0.855837 -0.0591393 -0.513854
f 1378/2104/2361 1377/2103/2361 1228/1879/2361

vn -0.803808 -0.353819 -0.478231
v 0.465682 1.46411 0.266069
vt 0.436153 0.756407
f 1378/2104/2362 1379/2105/2362 1377/2103/2362

v 0.503772 1.47009 0.166364
vt 0.416877 0.754284
vn -0.923566 -0.130258 -0.360635
f 1380/2106/2363 1379/2105/2363 1378/2104/2363

vn -0.93285 -0.0355424 -0.358506
v 0.476452 1.42667 0.241756
vt 0.433093 0.748955
f 1380/2106/2364 1381/2107/2364 1379/2105/2364

v 0.510891 1.41659 0.153779
vt 0.415669 0.743233
vn -0.931995 -0.03926 -0.360338
f 1382/2108/2365 1381/2107/2365 1380/2106/2365

vn -0.930371 -0.0998511 -0.35276
v 0.489995 1.38108 0.218942
vt 0.430678 0.739354
f 1382/2108/2366 1383/2109/2366 1381/2107/2366

v 0.519513 1.35763 0.134356
vt 0.413793 0.729683
vn -0.946432 -0.0325767 -0.321255
f 1384/2110/2367 1383/2109/2367 1382/2108/2367

vn -0.947702 -0.101519 -0.302581
v 0.50719 1.32558 0.183706
vt 0.426617 0.725952
f 1384/2110/2368 1385/2111/2368 1383/2109/2368

v 0.507574 1.30513 0.0945494
vt 0.409723 0.715186
vn -0.961064 0.2684 -0.065705
f 1386/2112/2369 1385/2111/2369 1384/2110/2369

vn -0.938867 0.334663 -0.0808073
v 0.49052 1.27003 0.147307
vt 0.423354 0.711624
f 1386/2112/2370 1387/2113/2370 1385/2111/2370

vn -0.911343 0.411109 -0.021043
v 0.46715 1.21617 0.107246
vt 0.420109 0.697505
f 1386/2112/2371 1388/2114/2371 1387/2113/2371

v 0.482671 1.25098 0.0428476
vt 0.405089 0.699138
vn -0.910164 0.414224 0.00453875
f 1389/2115/2372 1388/2114/2372 1386/2112/2372

vn -0.884157 0.465595 0.0385751
v 0.441497 1.17084 0.0664315
vt 0.416715 0.685536
f 1389/2115/2373 1390/2116/2373 1388/2114/2373

v 0.462638 1.20594 -0.0419918
vt 0.395138 0.682661
vn -0.892481 0.450198 -0.0282766
f 1391/2117/2374 1390/2116/2374 1389/2115/2374

vn -0.868735 0.495194 -0.00907956
v 0.416372 1.12624 0.0380109
vt 0.415765 0.67538
f 1391/2117/2375 1392/2118/2375 1390/2116/2375

v 0.417563 1.14866 -0.0761225
vt 0.397356 0.668088
vn -0.810897 0.575759 0.104628
f 1393/2119/2376 1392/2118/2376 1391/2117/2376

vt 0.076576 0.667942
vn -0.655957 0.741912 0.138879
v 0.368501 1.08721 0.0203808
vt 0.095773 0.65286
vt 0.099321 0.665231
f 1393/2120/2377 1394/2121/2377 1392/2122/2377

vn -0.506327 0.820599 0.265049
v 0.354764 1.11069 -0.0785509
vt 0.076209 0.654173
f 1393/2120/2378 1395/2123/2378 1394/2121/2378

v 0.419467 1.12155 -0.190302
vt 0.054711 0.664347
vn -0.500138 0.840615 -0.207916
f 1396/2124/2379 1395/2123/2379 1393/2120/2379

vn -0.538836 0.809447 -0.233349
v 0.35196 1.07802 -0.18542
vt 0.056725 0.650179
f 1396/2124/2380 1397/2125/2380 1395/2123/2380

v 0.431415 1.05574 -0.289651
vt 0.034638 0.6567
vn -0.488604 0.699189 -0.52192
f 1398/2126/2381 1397/2125/2381 1396/2124/2381

vn -0.532216 0.648434 -0.544316
v 0.372041 1.012 -0.283695
vt 0.037149 0.644444
f 1398/2126/2382 1399/2127/2382 1397/2125/2382

vn -0.423183 0.468949 -0.775244
v 0.443645 0.966994 -0.350009
vt 0.019888 0.64611
f 1398/2126/2383 1400/2128/2383 1399/2127/2383

v 0.479353 1.08722 -0.300919
vt 0.363549 0.638688
vn -0.473458 0.449816 -0.7573
vt 0.368598 0.614535
vt 0.37291 0.633417
f 1401/2129/2384 1400/2130/2384 1398/2131/2384

v 0.484585 0.985177 -0.398846
vt 0.35665 0.612873
vn -0.765402 0.424728 -0.483494
f 1402/2132/2385 1400/2130/2385 1401/2129/2385

vn -0.7742 0.0480525 -0.631115
v 0.462409 0.851055 -0.381854
vt 0.372509 0.593428
f 1402/2132/2386 1403/2133/2386 1400/2130/2386

v 0.507732 0.925659 -0.496312
vt 0.34605 0.593677
vn -0.94726 0.11892 -0.297586
f 1404/2134/2387 1403/2133/2387 1402/2132/2387

vn -0.947219 0.224824 -0.228541
v 0.475322 0.823581 -0.462401
vt 0.362892 0.581194
f 1404/2134/2388 1405/2135/2388 1403/2133/2388

v 0.523533 0.871613 -0.603717
vt 0.33456 0.5739
vn -0.944025 0.217277 -0.248208
f 1406/2136/2389 1405/2135/2389 1404/2134/2389

vn -0.926535 0.312143 -0.209997
v 0.488338 0.782471 -0.580934
vt 0.349039 0.56234
f 1406/2136/2390 1407/2137/2390 1405/2135/2390

v 0.536788 0.821694 -0.725702
vt 0.32103 0.553031
vn -0.924393 0.307169 -0.22615
f 1408/2138/2391 1407/2137/2391 1406/2136/2391

vn -0.911173 0.355261 -0.208696
v 0.500546 0.742896 -0.701607
vt 0.334747 0.543203
f 1408/2138/2392 1409/2139/2392 1407/2137/2392

v 0.545094 0.784302 -0.818981
vt 0.310773 0.537263
vn -0.909882 0.350717 -0.221614
f 1410/2140/2393 1409/2139/2393 1408/2138/2393

vn -0.906548 0.362545 -0.216176
v 0.510359 0.71084 -0.796519
vt 0.323553 0.528046
f 1410/2140/2394 1411/2141/2394 1409/2139/2394

v 0.553907 0.746691 -0.91333
vt 0.300219 0.521482
vn -0.905375 0.358532 -0.227489
f 1412/2142/2395 1411/2141/2395 1410/2140/2395

vn -0.903661 0.364335 -0.225069
v 0.521183 0.67842 -0.892458
vt 0.312081 0.512791
f 1412/2142/2396 1413/2143/2396 1411/2141/2396

v 0.56289 0.709786 -1.00624
vt 0.289593 0.506031
vn -0.902999 0.362154 -0.231166
f 1414/2144/2397 1413/2143/2397 1412/2142/2397

vn -0.902241 0.36465 -0.2302
v 0.532383 0.646514 -0.986895
vt 0.300572 0.497821
f 1414/2144/2398 1415/2145/2398 1413/2143/2398

v 0.572476 0.672239 -1.10061
vt 0.278517 0.490366
vn -0.901603 0.362618 -0.235839
f 1416/2146/2399 1415/2145/2399 1414/2144/2399

vn -0.901149 0.36406 -0.235353
v 0.544336 0.61408 -1.08283
vt 0.28861 0.482644
f 1416/2146/2400 1417/2147/2400 1415/2145/2400

vt 0.288614 0.48264
vn -0.900541 0.362237 -0.240438
vt 0.278521 0.490362
v 0.582447 0.635007 -1.19405
vt 0.267232 0.474842
v 0.55677 0.581944 -1.17783
vt 0.276441 0.467796
f 1417/2148/2401 1416/2149/2401 1418/2150/2401 1419/2151/2401 

vt 0.278527 0.490356
vn -0.633548 0.693108 -0.343828
v 0.623183 0.712487 -1.11292
vt 0.268312 0.4974
v 0.628716 0.671728 -1.20528
vt 0.257869 0.481433
vt 0.267189 0.475006
f 1416/2152/2402 1420/2153/2402 1421/2154/2402 1418/2155/2402 

vt 0.268303 0.49741
vn -0.633843 0.69441 -0.340644
f 1420/2156/2403 1416/2146/2403 1414/2144/2403

vn -0.635056 0.692945 -0.341366
v 0.617863 0.753572 -1.01963
vt 0.278514 0.51349
f 1420/2156/2404 1414/2144/2404 1422/2157/2404

vn -0.635395 0.6946 -0.337348
f 1422/2157/2405 1414/2144/2405 1412/2142/2405

vn -0.637155 0.6924 -0.338549
v 0.612931 0.793847 -0.927972
vt 0.288255 0.529302
f 1422/2157/2406 1412/2142/2406 1423/2158/2406

vn -0.63792 0.696386 -0.328792
v 0.609968 0.833799 -0.837605
vt 0.297378 0.545099
f 1423/2158/2407 1412/2142/2407 1424/2159/2407

vn -0.630311 0.699113 -0.337563
f 1424/2159/2408 1412/2142/2408 1410/2140/2408

v 0.612828 0.872413 -0.75143
vt 0.305117 0.560744
vn -0.631593 0.715122 -0.299483
f 1425/2160/2409 1424/2159/2409 1410/2140/2409

v 0.686413 0.888155 -0.762376
vt 0.292415 0.566646
vn -0.247705 0.887173 -0.389315
f 1426/2161/2410 1424/2159/2410 1425/2160/2410

v 0.686413 0.851135 -0.844542
vt 0.284685 0.552042
vn -0.237078 0.885738 -0.399077
f 1427/2162/2411 1424/2159/2411 1426/2161/2411

v 0.686413 0.810689 -0.933159
vt 0.276228 0.536318
vn -0.237029 0.883801 -0.403377
f 1428/2163/2412 1424/2159/2412 1427/2162/2412

vn -0.2315 0.886927 -0.399709
f 1428/2163/2413 1423/2158/2413 1424/2159/2413

v 0.686413 0.769198 -1.0244
vt 0.267313 0.520192
vn -0.231406 0.885598 -0.402701
f 1429/2164/2414 1423/2158/2414 1428/2163/2414

vn -0.230058 0.88633 -0.40186
f 1429/2164/2415 1422/2157/2415 1423/2158/2415

vt 0.278757 0.513306
vn -0.229665 0.885722 -0.403423
vt 0.267548 0.519995
v 0.686413 0.726852 -1.11731
vt 0.25821 0.503568
vt 0.268548 0.497401
f 1422/2165/2416 1429/2166/2416 1430/2167/2416 1420/2168/2416 

vt 0.732546 0.519963
vn 0.229665 0.885722 -0.403423
v 0.754963 0.753572 -1.01963
vt 0.721339 0.513269
v 0.749643 0.712487 -1.11292
vt 0.731555 0.497368
vt 0.74189 0.50354
f 1429/2169/2417 1431/2170/2417 1432/2171/2417 1430/2172/2417 

v 0.759895 0.793847 -0.927972
vt 0.711745 0.529302
vn 0.230058 0.88633 -0.40186
vt 0.721486 0.51349
vt 0.732687 0.520192
f 1433/2173/2418 1431/2174/2418 1429/2175/2418

v 0.818919 0.746691 -0.91333
vt 0.699781 0.521482
vn 0.637155 0.6924 -0.338549
f 1434/2176/2419 1431/2174/2419 1433/2173/2419

vn 0.635395 0.6946 -0.337348
v 0.809935 0.709786 -1.00624
vt 0.710407 0.506031
f 1434/2176/2420 1435/2177/2420 1431/2174/2420

vn 0.902999 0.362154 -0.231166
v 0.851643 0.67842 -0.892458
vt 0.687919 0.512791
f 1435/2177/2421 1434/2176/2421 1436/2178/2421

vn 0.903661 0.364335 -0.225069
v 0.862466 0.71084 -0.796519
vt 0.676447 0.528046
f 1434/2176/2422 1437/2179/2422 1436/2178/2422

vn 0.905375 0.358532 -0.227489
v 0.827732 0.784302 -0.818981
vt 0.689227 0.537263
f 1434/2176/2423 1438/2180/2423 1437/2179/2423

vn 0.630311 0.699113 -0.337563
v 0.762857 0.833799 -0.837605
vt 0.702622 0.545099
f 1438/2180/2424 1434/2176/2424 1439/2181/2424

vn 0.63792 0.696386 -0.328792
f 1434/2176/2425 1433/2173/2425 1439/2181/2425

vn 0.2315 0.886927 -0.399709
vt 0.723772 0.536318
f 1439/2181/2426 1433/2173/2426 1428/2182/2426

vn 0.231406 0.885598 -0.402701
f 1433/2173/2427 1429/2175/2427 1428/2182/2427

vn 0.237029 0.883801 -0.403377
vt 0.715315 0.552042
f 1439/2181/2428 1428/2182/2428 1427/2183/2428

vn 0.237078 0.885738 -0.399077
vt 0.707585 0.566646
f 1439/2181/2429 1427/2183/2429 1426/2184/2429

vn 0.247705 0.887173 -0.389315
v 0.759998 0.872413 -0.75143
vt 0.694883 0.560744
f 1439/2181/2430 1426/2184/2430 1440/2185/2430

vn 0.246879 0.893977 -0.373972
v 0.686413 0.90664 -0.718188
vt 0.703513 0.574401
f 1440/2185/2431 1426/2184/2431 1441/2186/2431

vt 0.296487 0.574401
vn -0.246879 0.893977 -0.373972
f 1441/2187/2432 1426/2161/2432 1425/2160/2432

vn -0.239647 0.890606 -0.386509
v 0.63019 0.903602 -0.690329
vt 0.307962 0.573514
f 1441/2187/2433 1425/2160/2433 1442/2188/2433

vn -0.292463 0.882828 -0.367531
v 0.587563 0.905457 -0.651952
vt 0.318341 0.575759
f 1442/2188/2434 1425/2160/2434 1443/2189/2434

vn -0.59873 0.702183 -0.385308
f 1425/2160/2435 1408/2138/2435 1443/2189/2435

vn -0.598798 0.723559 -0.343371
f 1425/2160/2436 1410/2140/2436 1408/2138/2436

vn -0.630599 0.69187 -0.351654
f 1443/2189/2437 1408/2138/2437 1406/2136/2437

vn -0.667421 0.554861 -0.496667
v 0.555608 0.925298 -0.586846
vt 0.329008 0.58475
f 1443/2189/2438 1406/2136/2438 1444/2190/2438

vn -0.731751 0.559523 -0.389197
f 1406/2136/2439 1404/2134/2439 1444/2190/2439

vn -0.766128 0.497288 -0.407128
v 0.543043 0.968152 -0.510857
vt 0.336814 0.599311
f 1444/2190/2440 1404/2134/2440 1445/2191/2440

vn -0.752891 0.466858 -0.463894
f 1445/2191/2441 1404/2134/2441 1402/2132/2441

vn -0.665552 0.603527 -0.439085
v 0.545923 1.04682 -0.407086
vt 0.343615 0.623312
f 1445/2191/2442 1402/2132/2442 1446/2192/2442

vn -0.61226 0.530875 -0.585926
f 1446/2192/2443 1402/2132/2443 1401/2129/2443

vn -0.505376 0.652155 -0.565057
v 0.532706 1.12844 -0.301064
vt 0.354015 0.647424
f 1446/2192/2444 1401/2129/2444 1447/2193/2444

vn -0.533387 0.688671 -0.491152
v 0.472483 1.16282 -0.187455
vt 0.375323 0.661657
f 1447/2193/2445 1401/2129/2445 1448/2194/2445

vn -0.516619 0.697774 -0.496202
vt 0.383448 0.652303
f 1401/2129/2446 1396/2195/2446 1448/2194/2446

vn -0.55361 0.662072 -0.50515
f 1401/2129/2447 1398/2131/2447 1396/2195/2447

vn -0.59601 0.77897 -0.194879
f 1448/2194/2448 1396/2195/2448 1393/2119/2448

vn -0.683126 0.686306 -0.249645
f 1448/2194/2449 1393/2119/2449 1391/2117/2449

v 0.512156 1.23932 -0.0833647
vt 0.381608 0.687044
vn -0.676479 0.692372 -0.250993
f 1449/2196/2450 1448/2194/2450 1391/2117/2450

v 0.52976 1.20179 -0.180757
vt 0.366893 0.672008
vn -0.486494 0.782125 -0.389363
f 1450/2197/2451 1448/2194/2451 1449/2196/2451

vn -0.457867 0.754059 -0.470906
f 1447/2193/2452 1448/2194/2452 1450/2197/2452

v 0.57379 1.18395 -0.227238
vt 0.354469 0.667509
vn -0.20406 0.833651 -0.513212
f 1451/2198/2453 1447/2193/2453 1450/2197/2453

vn -0.335755 0.833119 -0.439525
v 0.564341 1.14845 -0.287306
vt 0.349865 0.65413
f 1451/2198/2454 1452/2199/2454 1447/2193/2454

vt 0.474191 0.330954
vn -0.729166 0.633222 -0.259514
vt 0.476623 0.318028
f 1452/2200/2455 1451/2201/2455 1245/1905/2455

vn -0.693025 0.716704 -0.0777922
f 1245/1905/2456 1451/2201/2456 1243/1903/2456

vn -0.133218 0.876523 -0.462559
f 1243/1901/2457 1451/2198/2457 1450/2197/2457

vn -0.134785 0.880421 -0.454634
f 1243/1901/2458 1450/2197/2458 1241/1899/2458

vn -0.186435 0.904965 -0.382466
f 1241/1899/2459 1450/2197/2459 1449/2196/2459

vn -0.371913 0.74978 -0.547276
f 1241/1899/2460 1449/2196/2460 1239/1896/2460

vn -0.381293 0.797503 -0.467552
v 0.545233 1.2918 -0.0208323
vt 0.385289 0.70493
f 1239/1896/2461 1449/2196/2461 1453/2202/2461

vn -0.563661 0.754882 -0.33532
v 0.516884 1.27946 -0.000956869
vt 0.39262 0.702417
f 1453/2202/2462 1449/2196/2462 1454/2203/2462

vn -0.688167 0.667061 -0.285404
f 1449/2196/2463 1391/2117/2463 1454/2203/2463

vn -0.747292 0.643621 -0.165249
f 1391/2117/2464 1389/2115/2464 1454/2203/2464

vn -0.776825 0.588465 -0.224171
v 0.536766 1.32779 0.0570218
vt 0.398539 0.718175
f 1454/2203/2465 1389/2115/2465 1455/2204/2465

vn -0.770918 0.588081 -0.244636
f 1389/2115/2466 1386/2112/2466 1455/2204/2466

vn -0.814495 0.456631 -0.35789
f 1455/2204/2467 1386/2112/2467 1384/2110/2467

vn -0.78028 0.505028 -0.368931
v 0.551141 1.38095 0.099391
vt 0.402336 0.733351
f 1455/2204/2468 1384/2110/2468 1456/2205/2468

vn -0.769134 0.0956802 -0.631885
f 1456/2205/2469 1384/2110/2469 1382/2108/2469

vn -0.715185 0.209766 -0.666715
v 0.553757 1.44153 0.115644
vt 0.403113 0.747184
f 1456/2205/2470 1382/2108/2470 1457/2206/2470

vn -0.687675 0.0782854 -0.721785
f 1380/2106/2471 1457/2206/2471 1382/2108/2471

v 0.54807 1.49174 0.127468
vt 0.405122 0.75772
vn -0.682322 0.0934603 -0.725053
f 1458/2207/2472 1457/2206/2472 1380/2106/2472

vn -0.487829 0.147366 -0.86041
f 1233/1887/2473 1457/2206/2473 1458/2207/2473

vn -0.496754 0.153335 -0.854239
f 1233/1887/2474 1234/1889/2474 1457/2206/2474

vn -0.528086 0.306171 -0.792076
v 0.581995 1.39885 0.0803204
vt 0.393986 0.737152
f 1234/1889/2475 1459/2208/2475 1457/2206/2475

vn -0.501062 0.302649 -0.810766
f 1234/1889/2476 1235/1890/2476 1459/2208/2476

vn -0.462608 0.673957 -0.576
vt 0.38708 0.722054
f 1235/1890/2477 1236/2209/2477 1459/2208/2477

vn -0.657948 0.584195 -0.475206
v 0.55854 1.33813 0.0381439
vt 0.392047 0.720004
f 1236/2209/2478 1460/2210/2478 1459/2208/2478

vn -0.656915 0.590374 -0.468958
f 1237/1897/2479 1460/2210/2479 1236/2209/2479

vn -0.339259 0.7754 -0.532596
f 1237/1897/2480 1453/2202/2480 1460/2210/2480

vn -0.337668 0.813807 -0.472967
f 1237/1897/2481 1239/1896/2481 1453/2202/2481

vn -0.590729 0.693869 -0.411807
f 1460/2210/2482 1453/2202/2482 1454/2203/2482

vn -0.634053 0.686893 -0.355183
f 1460/2210/2483 1454/2203/2483 1455/2204/2483

vn -0.677943 0.56148 -0.474483
f 1460/2210/2484 1455/2204/2484 1456/2205/2484

vn -0.643761 0.588435 -0.4892
f 1460/2210/2485 1456/2205/2485 1459/2208/2485

vn -0.604889 0.230616 -0.762185
f 1457/2206/2486 1459/2208/2486 1456/2205/2486

vn -0.49499 0.261066 -0.828752
f 1232/1885/2487 1233/1887/2487 1458/2207/2487

vn -0.416466 0.215665 -0.883202
v 0.538211 1.54008 0.143921
vt 0.408426 0.767161
f 1232/1885/2488 1458/2207/2488 1461/2211/2488

vn -0.68479 0.105741 -0.721028
f 1461/2211/2489 1458/2207/2489 1380/2106/2489

vn -0.650908 0.0781367 -0.755125
f 1461/2211/2490 1380/2106/2490 1378/2104/2490

vn -0.669346 0.209474 -0.712809
f 1230/1881/2491 1461/2211/2491 1378/2104/2491

vn -0.427767 0.301553 -0.852104
f 1231/1882/2492 1461/2211/2492 1230/1881/2492

vn -0.422722 0.29778 -0.85594
f 1231/1882/2493 1232/1885/2493 1461/2211/2493

vn -0.557143 0.118356 -0.821939
f 1230/1881/2494 1378/2104/2494 1228/1879/2494

vn -0.745575 0.628259 -0.222283
f 1248/1908/2495 1452/2200/2495 1245/1905/2495

v 0.574042 1.11322 -0.348726
vt 0.47586 0.344465
vn -0.762821 0.501512 -0.408154
f 1462/2212/2496 1452/2200/2496 1248/1908/2496

vt 0.342756 0.641504
vn -0.290143 0.809619 -0.51023
f 1462/2213/2497 1447/2193/2497 1452/2199/2497

vn -0.4203 0.692924 -0.585837
f 1462/2213/2498 1446/2192/2498 1447/2193/2498

v 0.598037 1.08795 -0.393286
vt 0.335062 0.633452
vn -0.389026 0.695616 -0.603968
f 1463/2214/2499 1446/2192/2499 1462/2213/2499

vn -0.454022 0.741221 -0.494425
v 0.586543 1.07097 -0.408192
vt 0.336036 0.628564
f 1463/2214/2500 1464/2215/2500 1446/2192/2500

v 0.617111 1.07767 -0.413131
vt 0.330115 0.630468
vn -0.262075 0.73067 -0.630427
f 1465/2216/2501 1464/2215/2501 1463/2214/2501

vn -0.261632 0.829074 -0.494152
v 0.596556 1.06141 -0.429532
vt 0.332636 0.624965
f 1465/2216/2502 1466/2217/2502 1464/2215/2502

v 0.632255 1.08892 -0.443393
vt 0.48879 0.363355
vn -0.61366 0.789452 -0.0136727
vt 0.479622 0.362974
vt 0.483846 0.358773
f 1467/2218/2503 1466/2219/2503 1465/2220/2503

vn -0.621734 0.781631 -0.0499901
v 0.616496 1.07286 -0.498527
vt 0.48692 0.374172
f 1467/2218/2504 1468/2221/2504 1466/2219/2504

v 0.686413 1.09796 -0.513451
vt 0.5 0.374426
vn -0.364009 0.917005 -0.163094
f 1469/2222/2505 1468/2221/2505 1467/2218/2505

vn -0.384902 0.817871 -0.427712
v 0.686413 1.06677 -0.573077
vt 0.5 0.38578
f 1469/2222/2506 1470/2223/2506 1468/2221/2506

v 0.75633 1.07286 -0.498527
vt 0.51308 0.374172
vn 0.384902 0.817871 -0.427712
f 1471/2224/2507 1470/2223/2507 1469/2222/2507

v 0.761713 1.03978 -0.557227
vt 0.513914 0.386174
vn 0.383394 0.819257 -0.426412
f 1472/2225/2508 1470/2223/2508 1471/2224/2508

vn 0.378861 0.704804 -0.599763
v 0.686413 1.02289 -0.624647
vt 0.5 0.397515
f 1472/2225/2509 1473/2226/2509 1470/2223/2509

vn 0.386612 0.695186 -0.60601
v 0.755711 0.997422 -0.609652
vt 0.513353 0.398522
f 1472/2225/2510 1474/2227/2510 1473/2226/2510

vn 0.764199 0.4561 -0.45604
v 0.799056 0.949736 -0.58471
vt 0.526629 0.400728
f 1474/2227/2511 1472/2225/2511 1475/2228/2511

vn 0.801856 0.451855 -0.390965
v 0.80895 0.986924 -0.521438
vt 0.528927 0.38591
f 1475/2228/2512 1472/2225/2512 1476/2229/2512

vn 0.802086 0.5286 -0.277921
v 0.801026 1.02474 -0.472373
vt 0.526367 0.373655
f 1472/2225/2513 1477/2230/2513 1476/2229/2513

vn 0.773649 0.579737 -0.255682
f 1472/2225/2514 1471/2224/2514 1477/2230/2514

vn 0.757704 0.642861 -0.112312
v 0.77627 1.06141 -0.429532
vt 0.520378 0.362974
f 1471/2224/2515 1478/2231/2515 1477/2230/2515

vn 0.621734 0.781631 -0.0499901
v 0.740571 1.08892 -0.443393
vt 0.51121 0.363355
f 1478/2231/2516 1471/2224/2516 1479/2232/2516

vn 0.364009 0.917005 -0.163094
f 1471/2224/2517 1469/2222/2517 1479/2232/2517

vn 0.333092 0.932867 -0.137147
v 0.686413 1.10679 -0.453327
vt 0.5 0.363635
f 1479/2232/2518 1469/2222/2518 1480/2233/2518

vn -0.333092 0.932867 -0.137147
f 1480/2233/2519 1469/2222/2519 1467/2218/2519

vn -0.311357 0.95021 0.0125555
v 0.645637 1.09306 -0.425217
vt 0.490805 0.35922
f 1480/2233/2520 1467/2218/2520 1481/2234/2520

vn -0.433429 0.893782 0.115297
f 1481/2234/2521 1467/2218/2521 1465/2220/2521

v 0.632012 1.11148 -0.413091
vt 0.489099 0.354412
vn -0.475517 0.210627 -0.85412
f 1482/2235/2522 1481/2234/2522 1465/2220/2522

v 0.686413 1.12345 -0.423077
vt 0.5 0.354909
vn -0.249551 0.397002 -0.88324
f 1483/2236/2523 1481/2234/2523 1482/2235/2523

vn -0.239831 0.384535 -0.891411
v 0.686413 1.10512 -0.430985
vt 0.5 0.359113
f 1483/2236/2524 1484/2237/2524 1481/2234/2524

vn 0.239831 0.384535 -0.891411
v 0.727189 1.09306 -0.425217
vt 0.509195 0.35922
f 1483/2236/2525 1485/2238/2525 1484/2237/2525

vn 0.249551 0.397002 -0.88324
v 0.740813 1.11148 -0.413091
vt 0.510901 0.354412
f 1483/2236/2526 1486/2239/2526 1485/2238/2526

v 0.686413 1.16654 -0.391232
vt 0.5 0.345203
vn 0.268292 0.572628 -0.774672
f 1487/2240/2527 1486/2239/2527 1483/2236/2527

vn 0.282519 0.581897 -0.762613
f 1487/2240/2528 1251/1911/2528 1486/2239/2528

vn 0.289276 0.740288 -0.606871
f 1251/1911/2529 1487/2240/2529 1249/1909/2529

vn -0.289276 0.740288 -0.606871
v 0.617246 1.15046 -0.377878
vt 0.487544 0.344679
f 1249/1909/2530 1487/2240/2530 1488/2241/2530

vn -0.282519 0.581897 -0.762613
f 1487/2240/2531 1482/2235/2531 1488/2241/2531

vn -0.268292 0.572628 -0.774672
f 1487/2240/2532 1483/2236/2532 1482/2235/2532

vn -0.64413 0.363822 -0.672852
vt 0.480414 0.354412
f 1488/2241/2533 1482/2235/2533 1463/2242/2533

vn -0.61872 0.273608 -0.736426
f 1482/2235/2534 1465/2220/2534 1463/2242/2534

vn -0.716427 0.366512 -0.593634
f 1463/2242/2535 1462/2212/2535 1488/2241/2535

vn -0.737581 0.503892 -0.449519
f 1488/2241/2536 1462/2212/2536 1248/1908/2536

vn -0.309621 0.749126 -0.585616
f 1249/1909/2537 1488/2241/2537 1248/1908/2537

vn 0.64413 0.363822 -0.672852
v 0.774788 1.08795 -0.393286
vt 0.519586 0.354412
f 1251/1911/2538 1489/2243/2538 1486/2239/2538

vn 0.716427 0.366512 -0.593634
f 1489/2243/2539 1251/1911/2539 1252/1912/2539

v 0.826903 1.04682 -0.407086
vt 0.656385 0.623312
vn 0.389026 0.695616 -0.603968
vt 0.664938 0.633452
vt 0.657244 0.641504
f 1490/2244/2540 1489/2245/2540 1252/2246/2540

vn 0.454022 0.741221 -0.494425
v 0.786283 1.07097 -0.408192
vt 0.663964 0.628564
f 1490/2244/2541 1491/2247/2541 1489/2245/2541

vn 0.443467 0.721769 -0.5314
vt 0.667364 0.624965
f 1490/2244/2542 1478/2248/2542 1491/2247/2542

vn 0.422225 0.794691 -0.43611
vt 0.666225 0.613154
f 1490/2244/2543 1477/2249/2543 1478/2248/2543

v 0.829783 0.968152 -0.510857
vt 0.663186 0.599311
vn 0.624464 0.63065 -0.460788
f 1492/2250/2544 1477/2249/2544 1490/2244/2544

vt 0.668425 0.601441
vn 0.71894 0.601809 -0.34778
f 1476/2251/2545 1477/2249/2545 1492/2250/2545

vt 0.674623 0.58911
vn 0.714686 0.548436 -0.4341
f 1475/2252/2546 1476/2251/2546 1492/2250/2546

v 0.817218 0.925298 -0.586846
vt 0.670992 0.58475
vn 0.704827 0.561668 -0.433298
f 1493/2253/2547 1475/2252/2547 1492/2250/2547

v 0.772386 0.926326 -0.634751
vt 0.682527 0.581202
vn 0.629811 0.518588 -0.578277
f 1494/2254/2548 1475/2252/2548 1493/2253/2548

vt 0.520254 0.41199
vn 0.735415 0.372346 -0.566148
f 1494/2255/2549 1474/2227/2549 1475/2228/2549

v 0.739307 0.958358 -0.65208
vt 0.510587 0.409565
vn 0.690197 0.379404 -0.616182
f 1495/2256/2550 1474/2227/2550 1494/2255/2550

vn 0.374471 0.605477 -0.70226
f 1473/2226/2551 1474/2227/2551 1495/2256/2551

vn 0.30494 0.573252 -0.760522
v 0.686413 0.97421 -0.66134
vt 0.5 0.408595
f 1473/2226/2552 1495/2256/2552 1496/2257/2552

vn 0.273175 0.400628 -0.87457
v 0.732889 0.916765 -0.673138
vt 0.510349 0.419089
f 1496/2257/2553 1495/2256/2553 1497/2258/2553

vn 0.637499 0.267443 -0.722544
f 1495/2256/2554 1494/2255/2554 1497/2258/2554

v 0.785262 0.905457 -0.651952
vt 0.681659 0.575759
vn 0.388854 0.716904 -0.578655
vt 0.692056 0.577847
f 1498/2259/2555 1497/2260/2555 1494/2254/2555

vn 0.354273 0.828561 -0.433564
v 0.742636 0.903602 -0.690329
vt 0.692038 0.573514
f 1498/2259/2556 1499/2261/2556 1497/2260/2556

vn 0.292463 0.882828 -0.367531
f 1498/2259/2557 1440/2185/2557 1499/2261/2557

v 0.836038 0.821694 -0.725702
vt 0.67897 0.553031
vn 0.59873 0.702183 -0.385308
f 1500/2262/2558 1440/2185/2558 1498/2259/2558

vn 0.598798 0.723559 -0.343371
f 1500/2262/2559 1438/2180/2559 1440/2185/2559

vn 0.909882 0.350717 -0.221614
v 0.872279 0.742896 -0.701607
vt 0.665253 0.543203
f 1438/2180/2560 1500/2262/2560 1501/2263/2560

vn 0.911173 0.355261 -0.208696
v 0.884488 0.782471 -0.580934
vt 0.650961 0.56234
f 1500/2262/2561 1502/2264/2561 1501/2263/2561

vn 0.924393 0.307169 -0.22615
v 0.849293 0.871613 -0.603717
vt 0.66544 0.5739
f 1500/2262/2562 1503/2265/2562 1502/2264/2562

vn 0.630599 0.69187 -0.351654
f 1503/2265/2563 1500/2262/2563 1498/2259/2563

vn 0.667421 0.554861 -0.496667
f 1498/2259/2564 1493/2253/2564 1503/2265/2564

vn 0.521064 0.71088 -0.472378
f 1493/2253/2565 1498/2259/2565 1494/2254/2565

vn 0.731751 0.559523 -0.389197
v 0.865094 0.925659 -0.496312
vt 0.65395 0.593677
f 1503/2265/2566 1493/2253/2566 1504/2266/2566

vn 0.766128 0.497288 -0.407128
f 1493/2253/2567 1492/2250/2567 1504/2266/2567

vn 0.752891 0.466858 -0.463894
v 0.888241 0.985177 -0.398846
vt 0.64335 0.612873
f 1492/2250/2568 1505/2267/2568 1504/2266/2568

vn 0.665552 0.603527 -0.439085
f 1492/2250/2569 1490/2244/2569 1505/2267/2569

vn 0.61226 0.530875 -0.585926
v 0.893473 1.08722 -0.300919
vt 0.636451 0.638688
f 1490/2244/2570 1506/2268/2570 1505/2267/2570

vn 0.505376 0.652155 -0.565057
v 0.840119 1.12844 -0.301064
vt 0.645985 0.647424
f 1506/2268/2571 1490/2244/2571 1507/2269/2571

vn 0.4203 0.692924 -0.585837
f 1507/2269/2572 1490/2244/2572 1252/2246/2572

vn 0.290143 0.809619 -0.51023
vt 0.650135 0.65413
f 1507/2269/2573 1252/2246/2573 1253/2270/2573

vn 0.335755 0.833119 -0.439525
v 0.799036 1.18395 -0.227238
vt 0.645531 0.667509
f 1507/2269/2574 1253/2270/2574 1508/2271/2574

vn 0.729166 0.633222 -0.259514
vt 0.523377 0.318028
f 1253/1913/2575 1254/1914/2575 1508/2272/2575

vn 0.693025 0.716704 -0.0777922
v 0.771538 1.21634 -0.173776
vt 0.517653 0.306987
f 1508/2272/2576 1254/1914/2576 1509/2273/2576

vn 0.643126 0.763099 -0.0637836
f 1509/2273/2577 1254/1914/2577 1255/1915/2577

vn 0.589533 0.800615 0.107084
v 0.754258 1.22625 -0.152707
vt 0.514931 0.302976
f 1509/2273/2578 1255/1915/2578 1510/2274/2578

vn 0.52057 0.839828 0.153934
f 1510/2274/2579 1255/1915/2579 1260/1920/2579

vn 0.223419 0.973012 0.0577205
f 1255/1915/2580 1256/1916/2580 1260/1920/2580

vn 0.521001 0.377817 -0.765384
f 1261/1921/2581 1510/2274/2581 1260/1920/2581

vn 0.620761 0.389024 -0.680673
v 0.77446 1.23837 -0.127355
vt 0.518905 0.298681
f 1261/1921/2582 1511/2275/2582 1510/2274/2582

vn 0.619239 0.383842 -0.684988
f 1262/1922/2583 1511/2275/2583 1261/1921/2583

vn 0.736929 0.38667 -0.554455
f 1511/2275/2584 1262/1922/2584 1263/1923/2584

v 0.822167 1.25491 -0.0881684
vt 0.625008 0.692457
vn 0.111737 0.859444 -0.498869
vt 0.638043 0.690443
vt 0.629336 0.696462
f 1512/2276/2585 1511/2277/2585 1263/2278/2585

vn 0.0615712 0.890455 -0.450888
v 0.78951 1.2256 -0.150526
vt 0.63829 0.684142
f 1512/2276/2586 1513/2279/2586 1511/2277/2586

v 0.86067 1.23932 -0.0833647
vt 0.618392 0.687044
vn 0.371913 0.74978 -0.547276
f 1514/2280/2587 1513/2279/2587 1512/2276/2587

vn 0.186435 0.904965 -0.382466
v 0.843066 1.20179 -0.180757
vt 0.633107 0.672008
f 1514/2280/2588 1515/2281/2588 1513/2279/2588

v 0.900343 1.16282 -0.187455
vt 0.624677 0.661657
vn 0.486494 0.782125 -0.389363
f 1516/2282/2589 1515/2281/2589 1514/2280/2589

vn 0.457867 0.754059 -0.470906
f 1516/2282/2590 1507/2269/2590 1515/2281/2590

vn 0.533387 0.688671 -0.491152
f 1516/2282/2591 1506/2268/2591 1507/2269/2591

v 0.953359 1.12155 -0.190302
vt 0.616552 0.652303
vn 0.516619 0.697774 -0.496202
f 1517/2283/2592 1506/2268/2592 1516/2282/2592

vn 0.553608 0.662074 -0.505149
v 0.941411 1.05574 -0.289651
vt 0.62709 0.633417
f 1517/2283/2593 1518/2284/2593 1506/2268/2593

v 1.02087 1.07802 -0.18542
vt 0.943275 0.650179
vn 0.488604 0.69919 -0.521919
vt 0.965362 0.6567
vt 0.945289 0.664347
f 1519/2285/2594 1518/2286/2594 1517/2287/2594

vn 0.532218 0.648432 -0.544315
v 1.00078 1.012 -0.283695
vt 0.962851 0.644444
f 1519/2285/2595 1520/2288/2595 1518/2286/2595

v 1.1064 1.01682 -0.168937
vt 0.940177 0.632763
vn 0.556421 0.632648 -0.538658
f 1521/2289/2596 1520/2288/2596 1519/2285/2596

vn 0.586858 0.580482 -0.56448
v 1.07672 0.954181 -0.264215
vt 0.958961 0.629222
f 1520/2288/2597 1521/2289/2597 1522/2290/2597

vn 0.681816 0.495475 -0.538174
v 1.13911 0.893132 -0.241369
vt 0.956137 0.615258
f 1522/2290/2598 1521/2289/2598 1523/2291/2598

vn 0.630376 0.509631 -0.585579
v 1.17518 0.959604 -0.144698
vt 0.936847 0.618565
f 1523/2291/2599 1521/2289/2599 1524/2292/2599

v 1.10156 1.05735 -0.0589244
vt 0.921235 0.636929
vn 0.668807 0.706577 -0.231185
v 1.17702 0.995813 -0.0288539
vt 0.918052 0.621027
vt 0.936847 0.618665
vt 0.93923 0.633245
f 1525/2293/2600 1526/2294/2600 1524/2295/2600 1521/2296/2600 

vt 0.918052 0.620932
vn 0.561234 0.797083 0.222878
vt 0.92124 0.636833
v 1.07502 1.04915 0.0372286
vt 0.904065 0.637575
f 1526/2297/2601 1525/2298/2601 1527/2299/2601

vn 0.428911 0.882354 0.193618
v 1.00432 1.08721 0.0203808
vt 0.904227 0.65286
f 1525/2298/2602 1528/2300/2602 1527/2299/2602

vn 0.47408 0.839629 0.265089
v 1.01806 1.11069 -0.0785509
vt 0.923791 0.654173
f 1525/2298/2603 1529/2301/2603 1528/2300/2603

vn 0.56169 0.795198 -0.228395
f 1525/2298/2604 1519/2285/2604 1529/2301/2604

vn 0.594651 0.762555 -0.254755
f 1521/2289/2605 1519/2285/2605 1525/2298/2605

vn 0.538836 0.809446 -0.233351
f 1519/2285/2606 1517/2287/2606 1529/2301/2606

vn 0.500138 0.840614 -0.207917
v 0.955263 1.14866 -0.0761226
vt 0.923424 0.667942
f 1529/2301/2607 1517/2287/2607 1530/2302/2607

vt 0.602644 0.668088
vn 0.59601 0.778969 -0.194881
f 1530/2303/2608 1517/2283/2608 1516/2282/2608

vn 0.683124 0.686308 -0.249646
v 0.910188 1.20594 -0.0419918
vt 0.604862 0.682661
f 1530/2303/2609 1516/2282/2609 1531/2304/2609

vn 0.676479 0.692372 -0.250993
f 1531/2304/2610 1516/2282/2610 1514/2280/2610

vn 0.688167 0.667061 -0.285404
v 0.855942 1.27946 -0.000956869
vt 0.60738 0.702417
f 1514/2280/2611 1532/2305/2611 1531/2304/2611

vn 0.563661 0.754882 -0.33532
v 0.827593 1.2918 -0.0208323
vt 0.614711 0.70493
f 1514/2280/2612 1533/2306/2612 1532/2305/2612

vn 0.381293 0.797503 -0.467552
f 1514/2280/2613 1512/2276/2613 1533/2306/2613

vn 0.337668 0.813807 -0.472967
vt 0.619161 0.707871
f 1533/2306/2614 1512/2276/2614 1264/2307/2614

vn 0.101623 0.828033 -0.551392
f 1512/2276/2615 1263/2278/2615 1264/2307/2615

vn 0.339259 0.7754 -0.532596
f 1533/2306/2616 1264/2307/2616 1266/1927/2616

vn 0.656915 0.590374 -0.468958
f 1264/2307/2617 1265/1926/2617 1266/1927/2617

vn 0.590729 0.693869 -0.411807
f 1532/2305/2618 1533/2306/2618 1266/1927/2618

vn 0.634053 0.686893 -0.355183
v 0.83606 1.32779 0.0570218
vt 0.601461 0.718175
f 1532/2305/2619 1266/1927/2619 1534/2308/2619

vn 0.677943 0.56148 -0.474483
f 1266/1927/2620 1267/1928/2620 1534/2308/2620

vn 0.78028 0.505028 -0.368931
v 0.853312 1.35763 0.134356
vt 0.586207 0.729683
f 1534/2308/2621 1267/1928/2621 1535/2309/2621

vn 0.769134 0.0956802 -0.631885
f 1267/1928/2622 1268/1929/2622 1535/2309/2622

vn 0.946432 -0.0325767 -0.321255
v 0.882831 1.38108 0.218942
vt 0.569322 0.739354
f 1535/2309/2623 1268/1929/2623 1536/2310/2623

vn 0.930371 -0.0998511 -0.35276
f 1268/1929/2624 1270/1931/2624 1536/2310/2624

vn 0.961782 -0.272546 -0.0263499
v 0.874048 1.34376 0.284418
vt 0.555374 0.735806
f 1536/2310/2625 1270/1931/2625 1537/2311/2625

vn 0.965479 -0.260479 -0.000964172
v 0.885307 1.38535 0.322216
vt 0.551402 0.745118
f 1270/1931/2626 1538/2312/2626 1537/2311/2626

vn 0.962263 -0.272023 -0.00733488
f 1270/1931/2627 1271/1932/2627 1538/2312/2627

vn 0.967219 -0.253059 0.0211962
v 0.895042 1.42475 0.348441
vt 0.549149 0.752659
f 1271/1932/2628 1539/2313/2628 1538/2312/2628

vn 0.918499 -0.391946 -0.0523204
v 0.915591 1.47469 0.335121
vt 0.553095 0.760242
f 1271/1932/2629 1540/2314/2629 1539/2313/2629

vn 0.924794 -0.376401 -0.0554713
v 0.918786 1.4904 0.28175
vt 0.56175 0.76147
f 1271/1932/2630 1541/2315/2630 1540/2314/2630

v 0.919947 1.52147 0.245154
vt 0.568241 0.766288
vn 0.934069 -0.286323 -0.213389
f 1542/2316/2631 1541/2315/2631 1271/1932/2631

v 1.00304 1.53191 0.254321
vt 0.739055 0.772517
vn 0.164889 -0.754526 -0.635218
vt 0.72344 0.780839
vt 0.723615 0.772446
f 1543/2317/2632 1541/2318/2632 1542/2319/2632

v 1.01266 1.50145 0.289377
vt 0.740706 0.781374
vn 0.140172 -0.728034 -0.671058
f 1544/2320/2633 1541/2318/2633 1543/2317/2633

vn 0.134228 -0.952746 -0.272502
vt 0.722978 0.790479
f 1544/2320/2634 1540/2321/2634 1541/2318/2634

v 1.01617 1.49035 0.336178
vt 0.741434 0.790479
vn 0.151833 -0.959109 -0.238866
f 1545/2322/2635 1540/2321/2635 1544/2320/2635

vn 0.144785 -0.948889 0.280441
v 0.917758 1.48873 0.381499
vt 0.72386 0.799144
f 1545/2322/2636 1546/2323/2636 1540/2321/2636

vn 0.127007 -0.962088 0.241364
v 1.01266 1.50145 0.382267
vt 0.741132 0.799354
f 1545/2322/2637 1547/2324/2637 1546/2323/2637

v 1.04522 1.50412 0.381833
vt 0.74725 0.799296
vn 0.0827411 -0.967418 0.239281
f 1548/2325/2638 1547/2324/2638 1545/2322/2638

vt 0.741114 0.799234
vn 0.0685957 -0.728365 0.681748
vt 0.74724 0.799337
v 1.10344 1.53903 0.413286
vt 0.758614 0.807779
v 1.03909 1.53477 0.415191
vt 0.746522 0.807849
f 1547/2326/2639 1548/2327/2639 1549/2328/2639 1550/2329/2639 

v 1.10344 1.50874 0.381078
vt 0.758349 0.799271
vn 0.0665341 -0.726846 0.68357
vt 0.758626 0.807736
f 1551/2330/2640 1549/2331/2640 1548/2325/2640

v 1.18687 1.51283 0.380252
vt 0.774583 0.799249
vn 0.0424381 -0.727804 0.68447
f 1552/2332/2641 1549/2331/2641 1551/2330/2641

v 1.18687 1.54222 0.411896
vt 0.774712 0.807696
vn 0.0392557 -0.73222 0.679936
f 1553/2333/2642 1549/2331/2642 1552/2332/2642

v 1.10344 1.58028 0.424913
vt 0.758947 0.815835
vn 0.0263759 -0.271212 0.962158
f 1554/2334/2643 1549/2331/2643 1553/2333/2643

vn 0.0464398 -0.271014 0.961455
vt 0.746534 0.807808
f 1554/2334/2644 1550/2335/2644 1549/2331/2644

vn 0.0481113 -0.273225 0.960746
v 1.03067 1.57687 0.427587
vt 0.745506 0.815994
f 1554/2334/2645 1555/2336/2645 1550/2335/2645

v 1.10344 1.62136 0.412952
vt 0.893216 0.727655
vn 0.0221669 0.279485 0.959894
vt 0.906838 0.736094
vt 0.893397 0.735692
f 1556/2337/2646 1555/2338/2646 1554/2339/2646

vn 0.022902 0.278383 0.960197
v 1.02223 1.61907 0.415553
vt 0.908215 0.728023
f 1556/2337/2647 1557/2340/2647 1555/2338/2647

vt 0.908766 0.727925
vn 0.00118642 0.731872 0.681441
vt 0.893217 0.727659
v 1.18687 1.62233 0.41177
vt 0.877247 0.727769
v 1.10344 1.65131 0.380788
vt 0.893136 0.719379
f 1557/2341/2648 1556/2342/2648 1558/2343/2648 1559/2344/2648 

vt 0.893393 0.735675
vn 0.0103984 0.279482 0.960095
v 1.18687 1.5823 0.423418
vt 0.877497 0.735797
vt 0.877321 0.727966
vt 0.893212 0.727638
f 1554/2345/2649 1560/2346/2649 1558/2347/2649 1556/2348/2649 

vt 0.774843 0.815787
vn 0.0239077 -0.276162 0.960814
f 1560/2349/2650 1554/2334/2650 1553/2333/2650

vn 0.0131972 -0.276217 0.961005
v 1.28048 1.54497 0.411402
vt 0.793232 0.807963
f 1560/2349/2651 1553/2333/2651 1561/2350/2651

vn 0.0252679 -0.738398 0.673892
v 1.28048 1.51627 0.379957
vt 0.793244 0.799416
f 1561/2350/2652 1553/2333/2652 1562/2351/2652

vn 0.0290525 -0.732476 0.680173
f 1562/2351/2653 1553/2333/2653 1552/2332/2653

vn 0.0364125 -0.970729 0.237403
v 1.28048 1.50577 0.337005
vt 0.793244 0.790479
f 1562/2351/2654 1552/2332/2654 1563/2352/2654

vn 0.0382113 -0.969739 0.241135
v 1.18687 1.50207 0.336965
vt 0.774531 0.790479
f 1563/2352/2655 1552/2332/2655 1564/2353/2655

vn 0.0498713 -0.96924 0.241011
f 1552/2332/2656 1551/2330/2656 1564/2353/2656

vn 0.0513142 -0.96851 0.243629
v 1.10344 1.49764 0.336933
vt 0.758192 0.790479
f 1564/2353/2657 1551/2330/2657 1565/2354/2657

vn 0.0786757 -0.966782 0.243194
v 1.04745 1.49296 0.336448
vt 0.747407 0.790479
f 1551/2330/2658 1566/2355/2658 1565/2354/2658

vn 0.0798695 -0.967037 0.241787
f 1551/2330/2659 1548/2325/2659 1566/2355/2659

vn 0.0787202 -0.967139 0.241756
f 1566/2355/2660 1548/2325/2660 1545/2322/2660

v 1.04522 1.50412 0.290325
vt 0.74683 0.781578
vn 0.0830881 -0.967585 -0.238485
v 1.10344 1.50874 0.291964
vt 0.758098 0.781663
vt 0.758103 0.790537
vt 0.747268 0.790669
vt 0.741213 0.790743
f 1567/2356/2661 1568/2357/2661 1565/2358/2661 1566/2359/2661 1545/2360/2661 

vt 0.758205 0.781434
vn 0.0772146 -0.733516 -0.675271
vt 0.746937 0.781389
v 1.10344 1.53903 0.259061
vt 0.758396 0.77271
f 1568/2361/2662 1567/2362/2662 1569/2363/2662

vn 0.078572 -0.734592 -0.673944
v 1.0391 1.53474 0.256239
vt 0.745968 0.77258
f 1569/2363/2663 1567/2362/2663 1570/2364/2663

vn 0.0799967 -0.734379 -0.674009
f 1567/2362/2664 1544/2320/2664 1570/2364/2664

vn 0.086437 -0.967889 -0.23605
f 1567/2362/2665 1545/2322/2665 1544/2320/2665

vn 0.0935534 -0.738688 -0.667524
f 1570/2364/2666 1544/2320/2666 1543/2317/2666

v 1.03069 1.5768 0.24341
vt 0.744834 0.764109
vn 0.0727753 -0.277605 -0.957935
f 1571/2365/2667 1570/2364/2667 1543/2317/2667

v 1.10344 1.58028 0.24716
vt 0.758725 0.764411
vn 0.062742 -0.279647 -0.958051
f 1572/2366/2668 1570/2364/2668 1571/2365/2668

vn 0.0605236 -0.276711 -0.959045
f 1572/2366/2669 1569/2363/2669 1570/2364/2669

vn 0.0270015 -0.277118 -0.960456
v 1.18687 1.54222 0.260488
vt 0.774698 0.772863
f 1572/2366/2670 1573/2367/2670 1569/2363/2670

v 1.18687 1.5823 0.248691
vt 0.774906 0.764685
vn 0.0244438 -0.282227 -0.959036
f 1574/2368/2671 1573/2367/2671 1572/2366/2671

vn 0.0201511 -0.282254 -0.959128
v 1.28048 1.54497 0.261645
vt 0.793252 0.772816
f 1574/2368/2672 1575/2369/2672 1573/2367/2672

v 1.28048 1.58417 0.249964
vt 0.793262 0.764718
vn 0.0187176 -0.285522 -0.958189
f 1576/2370/2673 1575/2369/2673 1574/2368/2673

vn 0.00343802 -0.285571 -0.958352
v 1.3738 1.5463 0.261583
vt 0.81209 0.772258
f 1576/2370/2674 1577/2371/2674 1575/2369/2674

v 1.37446 1.58536 0.249885
vt 0.811769 0.764092
vn 0.00283974 -0.286922 -0.95795
f 1578/2372/2675 1577/2371/2675 1576/2370/2675

vn -0.135824 -0.282107 -0.94972
v 1.43218 1.5428 0.254275
vt 0.82399 0.771233
f 1578/2372/2676 1579/2373/2676 1577/2371/2676

vn -0.145678 -0.294915 -0.944353
v 1.43366 1.5839 0.24121
vt 0.82337 0.762714
f 1578/2372/2677 1580/2374/2677 1579/2373/2677

v 1.43218 1.62541 0.254266
vt 0.828492 0.691725
vn -0.131535 0.293169 -0.946969
vt 0.828974 0.683122
vt 0.840575 0.684908
f 1581/2375/2678 1580/2376/2678 1578/2377/2678

v 1.46848 1.62604 0.249528
vt 0.821254 0.690835
vn -0.128756 0.293369 -0.947289
f 1582/2378/2679 1580/2376/2679 1581/2375/2679

vn -0.134815 0.297927 -0.945021
v 1.46772 1.58302 0.236075
vt 0.822299 0.68198
f 1582/2378/2680 1583/2379/2680 1580/2376/2680

v 1.53151 1.62939 0.240875
vt 0.80875 0.689548
vn -0.145346 0.297651 -0.943546
f 1584/2380/2681 1583/2379/2681 1582/2378/2681

vn -0.152346 0.306861 -0.939482
v 1.53103 1.58357 0.225987
vt 0.809778 0.680164
f 1584/2380/2682 1585/2381/2682 1583/2379/2682

v 1.60083 1.63161 0.231654
vt 0.795205 0.688042
vn -0.135144 0.307473 -0.941911
f 1586/2382/2683 1585/2381/2683 1584/2380/2683

vn -0.140542 0.314931 -0.938651
v 1.60083 1.58278 0.215271
vt 0.796089 0.678098
f 1586/2382/2684 1587/2383/2684 1585/2381/2684

v 1.67078 1.63385 0.222353
vt 0.781724 0.686659
vn -0.134988 0.315177 -0.939384
f 1588/2384/2685 1587/2383/2685 1586/2382/2685

vn -0.139976 0.321604 -0.936471
v 1.67078 1.58197 0.204538
vt 0.78253 0.676234
f 1588/2384/2686 1589/2385/2686 1587/2383/2686

v 1.75305 1.63648 0.211413
vt 0.766169 0.685218
vn -0.1349 0.321832 -0.937137
f 1590/2386/2687 1589/2385/2687 1588/2384/2687

vn -0.13954 0.32846 -0.934153
v 1.75304 1.58102 0.191914
vt 0.76686 0.674258
f 1590/2386/2688 1591/2387/2688 1589/2385/2688

v 1.83971 1.63925 0.19989
vt 0.75015 0.683989
vn -0.134808 0.328677 -0.934772
f 1592/2388/2689 1591/2387/2689 1590/2386/2689

vn -0.139135 0.334735 -0.931984
v 1.83969 1.58001 0.178618
vt 0.750629 0.672489
f 1592/2388/2690 1593/2389/2690 1591/2387/2690

v 1.91404 1.64151 0.187206
vt 0.736755 0.683007
vn -0.168442 0.333201 -0.927688
f 1594/2390/2691 1593/2389/2691 1592/2388/2691

vn -0.129849 0.289427 -0.948352
v 1.91414 1.57784 0.167761
vt 0.736911 0.671179
f 1594/2390/2692 1595/2391/2692 1593/2389/2692

vn -0.180012 0.287057 -0.940848
v 1.98495 1.63949 0.173023
vt 0.72447 0.681795
f 1594/2390/2693 1596/2392/2693 1595/2391/2693

vn -0.0799834 0.849875 -0.520879
v 1.98478 1.68266 0.243478
vt 0.725444 0.695415
f 1596/2392/2694 1594/2390/2694 1597/2393/2694

vn -0.0692284 0.844756 -0.530656
v 1.91417 1.68138 0.250651
vt 0.737314 0.695929
f 1597/2393/2695 1594/2390/2695 1598/2394/2695

vn -0.11576 0.841135 -0.528291
f 1598/2394/2696 1594/2390/2696 1592/2388/2696

vn -0.0758561 0.819136 -0.568562
v 1.83984 1.67955 0.257935
vt 0.750322 0.696653
f 1598/2394/2697 1592/2388/2697 1599/2395/2697

vn -0.101551 0.817283 -0.567217
f 1599/2395/2698 1592/2388/2698 1590/2386/2698

vn -0.0910745 0.809697 -0.579739
v 1.75312 1.67459 0.264628
vt 0.766082 0.697315
f 1599/2395/2699 1590/2386/2699 1600/2396/2699

vn -0.102846 0.808771 -0.579061
f 1600/2396/2700 1590/2386/2700 1588/2384/2700

vn -0.0915279 0.80014 -0.592788
v 1.67081 1.66988 0.270981
vt 0.78151 0.698116
f 1600/2396/2701 1588/2384/2701 1601/2397/2701

vn -0.104268 0.799137 -0.592037
f 1601/2397/2702 1588/2384/2702 1586/2382/2702

vn -0.0919636 0.790496 -0.605524
v 1.60084 1.66587 0.276381
vt 0.794921 0.698894
f 1601/2397/2703 1586/2382/2703 1602/2398/2703

vn -0.105761 0.789408 -0.604689
f 1602/2398/2704 1586/2382/2704 1584/2380/2704

vn -0.0924303 0.779066 -0.620091
v 1.5328 1.66198 0.281633
vt 0.808176 0.699722
f 1602/2398/2705 1584/2380/2705 1603/2399/2705

vn -0.125987 0.776704 -0.617137
f 1603/2399/2706 1584/2380/2706 1582/2378/2706

vn -0.105556 0.760834 -0.640305
v 1.47055 1.65741 0.286462
vt 0.820512 0.70045
f 1603/2399/2707 1582/2378/2707 1604/2400/2707

vn -0.0969436 0.761264 -0.641155
f 1604/2400/2708 1582/2378/2708 1581/2375/2708

vn -0.0838602 0.754916 -0.650438
v 1.42817 1.65544 0.289638
vt 0.828999 0.701028
f 1604/2400/2709 1581/2375/2709 1605/2401/2709

vn -0.0944614 0.753594 -0.650518
v 1.3738 1.62441 0.261582
vt 0.840233 0.693027
f 1581/2375/2710 1606/2402/2710 1605/2401/2710

vn -0.124057 0.282843 -0.95111
f 1581/2375/2711 1578/2377/2711 1606/2402/2711

vn -0.00380177 0.286929 -0.957944
v 1.28048 1.62337 0.261643
vt 0.85885 0.693446
f 1606/2402/2712 1578/2377/2712 1607/2403/2712

vn -0.00442891 0.285509 -0.958366
vt 0.859082 0.685393
f 1607/2403/2713 1578/2377/2713 1576/2404/2713

vt 0.877431 0.685353
vn 0.00749564 0.285172 -0.958447
v 1.18687 1.62233 0.260585
vt 0.877246 0.693486
vt 0.858894 0.693314
vt 0.859075 0.685346
f 1574/2405/2714 1608/2406/2714 1607/2407/2714 1576/2408/2714 

vt 0.893616 0.685334
vn 0.0107484 0.284741 -0.958544
v 1.10344 1.62136 0.259358
vt 0.893446 0.693566
vt 0.87727 0.693404
vt 0.877435 0.685384
f 1572/2409/2715 1609/2410/2715 1608/2411/2715 1574/2412/2715 

vt 0.893449 0.69358
vn 0.0357733 0.284477 -0.958015
vt 0.893619 0.685348
vt 0.90751 0.684875
f 1609/2413/2716 1572/2414/2716 1571/2415/2716

vn 0.0390235 0.279634 -0.959313
v 1.02223 1.61909 0.255393
vt 0.908902 0.693259
f 1609/2413/2717 1571/2415/2717 1610/2416/2717

vn 0.0529848 0.282037 -0.957939
v 0.989593 1.5745 0.24046
vt 0.915323 0.684537
f 1610/2416/2718 1571/2415/2718 1611/2417/2718

vn 0.0844619 -0.284103 -0.955066
vt 0.737021 0.763901
f 1571/2365/2719 1543/2317/2719 1611/2418/2719

vn 0.138711 -0.266556 -0.953786
f 1611/2418/2720 1543/2317/2720 1542/2319/2720

vn 0.142321 -0.271134 -0.951962
v 0.922507 1.56744 0.232443
vt 0.724293 0.763877
f 1611/2418/2721 1542/2319/2721 1612/2419/2721

vn 0.744231 -0.216174 -0.631973
vt 0.57126 0.773432
f 1273/1934/2722 1612/2420/2722 1542/2316/2722

vn 0.781276 0.096828 -0.616629
v 0.926304 1.61282 0.244379
vt 0.570878 0.779992
f 1273/1934/2723 1613/2421/2723 1612/2420/2723

vn 0.620119 0.322535 -0.715139
f 1274/1935/2724 1613/2421/2724 1273/1934/2724

vn 0.680751 0.496302 -0.538761
v 0.93047 1.64723 0.281346
vt 0.567714 0.784689
f 1274/1935/2725 1614/2422/2725 1613/2421/2725

vn 0.604512 0.598728 -0.525443
f 1274/1935/2726 1275/1937/2726 1614/2422/2726

v 0.932695 1.6616 0.330735
vt 0.562066 0.786678
vn 0.670126 0.704054 -0.235032
f 1615/2423/2727 1614/2422/2727 1275/1937/2727

v 0.966012 1.64917 0.284991
vt 0.919028 0.7017
vn -0.0239447 0.960198 -0.278291
vt 0.925651 0.701411
vt 0.924481 0.710823
f 1616/2424/2728 1614/2425/2728 1615/2426/2728

v 0.976348 1.61644 0.251023
vt 0.917605 0.692768
vn 0.0310265 0.724459 -0.688619
f 1617/2427/2729 1614/2425/2729 1616/2424/2729

vn 0.0378413 0.729263 -0.683186
vt 0.927092 0.692027
f 1617/2427/2730 1613/2428/2730 1614/2425/2730

vn 0.106974 0.274449 -0.955633
f 1617/2427/2731 1611/2417/2731 1613/2428/2731

vn 0.0761836 0.266062 -0.960941
f 1610/2416/2732 1611/2417/2732 1617/2427/2732

vn 0.0216832 0.737862 -0.674603
v 1.016 1.65023 0.289249
vt 0.909724 0.701957
f 1610/2416/2733 1617/2427/2733 1618/2429/2733

vn 0.0431686 0.725965 -0.686375
f 1618/2429/2734 1617/2427/2734 1616/2424/2734

vt 0.924652 0.710786
vn 0.0018968 0.965375 -0.260859
v 0.961946 1.66205 0.332617
vt 0.919215 0.71082
vt 0.909721 0.701953
vt 0.919025 0.701697
f 1615/2430/2735 1619/2431/2735 1618/2432/2735 1616/2433/2735 

vt 0.919219 0.710823
vn -0.0325796 0.960419 0.276647
v 0.934089 1.64738 0.380264
vt 0.923921 0.719818
f 1619/2434/2736 1615/2426/2736 1620/2435/2736

vn 0.859611 0.497021 0.118488
v 0.91991 1.68171 0.339138
vt 0.561149 0.789885
vt 0.555195 0.784629
f 1615/2423/2737 1621/2436/2737 1620/2437/2737

vn 0.743111 0.597982 -0.300339
f 1275/1937/2738 1621/2436/2738 1615/2423/2738

vn 0.746593 0.593449 -0.300693
v 0.903406 1.71044 0.35487
vt 0.55944 0.794766
f 1275/1937/2739 1622/2438/2739 1621/2436/2739

vn 0.935491 0.312172 -0.165546
f 1275/1937/2740 1276/1939/2740 1622/2438/2740

vt 0.632773 0.415447
vn -0.341567 -0.930734 0.130636
vt 0.632773 0.4187
vt 0.628964 0.418176
f 1278/2439/2741 1622/2440/2741 1276/2441/2741

vn -0.406578 -0.903988 -0.13229
v 0.931054 1.69256 0.392095
vt 0.637082 0.416558
f 1278/2439/2742 1623/2442/2742 1622/2440/2742

v 0.974588 1.68084 0.39012
vt 0.637669 0.412238
vn -0.263136 -0.95689 -0.122969
f 1624/2443/2743 1623/2442/2743 1278/2439/2743

vn -0.263316 -0.952577 -0.15252
v 0.932336 1.68845 0.415585
vt 0.63944 0.416763
f 1624/2443/2744 1625/2444/2744 1623/2442/2744

vn -0.296634 -0.930623 -0.214357
v 0.973233 1.67349 0.423916
vt 0.640983 0.41257
f 1624/2443/2745 1626/2445/2745 1625/2444/2745

v 1.02559 1.66421 0.386572
vt 0.63795 0.407167
vn -0.316369 -0.924239 -0.213759
f 1627/2446/2746 1626/2445/2746 1624/2443/2746

vn -0.332064 -0.912564 -0.238663
v 1.02431 1.65308 0.430888
vt 0.642222 0.407344
f 1627/2446/2747 1628/2447/2747 1626/2445/2747

v 1.08417 1.62989 0.427
vt 0.642346 0.401285
vn -0.364285 -0.900725 -0.236622
f 1629/2448/2748 1628/2447/2748 1627/2446/2748

vt 0.534118 0.414588
vn 0.320326 0.724612 0.610187
v 1.03059 1.67328 0.403599
vt 0.540204 0.42697
vt 0.533673 0.426974
f 1629/2449/2749 1630/2450/2749 1628/2451/2749

v 1.08897 1.65204 0.397268
vt 0.541037 0.415434
vn 0.330685 0.730539 0.597461
f 1631/2452/2750 1630/2450/2750 1629/2449/2750

vn 0.3403 0.77732 0.529122
v 1.03611 1.69394 0.369704
vt 0.547386 0.427015
f 1631/2452/2751 1632/2453/2751 1630/2450/2751

v 1.093 1.67156 0.365558
vt 0.547536 0.416072
vn 0.344669 0.779166 0.523549
f 1633/2454/2752 1632/2453/2752 1631/2452/2752

vn 0.371038 0.920511 0.122432
v 1.09175 1.67755 0.324352
vt 0.554578 0.41615
f 1633/2454/2753 1634/2455/2753 1632/2453/2753

v 1.1328 1.63857 0.360481
vt 0.547445 0.407076
vn 0.642374 0.760974 0.0909611
f 1635/2456/2754 1634/2455/2754 1633/2454/2754

vn 0.631236 0.767635 0.110803
f 1294/1966/2755 1634/2455/2755 1635/2456/2755

vn 0.611648 0.775244 -0.157742
f 1294/1966/2756 1295/1969/2756 1634/2455/2756

vn 0.625967 0.767278 -0.139464
f 1295/1969/2757 1296/1970/2757 1634/2455/2757

vn 0.356115 0.925989 -0.125406
f 1634/2455/2758 1296/1970/2758 1297/1971/2758

vn 0.405506 0.884407 -0.23106
v 1.03674 1.70399 0.329014
vt 0.554578 0.427165
f 1634/2455/2759 1297/1971/2759 1636/2457/2759

vn 0.228437 0.949444 -0.215342
f 1636/2457/2760 1297/1971/2760 1298/1972/2760

vn 0.193176 0.970249 -0.145942
v 0.982553 1.71539 0.333075
vt 0.554578 0.437356
f 1636/2457/2761 1298/1972/2761 1637/2458/2761

vn 0.169105 0.975131 -0.14326
f 1637/2458/2762 1298/1972/2762 1299/1973/2762

vn 0.14963 0.982416 -0.111665
v 0.939677 1.72226 0.336107
vt 0.554578 0.444654
f 1637/2458/2763 1299/1973/2763 1638/2459/2763

vn -0.000851544 0.99541 -0.0957028
v 0.890609 1.72229 0.336874
vt 0.554578 0.453495
f 1638/2459/2764 1299/1973/2764 1639/2460/2764

vn -0.0552919 0.984141 -0.16855
f 1299/1973/2765 1300/1974/2765 1639/2460/2765

vt 0.560531 0.920333
vn 0.581654 0.787154 -0.205102
f 1639/2461/2766 1300/1975/2766 1301/1977/2766

vn 0.580431 0.788406 -0.203754
f 1639/2461/2767 1301/1977/2767 1327/2021/2767

vn 0.8456 0.532111 -0.0426473
f 1326/2020/2768 1327/2021/2768 1301/1977/2768

vn 0.79346 0.485079 -0.367586
f 1302/1979/2769 1326/2020/2769 1301/1977/2769

vn 0.60876 0.773268 0.177393
v 0.888122 1.71537 0.375585
vt 0.554035 0.920348
f 1639/2461/2770 1327/2021/2770 1640/2462/2770

vn 0.585614 0.782009 0.213347
f 1640/2462/2771 1327/2021/2771 1328/2022/2771

vn 0.611059 0.748294 0.258192
v 0.877451 1.70717 0.424597
vt 0.54572 0.920809
f 1640/2462/2772 1328/2022/2772 1641/2463/2772

vn 0.474353 0.722374 0.503155
v 0.851434 1.70935 0.446002
vt 0.541323 0.923741
f 1641/2463/2773 1328/2022/2773 1642/2464/2773

vn 0.624218 0.646457 0.438686
f 1642/2464/2774 1328/2022/2774 1329/2023/2774

vn 0.502551 0.383396 0.774887
v 0.828162 1.70548 0.46301
vt 0.5369 0.924827
f 1329/2023/2775 1643/2465/2775 1642/2464/2775

vn 0.551664 0.380574 0.74218
v 0.813864 1.69774 0.477604
vt 0.533209 0.92421
f 1329/2023/2776 1644/2466/2776 1643/2465/2776

vn 0.480485 0.419974 0.769906
f 1329/2023/2777 1330/2024/2777 1644/2466/2777

vn 0.407389 0.112796 0.906262
v 0.747777 1.68783 0.508546
vt 0.520537 0.926215
f 1330/2024/2778 1645/2467/2778 1644/2466/2778

vn 0.279046 0.220602 0.934595
f 1331/2025/2779 1645/2467/2779 1330/2024/2779

vn 0.184128 0.0853102 0.979193
v 0.686413 1.70756 0.518366
vt 0.51122 0.932482
f 1331/2025/2780 1646/2468/2780 1645/2467/2780

vn -0.184128 0.0853102 0.979193
v 0.625049 1.68783 0.508546
vt 0.479463 0.926215
vt 0.48878 0.932482
f 1331/2026/2781 1647/2469/2781 1646/2470/2781

vn -0.279046 0.220602 0.934595
f 1331/2026/2782 1332/2027/2782 1647/2469/2782

vn -0.407389 0.112796 0.906262
f 1332/2027/2783 1333/2028/2783 1647/2469/2783

vn -0.377002 0.260695 0.888767
v 0.577497 1.64113 0.502074
vt 0.474201 0.915926
f 1333/2028/2784 1648/2471/2784 1647/2469/2784

vn -0.437517 0.232215 0.868709
vt 0.474201 0.790926
f 1333/2073/2785 1361/2075/2785 1648/2472/2785

vn -0.43793 0.154643 0.885609
v 0.548244 1.57357 0.499404
vt 0.472053 0.779118
f 1648/2472/2786 1361/2075/2786 1649/2473/2786

vn -0.419357 0.169366 0.891883
v 0.499323 1.57513 0.476106
vt 0.46392 0.77784
f 1361/2075/2787 1650/2474/2787 1649/2473/2787

vn -0.622948 0.19179 0.758388
f 1361/2075/2788 1362/2077/2788 1650/2474/2788

vn -0.608963 0.209025 0.765162
v 0.465497 1.57627 0.448873
vt 0.457867 0.776616
f 1362/2077/2789 1651/2475/2789 1650/2474/2789

vn -0.668274 0.187375 0.719931
f 1362/2077/2790 1364/2080/2790 1651/2475/2790

vn -0.741018 0.0946542 0.664781
v 0.447001 1.5712 0.428978
vt 0.454501 0.775009
f 1364/2080/2791 1652/2476/2791 1651/2475/2791

v 0.396591 1.6168 0.4174
vt 0.083495 0.728406
vn 0.0199693 0.266724 0.963566
vt 0.074219 0.736533
f 1653/2477/2792 1652/2478/2792 1364/2082/2792

vn 0.0156211 0.262249 0.964874
v 0.383135 1.57419 0.429199
vt 0.085689 0.736422
f 1653/2477/2793 1654/2479/2793 1652/2478/2793

v 0.350594 1.61907 0.415553
vt 0.091785 0.728023
vn -0.0250905 0.274134 0.961364
f 1655/2480/2794 1654/2479/2794 1653/2477/2794

vn -0.0196461 0.2778 0.960438
v 0.342153 1.57687 0.427587
vt 0.093162 0.736094
f 1655/2480/2795 1656/2481/2795 1654/2479/2795

v 0.269383 1.62136 0.412952
vt 0.106784 0.727655
vn -0.022899 0.278382 0.960197
f 1657/2482/2796 1656/2481/2796 1655/2480/2796

vn -0.0221624 0.279487 0.959894
v 0.269383 1.58028 0.424913
vt 0.106603 0.735692
f 1657/2482/2797 1658/2483/2797 1656/2481/2797

vt 0.106607 0.735674
vn -0.0104014 0.279482 0.960095
vt 0.106788 0.727637
v 0.185955 1.62233 0.41177
vt 0.122679 0.727966
v 0.185955 1.5823 0.423418
vt 0.122503 0.735796
f 1658/2484/2798 1657/2485/2798 1659/2486/2798 1660/2487/2798 

vt 0.122753 0.727768
vn -0.00118522 0.731874 0.681439
vt 0.106783 0.727658
vt 0.0912341 0.727924
v 0.269383 1.65131 0.380788
vt 0.106864 0.719378
f 1659/2488/2799 1657/2489/2799 1655/2490/2799 1661/2491/2799 

v 0.356818 1.65019 0.381901
vt 0.090732 0.719617
vn 0.000741469 0.73412 0.679019
vt 0.106865 0.719375
f 1662/2492/2800 1661/2493/2800 1655/2480/2800

vn 0.00931576 0.970205 0.242105
f 1662/2492/2801 1371/2093/2801 1661/2493/2801

vn 0.00828203 0.969742 0.243992
f 1370/2092/2802 1371/2093/2802 1662/2492/2802

vn 0.0288521 0.969126 0.24487
f 1366/2084/2803 1370/2092/2803 1662/2492/2803

vn 0.0108938 0.964895 0.26241
f 1367/2085/2804 1370/2092/2804 1366/2084/2804

vn 0.027286 0.743252 0.668455
f 1366/2084/2805 1662/2492/2805 1653/2477/2805

vn 0.00884374 0.733344 0.6798
f 1653/2477/2806 1662/2492/2806 1655/2480/2806

vn 0.054945 0.738508 0.672002
f 1364/2082/2807 1366/2084/2807 1653/2477/2807

vn 0.00127596 0.970247 0.242116
v 0.185955 1.65158 0.380127
vt 0.122912 0.71943
f 1371/2093/2808 1663/2494/2808 1661/2493/2808

vn 0.000441906 0.970625 0.240598
v 0.185955 1.66228 0.336969
vt 0.122981 0.710823
f 1371/2093/2809 1664/2495/2809 1663/2494/2809

vn 0.000281059 0.971721 -0.236134
v 0.185955 1.65158 0.292945
vt 0.122892 0.702015
f 1371/2093/2810 1665/2496/2810 1664/2495/2810

vn 0.00116327 0.971335 -0.237713
f 1372/2094/2811 1665/2496/2811 1371/2093/2811

vn -0.00330179 0.74178 -0.670635
v 0.185955 1.62233 0.260585
vt 0.122746 0.693531
f 1372/2094/2812 1666/2497/2812 1665/2496/2812

v 0.269383 1.62136 0.259358
vt 0.106551 0.69358
vn -0.00134463 0.739226 -0.673456
f 1667/2498/2813 1666/2497/2813 1372/2094/2813

v 0.269383 1.58028 0.24716
vt 0.106384 0.685334
vn -0.0107489 0.284741 -0.958544
v 0.185955 1.5823 0.248691
vt 0.122565 0.685384
vt 0.12273 0.693405
vt 0.106554 0.693566
f 1668/2499/2814 1669/2500/2814 1666/2501/2814 1667/2502/2814 

vt 0.225094 0.764685
vn -0.0244436 -0.282228 -0.959036
vt 0.241275 0.764411
v 0.185955 1.54222 0.260488
vt 0.225302 0.772863
f 1669/2503/2815 1668/2504/2815 1670/2505/2815

vn -0.0270027 -0.277117 -0.960457
v 0.269383 1.53903 0.259061
vt 0.241604 0.77271
f 1668/2504/2816 1671/2506/2816 1670/2505/2816

vn -0.0605218 -0.276709 -0.959046
v 0.333728 1.53474 0.256239
vt 0.254032 0.77258
f 1668/2504/2817 1672/2507/2817 1671/2506/2817

vn -0.0627429 -0.279649 -0.95805
v 0.34214 1.5768 0.24341
vt 0.255166 0.764109
f 1668/2504/2818 1673/2508/2818 1672/2507/2818

vn -0.0357721 0.284478 -0.958015
vt 0.09249 0.684875
vt 0.106381 0.685348
f 1667/2498/2819 1673/2509/2819 1668/2510/2819

vn -0.0390243 0.279633 -0.959314
f 1667/2498/2820 1373/2095/2820 1673/2509/2820

vn -0.0122252 0.739172 -0.673406
f 1373/2095/2821 1667/2498/2821 1372/2094/2821

vn -0.0529866 0.282036 -0.95794
f 1373/2095/2822 1375/2097/2822 1673/2509/2822

vn -0.0844602 -0.284105 -0.955066
vt 0.262979 0.763901
v 0.369782 1.53191 0.254321
vt 0.260945 0.772517
f 1673/2508/2823 1375/2511/2823 1674/2512/2823

vn -0.138712 -0.266556 -0.953786
vt 0.276385 0.772446
f 1375/2511/2824 1377/2513/2824 1674/2512/2824

vn -0.142323 -0.271136 -0.951961
vt 0.275707 0.763877
f 1375/2511/2825 1376/2514/2825 1377/2513/2825

v 0.45404 1.4904 0.28175
vt 0.27656 0.780839
vn -0.164891 -0.754523 -0.635221
f 1675/2515/2826 1674/2512/2826 1377/2513/2826

vn -0.140174 -0.72803 -0.671061
v 0.360163 1.50145 0.289377
vt 0.259294 0.781374
f 1675/2515/2827 1676/2516/2827 1674/2512/2827

v 0.457235 1.47469 0.335121
vt 0.277022 0.790479
vn -0.13423 -0.952747 -0.272498
f 1677/2517/2828 1676/2516/2828 1675/2515/2828

vn -0.151833 -0.959109 -0.238866
v 0.356657 1.49035 0.336178
vt 0.258566 0.790479
f 1677/2517/2829 1678/2518/2829 1676/2516/2829

vn -0.144786 -0.94889 0.280436
v 0.455067 1.48873 0.381499
vt 0.27614 0.799144
f 1677/2517/2830 1679/2519/2830 1678/2518/2830

vt 0.446905 0.760242
vn -0.839441 -0.529782 0.121116
v 0.472702 1.46426 0.396701
vt 0.456009 0.760333
vt 0.452686 0.763447
f 1677/2520/2831 1680/2521/2831 1679/2522/2831

vn -0.925958 -0.33411 0.175988
v 0.477784 1.42475 0.348441
vt 0.450851 0.752659
f 1677/2520/2832 1681/2523/2832 1680/2521/2832

vn -0.9185 -0.391945 -0.0523191
f 1379/2105/2833 1681/2523/2833 1677/2520/2833

vn -0.967219 -0.253059 0.0211963
v 0.487519 1.38535 0.322216
vt 0.448598 0.745118
f 1379/2105/2834 1682/2524/2834 1681/2523/2834

vn -0.962262 -0.272025 -0.00733558
f 1381/2107/2835 1682/2524/2835 1379/2105/2835

vn -0.965479 -0.260479 -0.000964172
v 0.498778 1.34376 0.284418
vt 0.444626 0.735806
f 1381/2107/2836 1683/2525/2836 1682/2524/2836

vn -0.961782 -0.272546 -0.0263499
f 1383/2109/2837 1683/2525/2837 1381/2107/2837

vn -0.966311 -0.256831 -0.0167838
v 0.513778 1.29016 0.240914
vt 0.440449 0.722765
f 1383/2109/2838 1684/2526/2838 1683/2525/2838

vn -0.962879 -0.264682 -0.0529842
f 1385/2111/2839 1684/2526/2839 1383/2109/2839

vn -0.974635 0.121887 0.187697
v 0.500606 1.23217 0.210179
vt 0.438373 0.70933
f 1385/2111/2840 1685/2527/2840 1684/2526/2840

vn -0.962529 0.134563 0.235435
f 1387/2113/2841 1685/2527/2841 1385/2111/2841

vn -0.941507 0.199822 0.271359
v 0.478641 1.17198 0.178291
vt 0.436306 0.6954
f 1387/2113/2842 1686/2528/2842 1685/2527/2842

vn -0.939448 0.201431 0.277241
f 1388/2114/2843 1686/2528/2843 1387/2113/2843

vn -0.920178 0.247891 0.303022
f 1390/2116/2844 1686/2528/2844 1388/2114/2844

vn -0.93732 0.159912 0.309612
v 0.453682 1.07602 0.152295
vt 0.437922 0.676705
f 1390/2116/2845 1687/2529/2845 1686/2528/2845

vn -0.867739 0.267697 0.418769
v 0.421643 1.04814 0.103726
vt 0.431046 0.668292
f 1390/2116/2846 1688/2530/2846 1687/2529/2846

vn -0.888416 0.258961 0.379021
f 1392/2118/2847 1688/2530/2847 1390/2116/2847

vn -0.619997 0.480233 0.620468
vt 0.117484 0.654826
f 1392/2122/2848 1394/2121/2848 1688/2531/2848

vn -0.450232 0.663118 0.597968
v 0.381745 1.03152 0.0921127
vt 0.113642 0.646147
f 1688/2531/2849 1394/2121/2849 1689/2532/2849

vn -0.251007 0.741598 0.622116
v 0.297809 1.04915 0.0372287
vt 0.095935 0.637575
f 1689/2532/2850 1394/2121/2850 1690/2533/2850

vn -0.42891 0.882353 0.19362
v 0.271265 1.05735 -0.0589244
vt 0.07876 0.636833
f 1394/2121/2851 1691/2534/2851 1690/2533/2851

vn -0.474077 0.839631 0.265087
f 1394/2121/2852 1395/2123/2852 1691/2534/2852

vn -0.561687 0.7952 -0.228394
f 1395/2123/2853 1397/2125/2853 1691/2534/2853

vn -0.594651 0.762554 -0.254757
v 0.266425 1.01682 -0.168937
vt 0.059823 0.632763
f 1397/2125/2854 1692/2535/2854 1691/2534/2854

vn -0.556421 0.632648 -0.538658
f 1399/2127/2855 1692/2535/2855 1397/2125/2855

vn -0.586858 0.580482 -0.56448
v 0.296108 0.954181 -0.264215
vt 0.041039 0.629222
f 1399/2127/2856 1693/2536/2856 1692/2535/2856

vn -0.452349 0.312632 -0.835249
v 0.398277 0.930975 -0.328233
vt 0.023236 0.637104
f 1399/2127/2857 1694/2537/2857 1693/2536/2857

vn -0.571019 0.245663 -0.783317
f 1399/2127/2858 1400/2128/2858 1694/2537/2858

vn -0.380746 -0.0774965 -0.921426
v 0.44842 0.85965 -0.342954
vt 0.011719 0.6332
f 1400/2128/2859 1695/2538/2859 1694/2537/2859

vn -0.94349 -0.0633483 -0.325291
vt 0.377832 0.59845
f 1403/2133/2860 1695/2539/2860 1400/2130/2860

vn -0.938843 -0.168243 -0.300446
v 0.46175 0.744052 -0.319875
vt 0.392027 0.583992
f 1403/2133/2861 1696/2540/2861 1695/2539/2861

v 0.474197 0.719119 -0.425046
vt 0.379422 0.569406
vn -0.99302 -0.0544773 -0.104613
f 1697/2541/2862 1696/2540/2862 1403/2133/2862

vn -0.900101 -0.435669 -0.00324298
v 0.51885 0.626548 -0.382533
vt 0.396632 0.558578
f 1697/2541/2863 1698/2542/2863 1696/2540/2863

v 0.528743 0.598255 -0.525
vt 0.378253 0.538822
vn -0.904364 -0.426203 0.0218454
f 1699/2543/2864 1698/2542/2864 1697/2541/2864

v 0.599073 0.546601 -0.501875
vt 0.391641 0.528422
vn -0.612016 -0.782738 0.112951
f 1700/2544/2865 1698/2542/2865 1699/2543/2865

vn -0.603219 -0.788117 0.122468
v 0.592238 0.575218 -0.351379
vt 0.411283 0.549283
f 1700/2544/2866 1701/2545/2866 1698/2542/2866

v 0.686413 0.526907 -0.491229
vt 0.404424 0.517012
vn -0.236526 -0.956437 0.171127
f 1702/2546/2867 1701/2545/2867 1700/2544/2867

v 0.686413 0.55435 -0.340499
vt 0.42513 0.537644
vn -0.23218 -0.956941 0.174228
f 1703/2547/2868 1701/2545/2868 1702/2546/2868

vn -0.234435 -0.949697 0.207642
v 0.58433 0.617118 -0.168671
vt 0.433307 0.574871
f 1703/2547/2869 1704/2548/2869 1701/2545/2869

v 0.686413 0.601562 -0.163332
vt 0.447917 0.56319
vn -0.15868 -0.954037 0.254233
f 1705/2549/2870 1704/2548/2870 1703/2547/2870

v 0.686413 0.673076 -0.00829239
vt 0.466001 0.589182
vn -0.158263 -0.896609 0.413576
f 1706/2550/2871 1704/2548/2871 1705/2549/2871

vn -0.133781 -0.906119 0.401311
v 0.582864 0.686767 -0.0118993
vt 0.450293 0.59969
f 1706/2550/2872 1707/2551/2872 1704/2548/2872

v 0.686413 0.735868 0.0849792
vt 0.476229 0.607831
vn -0.128066 -0.822704 0.553857
f 1708/2552/2873 1707/2551/2873 1706/2550/2873

vn -0.137794 -0.816271 0.560994
v 0.588574 0.757439 0.0923349
vt 0.461453 0.618823
f 1708/2552/2874 1709/2553/2874 1707/2551/2874

v 0.686413 0.799492 0.154802
vt 0.483406 0.624496
vn -0.111629 -0.734536 0.669324
f 1710/2554/2875 1709/2553/2875 1708/2552/2875

v 0.603384 0.817854 0.155415
vt 0.469538 0.632389
vn -0.148843 -0.696467 0.701983
f 1711/2555/2876 1709/2553/2876 1710/2554/2876

v 0.486557 0.843442 0.119853
vt 0.448883 0.638368
vn -0.348904 -0.634547 0.689649
f 1712/2556/2877 1709/2553/2877 1711/2555/2877

vn -0.405406 -0.677331 0.613896
v 0.49888 0.724428 -0.0033196
vt 0.43968 0.611356
f 1709/2553/2878 1712/2556/2878 1713/2557/2878

vn -0.351212 -0.690647 0.632184
v 0.457444 0.755941 0.00808672
vt 0.43507 0.618901
f 1713/2557/2879 1712/2556/2879 1714/2558/2879

v 0.445354 0.84479 0.0849604
vt 0.440124 0.637424
vn -0.530821 -0.594664 0.603824
f 1715/2559/2880 1714/2558/2880 1712/2556/2880

vt 0.152696 0.628581
vn 0.572047 -0.490777 0.657192
v 0.419863 0.829939 0.0960595
vt 0.150286 0.622586
vt 0.174289 0.617376
f 1715/2560/2881 1716/2561/2881 1714/2562/2881

v 0.399947 0.94301 0.115693
vt 0.130614 0.635777
vn 0.436202 -0.0788171 0.896391
f 1717/2563/2882 1716/2561/2882 1715/2560/2882

vn 0.614609 -0.028628 0.788312
v 0.350689 0.903181 0.15265
vt 0.128353 0.622132
f 1717/2563/2883 1718/2564/2883 1716/2561/2883

vn 0.419684 0.281631 0.862873
v 0.369936 0.940376 0.131149
vt 0.126591 0.630487
f 1717/2563/2884 1719/2565/2884 1718/2564/2884

v 0.334726 1.00117 0.11673
vt 0.113507 0.634035
vn 0.38648 0.418731 0.821765
f 1720/2566/2885 1719/2565/2885 1717/2563/2885

vn 0.234675 0.350917 0.906523
v 0.288456 0.955983 0.146201
vt 0.114632 0.621853
f 1720/2566/2886 1721/2567/2886 1719/2565/2886

vn -0.334475 0.730647 0.595216
v 0.231103 0.988579 0.0739591
vt 0.098951 0.621756
f 1720/2566/2887 1722/2568/2887 1721/2567/2887

vn -0.334696 0.729939 0.595959
f 1720/2566/2888 1690/2533/2888 1722/2568/2888

vn -0.20966 0.791011 0.574756
f 1689/2532/2889 1690/2533/2889 1720/2566/2889

vn 0.282713 0.300784 0.910825
f 1689/2532/2890 1720/2566/2890 1717/2563/2890

vn 0.245562 0.296377 0.922963
v 0.434136 0.947672 0.1051
vt 0.134894 0.641911
f 1689/2532/2891 1717/2563/2891 1723/2569/2891

vn 0.311199 -0.149771 0.938469
f 1723/2569/2892 1717/2563/2892 1715/2560/2892

vt 0.437931 0.653825
vn -0.635298 -0.214499 0.741881
f 1723/2570/2893 1715/2559/2893 1712/2556/2893

vn -0.782393 -0.317667 0.535676
v 0.466008 0.958241 0.157919
vt 0.446929 0.658526
f 1723/2570/2894 1712/2556/2894 1724/2571/2894

vn -0.538858 -0.350458 0.766036
v 0.537314 0.872164 0.168698
vt 0.460144 0.644636
f 1724/2571/2895 1712/2556/2895 1725/2572/2895

vn -0.350284 -0.601698 0.717817
f 1725/2572/2896 1712/2556/2896 1711/2555/2896

v 0.624293 0.874931 0.200938
vt 0.477046 0.644388
vn -0.278785 -0.534324 0.797983
f 1726/2573/2897 1725/2572/2897 1711/2555/2897

v 0.579878 0.917306 0.212059
vt 0.470127 0.654109
vn -0.284414 -0.510996 0.811167
f 1727/2574/2898 1725/2572/2898 1726/2573/2898

v 0.504743 0.96485 0.197123
vt 0.45574 0.66213
vn -0.413913 -0.396724 0.819321
f 1728/2575/2899 1725/2572/2899 1727/2574/2899

vn -0.609049 -0.420304 0.67261
f 1728/2575/2900 1724/2571/2900 1725/2572/2900

v 0.500389 1.06335 0.220611
vt 0.452521 0.680092
vn -0.680301 -0.198318 0.705592
f 1729/2576/2901 1724/2571/2901 1728/2575/2901

vn -0.829176 -0.0602428 0.555732
f 1687/2529/2902 1724/2571/2902 1729/2576/2902

vn -0.817638 -0.0582211 0.572781
f 1688/2530/2903 1724/2571/2903 1687/2529/2903

vn -0.843345 -0.0976455 0.528427
f 1688/2530/2904 1723/2570/2904 1724/2571/2904

vn -0.271499 -0.0206043 0.962218
f 1688/2531/2905 1689/2532/2905 1723/2569/2905

vn -0.819025 0.0583972 0.570778
f 1687/2529/2906 1729/2576/2906 1686/2528/2906

vn -0.877462 0.0111414 0.479517
v 0.51382 1.13551 0.243512
vt 0.452032 0.694502
f 1686/2528/2907 1729/2576/2907 1730/2577/2907

vn -0.70225 -0.0932942 0.705791
v 0.544501 1.05178 0.262972
vt 0.46399 0.681897
f 1730/2577/2908 1729/2576/2908 1731/2578/2908

vn -0.696269 -0.340023 0.632134
v 0.552759 0.980648 0.233808
vt 0.465883 0.667317
f 1729/2576/2909 1732/2579/2909 1731/2578/2909

vn -0.54654 -0.217021 0.808824
f 1729/2576/2910 1728/2575/2910 1732/2579/2910

vn -0.441453 -0.45461 0.773595
f 1732/2579/2911 1728/2575/2911 1727/2574/2911

vn -0.23556 -0.404292 0.883776
v 0.606412 0.946181 0.232341
vt 0.476289 0.660213
f 1732/2579/2912 1727/2574/2912 1733/2580/2912

vn -0.129869 -0.487221 0.863568
v 0.642888 0.911577 0.218303
vt 0.482343 0.651367
f 1733/2580/2913 1727/2574/2913 1734/2581/2913

vn -0.12498 -0.372351 0.919638
f 1727/2574/2914 1726/2573/2914 1734/2581/2914

vn -0.0565459 -0.403946 0.913033
v 0.686413 0.899416 0.215618
vt 0.490186 0.646718
f 1734/2581/2915 1726/2573/2915 1735/2582/2915

vn -0.0397545 -0.437683 0.89825
v 0.686413 0.858869 0.195861
vt 0.487775 0.637978
f 1735/2582/2916 1726/2573/2916 1736/2583/2916

vn -0.0903488 -0.60055 0.794466
f 1726/2573/2917 1711/2555/2917 1736/2583/2917

vn -0.118862 -0.564728 0.816673
f 1736/2583/2918 1711/2555/2918 1710/2554/2918

vt 0.512225 0.637978
vn 0.118862 -0.564728 0.816673
vt 0.516594 0.624496
v 0.769442 0.817854 0.155415
vt 0.530462 0.632389
f 1736/2584/2919 1710/2585/2919 1737/2586/2919

vn 0.148843 -0.696467 0.701983
v 0.784252 0.757439 0.0923349
vt 0.538547 0.618823
f 1737/2586/2920 1710/2585/2920 1738/2587/2920

vn 0.111629 -0.734536 0.669324
vt 0.523771 0.607831
f 1738/2587/2921 1710/2585/2921 1708/2588/2921

v 0.789962 0.686767 -0.0118993
vt 0.549707 0.59969
vn 0.137794 -0.816271 0.560994
f 1739/2589/2922 1738/2587/2922 1708/2588/2922

v 0.873946 0.724428 -0.00331963
vt 0.56032 0.611356
vn 0.295308 -0.783184 0.547189
f 1740/2590/2923 1738/2587/2923 1739/2589/2923

v 0.886269 0.843441 0.119853
vt 0.551117 0.638368
vn 0.405405 -0.677332 0.613895
f 1741/2591/2924 1738/2587/2924 1740/2590/2924

vn 0.348903 -0.634547 0.68965
f 1741/2591/2925 1737/2586/2925 1738/2587/2925

v 0.835512 0.872164 0.168698
vt 0.539856 0.644636
vn 0.350282 -0.601697 0.717818
f 1742/2592/2926 1737/2586/2926 1741/2591/2926

v 0.748532 0.874931 0.200938
vt 0.522954 0.644388
vn 0.278785 -0.534324 0.797983
f 1743/2593/2927 1737/2586/2927 1742/2592/2927

vn 0.0903488 -0.60055 0.794466
f 1743/2593/2928 1736/2584/2928 1737/2586/2928

vt 0.509814 0.646718
vn 0.0397545 -0.437683 0.89825
f 1735/2594/2929 1736/2584/2929 1743/2593/2929

v 0.729938 0.911577 0.218303
vt 0.517657 0.651367
vn 0.0565459 -0.403946 0.913033
f 1744/2595/2930 1735/2594/2930 1743/2593/2930

vt 0.508691 0.43685
vn 0.213742 -0.865182 0.453624
v 0.686413 0.925305 0.264996
vt 0.5 0.445434
vt 0.5 0.43514
f 1744/2596/2931 1745/2597/2931 1735/2598/2931

v 0.737706 0.930649 0.257576
vt 0.509392 0.445235
vn 0.152694 -0.900525 0.40711
f 1746/2599/2932 1745/2597/2932 1744/2596/2932

vn 0.172868 -0.706327 0.686454
v 0.686413 0.962678 0.30345
vt 0.5 0.4548
f 1746/2599/2933 1747/2600/2933 1745/2597/2933

v 0.753922 0.967736 0.294676
vt 0.511785 0.454683
vn 0.141581 -0.730348 0.668242
f 1748/2601/2934 1747/2600/2934 1746/2599/2934

v 0.686413 1.01912 0.340208
vt 0.5 0.466684
vn 0.148153 -0.53968 0.828732
f 1749/2602/2935 1747/2600/2935 1748/2601/2935

vn -0.148153 -0.53968 0.828732
v 0.618904 0.967736 0.294676
vt 0.488215 0.454683
f 1749/2602/2936 1750/2603/2936 1747/2600/2936

v 0.614353 1.02428 0.330871
vt 0.487328 0.466493
vn -0.146 -0.541687 0.827804
f 1751/2604/2937 1750/2603/2937 1749/2602/2937

v 0.5829 0.993069 0.254163
vt 0.477132 0.453479
vn -0.797191 -0.369713 0.477283
f 1752/2605/2938 1750/2603/2938 1751/2604/2938

vt 0.482867 0.443413
vn -0.766775 -0.543477 0.341597
f 1733/2606/2939 1750/2603/2939 1752/2605/2939

vn -0.668245 -0.651478 0.3592
v 0.635119 0.930649 0.257576
vt 0.490608 0.445235
f 1733/2606/2940 1753/2607/2940 1750/2603/2940

vt 0.491309 0.43685
vn -0.617358 -0.748706 0.24147
f 1734/2608/2941 1753/2607/2941 1733/2606/2941

vn -0.152694 -0.900525 0.40711
f 1745/2597/2942 1753/2607/2942 1734/2608/2942

vn -0.172868 -0.706327 0.686454
f 1745/2597/2943 1747/2600/2943 1753/2607/2943

vn -0.141581 -0.730348 0.668242
f 1747/2600/2944 1750/2603/2944 1753/2607/2944

vn -0.213742 -0.865182 0.453624
f 1735/2598/2945 1745/2597/2945 1734/2608/2945

vt 0.472357 0.671055
vn -0.316348 -0.526034 0.789438
f 1752/2609/2946 1732/2579/2946 1733/2580/2946

vn -0.401196 -0.38699 0.830229
f 1731/2578/2947 1732/2579/2947 1752/2609/2947

vn -0.531523 -0.454871 0.714545
v 0.575074 1.04806 0.283345
vt 0.470916 0.683281
f 1731/2578/2948 1752/2609/2948 1754/2610/2948

vn -0.79888 -0.366728 0.476761
vt 0.475032 0.465845
f 1752/2605/2949 1751/2604/2949 1754/2611/2949

vn -0.799978 -0.173258 0.57447
v 0.584251 1.10603 0.313607
vt 0.476429 0.478956
f 1754/2611/2950 1751/2604/2950 1755/2612/2950

vn -0.807091 -0.178331 0.562852
v 0.620066 1.08789 0.359219
vt 0.487907 0.478948
f 1755/2612/2951 1751/2604/2951 1756/2613/2951

vn -0.145726 -0.391735 0.908464
f 1756/2613/2952 1751/2604/2952 1749/2602/2952

vn -0.181556 -0.420859 0.888772
v 0.686413 1.08303 0.370468
vt 0.5 0.479387
f 1756/2613/2953 1749/2602/2953 1757/2614/2953

v 0.75276 1.08789 0.359219
vt 0.512093 0.478948
vn 0.181556 -0.420859 0.888772
f 1758/2615/2954 1757/2614/2954 1749/2602/2954

v 0.739911 1.13185 0.367224
vt 0.510815 0.487518
vn 0.174847 -0.126699 0.97641
f 1759/2616/2955 1757/2614/2955 1758/2615/2955

vn 0.181432 -0.134058 0.974223
v 0.686413 1.12272 0.37593
vt 0.5 0.48681
f 1759/2616/2956 1760/2617/2956 1757/2614/2956

v 0.727063 1.14765 0.368332
vt 0.508804 0.491162
vn 0.151416 0.0539386 0.986997
f 1761/2618/2957 1760/2617/2957 1759/2616/2957

vn 0.124361 0.098174 0.987368
v 0.686413 1.14108 0.374105
vt 0.5 0.490549
f 1761/2618/2958 1762/2619/2958 1760/2617/2958

vn 0.210065 -0.766667 0.606707
v 0.686413 1.15806 0.395569
vt 0.5 0.49609
f 1761/2618/2959 1763/2620/2959 1762/2619/2959

v 0.737711 1.16222 0.386025
vt 0.510044 0.496071
vn 0.170366 -0.808413 0.563422
f 1764/2621/2960 1763/2620/2960 1761/2618/2960

v 0.686413 1.2052 0.438613
vt 0.5 0.507679
vn 0.188609 -0.66222 0.725184
f 1765/2622/2961 1763/2620/2961 1764/2621/2961

vn -0.188609 -0.66222 0.725184
v 0.635115 1.16222 0.386025
vt 0.489956 0.496071
f 1765/2622/2962 1766/2623/2962 1763/2620/2962

v 0.613701 1.21118 0.421757
vt 0.487089 0.50728
vn -0.223488 -0.6365 0.738187
f 1767/2624/2963 1766/2623/2963 1765/2622/2963

v 0.603312 1.1809 0.353553
vt 0.48055 0.495294
vn -0.721452 -0.585444 0.369814
f 1768/2625/2964 1766/2623/2964 1767/2624/2964

vn -0.709271 -0.617979 0.33917
v 0.621547 1.16127 0.355923
vt 0.484895 0.492369
f 1768/2625/2965 1769/2626/2965 1766/2623/2965

vt 0.474019 0.711783
vn -0.441518 -0.308454 0.842567
v 0.607831 1.1527 0.345596
vt 0.475492 0.706621
vt 0.478048 0.709013
f 1768/2627/2966 1770/2628/2966 1769/2629/2966

vn -0.635501 -0.302266 0.710474
v 0.585779 1.17074 0.333548
vt 0.470012 0.70844
f 1768/2627/2967 1771/2630/2967 1770/2628/2967

v 0.564198 1.2367 0.345096
vt 0.464886 0.720352
vn -0.621627 -0.327951 0.711357
f 1772/2631/2968 1771/2630/2968 1768/2627/2968

v 0.528059 1.19971 0.26875
vt 0.452618 0.708079
vn -0.772089 -0.345972 0.533087
f 1773/2632/2969 1771/2630/2969 1772/2631/2969

vn -0.763278 -0.0896853 0.639815
v 0.55622 1.11453 0.290406
vt 0.464676 0.695063
f 1773/2632/2970 1774/2633/2970 1771/2630/2970

vn -0.757855 -0.0861393 0.646711
f 1730/2577/2971 1774/2633/2971 1773/2632/2971

vn -0.764054 -0.133269 0.631238
f 1730/2577/2972 1731/2578/2972 1774/2633/2972

vn -0.55824 -0.242596 0.79342
f 1774/2633/2973 1731/2578/2973 1754/2610/2973

vn -0.661307 -0.262202 0.702797
vt 0.471704 0.695882
f 1774/2633/2974 1754/2610/2974 1755/2634/2974

vn -0.660335 -0.206845 0.721923
f 1771/2630/2975 1774/2633/2975 1755/2634/2975

vn -0.601233 -0.222295 0.767531
f 1771/2630/2976 1755/2634/2976 1770/2628/2976

vn -0.790274 -0.0204638 0.612412
vt 0.481874 0.489992
f 1755/2612/2977 1756/2613/2977 1770/2635/2977

vn -0.631392 0.0435496 0.77424
v 0.632914 1.13185 0.367224
vt 0.489185 0.487518
f 1770/2635/2978 1756/2613/2978 1775/2636/2978

vn -0.174847 -0.126699 0.97641
f 1775/2636/2979 1756/2613/2979 1757/2614/2979

vn -0.181432 -0.134058 0.974223
f 1775/2636/2980 1757/2614/2980 1760/2617/2980

v 0.645763 1.14765 0.368332
vt 0.491196 0.491162
vn -0.151416 0.0539386 0.986997
f 1776/2637/2981 1775/2636/2981 1760/2617/2981

vn -0.345627 0.217129 0.912906
f 1769/2626/2982 1775/2636/2982 1776/2637/2982

vn -0.623557 0.0585226 0.779584
f 1769/2626/2983 1770/2635/2983 1775/2636/2983

vn -0.576607 -0.766057 0.284043
f 1776/2637/2984 1766/2623/2984 1769/2626/2984

vn -0.170366 -0.808413 0.563422
f 1763/2620/2985 1766/2623/2985 1776/2637/2985

vn -0.210065 -0.766667 0.606707
f 1762/2619/2986 1763/2620/2986 1776/2637/2986

vn -0.124361 0.098174 0.987368
f 1776/2637/2987 1760/2617/2987 1762/2619/2987

vn -0.899138 0.0277103 0.436788
f 1685/2527/2988 1730/2577/2988 1773/2632/2988

vn -0.866239 0.052909 0.496821
f 1686/2528/2989 1730/2577/2989 1685/2527/2989

vn -0.90853 -0.0149435 0.417552
f 1685/2527/2990 1773/2632/2990 1684/2526/2990

vn -0.939831 -0.0441266 0.338779
v 0.536726 1.25451 0.299931
vt 0.454527 0.720235
f 1684/2526/2991 1773/2632/2991 1777/2638/2991

vn -0.869211 -0.133435 0.476096
f 1773/2632/2992 1772/2631/2992 1777/2638/2992

vn -0.855514 -0.348465 0.382973
v 0.528184 1.31428 0.335236
vt 0.456255 0.733024
f 1777/2638/2993 1772/2631/2993 1778/2639/2993

vn -0.817319 -0.318373 0.480238
v 0.558429 1.29885 0.376481
vt 0.465498 0.732517
f 1778/2639/2994 1772/2631/2994 1779/2640/2994

vn -0.666281 -0.384489 0.638935
v 0.582292 1.2357 0.363363
vt 0.469331 0.721404
f 1772/2631/2995 1780/2641/2995 1779/2640/2995

vn -0.669584 -0.371947 0.642894
f 1772/2631/2996 1768/2627/2996 1780/2641/2996

vn -0.869706 -0.388194 0.304821
vt 0.474365 0.505142
f 1768/2625/2997 1767/2624/2997 1780/2642/2997

vn -0.890414 -0.272604 0.364486
v 0.575182 1.29448 0.38996
vt 0.472536 0.517622
f 1780/2642/2998 1767/2624/2998 1781/2643/2998

vn -0.88577 -0.263831 0.381843
v 0.610575 1.26658 0.452783
vt 0.48665 0.518293
f 1781/2643/2999 1767/2624/2999 1782/2644/2999

vn -0.235162 -0.484995 0.842306
f 1782/2644/3000 1767/2624/3000 1765/2622/3000

vn -0.227625 -0.477185 0.848811
v 0.686413 1.2587 0.468687
vt 0.5 0.51839
f 1782/2644/3001 1765/2622/3001 1783/2645/3001

v 0.762251 1.26658 0.452783
vt 0.51335 0.518293
vn 0.227625 -0.477185 0.848811
f 1784/2646/3002 1783/2645/3002 1765/2622/3002

v 0.75081 1.32423 0.474337
vt 0.512205 0.529397
vn 0.22563 -0.301562 0.926365
f 1785/2647/3003 1783/2645/3003 1784/2646/3003

vn 0.268611 -0.341579 0.900651
v 0.686413 1.31507 0.49007
vt 0.5 0.529303
f 1785/2647/3004 1786/2648/3004 1783/2645/3004

v 0.72837 1.36307 0.484989
vt 0.508869 0.537662
vn 0.251492 -0.118161 0.960619
f 1787/2649/3005 1786/2648/3005 1785/2647/3005

vn 0.272411 -0.137324 0.952331
v 0.686413 1.35522 0.495858
vt 0.5 0.536986
f 1787/2649/3006 1788/2650/3006 1786/2648/3006

v 0.686413 1.37134 0.494426
vt 0.5 0.54049
vn 0.234728 0.085937 0.968255
f 1789/2651/3007 1788/2650/3007 1787/2649/3007

vn -0.234728 0.085937 0.968255
v 0.644456 1.36307 0.484989
vt 0.491131 0.537662
f 1789/2651/3008 1790/2652/3008 1788/2650/3008

v 0.644034 1.37877 0.485252
vt 0.490489 0.540923
vn -0.215239 -0.022099 0.976311
f 1791/2653/3009 1790/2652/3009 1789/2651/3009

v 0.615279 1.38878 0.469057
vt 0.483177 0.541277
vn -0.497868 -0.0278594 0.866805
f 1792/2654/3010 1790/2652/3010 1791/2653/3010

vn -0.609667 -0.219951 0.76153
v 0.601284 1.37863 0.45492
vt 0.479883 0.53815
f 1792/2654/3011 1793/2655/3011 1790/2652/3011

v 0.608264 1.4002 0.476259
vt 0.480258 0.751494
vn -0.277501 -0.628843 0.726326
vt 0.477654 0.747361
vt 0.480672 0.749147
f 1794/2656/3012 1793/2657/3012 1792/2658/3012

v 0.565496 1.40233 0.450823
vt 0.472531 0.751688
vn -0.446252 -0.552288 0.704157
f 1795/2659/3013 1793/2657/3013 1794/2656/3013

vn -0.414744 -0.494358 0.763935
v 0.561732 1.34689 0.412907
vt 0.468859 0.741802
f 1795/2659/3014 1796/2660/3014 1793/2657/3014

v 0.509518 1.4065 0.414751
vt 0.462393 0.752253
vn -0.504034 -0.464022 0.728446
f 1797/2661/3015 1796/2660/3015 1795/2659/3015

v 0.518465 1.36366 0.372394
vt 0.458958 0.743357
vn -0.660753 -0.592998 0.460173
f 1798/2662/3016 1796/2660/3016 1797/2661/3016

vn -0.704565 -0.397355 0.587961
f 1798/2662/3017 1779/2640/3017 1796/2660/3017

vn -0.789039 -0.460904 0.406184
f 1778/2639/3018 1779/2640/3018 1798/2662/3018

vn -0.842261 -0.420013 0.337914
f 1682/2524/3019 1778/2639/3019 1798/2662/3019

vn -0.861212 -0.449206 0.237756
f 1683/2525/3020 1778/2639/3020 1682/2524/3020

vn -0.888527 -0.320757 0.328078
f 1683/2525/3021 1777/2638/3021 1778/2639/3021

vn -0.920037 -0.367605 0.135639
f 1684/2526/3022 1777/2638/3022 1683/2525/3022

vn -0.839897 -0.428873 0.332628
f 1682/2524/3023 1798/2662/3023 1681/2523/3023

vn -0.846065 -0.453597 0.280044
f 1681/2523/3024 1798/2662/3024 1797/2661/3024

vn -0.846694 -0.451953 0.280798
f 1681/2523/3025 1797/2661/3025 1680/2521/3025

vn -0.817058 -0.387355 0.427051
v 0.502877 1.4523 0.443583
vt 0.46399 0.760021
f 1680/2521/3026 1797/2661/3026 1799/2663/3026

vn -0.49143 -0.513941 0.703108
f 1799/2663/3027 1797/2661/3027 1795/2659/3027

vn -0.489584 -0.511148 0.706425
v 0.550565 1.44865 0.473995
vt 0.472277 0.75984
f 1799/2663/3028 1795/2659/3028 1800/2664/3028

v 0.583627 1.44963 0.488379
vt 0.47777 0.759925
vn -0.331576 -0.505355 0.796664
f 1801/2665/3029 1800/2664/3029 1795/2659/3029

v 0.575182 1.50911 0.500763
vt 0.477181 0.769434
vn -0.381265 -0.240038 0.892759
f 1802/2666/3030 1800/2664/3030 1801/2665/3030

v 0.540805 1.51014 0.489745
vt 0.471612 0.769323
vn -0.30053 -0.281161 0.911389
f 1803/2667/3031 1800/2664/3031 1802/2666/3031

vn -0.530425 -0.288393 0.797169
f 1803/2667/3032 1799/2663/3032 1800/2664/3032

v 0.497844 1.51454 0.465582
vt 0.46442 0.769235
vn -0.488665 -0.325575 0.809449
f 1804/2668/3033 1799/2663/3033 1803/2667/3033

v 0.472269 1.51656 0.439911
vt 0.459481 0.768677
vn -0.689226 -0.290329 0.663835
f 1805/2669/3034 1799/2663/3034 1804/2668/3034

vn -0.822094 -0.366655 0.435574
f 1680/2521/3035 1799/2663/3035 1805/2669/3035

vn -0.840826 -0.348884 0.413874
f 1679/2522/3036 1680/2521/3036 1805/2669/3036

vn -0.738877 -0.497377 0.454617
v 0.451655 1.52525 0.41591
vt 0.455254 0.769044
f 1679/2522/3037 1805/2669/3037 1806/2670/3037

vn -0.777566 -0.243588 0.579703
f 1806/2670/3038 1805/2669/3038 1652/2476/3038

vn -0.696281 -0.183127 0.694015
f 1652/2476/3039 1805/2669/3039 1651/2475/3039

vn -0.703631 -0.182853 0.686635
f 1805/2669/3040 1804/2668/3040 1651/2475/3040

vn -0.625104 -0.118747 0.771456
f 1651/2475/3041 1804/2668/3041 1650/2474/3041

vn -0.496248 -0.136809 0.857334
f 1650/2474/3042 1804/2668/3042 1803/2667/3042

vn -0.430601 -0.0862899 0.898408
f 1650/2474/3043 1803/2667/3043 1649/2473/3043

vn -0.30635 -0.108071 0.945764
f 1649/2473/3044 1803/2667/3044 1802/2666/3044

vn -0.312694 -0.110773 0.943373
v 0.580421 1.56871 0.509498
vt 0.477607 0.779213
f 1649/2473/3045 1802/2666/3045 1807/2671/3045

vt 0.475113 0.568341
vn -0.792685 -0.0196191 0.609316
v 0.608001 1.50342 0.543276
vt 0.485663 0.568388
vt 0.477017 0.580984
f 1802/2672/3046 1808/2673/3046 1807/2674/3046

vt 0.476594 0.555335
vn -0.784832 -0.231173 0.574976
f 1801/2675/3047 1808/2673/3047 1802/2672/3047

vn -0.814651 -0.190055 0.547926
v 0.614483 1.4449 0.532613
vt 0.486896 0.557505
f 1801/2675/3048 1809/2676/3048 1808/2673/3048

vt 0.481896 0.544406
vn -0.741335 -0.483561 0.465394
f 1794/2677/3049 1809/2676/3049 1801/2675/3049

vn -0.690234 -0.527871 0.494903
v 0.634756 1.39297 0.5055
vt 0.489797 0.546188
f 1794/2677/3050 1810/2678/3050 1809/2676/3050

vn -0.635161 -0.651816 0.414374
f 1810/2678/3051 1794/2677/3051 1792/2654/3051

vn -0.476942 -0.807248 0.347672
f 1791/2653/3052 1810/2678/3052 1792/2654/3052

v 0.686413 1.38914 0.517226
vt 0.5 0.546293
vn -0.178021 -0.842103 0.509088
f 1811/2679/3053 1810/2678/3053 1791/2653/3053

vt 0.499162 0.545976
vn -0.225762 -0.518759 0.824573
v 0.686413 1.44296 0.551088
vt 0.499992 0.55797
vt 0.486888 0.557497
vt 0.489789 0.54618
f 1811/2680/3054 1812/2681/3054 1809/2682/3054 1810/2683/3054 

vt 0.500838 0.545976
vn 0.225762 -0.518759 0.824573
v 0.738069 1.39297 0.5055
vt 0.510211 0.54618
v 0.758343 1.4449 0.532613
vt 0.513112 0.557497
vt 0.500008 0.55797
f 1811/2684/3055 1813/2685/3055 1814/2686/3055 1812/2687/3055 

vt 0.510203 0.546188
vn 0.178021 -0.842103 0.509088
v 0.728791 1.37877 0.485252
vt 0.509511 0.540923
f 1813/2688/3056 1811/2679/3056 1815/2689/3056

vn 0.261869 -0.760776 0.593838
f 1815/2689/3057 1811/2679/3057 1789/2651/3057

vn -0.261869 -0.760776 0.593838
f 1811/2679/3058 1791/2653/3058 1789/2651/3058

vn 0.215239 -0.022099 0.976311
f 1815/2689/3059 1789/2651/3059 1787/2649/3059

v 0.757547 1.38878 0.469057
vt 0.516823 0.541277
vn 0.497868 -0.0278594 0.866805
f 1816/2690/3060 1815/2689/3060 1787/2649/3060

vn 0.476942 -0.807248 0.347672
f 1816/2690/3061 1813/2688/3061 1815/2689/3061

v 0.764562 1.4002 0.476259
vt 0.518104 0.544406
vn 0.635161 -0.651816 0.414374
f 1817/2691/3062 1813/2688/3062 1816/2690/3062

vn 0.690234 -0.527871 0.494903
vt 0.513104 0.557505
f 1817/2691/3063 1814/2692/3063 1813/2688/3063

vn 0.741335 -0.483561 0.465394
v 0.789198 1.44963 0.488379
vt 0.523406 0.555335
f 1817/2691/3064 1818/2693/3064 1814/2692/3064

vt 0.52223 0.759925
vn 0.477926 -0.426456 0.767934
vt 0.519742 0.751494
v 0.80733 1.40233 0.450823
vt 0.527469 0.751688
f 1818/2694/3065 1817/2695/3065 1819/2696/3065

vn 0.446252 -0.552288 0.704157
v 0.771542 1.37863 0.45492
vt 0.522346 0.747361
f 1819/2696/3066 1817/2695/3066 1820/2697/3066

vn 0.277501 -0.628843 0.726326
vt 0.519328 0.749147
f 1817/2695/3067 1816/2698/3067 1820/2697/3067

vn 0.609667 -0.219951 0.76153
vt 0.520117 0.53815
f 1816/2690/3068 1787/2649/3068 1820/2699/3068

vn 0.547681 0.0882391 0.832021
f 1820/2699/3069 1787/2649/3069 1785/2647/3069

v 0.788665 1.34217 0.423961
vt 0.524721 0.529015
vn 0.81263 -0.1051 0.573224
f 1821/2700/3070 1820/2699/3070 1785/2647/3070

vn 0.470176 -0.432465 0.769356
vt 0.527174 0.74103
v 0.811093 1.34689 0.412907
vt 0.531141 0.741802
f 1820/2697/3071 1821/2701/3071 1822/2702/3071

vn 0.469023 -0.452468 0.758479
v 0.797644 1.29448 0.38996
vt 0.530851 0.732366
f 1822/2702/3072 1821/2701/3072 1823/2703/3072

vt 0.527464 0.517622
vn 0.888149 -0.143948 0.436429
f 1823/2704/3073 1821/2700/3073 1784/2646/3073

vn 0.808007 -0.058826 0.586229
f 1821/2700/3074 1785/2647/3074 1784/2646/3074

vn 0.88577 -0.263831 0.381843
v 0.759125 1.21118 0.421757
vt 0.512911 0.50728
f 1823/2704/3075 1784/2646/3075 1824/2705/3075

vn 0.235162 -0.484995 0.842306
f 1784/2646/3076 1765/2622/3076 1824/2705/3076

vn 0.223488 -0.6365 0.738187
f 1824/2705/3077 1765/2622/3077 1764/2621/3077

v 0.769513 1.1809 0.353553
vt 0.51945 0.495294
vn 0.721452 -0.585444 0.369814
f 1825/2706/3078 1824/2705/3078 1764/2621/3078

vn 0.869706 -0.388194 0.304821
v 0.790534 1.2357 0.363363
vt 0.525635 0.505142
f 1825/2706/3079 1826/2707/3079 1824/2705/3079

v 0.808628 1.2367 0.345096
vt 0.535114 0.720352
vn 0.669584 -0.371947 0.642894
vt 0.530669 0.721404
vt 0.525981 0.711783
f 1827/2708/3080 1826/2709/3080 1825/2710/3080

vn 0.666281 -0.384489 0.638935
v 0.814397 1.29885 0.376481
vt 0.534502 0.732517
f 1827/2708/3081 1828/2711/3081 1826/2709/3081

v 0.844641 1.31428 0.335236
vt 0.543745 0.733024
vn 0.817319 -0.318373 0.480238
f 1829/2712/3082 1828/2711/3082 1827/2708/3082

vn 0.789039 -0.460904 0.406184
v 0.854361 1.36366 0.372394
vt 0.541042 0.743357
f 1829/2712/3083 1830/2713/3083 1828/2711/3083

vn 0.842261 -0.420013 0.337914
f 1538/2312/3084 1830/2713/3084 1829/2712/3084

vn 0.839897 -0.428873 0.332628
f 1538/2312/3085 1539/2313/3085 1830/2713/3085

vn 0.846065 -0.453597 0.280043
v 0.863308 1.4065 0.414751
vt 0.537607 0.752253
f 1539/2313/3086 1831/2714/3086 1830/2713/3086

vn 0.846694 -0.451953 0.280797
v 0.900124 1.46426 0.396701
vt 0.543991 0.760333
f 1539/2313/3087 1832/2715/3087 1831/2714/3087

vn 0.925958 -0.334111 0.175988
f 1540/2314/3088 1832/2715/3088 1539/2313/3088

vn 0.839445 -0.529776 0.121118
vt 0.547314 0.763447
f 1540/2314/3089 1546/2716/3089 1832/2715/3089

vn 0.840828 -0.34888 0.413874
v 0.900557 1.51656 0.43991
vt 0.540519 0.768677
f 1546/2716/3090 1833/2717/3090 1832/2715/3090

vn 0.738872 -0.497383 0.454619
v 0.921171 1.52525 0.41591
vt 0.544746 0.769044
f 1546/2716/3091 1834/2718/3091 1833/2717/3091

vt 0.725182 0.807987
vn 0.0863097 -0.687461 0.721074
f 1834/2719/3092 1546/2323/3092 1547/2324/3092

vn 0.0575143 -0.734569 0.676092
v 1.00297 1.53214 0.416435
vt 0.739893 0.807916
f 1547/2324/3093 1835/2720/3093 1834/2719/3093

vn 0.0765678 -0.730887 0.67819
f 1550/2335/3094 1835/2720/3094 1547/2324/3094

vn 0.0529074 -0.272272 0.960765
f 1555/2336/3095 1835/2720/3095 1550/2335/3095

vn 0.0556461 -0.273819 0.96017
v 0.98969 1.57419 0.429199
vt 0.738033 0.816059
f 1555/2336/3096 1836/2721/3096 1835/2720/3096

vn 0.0196461 0.2778 0.960438
vt 0.914311 0.736422
f 1557/2340/3097 1836/2722/3097 1555/2338/3097

vn 0.0250905 0.274134 0.961364
v 0.976235 1.6168 0.4174
vt 0.916505 0.728406
f 1557/2340/3098 1837/2723/3098 1836/2722/3098

vn -0.00884374 0.733344 0.6798
v 1.01601 1.65019 0.381901
vt 0.909268 0.719617
f 1557/2340/3099 1838/2724/3099 1837/2723/3099

vt 0.893135 0.719375
vn -0.000741471 0.73412 0.679019
f 1559/2725/3100 1838/2724/3100 1557/2340/3100

v 1.10344 1.66225 0.336941
vt 0.893249 0.710823
vn -0.00931579 0.970205 0.242105
f 1839/2726/3101 1838/2724/3101 1559/2725/3101

vn -0.00828206 0.969742 0.243992
v 1.01369 1.66178 0.335777
vt 0.909815 0.710823
f 1839/2726/3102 1840/2727/3102 1838/2724/3102

vn -0.00199746 0.970523 -0.241
f 1839/2726/3103 1618/2429/3103 1840/2727/3103

v 1.10344 1.65131 0.292231
vt 0.893284 0.702086
vn -0.00390197 0.971328 -0.237711
f 1841/2728/3104 1618/2429/3104 1839/2726/3104

vn 0.0139202 0.737255 -0.675472
f 1841/2728/3105 1610/2416/3105 1618/2429/3105

vn 0.0122229 0.739172 -0.673406
f 1609/2413/3106 1610/2416/3106 1841/2728/3106

vt 0.877254 0.693531
vn 0.00134667 0.739226 -0.673456
f 1608/2729/3107 1609/2413/3107 1841/2728/3107

vn 0.00330182 0.741777 -0.670638
v 1.18687 1.65158 0.292945
vt 0.877108 0.702015
f 1608/2729/3108 1841/2728/3108 1842/2730/3108

vn -0.00116327 0.971335 -0.237713
f 1842/2730/3109 1841/2728/3109 1839/2726/3109

vn -0.00028113 0.971721 -0.236134
v 1.18687 1.66228 0.336969
vt 0.877019 0.710823
f 1842/2730/3110 1839/2726/3110 1843/2731/3110

vn -0.000441832 0.970624 0.240599
v 1.18687 1.65158 0.380127
vt 0.877088 0.71943
f 1843/2731/3111 1839/2726/3111 1844/2732/3111

vn -0.00127521 0.970247 0.242116
f 1844/2732/3112 1839/2726/3112 1559/2725/3112

vn 0.00296742 0.734253 0.678869
vt 0.877246 0.727765
f 1844/2732/3113 1559/2725/3113 1558/2733/3113

v 1.28048 1.62337 0.411402
vt 0.858865 0.728044
vn -0.0055212 0.734245 0.678862
f 1845/2734/3114 1844/2732/3114 1558/2733/3114

v 1.28049 1.65207 0.379957
vt 0.858642 0.719607
vn -0.00261001 0.738631 0.674104
f 1846/2735/3115 1844/2732/3115 1845/2734/3115

vn -0.00459917 0.970614 0.240597
f 1846/2735/3116 1843/2731/3116 1844/2732/3116

vn -0.00309606 0.971381 0.237506
v 1.28049 1.66257 0.337005
vt 0.858531 0.710823
f 1846/2735/3117 1847/2736/3117 1843/2731/3117

v 1.36705 1.65293 0.380932
vt 0.841321 0.719988
vn -0.0123262 0.971312 0.237489
f 1848/2737/3118 1847/2736/3118 1846/2735/3118

v 1.36953 1.66342 0.337057
vt 0.840778 0.710823
vn -0.00937575 0.972677 0.231974
f 1849/2738/3119 1847/2736/3119 1848/2737/3119

vn -0.00909472 0.971974 -0.234912
v 1.28049 1.65207 0.293551
vt 0.858645 0.701952
f 1849/2738/3120 1850/2739/3120 1847/2736/3120

v 1.37199 1.65298 0.293539
vt 0.840352 0.701719
vn -0.00969367 0.972247 -0.233758
f 1851/2740/3121 1850/2739/3121 1849/2738/3121

vn -0.00748061 0.743504 -0.668689
f 1851/2740/3122 1607/2403/3122 1850/2739/3122

vn -0.00869354 0.7452 -0.666784
f 1606/2402/3123 1607/2403/3123 1851/2740/3123

vn -0.0787627 0.740938 -0.666939
f 1605/2401/3124 1606/2402/3124 1851/2740/3124

vt 0.840434 0.702182
vn -0.0588639 0.971451 -0.229821
v 1.42279 1.66634 0.337113
vt 0.830129 0.711313
v 1.4734 1.66945 0.337169
vt 0.819894 0.711457
vt 0.829079 0.701521
f 1851/2741/3125 1852/2742/3125 1853/2743/3125 1605/2744/3125 

vt 0.830023 0.710823
vn -0.053041 0.970363 -0.235759
f 1852/2745/3126 1851/2740/3126 1849/2738/3126

vn -0.0537124 0.973917 0.220454
v 1.41744 1.65538 0.384223
vt 0.831108 0.720552
f 1852/2745/3127 1849/2738/3127 1854/2746/3127

vn -0.062236 0.971505 0.228702
f 1854/2746/3128 1849/2738/3128 1848/2737/3128

vn -0.0792767 0.754436 0.651569
v 1.41359 1.62563 0.418205
vt 0.832163 0.729607
f 1854/2746/3129 1848/2737/3129 1855/2747/3129

vn -0.0911255 0.745729 0.659988
v 1.36523 1.62431 0.413018
vt 0.841936 0.72869
f 1855/2747/3130 1848/2737/3130 1856/2748/3130

vn -0.0149106 0.746613 0.665091
f 1848/2737/3131 1846/2735/3131 1856/2748/3131

vn -0.0210361 0.738471 0.673957
f 1856/2748/3132 1846/2735/3132 1845/2734/3132

vn -0.0214476 0.287965 0.957401
v 1.36457 1.58524 0.424755
vt 0.842591 0.736816
f 1856/2748/3133 1845/2734/3133 1857/2749/3133

vn -0.0245868 0.281672 0.959196
v 1.28048 1.58417 0.422913
vt 0.85918 0.736097
f 1845/2734/3134 1858/2750/3134 1857/2749/3134

vn 0.000631302 0.281757 0.959486
f 1845/2734/3135 1558/2733/3135 1858/2750/3135

vn -0.000394688 0.279438 0.960164
vt 0.877501 0.735814
f 1558/2733/3136 1560/2751/3136 1858/2750/3136

vt 0.793164 0.816054
vn 0.0107898 -0.281746 0.959428
f 1858/2752/3137 1560/2349/3137 1561/2350/3137

vn -0.0142701 -0.281733 0.959387
v 1.36523 1.54618 0.413018
vt 0.81035 0.808717
f 1858/2752/3138 1561/2350/3138 1859/2753/3138

vn -0.00230507 -0.738632 0.674105
f 1859/2753/3139 1561/2350/3139 1562/2351/3139

v 1.36705 1.51761 0.380932
vt 0.810955 0.799868
vn 0.00404333 -0.746709 0.665139
f 1860/2754/3140 1859/2753/3140 1562/2351/3140

v 1.41359 1.54447 0.418206
vt 0.820247 0.809624
vn -0.0970834 -0.746025 0.658804
f 1861/2755/3141 1859/2753/3141 1860/2754/3141

v 1.41219 1.58497 0.430541
vt 0.81914 0.818042
vn -0.11224 -0.293062 0.949483
f 1862/2756/3142 1859/2753/3142 1861/2755/3142

vt 0.809753 0.816893
vn -0.117112 -0.287645 0.95055
f 1857/2757/3143 1859/2753/3143 1862/2756/3143

vn -0.0173156 -0.288027 0.957466
f 1857/2757/3144 1858/2752/3144 1859/2753/3144

vn -0.113897 0.287599 0.950954
vt 0.833204 0.738037
f 1856/2748/3145 1857/2749/3145 1862/2758/3145

vn -0.10988 0.292006 0.950084
f 1855/2747/3146 1856/2748/3146 1862/2758/3146

v 1.47845 1.6277 0.42683
vt 0.819145 0.731045
vn -0.135235 0.291895 0.946842
f 1863/2759/3147 1855/2747/3147 1862/2758/3147

vn -0.108563 0.767321 0.632007
v 1.47631 1.65875 0.388766
vt 0.819304 0.721279
f 1863/2759/3148 1864/2760/3148 1855/2747/3148

v 1.53635 1.66219 0.3934
vt 0.807421 0.721982
vn -0.0928155 0.768992 0.632484
f 1865/2761/3149 1864/2760/3149 1863/2759/3149

vn -0.0710241 0.978218 0.195051
v 1.53458 1.6732 0.337522
vt 0.807812 0.710823
f 1865/2761/3150 1866/2762/3150 1864/2760/3150

v 1.60084 1.67726 0.337448
vt 0.794905 0.710823
vn -0.0598413 0.979006 0.194851
f 1867/2763/3151 1866/2762/3151 1865/2761/3151

vn -0.0602751 0.979036 -0.194565
f 1867/2763/3152 1603/2399/3152 1866/2762/3152

vn -0.0702169 0.980624 -0.18288
f 1867/2763/3153 1602/2398/3153 1603/2399/3153

v 1.67083 1.68156 0.337371
vt 0.781515 0.710823
vn -0.0603894 0.981257 -0.182999
f 1868/2764/3154 1602/2398/3154 1867/2763/3154

vn -0.0695507 0.982497 -0.172805
f 1868/2764/3155 1601/2397/3155 1602/2398/3155

v 1.75316 1.68661 0.337279
vt 0.76614 0.710823
vn -0.0604943 0.983078 -0.172909
f 1869/2765/3156 1601/2397/3156 1868/2764/3156

vn -0.0688736 0.984253 -0.162797
f 1869/2765/3157 1600/2396/3157 1601/2397/3157

v 1.83993 1.69193 0.337183
vt 0.750477 0.710823
vn -0.0605911 0.984782 -0.16289
f 1870/2766/3158 1600/2396/3158 1869/2765/3158

vn -0.0682802 0.985722 -0.153914
f 1870/2766/3159 1599/2395/3159 1600/2396/3159

v 1.91411 1.69585 0.33723
vt 0.737609 0.710823
vn -0.0521169 0.986682 -0.154083
f 1871/2767/3160 1599/2395/3160 1870/2766/3160

vn -0.0403817 0.985495 -0.164829
f 1598/2394/3161 1599/2395/3161 1871/2767/3161

v 1.98493 1.70027 0.337123
vt 0.725812 0.710823
vn -0.0616287 0.984422 -0.164664
f 1872/2768/3162 1598/2394/3162 1871/2767/3162

vn -0.0365741 0.982121 -0.184665
f 1872/2768/3163 1597/2393/3163 1598/2394/3163

vt 0.725443 0.695396
vn 0.00444489 0.982751 -0.184883
vt 0.725911 0.710475
v 2.06756 1.69927 0.333787
vt 0.712672 0.710804
v 2.06567 1.68068 0.234952
vt 0.712455 0.694871
f 1597/2769/3164 1872/2770/3164 1873/2771/3164 1874/2772/3164 

vt 0.712674 0.710823
vn 0.0196718 0.980855 0.193745
v 1.98513 1.683 0.424523
vt 0.725818 0.725563
f 1873/2773/3165 1872/2768/3165 1875/2774/3165

vn -0.0313751 0.980539 0.1938
v 1.91417 1.68138 0.421263
vt 0.737691 0.72535
f 1875/2774/3166 1872/2768/3166 1876/2775/3166

vn -0.0610777 0.983633 0.169514
f 1872/2768/3167 1871/2767/3167 1876/2775/3167

vn -0.034352 0.984895 0.169712
v 1.83984 1.67955 0.416824
vt 0.750539 0.724904
f 1876/2775/3168 1871/2767/3168 1877/2776/3168

vn -0.0523147 0.986788 0.153341
f 1871/2767/3169 1870/2766/3169 1877/2776/3169

vn -0.0682292 0.985841 0.153175
v 1.75312 1.67459 0.410131
vt 0.766123 0.724206
f 1870/2766/3170 1878/2777/3170 1877/2776/3170

vn -0.0602362 0.984875 0.162458
f 1870/2766/3171 1869/2765/3171 1878/2777/3171

vn -0.0688448 0.984327 0.162362
v 1.67081 1.66988 0.403778
vt 0.78146 0.723438
f 1869/2765/3172 1879/2778/3172 1878/2777/3172

vn -0.0601126 0.983109 0.17287
f 1869/2765/3173 1868/2764/3173 1879/2778/3173

vn -0.0695476 0.982505 0.172762
v 1.60084 1.66587 0.398377
vt 0.794846 0.722709
f 1868/2764/3174 1880/2779/3174 1879/2778/3174

vn -0.0599799 0.981206 0.183404
f 1868/2764/3175 1867/2763/3175 1880/2779/3175

vn -0.0702398 0.980548 0.18328
f 1867/2763/3176 1865/2761/3176 1880/2779/3176

vn -0.0923795 0.780253 0.618604
v 1.53766 1.62959 0.434704
vt 0.807395 0.732291
f 1880/2779/3177 1865/2761/3177 1881/2780/3177

vn -0.107073 0.77887 0.617978
f 1881/2780/3178 1865/2761/3178 1863/2759/3178

vn -0.135148 0.301239 0.943923
v 1.47924 1.58419 0.440829
vt 0.819819 0.740111
f 1881/2780/3179 1863/2759/3179 1882/2781/3179

vn -0.141237 0.300879 0.943146
f 1863/2759/3180 1862/2758/3180 1882/2781/3180

vn -0.147934 -0.303969 0.941126
v 1.47845 1.54123 0.426831
vt 0.833363 0.811108
vt 0.832525 0.820084
f 1862/2756/3181 1883/2782/3181 1882/2783/3181

vn -0.140372 -0.292906 0.945781
f 1862/2756/3182 1861/2755/3182 1883/2782/3182

vn -0.123107 -0.756685 0.642084
v 1.47631 1.50929 0.388773
vt 0.833396 0.801141
f 1883/2782/3183 1861/2755/3183 1884/2784/3183

vn -0.113691 -0.748906 0.65285
v 1.41744 1.51426 0.384225
vt 0.821405 0.800411
f 1884/2784/3184 1861/2755/3184 1885/2785/3184

vn -0.0926275 -0.749365 0.655647
f 1885/2785/3185 1861/2755/3185 1860/2754/3185

vn -0.0792803 -0.970836 0.226257
v 1.36953 1.50718 0.337057
vt 0.811529 0.790479
f 1885/2785/3186 1860/2754/3186 1886/2786/3186

vn 0.0153052 -0.972589 0.232027
f 1886/2786/3187 1860/2754/3187 1563/2352/3187

vn 0.0123298 -0.971299 0.237543
f 1860/2754/3188 1562/2351/3188 1563/2352/3188

vn 0.0155685 -0.971887 -0.234931
v 1.28048 1.51627 0.293551
vt 0.793248 0.781435
f 1886/2786/3189 1563/2352/3189 1887/2787/3189

vn 0.0374564 -0.971323 -0.234795
v 1.18687 1.51283 0.292844
vt 0.774566 0.781482
f 1563/2352/3190 1888/2788/3190 1887/2787/3190

vn 0.0384542 -0.970791 -0.236825
f 1563/2352/3191 1564/2353/3191 1888/2788/3191

vn 0.0500313 -0.970293 -0.236703
f 1564/2353/3192 1568/2361/3192 1888/2788/3192

vn 0.0515594 -0.969545 -0.239425
f 1564/2353/3193 1565/2354/3193 1568/2361/3193

vn 0.0431466 -0.735028 -0.676663
f 1888/2788/3194 1568/2361/3194 1569/2363/3194

vn 0.0397044 -0.739689 -0.671777
f 1888/2788/3195 1569/2363/3195 1573/2367/3195

vn 0.0322583 -0.739887 -0.671957
f 1887/2787/3196 1888/2788/3196 1573/2367/3196

vn 0.0301086 -0.743158 -0.668438
f 1887/2787/3197 1573/2367/3197 1575/2369/3197

v 1.37199 1.51768 0.293539
vt 0.811967 0.781125
vn 0.0113956 -0.743447 -0.668698
f 1889/2789/3198 1887/2787/3198 1575/2369/3198

vn 0.0149899 -0.972168 -0.233805
f 1889/2789/3199 1886/2786/3199 1887/2787/3199

v 1.42279 1.50221 0.337113
vt 0.822618 0.790479
vn -0.0899491 -0.96697 -0.238491
f 1890/2790/3200 1886/2786/3200 1889/2789/3200

vn -0.0904747 -0.967265 0.237092
f 1890/2790/3201 1885/2785/3201 1886/2786/3201

vn -0.0998697 -0.96664 0.235867
f 1884/2784/3202 1885/2785/3202 1890/2790/3202

vn -0.105176 -0.964782 0.24111
v 1.4734 1.49671 0.337169
vt 0.832958 0.790479
f 1884/2784/3203 1890/2790/3203 1891/2791/3203

vn -0.104979 -0.967777 -0.228882
v 1.42817 1.51286 0.289641
vt 0.823596 0.780583
f 1891/2791/3204 1890/2790/3204 1892/2792/3204

vn -0.0990934 -0.968516 -0.22838
f 1892/2792/3205 1890/2790/3205 1889/2789/3205

vn -0.109627 -0.73737 -0.666534
f 1892/2792/3206 1889/2789/3206 1577/2371/3206

vn 0.0101986 -0.7452 -0.666763
f 1577/2371/3207 1889/2789/3207 1575/2369/3207

vn -0.126312 -0.750003 -0.649262
f 1579/2373/3208 1892/2792/3208 1577/2371/3208

v 1.47055 1.50887 0.286466
vt 0.832196 0.78009
vn -0.119264 -0.751067 -0.649364
f 1893/2793/3209 1892/2792/3209 1579/2373/3209

vn -0.107972 -0.968092 -0.226141
f 1891/2791/3210 1892/2792/3210 1893/2793/3210

v 1.5328 1.50452 0.281622
vt 0.844624 0.779158
vn -0.0855684 -0.969931 -0.227842
f 1894/2794/3211 1891/2791/3211 1893/2793/3211

v 1.53458 1.49006 0.337521
vt 0.845234 0.790479
vn -0.103386 -0.963735 -0.246023
f 1895/2795/3212 1891/2791/3212 1894/2794/3212

vn -0.10629 -0.964652 0.241141
f 1895/2795/3213 1884/2784/3213 1891/2791/3213

v 1.53635 1.50422 0.393411
vt 0.845412 0.801907
vn -0.100503 -0.963697 0.247362
f 1896/2796/3214 1884/2784/3214 1895/2795/3214

vn -0.113641 -0.757814 0.642498
f 1896/2796/3215 1883/2782/3215 1884/2784/3215

v 1.53766 1.53828 0.434706
vt 0.845176 0.812494
vn -0.122374 -0.763691 0.633877
f 1897/2797/3216 1883/2782/3216 1896/2796/3216

vn -0.140472 -0.304429 0.94212
f 1882/2783/3217 1883/2782/3217 1897/2797/3217

vn -0.147596 -0.312976 0.938222
v 1.53814 1.58351 0.449868
vt 0.844243 0.821867
f 1882/2783/3218 1897/2797/3218 1898/2798/3218

vn -0.140518 -0.313372 0.939177
v 1.60084 1.53513 0.443108
vt 0.857595 0.813939
f 1898/2798/3219 1897/2797/3219 1899/2799/3219

vn -0.121671 -0.770079 0.626238
v 1.60084 1.49877 0.398393
vt 0.85812 0.802741
f 1899/2799/3220 1897/2797/3220 1900/2800/3220

vn -0.113588 -0.764634 0.634376
f 1900/2800/3221 1897/2797/3221 1896/2796/3221

vn -0.100729 -0.962615 0.251449
v 1.60084 1.48285 0.337448
vt 0.858316 0.790479
f 1900/2800/3222 1896/2796/3222 1901/2801/3222

vn -0.104478 -0.963269 0.247379
f 1901/2801/3223 1896/2796/3223 1895/2795/3223

vn -0.10506 -0.963577 -0.245929
f 1901/2801/3224 1895/2795/3224 1894/2794/3224

v 1.60084 1.49877 0.276366
vt 0.858056 0.778262
vn -0.1007 -0.962755 -0.250923
f 1902/2802/3225 1901/2801/3225 1894/2794/3225

v 1.67079 1.47524 0.33737
vt 0.87192 0.790479
vn -0.104926 -0.962332 -0.250813
f 1903/2803/3226 1901/2801/3226 1902/2802/3226

vn -0.104359 -0.962253 0.251355
f 1903/2803/3227 1900/2800/3227 1901/2801/3227

v 1.67081 1.49286 0.403799
vt 0.871671 0.803626
vn -0.100923 -0.961644 0.255059
f 1904/2804/3228 1900/2800/3228 1903/2803/3228

vn -0.113527 -0.770827 0.626847
f 1904/2804/3229 1899/2799/3229 1900/2800/3229

v 1.67082 1.53164 0.452413
vt 0.871123 0.815485
vn -0.12101 -0.775969 0.619055
f 1905/2805/3230 1899/2799/3230 1904/2804/3230

v 1.60083 1.58278 0.459488
vt 0.856556 0.823676
vn -0.140558 -0.321885 0.936287
f 1906/2806/3231 1899/2799/3231 1905/2805/3231

vn -0.147254 -0.32157 0.935366
f 1898/2798/3232 1899/2799/3232 1906/2806/3232

v 1.60083 1.63161 0.443104
vt 0.795035 0.733536
vn -0.140391 0.314937 0.938672
vt 0.808101 0.741798
vt 0.795788 0.743454
f 1907/2807/3233 1898/2808/3233 1906/2809/3233

vn -0.135068 0.308414 0.941614
f 1907/2807/3234 1881/2780/3234 1898/2808/3234

vn -0.105639 0.789419 0.604696
f 1880/2779/3235 1881/2780/3235 1907/2807/3235

vn -0.0919626 0.790496 0.605523
f 1879/2778/3236 1880/2779/3236 1907/2807/3236

vn -0.104269 0.799139 0.592035
v 1.67078 1.63385 0.452406
vt 0.781597 0.734796
f 1879/2778/3237 1907/2807/3237 1908/2810/3237

vn -0.13499 0.315176 0.939384
f 1908/2810/3238 1907/2807/3238 1906/2809/3238

vn -0.139974 0.3216 0.936473
v 1.67078 1.58197 0.470221
vt 0.782283 0.745125
f 1908/2810/3239 1906/2809/3239 1909/2811/3239

vn -0.146908 -0.330046 0.932463
vt 0.870061 0.825586
f 1906/2806/3240 1905/2805/3240 1909/2812/3240

vn -0.140591 -0.330348 0.93333
v 1.75314 1.52754 0.463361
vt 0.886691 0.817307
f 1909/2812/3241 1905/2805/3241 1910/2813/3241

vn -0.12034 -0.781814 0.611789
v 1.75313 1.48591 0.410157
vt 0.887322 0.804679
f 1910/2813/3242 1905/2805/3242 1911/2814/3242

vn -0.113464 -0.776665 0.61961
f 1911/2814/3243 1905/2805/3243 1904/2804/3243

vn -0.101116 -0.960678 0.258597
v 1.75308 1.4663 0.337278
vt 0.887645 0.790479
f 1911/2814/3244 1904/2804/3244 1912/2815/3244

vn -0.104253 -0.961312 0.254972
f 1912/2815/3245 1904/2804/3245 1903/2803/3245

vn -0.104812 -0.961237 -0.255024
v 1.67081 1.49286 0.27096
vt 0.871642 0.777371
f 1912/2815/3246 1903/2803/3246 1913/2816/3246

vn -0.100927 -0.961626 -0.255126
f 1913/2816/3247 1903/2803/3247 1902/2802/3247

vn -0.113529 -0.770827 -0.626846
v 1.60084 1.53513 0.231651
vt 0.857426 0.767094
f 1913/2816/3248 1902/2802/3248 1914/2817/3248

vn -0.121599 -0.770086 -0.626244
v 1.53151 1.53858 0.240874
vt 0.843786 0.768739
f 1914/2817/3249 1902/2802/3249 1915/2818/3249

vn -0.113594 -0.764036 -0.635095
f 1902/2802/3250 1894/2794/3250 1915/2818/3250

vn -0.110713 -0.764241 -0.635357
v 1.46848 1.5405 0.249543
vt 0.831272 0.770473
f 1894/2794/3251 1916/2819/3251 1915/2818/3251

vn -0.103134 -0.758215 -0.643796
f 1894/2794/3252 1893/2793/3252 1916/2819/3252

vn -0.131294 -0.756469 -0.640716
f 1893/2793/3253 1579/2373/3253 1916/2819/3253

vn -0.141818 -0.295212 -0.944848
f 1580/2374/3254 1916/2819/3254 1579/2373/3254

vn -0.149774 -0.301006 -0.941787
vt 0.830045 0.76174
f 1580/2374/3255 1583/2820/3255 1916/2819/3255

vn -0.138948 -0.301308 -0.943349
f 1583/2820/3256 1915/2818/3256 1916/2819/3256

vt 0.842566 0.759485
vn -0.146834 -0.312117 -0.938628
f 1585/2821/3257 1915/2818/3257 1583/2820/3257

vn -0.140503 -0.312346 -0.93952
f 1585/2821/3258 1914/2817/3258 1915/2818/3258

vn -0.147242 -0.321571 -0.935367
vt 0.856255 0.757361
f 1585/2821/3259 1587/2822/3259 1914/2817/3259

vn -0.14056 -0.321886 -0.936286
v 1.67082 1.53164 0.222345
vt 0.871019 0.765487
f 1587/2822/3260 1917/2823/3260 1914/2817/3260

vn -0.146909 -0.330046 -0.932463
vt 0.869814 0.755316
f 1587/2822/3261 1589/2824/3261 1917/2823/3261

vn -0.14059 -0.330348 -0.93333
v 1.75314 1.52754 0.211398
vt 0.886758 0.763677
f 1589/2824/3262 1918/2825/3262 1917/2823/3262

vn -0.146537 -0.338846 -0.92936
vt 0.885484 0.753002
f 1589/2824/3263 1591/2826/3263 1918/2825/3263

vn -0.140606 -0.339131 -0.930172
v 1.83988 1.52321 0.199863
vt 0.903145 0.761895
f 1591/2826/3264 1919/2827/3264 1918/2825/3264

vt 0.88549 0.752915
vn -0.14577 -0.34641 -0.926688
vt 0.915697 0.748872
vt 0.903153 0.761805
f 1591/2828/3265 1595/2829/3265 1919/2830/3265

vn -0.143934 -0.392646 -0.908357
vt 0.901721 0.750599
f 1595/2829/3266 1591/2828/3266 1593/2831/3266

v 1.98466 1.56922 0.156349
vt 0.928739 0.748153
vn -0.187687 -0.295349 -0.936772
vt 0.903165 0.761868
vt 0.915451 0.748983
f 1920/2832/3267 1919/2833/3267 1595/2834/3267

vn -0.188399 -0.293517 -0.937205
v 1.91435 1.51522 0.187398
vt 0.917169 0.760781
f 1919/2833/3268 1920/2832/3268 1921/2835/3268

vt 0.928193 0.748459
vn -0.218346 -0.256956 -0.941434
v 1.98433 1.50076 0.175112
vt 0.930082 0.760754
vt 0.917149 0.760809
f 1920/2836/3269 1922/2837/3269 1921/2838/3269

v 2.05854 1.47827 0.163425
vt 0.943346 0.761972
vn -0.225211 -0.25606 -0.94006
vt 0.930136 0.76082
vt 0.928438 0.74892
v 2.06167 1.55035 0.143074
vt 0.942031 0.749343
f 1923/2839/3270 1922/2840/3270 1920/2841/3270 1924/2842/3270 

vt 0.943292 0.761908
vn -0.320988 -0.779955 -0.537249
v 1.98468 1.45371 0.243211
vt 0.930485 0.774967
f 1923/2843/3271 1925/2844/3271 1922/2837/3271

vn -0.259967 -0.828641 -0.495754
v 2.0573 1.43611 0.234543
vt 0.943099 0.775445
f 1923/2843/3272 1926/2845/3272 1925/2844/3272

v 2.1341 1.43357 0.224574
vt 0.955711 0.775056
vn -0.094417 -0.855641 -0.508885
f 1927/2846/3273 1926/2845/3273 1923/2843/3273

v 2.14521 1.41669 0.31539
vt 0.956753 0.790479
vn -0.0554043 -0.982857 -0.17585
f 1928/2847/3274 1926/2845/3274 1927/2846/3274

vn -0.0383421 -0.980294 -0.193787
v 2.06008 1.4179 0.326143
vt 0.94312 0.790479
f 1928/2847/3275 1929/2848/3275 1926/2845/3275

v 2.1567 1.42465 0.396852
vt 0.958154 0.8033
vn -0.00176172 -0.995235 0.0974888
f 1930/2849/3276 1929/2848/3276 1928/2847/3276

vn -0.0420216 -0.987523 0.151763
v 2.06192 1.43135 0.414167
vt 0.943083 0.804967
f 1930/2849/3277 1931/2850/3277 1929/2848/3277

vn -0.0329451 -0.979573 0.198373
v 2.08964 1.43774 0.450361
vt 0.947545 0.811006
f 1930/2849/3278 1932/2851/3278 1931/2850/3278

v 2.15994 1.43084 0.428497
vt 0.958474 0.808293
vn -0.0354862 -0.980098 0.195317
f 1933/2852/3279 1932/2851/3279 1930/2849/3279

vn -0.122832 -0.988974 -0.082724
v 2.11037 1.43265 0.480435
vt 0.950989 0.815288
f 1933/2852/3280 1934/2853/3280 1932/2851/3280

v 2.16243 1.43436 0.457955
vt 0.958513 0.812815
vn 0.0806251 -0.990487 0.11151
f 1935/2854/3281 1934/2853/3281 1933/2852/3281

v 2.1642 1.43794 0.482093
vt 0.958323 0.816342
vn 0.0925269 -0.985901 0.13942
f 1936/2855/3282 1934/2853/3282 1935/2854/3282

vn 0.0987169 -0.994533 -0.0340363
v 2.12443 1.4333 0.502196
vt 0.952911 0.818127
f 1936/2855/3283 1937/2856/3283 1934/2853/3283

vt 0.856162 0.025718
vn -0.0530089 -0.944986 -0.322786
v 2.14479 1.42274 0.529784
vt 0.845657 0.025153
vt 0.849964 0.019556
f 1936/2857/3284 1938/2858/3284 1937/2859/3284

v 2.17847 1.42922 0.50995
vt 0.851604 0.0301
vn 0.00598566 -0.953456 -0.301473
f 1939/2860/3285 1938/2858/3285 1936/2857/3285

v 2.20666 1.40019 0.556958
vt 0.843407 0.038788
vn -0.11056 -0.873909 -0.47335
f 1940/2861/3286 1938/2858/3286 1939/2860/3286

vn -0.0980226 -0.864071 -0.493733
v 2.18102 1.39419 0.572549
vt 0.839057 0.035075
f 1940/2861/3287 1941/2862/3287 1938/2858/3287

v 2.22416 1.35853 0.606855
vt 0.832657 0.04511
vn -0.177092 -0.785156 -0.593438
f 1942/2863/3288 1941/2862/3288 1940/2861/3288

vn -0.64079 -0.767676 0.00782533
v 2.2186 1.36331 0.620904
vt 0.830541 0.043454
f 1942/2863/3289 1943/2864/3289 1941/2862/3289

v 2.26473 1.32378 0.626113
vt 0.825765 0.053244
vn -0.650788 -0.759259 0.0010059
f 1944/2865/3290 1943/2864/3290 1942/2863/3290

v 2.22397 1.37378 0.631563
vt 0.828257 0.04242
vn -0.494945 -0.482297 0.722785
f 1945/2866/3291 1943/2864/3291 1944/2865/3291

v 2.16882 1.40471 0.595309
vt 0.83485 0.032638
vn -0.644706 -0.357457 0.675706
f 1946/2867/3292 1943/2864/3292 1945/2866/3292

vn -0.642408 -0.766298 0.00996342
f 1943/2864/3293 1946/2867/3293 1941/2862/3293

vn -0.644297 -0.764731 0.00822686
v 2.12759 1.43905 0.558595
vt 0.839351 0.021788
f 1941/2862/3294 1946/2867/3294 1947/2868/3294

vn -0.743126 -0.214525 0.633832
v 2.13681 1.46888 0.579493
vt 0.832756 0.019718
f 1947/2868/3295 1946/2867/3295 1948/2869/3295

vn -0.739702 -0.211591 0.638803
v 2.17703 1.42594 0.611847
vt 0.83053 0.031197
f 1948/2869/3296 1946/2867/3296 1949/2870/3296

vn -0.636737 -0.305356 0.708042
f 1949/2870/3297 1946/2867/3297 1945/2866/3297

vn -0.209997 0.174631 0.96198
v 2.23723 1.38362 0.63267
vt 0.825765 0.042083
f 1949/2870/3298 1945/2866/3298 1950/2871/3298

vn -0.00157004 -0.109626 0.993972
f 1950/2871/3299 1945/2866/3299 1944/2865/3299

v 2.25071 1.38693 0.623656
vt 0.823262 0.042466
vn 0.524118 0.148992 0.838511
f 1951/2872/3300 1950/2871/3300 1944/2865/3300

v 2.227 1.45051 0.597072
vt 0.820886 0.031303
vn 0.404716 0.477103 0.780114
f 1952/2873/3301 1950/2871/3301 1951/2872/3301

vn 0.373099 0.479731 0.794138
v 2.20106 1.44504 0.612561
vt 0.825765 0.030667
f 1952/2873/3302 1953/2874/3302 1950/2871/3302

v 2.1672 1.49442 0.580279
vt 0.825765 0.019062
vn 0.282131 0.652929 0.702912
f 1954/2875/3303 1953/2874/3303 1952/2873/3303

vn -0.312572 0.360301 0.87891
f 1954/2875/3304 1949/2870/3304 1953/2874/3304

vn -0.323127 0.357544 0.876214
f 1954/2875/3305 1948/2869/3305 1949/2870/3305

v 2.1393 1.5275 0.553089
vt 0.825765 0.009256
vn -0.355033 0.396418 0.846643
f 1955/2876/3306 1948/2869/3306 1954/2875/3306

vn -0.39017 0.391856 0.833196
v 2.10682 1.49663 0.552397
vt 0.834856 0.010593
f 1955/2876/3307 1956/2877/3307 1948/2869/3307

vt 0.696806 0.758569
vn -0.184911 0.172887 0.967429
v 2.08724 1.51817 0.544806
vt 0.706212 0.760736
vt 0.702264 0.764521
f 1955/2878/3308 1957/2879/3308 1956/2880/3308

v 2.12194 1.55446 0.545972
vt 0.700471 0.754094
vn -0.180155 0.14097 0.973484
f 1958/2881/3309 1957/2879/3309 1955/2878/3309

vn -0.381787 0.337393 0.860468
v 2.06299 1.54216 0.524637
vt 0.711429 0.755952
f 1958/2881/3310 1959/2882/3310 1957/2879/3310

v 2.09996 1.58048 0.528874
vt 0.704937 0.749257
vn -0.376565 0.265275 0.887597
f 1960/2883/3311 1959/2882/3311 1958/2881/3311

vn -0.186958 0.0720881 0.979719
v 2.02445 1.56397 0.515678
vt 0.718256 0.752038
f 1960/2883/3312 1961/2884/3312 1959/2882/3312

v 2.08587 1.63099 0.499989
vt 0.708508 0.7398
vn -0.245609 0.428645 0.869448
f 1962/2885/3313 1961/2884/3313 1960/2883/3313

v 1.9864 1.64056 0.488524
vt 0.725207 0.738384
vn -0.0810591 0.29703 0.951421
f 1963/2886/3314 1961/2884/3314 1962/2885/3314

vn -0.036164 0.31792 0.947428
v 1.98173 1.57132 0.511583
vt 0.725744 0.750935
f 1963/2886/3315 1964/2887/3315 1961/2884/3315

vn -0.0601276 0.319008 0.945843
v 1.91414 1.57784 0.505086
vt 0.737667 0.749648
f 1963/2886/3316 1965/2888/3316 1964/2887/3316

v 1.91404 1.64151 0.482676
vt 0.73754 0.737879
vn -0.0717262 0.331058 0.94088
f 1966/2889/3317 1965/2888/3317 1963/2886/3317

vn -0.1031 0.3301 0.938299
v 1.83969 1.58001 0.496141
vt 0.750978 0.748504
f 1966/2889/3318 1967/2890/3318 1965/2888/3318

vn -0.108494 0.336027 0.935583
v 1.83971 1.63925 0.474869
vt 0.750534 0.737307
f 1966/2889/3319 1968/2891/3319 1967/2890/3319

vn -0.0824366 0.835995 0.54251
f 1876/2775/3320 1968/2891/3320 1966/2889/3320

vn -0.05418 0.820272 0.569401
f 1876/2775/3321 1877/2776/3321 1968/2891/3321

vn -0.101548 0.817283 0.567218
v 1.75305 1.63648 0.463346
vt 0.766205 0.736118
f 1877/2776/3322 1969/2892/3322 1968/2891/3322

vn -0.0910719 0.809697 0.579739
f 1877/2776/3323 1878/2777/3323 1969/2892/3323

vn -0.102846 0.808771 0.579062
f 1878/2777/3324 1908/2810/3324 1969/2892/3324

vn -0.0915298 0.800142 0.592786
f 1878/2777/3325 1879/2778/3325 1908/2810/3325

vn -0.134899 0.321828 0.937139
f 1969/2892/3326 1908/2810/3326 1909/2811/3326

vn -0.139539 0.328456 0.934155
v 1.75304 1.58102 0.482844
vt 0.766809 0.746877
f 1969/2892/3327 1909/2811/3327 1970/2893/3327

vn -0.146536 -0.338843 0.929361
vt 0.885535 0.827817
f 1909/2812/3328 1910/2813/3328 1970/2894/3328

vn -0.140604 -0.339129 0.930173
v 1.83988 1.52321 0.474896
vt 0.902707 0.81934
f 1970/2894/3329 1910/2813/3329 1971/2895/3329

vn -0.119723 -0.786986 0.605244
v 1.83986 1.47858 0.416858
vt 0.903494 0.805871
f 1971/2895/3330 1910/2813/3330 1972/2896/3330

vn -0.113388 -0.782459 0.612292
f 1972/2896/3331 1910/2813/3331 1911/2814/3331

vn -0.101282 -0.959821 0.261698
v 1.83976 1.45687 0.337182
vt 0.903934 0.790479
f 1972/2896/3332 1911/2814/3332 1973/2897/3332

vn -0.104147 -0.960376 0.258518
f 1973/2897/3333 1911/2814/3333 1912/2815/3333

vn -0.104697 -0.96014 -0.259172
v 1.75313 1.48591 0.264601
vt 0.887399 0.776378
f 1973/2897/3334 1912/2815/3334 1974/2898/3334

vn -0.101153 -0.960495 -0.259265
f 1974/2898/3335 1912/2815/3335 1913/2816/3335

vn -0.113464 -0.776665 -0.619611
f 1974/2898/3336 1913/2816/3336 1917/2823/3336

vn -0.121012 -0.775968 -0.619055
f 1917/2823/3337 1913/2816/3337 1914/2817/3337

vn -0.120339 -0.781813 -0.61179
f 1918/2825/3338 1974/2898/3338 1917/2823/3338

v 1.83986 1.47858 0.257901
vt 0.903768 0.775445
vn -0.113386 -0.782458 -0.612294
f 1975/2899/3339 1974/2898/3339 1918/2825/3339

vn -0.101346 -0.959483 -0.262909
f 1975/2899/3340 1973/2897/3340 1974/2898/3340

v 1.91411 1.44755 0.337229
vt 0.917653 0.790479
vn -0.119861 -0.95749 -0.262386
f 1976/2900/3341 1973/2897/3341 1975/2899/3341

v 1.91411 1.46981 0.421308
vt 0.917123 0.806636
vn -0.120458 -0.959659 0.254057
f 1977/2901/3342 1973/2897/3342 1976/2900/3342

vn -0.128701 -0.95675 0.260895
f 1977/2901/3343 1972/2896/3343 1973/2897/3343

vn -0.12912 -0.78605 0.604528
f 1977/2901/3344 1971/2895/3344 1972/2896/3344

v 1.91435 1.5167 0.482483
vt 0.916269 0.820637
vn -0.130305 -0.786653 0.603488
f 1978/2902/3345 1971/2895/3345 1977/2901/3345

vt 0.914677 0.832174
vn -0.124935 -0.344401 0.930473
f 1965/2903/3346 1971/2895/3346 1978/2902/3346

vt 0.901366 0.830288
vn -0.121848 -0.348069 0.929517
f 1967/2904/3347 1971/2895/3347 1965/2903/3347

vn -0.146179 -0.346985 0.926409
f 1970/2894/3348 1971/2895/3348 1967/2904/3348

vn -0.139138 0.334742 0.931981
f 1968/2891/3349 1970/2893/3349 1967/2890/3349

vn -0.134804 0.328673 0.934774
f 1968/2891/3350 1969/2892/3350 1970/2893/3350

vn -0.122733 -0.344489 0.930733
vt 0.9266 0.833233
f 1965/2903/3351 1978/2902/3351 1964/2905/3351

vn -0.147672 -0.316988 0.936863
v 1.98098 1.50373 0.488598
vt 0.928409 0.82098
f 1964/2905/3352 1978/2902/3352 1979/2906/3352

vn -0.205766 -0.776299 0.595836
f 1979/2906/3353 1978/2902/3353 1977/2901/3353

v 1.98504 1.45415 0.423355
vt 0.929922 0.806718
vn -0.190763 -0.787214 0.586432
f 1980/2907/3354 1979/2906/3354 1977/2901/3354

v 2.01592 1.49287 0.494004
vt 0.93482 0.82092
vn -0.323743 -0.762872 0.559658
f 1981/2908/3355 1979/2906/3355 1980/2907/3355

vt 0.934088 0.833364
vn -0.225834 -0.259155 0.939062
f 1961/2909/3356 1979/2906/3356 1981/2908/3356

vn -0.144341 -0.317179 0.937317
f 1964/2905/3357 1979/2906/3357 1961/2909/3357

vn -0.344607 -0.235655 0.908687
vt 0.940915 0.831571
f 1961/2909/3358 1981/2908/3358 1959/2910/3358

vn -0.330827 -0.249668 0.910066
v 2.05081 1.47676 0.502269
vt 0.941306 0.820828
f 1959/2910/3359 1981/2908/3359 1982/2911/3359

vn -0.45998 -0.811532 0.360326
f 1931/2850/3360 1982/2911/3360 1981/2908/3360

vn -0.325311 -0.856588 0.400537
f 1932/2851/3361 1982/2911/3361 1931/2850/3361

vn -0.512005 -0.825496 0.237503
v 2.07958 1.46352 0.518242
vt 0.946571 0.821645
f 1932/2851/3362 1983/2912/3362 1982/2911/3362

vn -0.533445 -0.813977 0.22995
f 1934/2853/3363 1983/2912/3363 1932/2851/3363

vn -0.449881 -0.835476 0.315573
f 1937/2856/3364 1983/2912/3364 1934/2853/3364

vn -0.440896 -0.832593 0.335261
v 2.10066 1.45762 0.531317
vt 0.949899 0.822541
f 1937/2856/3365 1984/2913/3365 1983/2912/3365

vn -0.609617 -0.777993 0.151968
vt 0.842899 0.014376
f 1938/2858/3366 1984/2914/3366 1937/2859/3366

vn -0.616684 -0.783575 0.0755737
f 1938/2858/3367 1947/2868/3367 1984/2914/3367

vn -0.648992 -0.759596 0.0427086
f 1941/2862/3368 1947/2868/3368 1938/2858/3368

vn -0.761457 -0.197373 0.617436
f 1984/2914/3369 1947/2868/3369 1948/2869/3369

vn -0.756605 -0.214307 0.617755
f 1984/2914/3370 1948/2869/3370 1956/2877/3370

vt 0.950081 0.828517
vn -0.562394 -0.322552 0.761362
f 1956/2915/3371 1983/2912/3371 1984/2913/3371

vt 0.946132 0.830201
vn -0.599248 -0.280373 0.749862
f 1957/2916/3372 1983/2912/3372 1956/2915/3372

vn -0.564193 -0.295534 0.770938
f 1957/2916/3373 1982/2911/3373 1983/2912/3373

vn -0.698358 -0.11179 0.706964
f 1959/2910/3374 1982/2911/3374 1957/2916/3374

vn -0.181526 -0.826743 0.532489
f 1931/2850/3375 1981/2908/3375 1980/2907/3375

vn -0.251773 -0.940688 0.227414
v 1.98486 1.43282 0.334938
vt 0.930369 0.790479
f 1931/2850/3376 1980/2907/3376 1985/2917/3376

vn -0.191193 -0.954097 0.23053
f 1980/2907/3377 1976/2900/3377 1985/2917/3377

vn -0.215658 -0.94395 0.249898
f 1980/2907/3378 1977/2901/3378 1976/2900/3378

vn -0.205259 -0.947912 -0.243579
v 1.91411 1.46981 0.250607
vt 0.917589 0.774799
f 1985/2917/3379 1976/2900/3379 1986/2918/3379

vn -0.137585 -0.959324 -0.246511
f 1976/2900/3380 1975/2899/3380 1986/2918/3380

vn -0.151782 -0.783499 -0.602571
f 1986/2918/3381 1975/2899/3381 1919/2827/3381

vn -0.119724 -0.786987 -0.605242
f 1919/2827/3382 1975/2899/3382 1918/2825/3382

vn -0.181844 -0.798292 -0.574163
f 1921/2838/3383 1986/2918/3383 1919/2827/3383

vn -0.260828 -0.783583 -0.563885
f 1922/2837/3384 1986/2918/3384 1921/2838/3384

vn -0.240061 -0.799238 -0.550989
f 1925/2844/3385 1986/2918/3385 1922/2837/3385

vn -0.238573 -0.946976 -0.21522
f 1985/2917/3386 1986/2918/3386 1925/2844/3386

vn -0.214245 -0.95248 -0.216521
f 1929/2848/3387 1985/2917/3387 1925/2844/3387

vn -0.175135 -0.972697 0.152278
f 1931/2850/3388 1985/2917/3388 1929/2848/3388

vn -0.251989 -0.95058 -0.181383
f 1929/2848/3389 1925/2844/3389 1926/2845/3389

vn -0.044191 0.837995 0.543885
f 1875/2774/3390 1876/2775/3390 1966/2889/3390

vn -0.0337905 0.832642 0.552779
f 1963/2886/3391 1875/2774/3391 1966/2889/3391

v 2.07006 1.67869 0.42961
vt 0.712054 0.726203
vn 0.00918666 0.833474 0.552482
f 1987/2919/3392 1875/2774/3392 1963/2886/3392

vn 0.0370572 0.977237 0.20889
f 1987/2919/3393 1873/2773/3393 1875/2774/3393

v 2.15377 1.68076 0.33507
vt 0.699025 0.710823
vn 0.202828 0.958462 0.200527
f 1988/2920/3394 1873/2773/3394 1987/2919/3394

vn 0.208962 0.960341 -0.184608
vt 0.712456 0.69489
f 1988/2920/3395 1874/2921/3395 1873/2773/3395

vn 0.176711 0.971784 -0.156236
v 2.14826 1.66521 0.232123
vt 0.699398 0.694533
f 1988/2920/3396 1989/2922/3396 1874/2921/3396

v 2.22238 1.64849 0.335972
vt 0.686991 0.710823
vn 0.422003 0.89282 -0.157437
f 1990/2923/3397 1989/2922/3397 1988/2920/3397

vn 0.416759 0.896018 -0.153179
v 2.2133 1.63469 0.230531
vt 0.68806 0.693428
f 1990/2923/3398 1991/2924/3398 1989/2922/3398

v 2.2595 1.61537 0.301933
vt 0.67874 0.704672
vn 0.575069 0.803348 -0.154684
f 1992/2925/3399 1991/2924/3399 1990/2923/3399

vn 0.637842 0.740314 -0.212351
v 2.2512 1.60496 0.240743
vt 0.679966 0.693921
f 1992/2925/3400 1993/2926/3400 1991/2924/3400

vn 0.850754 0.486802 -0.198094
v 2.26926 1.58021 0.257458
vt 0.674177 0.69554
f 1993/2926/3401 1992/2925/3401 1994/2927/3401

v 2.28167 1.59719 0.29703
vt 0.673661 0.703476
vn 0.495532 0.731005 -0.469126
f 1995/2928/3402 1994/2927/3402 1992/2925/3402

v 2.31261 1.56165 0.255026
vt 0.908087 0.019577
vn 0.328103 0.826428 -0.457565
vt 0.906418 0.010864
vt 0.915178 0.010043
f 1996/2929/3403 1994/2930/3403 1995/2931/3403

vn 0.0871339 0.32687 -0.941044
v 2.29878 1.52906 0.242426
vt 0.90147 0.021467
f 1994/2930/3404 1996/2929/3404 1997/2932/3404

vn 0.13874 0.305372 -0.942072
v 2.36019 1.50751 0.244484
vt 0.905899 0.032511
f 1996/2929/3405 1998/2933/3405 1997/2932/3405

vn 0.143706 0.309339 -0.940031
v 2.37228 1.53108 0.254089
vt 0.910293 0.031319
f 1996/2929/3406 1999/2934/3406 1998/2933/3406

vn 0.403367 0.800989 -0.442393
v 2.32333 1.57586 0.290531
vt 0.915159 0.018654
f 1999/2934/3407 1996/2929/3407 2000/2935/3407

vn 0.35468 0.826171 -0.437772
f 2000/2935/3408 1996/2929/3408 1995/2931/3408

v 2.32478 1.56314 0.328126
vt 0.922179 0.019599
vn 0.471853 0.840524 0.26622
f 2001/2936/3409 2000/2935/3409 1995/2931/3409

v 2.38174 1.53224 0.310904
vt 0.919913 0.031329
vn 0.519585 0.815225 0.255809
f 2002/2937/3410 2000/2935/3410 2001/2936/3410

vn 0.523679 0.815821 0.245349
v 2.38112 1.54145 0.281614
vt 0.915099 0.031236
f 2002/2937/3411 2003/2938/3411 2000/2935/3411

v 2.43371 1.49061 0.273897
vt 0.915104 0.041798
vn 0.695884 0.689196 0.201876
f 2004/2939/3412 2003/2938/3412 2002/2937/3412

vn 0.58845 0.676029 -0.443521
f 2004/2939/3413 1999/2934/3413 2003/2938/3413

vn 0.585989 0.657708 -0.473326
v 2.42807 1.48513 0.259316
vt 0.912642 0.042135
f 2004/2939/3414 2005/2940/3414 1999/2934/3414

vn 0.808792 0.37485 -0.453147
v 2.45978 1.43059 0.270781
vt 0.915093 0.052457
f 2005/2940/3415 2004/2939/3415 2006/2941/3415

vn 0.909465 0.387189 0.151523
v 2.43314 1.48575 0.289721
vt 0.917557 0.042137
f 2006/2941/3416 2004/2939/3416 2007/2942/3416

vn 0.70333 0.672083 0.231584
f 2004/2939/3417 2002/2937/3417 2007/2942/3417

vn 0.565434 0.270024 0.77934
v 2.37357 1.50914 0.324833
vt 0.924309 0.032523
f 2002/2937/3418 2008/2943/3418 2007/2942/3418

vn 0.438286 0.345425 0.829811
f 2001/2936/3419 2008/2943/3419 2002/2937/3419

vn 0.434263 0.341564 0.833516
v 2.316 1.53116 0.345805
vt 0.928739 0.021494
f 2001/2936/3420 2009/2944/3420 2008/2943/3420

v 2.28286 1.58187 0.339128
vt 0.923888 0.010932
vn 0.384976 0.363336 0.848399
f 2010/2945/3421 2009/2944/3421 2001/2936/3421

vn 0.342019 0.338952 0.876433
v 2.27145 1.54125 0.359289
vt 0.932713 0.013257
f 2010/2945/3422 2011/2946/3422 2009/2944/3422

vt 0.671152 0.711237
vn 0.969188 -0.233661 0.0779581
v 2.27749 1.57668 0.390352
vt 0.670746 0.720996
vt 0.663491 0.715649
f 2010/2947/3423 2012/2948/3423 2011/2949/3423

vn 0.905443 0.402191 0.135701
v 2.26426 1.61109 0.376653
vt 0.677417 0.718071
f 2010/2947/3424 2013/2950/3424 2012/2948/3424

vn 0.830863 0.556077 -0.0210928
f 1992/2925/3425 2013/2950/3425 2010/2947/3425

vn 0.665994 0.745957 0.000296466
f 2013/2950/3426 1992/2925/3426 1990/2923/3426

vn 0.551786 0.814196 0.1806
v 2.2135 1.63239 0.435679
vt 0.687355 0.72812
f 2013/2950/3427 1990/2923/3427 2014/2951/3427

vn 0.361566 0.914827 0.179892
v 2.15145 1.65805 0.429895
vt 0.698537 0.72665
f 1990/2923/3428 2015/2952/3428 2014/2951/3428

vn 0.412642 0.883514 0.221654
f 1990/2923/3429 1988/2920/3429 2015/2952/3429

vn 0.238376 0.943137 0.231669
f 1988/2920/3430 1987/2919/3430 2015/2952/3430

vn 0.208852 0.830642 0.516154
f 2015/2952/3431 1987/2919/3431 1962/2885/3431

vn 0.0154516 0.829259 0.558651
f 1962/2885/3432 1987/2919/3432 1963/2886/3432

v 2.15339 1.61889 0.490997
vt 0.696948 0.738793
vn 0.217333 0.824878 0.521864
f 2016/2953/3433 2015/2952/3433 1962/2885/3433

vn 0.287584 0.810437 0.510379
f 2014/2951/3434 2015/2952/3434 2016/2953/3434

vn 0.347727 0.751069 0.561232
v 2.20158 1.60006 0.486338
vt 0.687837 0.73902
f 2014/2951/3435 2016/2953/3435 2017/2954/3435

vn 0.289848 0.547572 0.784954
v 2.16014 1.58883 0.509475
vt 0.694684 0.744664
f 2016/2953/3436 2018/2955/3436 2017/2954/3436

vn 0.18793 0.544612 0.817361
f 2016/2953/3437 1960/2883/3437 2018/2955/3437

vn 0.204421 0.5283 0.824082
f 1962/2885/3438 1960/2883/3438 2016/2953/3438

vn 0.157107 0.631617 0.759196
f 2018/2955/3439 1960/2883/3439 1958/2881/3439

vn 0.263108 0.5496 0.792915
v 2.17028 1.55741 0.527887
vt 0.691983 0.750911
f 2018/2955/3440 1958/2881/3440 2019/2956/3440

vn 0.295949 0.417464 0.859149
f 2019/2956/3441 1958/2881/3441 1955/2878/3441

vn 0.399161 0.312831 0.861863
v 2.17907 1.53214 0.532986
vt 0.689301 0.755194
f 2019/2956/3442 1955/2878/3442 2020/2957/3442

vt 0.817002 0.010904
vn 0.239209 0.728987 0.641371
f 2020/2958/3443 1955/2876/3443 1954/2875/3443

v 2.2011 1.50049 0.560483
vt 0.818521 0.019892
vn 0.244456 0.727282 0.641328
f 2021/2959/3444 2020/2958/3444 1954/2875/3444

v 2.20284 1.50783 0.503865
vt 0.808666 0.014848
vn 0.771138 0.627929 0.105127
f 2022/2960/3445 2020/2958/3445 2021/2959/3445

vn 0.645492 -0.238187 0.725677
vt 0.680759 0.756242
v 2.2117 1.52428 0.50138
vt 0.680707 0.752557
f 2020/2957/3446 2022/2961/3446 2023/2962/3446

v 2.20366 1.47113 0.467521
vt 0.966775 0.816466
vn 0.828303 -0.384761 0.407276
vt 0.971851 0.826163
vt 0.968785 0.825113
f 2024/2963/3447 2023/2964/3447 2022/2965/3447

v 2.21298 1.47365 0.454706
vt 0.968774 0.814638
vn 0.770854 -0.421104 0.47797
f 2025/2966/3448 2023/2964/3448 2024/2963/3448

vn 0.852916 -0.342008 0.394417
v 2.22398 1.53756 0.486341
vt 0.975741 0.825057
f 2025/2966/3449 2026/2967/3449 2023/2964/3449

vn 0.254482 -0.463837 0.848584
v 2.23329 1.49283 0.459106
vt 0.973443 0.816165
f 2026/2967/3450 2025/2966/3450 2027/2968/3450

v 2.23854 1.47927 0.416716
vt 0.973794 0.808773
vn 0.617382 -0.723845 0.308038
f 2028/2969/3451 2027/2968/3451 2025/2966/3451

v 2.2853 1.47864 0.428568
vt 0.845594 0.060669
vn -0.0872692 -0.951904 0.293705
vt 0.846611 0.073145
vt 0.839153 0.068065
f 2029/2970/3452 2027/2971/3452 2028/2972/3452

vn -0.109637 -0.959587 0.259178
v 2.28052 1.48941 0.466399
vt 0.851975 0.065261
f 2029/2970/3453 2030/2973/3453 2027/2971/3453

v 2.34546 1.47112 0.443366
vt 0.853988 0.051254
vn -0.180072 -0.951854 0.248089
f 2031/2974/3454 2030/2973/3454 2029/2970/3454

vn -0.189547 -0.95585 0.22455
v 2.34246 1.47865 0.472893
vt 0.858487 0.054931
f 2031/2974/3455 2032/2975/3455 2030/2973/3455

v 2.40426 1.45643 0.473277
vt 0.865082 0.04504
vn -0.332575 -0.921364 0.201201
f 2033/2976/3456 2032/2975/3456 2031/2974/3456

vn -0.193497 -0.523751 0.829605
v 2.41 1.46834 0.48214
vt 0.867188 0.04666
f 2032/2975/3457 2033/2976/3457 2034/2977/3457

vn -0.206923 -0.517702 0.830161
v 2.45302 1.42823 0.467845
vt 0.871889 0.037469
f 2034/2977/3458 2033/2976/3458 2035/2978/3458

vn -0.474398 -0.858117 0.196423
v 2.40495 1.45237 0.45724
vt 0.863054 0.042806
f 2035/2978/3459 2033/2976/3459 2036/2979/3459

vn -0.339021 -0.915465 0.21677
f 2036/2979/3460 2033/2976/3460 2031/2974/3460

v 2.41185 1.45843 0.44346
vt 0.878711 0.044968
vn -0.165594 -0.86967 -0.465031
vt 0.880731 0.042714
vt 0.889897 0.051021
f 2037/2980/3461 2036/2981/3461 2031/2982/3461

vn -0.296095 -0.811037 -0.504526
f 2035/2978/3462 2036/2981/3462 2037/2980/3462

v 2.42073 1.47118 0.439972
vt 0.876623 0.046608
vn 0.229649 -0.402438 -0.886174
f 2038/2983/3463 2035/2978/3463 2037/2980/3463

vn 0.745233 0.136799 -0.652621
v 2.42623 1.48327 0.448786
vt 0.874345 0.047621
f 2038/2983/3464 2039/2984/3464 2035/2978/3464

v 2.36908 1.50624 0.40961
vt 0.88112 0.057096
vn 0.615104 0.262252 -0.743553
f 2040/2985/3465 2039/2984/3465 2038/2983/3465

v 2.37526 1.52899 0.425048
vt 0.876721 0.058328
vn 0.619704 0.318405 -0.717346
f 2041/2986/3466 2039/2984/3466 2040/2985/3466

vn 0.697236 0.702018 -0.145028
v 2.42529 1.4875 0.464773
vt 0.871889 0.047986
f 2039/2984/3467 2041/2986/3467 2042/2987/3467

vn 0.686741 0.717675 -0.115456
v 2.37186 1.53698 0.454504
vt 0.871889 0.058447
f 2042/2987/3468 2041/2986/3468 2043/2988/3468

vn 0.514616 0.840663 -0.168689
v 2.3139 1.56995 0.441975
vt 0.871889 0.071038
f 2041/2986/3469 2044/2989/3469 2043/2988/3469

vn 0.511441 0.840366 -0.17948
v 2.31894 1.5588 0.404188
vt 0.879028 0.070081
f 2041/2986/3470 2045/2990/3470 2044/2989/3470

vn 0.494798 0.39189 -0.775627
f 2045/2990/3471 2041/2986/3471 2040/2985/3471

vn 0.49124 0.388067 -0.7798
v 2.31276 1.52732 0.384628
vt 0.88567 0.068093
f 2045/2990/3472 2040/2985/3472 2046/2991/3472

vn 0.239655 -0.405216 -0.88225
v 2.35663 1.48239 0.417179
vt 0.885416 0.054759
f 2046/2991/3473 2040/2985/3473 2047/2992/3473

vn 0.24223 -0.406194 -0.881097
f 2040/2985/3474 2038/2983/3474 2047/2992/3474

vn 0.241381 -0.408937 -0.88006
f 2047/2992/3475 2038/2983/3475 2037/2980/3475

vn -0.167147 -0.877675 -0.449164
f 2037/2980/3476 2031/2982/3476 2047/2992/3476

vn -0.029203 -0.913513 -0.40576
v 2.29876 1.49422 0.394716
vt 0.892112 0.064983
f 2047/2992/3477 2031/2982/3477 2048/2993/3477

vn -0.00981659 -0.9069 -0.421231
vt 0.89844 0.060277
f 2031/2982/3478 2029/2994/3478 2048/2993/3478

vn 0.0576045 -0.915425 -0.398346
v 2.25366 1.49821 0.379019
vt 0.897664 0.072786
f 2048/2993/3479 2029/2994/3479 2049/2995/3479

vn 0.0934682 -0.904178 -0.416805
vt 0.905033 0.067542
f 2029/2994/3480 2028/2996/3480 2049/2995/3480

v 2.23769 1.47274 0.364952
vt 0.974066 0.800211
vn 0.831767 -0.552278 0.0561581
vt 0.978806 0.80327
f 2050/2997/3481 2049/2998/3481 2028/2969/3481

v 2.25577 1.50388 0.345225
vt 0.980722 0.797573
vn 0.855041 -0.517492 -0.0332568
f 2051/2999/3482 2049/2998/3482 2050/2997/3482

vn 0.928499 -0.371312 -0.00414873
v 2.27013 1.53952 0.368261
vt 0.986806 0.802615
f 2051/2999/3483 2052/3000/3483 2049/2998/3483

vn 0.91304 -0.403999 0.0560621
vt 0.987427 0.801108
f 2051/2999/3484 2011/3001/3484 2052/3000/3484

vn 0.187278 -0.413824 0.890885
vt 0.940498 0.016612
v 2.30191 1.49896 0.333241
vt 0.935141 0.024482
f 2011/2946/3485 2051/3002/3485 2053/3003/3485

vn -0.00465074 -0.931222 0.364422
v 2.29093 1.48513 0.297772
vt 0.941521 0.029054
f 2053/3003/3486 2051/3002/3486 2054/3004/3486

vn 0.0298236 -0.921901 0.386277
v 2.24336 1.4869 0.305653
vt 0.947914 0.021677
f 2054/3004/3487 2051/3002/3487 2055/3005/3487

vt 0.977591 0.790479
vn 0.851884 -0.521947 -0.0431841
f 2055/3006/3488 2051/2999/3488 2050/2997/3488

vn 0.796106 -0.601382 -0.0674878
v 2.22504 1.46258 0.306274
vt 0.972203 0.790479
f 2055/3006/3489 2050/2997/3489 2056/3007/3489

vn 0.711168 -0.702307 -0.0317004
v 2.199 1.43615 0.307622
vt 0.966009 0.790479
f 2056/3007/3490 2050/2997/3490 2057/3008/3490

vn 0.63692 -0.768538 0.0606746
v 2.20551 1.4485 0.395721
vt 0.966876 0.804235
f 2050/2997/3491 2058/3009/3491 2057/3008/3491

vn 0.649937 -0.755247 0.0847581
f 2028/2969/3492 2058/3009/3492 2050/2997/3492

vn 0.563132 -0.783495 0.262712
f 2028/2969/3493 2025/2966/3493 2058/3009/3493

vn 0.515279 -0.809971 0.280061
f 2025/2966/3494 1933/2852/3494 2058/3009/3494

vn 0.614764 -0.787583 0.0421703
f 2025/2966/3495 1935/2854/3495 1933/2852/3495

vn 0.598958 -0.746839 0.288929
f 2025/2966/3496 2024/2963/3496 1935/2854/3496

vn 0.655979 -0.752109 0.0634301
f 2024/2963/3497 1936/2855/3497 1935/2854/3497

vn 0.672825 -0.712394 0.199503
v 2.19668 1.46881 0.482784
vt 0.964931 0.818535
f 2024/2963/3498 2059/3010/3498 1936/2855/3498

vn 0.876884 -0.328181 0.351242
f 2024/2963/3499 2022/2965/3499 2059/3010/3499

vt 0.80106 0.020244
vn 0.923616 0.058841 -0.378776
v 2.20908 1.45435 0.510774
vt 0.805494 0.02549
f 2059/3011/3500 2022/2960/3500 2060/3012/3500

vn 0.886373 0.0438864 -0.460888
v 2.21851 1.48376 0.53171
vt 0.811883 0.022083
f 2022/2960/3501 2061/3013/3501 2060/3012/3501

vn 0.773599 0.624946 0.104817
f 2022/2960/3502 2021/2959/3502 2061/3013/3502

vn 0.815578 0.552358 0.172432
v 2.23948 1.43946 0.574414
vt 0.816519 0.032827
f 2061/3013/3503 2021/2959/3503 2062/3014/3503

vn 0.813888 0.552781 0.178941
f 2021/2959/3504 1952/2873/3504 2062/3014/3504

vn 0.288291 0.658395 0.695273
f 2021/2959/3505 1954/2875/3505 1952/2873/3505

vn 0.862187 0.432106 0.264419
f 2062/3014/3506 1952/2873/3506 1951/2872/3506

vn 0.890374 0.397779 0.221372
v 2.25642 1.38191 0.609721
vt 0.820975 0.043541
f 2062/3014/3507 1951/2872/3507 2063/3015/3507

vn 0.928208 0.217815 0.301641
f 2063/3015/3508 1951/2872/3508 1944/2865/3508

v 2.2509 1.37168 0.598948
vt 0.818848 0.045238
vn 0.890367 -0.00103686 -0.455241
f 2064/3016/3509 2063/3015/3509 1944/2865/3509

v 2.23098 1.41876 0.557774
vt 0.812339 0.035387
vn 0.89459 -0.012292 -0.44672
f 2065/3017/3510 2063/3015/3510 2064/3016/3510

vn 0.895331 -0.00977261 -0.445295
f 2065/3017/3511 2062/3014/3511 2063/3015/3511

vn 0.894349 -0.00775594 -0.447302
f 2061/3013/3512 2062/3014/3512 2065/3017/3512

vn 0.908283 0.00654561 -0.418306
f 2060/3012/3513 2061/3013/3513 2065/3017/3513

vn 0.468984 -0.585113 -0.661586
vt 0.808036 0.039174
f 2060/3012/3514 2065/3017/3514 1940/3018/3514

vn 0.406123 -0.498194 -0.766073
f 2065/3017/3515 2064/3016/3515 1940/3018/3515

vn 0.41736 -0.484652 -0.768715
v 2.23749 1.36207 0.597727
vt 0.816762 0.047488
f 1940/3018/3516 2064/3016/3516 2066/3019/3516

vn 0.352072 -0.382719 -0.85415
f 2064/3016/3517 1944/2865/3517 2066/3019/3517

vn -0.274454 -0.691006 -0.66872
vt 0.834738 0.047343
f 1944/2865/3518 1942/2863/3518 2066/3020/3518

vn -0.193967 -0.78544 -0.58776
f 2066/3020/3519 1942/2863/3519 1940/2861/3519

vn 0.491647 -0.577634 -0.65163
vt 0.799461 0.030563
f 2060/3012/3520 1940/3018/3520 1939/3021/3520

vn 0.53351 -0.631556 -0.562587
f 2060/3012/3521 1939/3021/3521 2059/3011/3521

vn 0.601275 -0.621391 -0.502336
vt 0.794273 0.02646
f 2059/3011/3522 1939/3021/3522 1936/3022/3522

vn 0.437683 -0.889803 0.129165
f 2058/3009/3523 1933/2852/3523 1930/2849/3523

vn 0.438785 -0.89378 0.0928712
f 2058/3009/3524 1930/2849/3524 2057/3008/3524

vn 0.345271 -0.937522 0.0429022
f 2057/3008/3525 1930/2849/3525 1928/2847/3525

vn 0.305574 -0.928729 -0.209967
f 2057/3008/3526 1928/2847/3526 1927/2846/3526

vn 0.275027 -0.943344 -0.185638
v 2.18726 1.45013 0.219149
vt 0.965141 0.774064
f 2057/3008/3527 1927/2846/3527 2067/3023/3527

vn 0.213006 -0.844466 -0.491432
v 2.12923 1.47145 0.157364
vt 0.955056 0.762042
f 2067/3023/3528 1927/2846/3528 2068/3024/3528

vn -0.124956 -0.868158 -0.480299
f 1927/2846/3529 1923/2843/3529 2068/3024/3529

v 2.12994 1.53624 0.133153
vt 0.954198 0.750124
vn -0.113285 -0.3467 -0.93111
f 2069/3025/3530 2068/3024/3530 1923/2843/3530

vn -0.0741422 -0.348368 -0.934421
v 2.17368 1.52638 0.133359
vt 0.962166 0.751497
f 2069/3025/3531 2070/3026/3531 2068/3024/3531

v 2.1883 1.58501 0.142415
vt 0.690176 0.676394
vn 0.0370197 0.143518 -0.988955
vt 0.690178 0.665865
vt 0.698146 0.665822
f 2071/3027/3532 2070/3028/3532 2069/3029/3532

vn 0.138692 0.117304 -0.983364
v 2.20805 1.56367 0.142656
vt 0.685785 0.674087
f 2071/3027/3533 2072/3030/3533 2070/3028/3533

v 2.23271 1.58547 0.173071
vt 0.682587 0.681556
vn 0.502153 0.456623 -0.734396
f 2073/3031/3534 2072/3030/3534 2071/3027/3534

v 2.24894 1.54831 0.124712
vt 0.964105 0.070002
vn 0.0358588 0.798185 -0.601345
vt 0.965975 0.078699
vt 0.957209 0.079737
f 2074/3032/3535 2072/3033/3535 2073/3034/3535

vn -0.315184 0.235178 -0.919429
v 2.235 1.51366 0.120626
vt 0.970655 0.067964
f 2072/3033/3536 2074/3032/3536 2075/3035/3536

vn -0.265888 0.217669 -0.939108
v 2.29451 1.49716 0.0999544
vt 0.965954 0.057008
f 2074/3032/3537 2076/3036/3537 2075/3035/3537

vn -0.260983 0.222191 -0.939425
v 2.30669 1.52244 0.102548
vt 0.961591 0.058283
f 2074/3032/3538 2077/3037/3538 2076/3036/3538

vn 0.113477 0.780209 -0.61514
v 2.27079 1.56683 0.152228
vt 0.957083 0.071067
f 2077/3037/3539 2074/3032/3539 2078/3038/3539

vn 0.0678139 0.801959 -0.593518
f 2078/3038/3540 2074/3032/3540 2073/3034/3540

v 2.28788 1.55814 0.187009
vt 0.950012 0.070274
vn 0.442609 0.896691 0.00657119
f 2079/3039/3541 2078/3038/3541 2073/3034/3541

v 2.33696 1.53007 0.150967
vt 0.951995 0.058486
vn 0.485203 0.874173 -0.0199883
f 2080/3040/3542 2078/3038/3542 2079/3039/3542

vn 0.4849 0.874012 -0.0312306
v 2.32419 1.53618 0.123715
vt 0.956785 0.058443
f 2080/3040/3543 2081/3041/3543 2078/3038/3543

v 2.37507 1.48898 0.0993896
vt 0.956533 0.048025
vn 0.640207 0.757082 -0.130238
f 2082/3042/3544 2081/3041/3544 2080/3040/3544

vn 0.296552 0.670184 -0.680376
f 2081/3041/3545 2082/3042/3545 2077/3037/3545

vn 0.284935 0.648824 -0.705577
v 2.36492 1.48164 0.0885445
vt 0.958979 0.047625
f 2077/3037/3546 2082/3042/3546 2083/3043/3546

vn 0.528022 0.387201 -0.755823
v 2.40437 1.43111 0.0902195
vt 0.956289 0.03745
f 2082/3042/3547 2084/3044/3547 2083/3043/3547

vn 0.850045 0.468615 -0.240464
v 2.38112 1.48572 0.114458
vt 0.954079 0.047731
f 2084/3044/3548 2082/3042/3548 2085/3045/3548

vn 0.660243 0.743707 -0.104778
f 2085/3045/3549 2082/3042/3549 2080/3040/3549

vn 0.786942 0.390065 0.478091
v 2.33731 1.50796 0.16843
vt 0.947598 0.057406
f 2085/3045/3550 2080/3040/3550 2086/3046/3550

vn 0.681258 0.460326 0.569199
f 2080/3040/3551 2079/3039/3551 2086/3046/3551

vn 0.679408 0.456575 0.574408
v 2.29007 1.52755 0.208729
vt 0.943445 0.068486
f 2086/3046/3552 2079/3039/3552 2087/3047/3552

vn 0.637479 0.475932 0.605896
v 2.25156 1.57464 0.212257
vt 0.948404 0.079022
f 2079/3039/3553 2088/3048/3553 2087/3047/3553

vn 0.435713 0.899245 0.038879
f 2079/3039/3554 2073/3034/3554 2088/3048/3554

vn 0.884026 0.325608 -0.335376
vt 0.677142 0.68731
f 2073/3031/3555 1993/2926/3555 2088/3049/3555

vn 0.633104 0.680464 -0.368982
f 1993/2926/3556 2073/3031/3556 1991/2924/3556

vn 0.360326 0.765128 -0.533615
f 2073/3031/3557 2071/3027/3557 1991/2924/3557

vn 0.375701 0.757609 -0.533739
v 2.13772 1.61309 0.146678
vt 0.699252 0.678746
f 1991/2924/3558 2071/3027/3558 2089/3050/3558

vn 0.0125294 0.172073 -0.985005
f 2089/3050/3559 2071/3027/3559 2069/3029/3559

vn -0.104337 0.182598 -0.977636
vt 0.710365 0.666726
f 2089/3050/3560 2069/3029/3560 1924/3051/3560

vt 0.941979 0.749279
vn -0.191117 -0.259007 -0.946779
f 1924/3052/3561 2069/3025/3561 1923/2843/3561

v 2.0643 1.63162 0.158391
vt 0.711291 0.68051
vn -0.108459 0.187514 -0.976256
f 2090/3053/3562 2089/3050/3562 1924/3051/3562

vn 0.127625 0.83967 -0.527888
f 1989/2922/3563 2089/3050/3563 2090/3053/3563

vn 0.352821 0.77884 -0.518581
f 1991/2924/3564 2089/3050/3564 1989/2922/3564

vn 0.137663 0.832798 -0.536186
f 1989/2922/3565 2090/3053/3565 1874/2921/3565

vn -0.0158849 0.841951 -0.53932
f 1874/2921/3566 2090/3053/3566 1596/2392/3566

vn -0.154534 0.228704 -0.961152
vt 0.724151 0.669383
f 1596/2392/3567 2090/3053/3567 1920/3054/3567

vn -0.122022 0.187646 -0.974628
f 2090/3053/3568 1924/3051/3568 1920/3054/3568

vn -0.128091 0.229472 -0.96485
f 1596/2392/3569 1920/3054/3569 1595/2391/3569

vn -0.0342576 0.852157 -0.522164
f 1874/2921/3570 1596/2392/3570 1597/2393/3570

vn 0.850695 0.365274 -0.378013
f 2088/3049/3571 1993/2926/3571 1994/2927/3571

vn 0.919779 -0.204514 -0.334933
v 2.25463 1.53853 0.242748
vt 0.668905 0.689156
f 2088/3049/3572 1994/2927/3572 2091/3055/3572

vn 0.0602567 0.313322 -0.947733
vt 0.897697 0.013609
f 1994/2930/3573 1997/2932/3573 2091/3056/3573

vn -0.105693 -0.463188 -0.879935
v 2.28973 1.49747 0.260141
vt 0.895049 0.024515
f 2091/3056/3574 1997/2932/3574 2092/3057/3574

vn -0.117371 -0.459963 -0.880147
v 2.35164 1.48488 0.258466
vt 0.901599 0.034809
f 1997/2932/3575 2093/3058/3575 2092/3057/3575

vn -0.14005 -0.481636 -0.865108
f 1997/2932/3576 1998/2933/3576 2093/3058/3576

vn -0.137229 -0.482638 -0.865002
v 2.41938 1.47265 0.254543
vt 0.910359 0.043121
f 1998/2933/3577 2094/3059/3577 2093/3058/3577

vn 0.265524 0.177391 -0.947644
f 1998/2933/3578 2005/2940/3578 2094/3059/3578

vn 0.28082 0.235153 -0.930507
f 1999/2934/3579 2005/2940/3579 1998/2933/3579

vn 0.420077 0.0537327 -0.905896
f 2005/2940/3580 2006/2941/3580 2094/3059/3580

vn -0.150752 -0.478718 -0.864929
v 2.41254 1.46061 0.2624
vt 0.908252 0.044756
f 2094/3059/3581 2006/2941/3581 2095/3060/3581

vn -0.481778 -0.833565 -0.270295
v 2.41174 1.45593 0.27826
vt 0.906202 0.047002
f 2006/2941/3582 2096/3061/3582 2095/3060/3582

vn -0.362812 -0.818998 0.444533
v 2.41761 1.46123 0.292806
vt 0.92194 0.044769
vt 0.923996 0.047029
f 2006/2941/3583 2097/3062/3583 2096/3063/3583

v 2.42654 1.47353 0.297544
vt 0.919842 0.04314
vn 0.140554 -0.443076 0.885397
f 2098/3064/3584 2097/3062/3584 2006/2941/3584

v 2.3611 1.48604 0.315281
vt 0.928619 0.034816
vn 0.152561 -0.449731 0.880038
f 2099/3065/3585 2097/3062/3585 2098/3064/3585

vn -0.231685 -0.887833 0.397586
v 2.35187 1.47614 0.287811
vt 0.933162 0.038506
f 2097/3062/3586 2099/3065/3586 2100/3066/3586

vn -0.0916929 -0.926656 0.364555
f 2099/3065/3587 2053/3003/3587 2100/3066/3587

vn 0.176949 -0.42395 0.888231
f 2009/2944/3588 2053/3003/3588 2099/3065/3588

vn 0.17345 -0.422886 0.889428
f 2011/2946/3589 2053/3003/3589 2009/2944/3589

vn 0.150753 -0.446062 0.882214
f 2009/2944/3590 2099/3065/3590 2008/2943/3590

vn 0.153393 -0.447085 0.881241
f 2008/2943/3591 2099/3065/3591 2098/3064/3591

vn 0.5569 0.213123 0.802771
f 2008/2943/3592 2098/3064/3592 2007/2942/3592

vn 0.690464 0.0868717 0.718131
f 2007/2942/3593 2098/3064/3593 2006/2941/3593

vn -0.0734998 -0.921289 0.381869
f 2100/3066/3594 2053/3003/3594 2054/3004/3594

vt 0.897081 0.038504
vn -0.187101 -0.935181 -0.300716
vt 0.888693 0.029141
f 2100/3067/3595 2054/3068/3595 2092/3057/3595

vn -0.116252 -0.944864 -0.306134
v 2.24217 1.50222 0.263554
vt 0.889595 0.01667
f 2054/3068/3596 2101/3069/3596 2092/3057/3596

vn -0.0907797 -0.936642 -0.338321
vt 0.882209 0.021806
f 2054/3068/3597 2055/3070/3597 2101/3069/3597

vt 0.979611 0.782013
vn 0.773275 -0.588493 -0.236053
f 2101/3071/3598 2055/3006/3598 2056/3007/3598

v 2.22236 1.47098 0.244298
vt 0.972686 0.778576
vn 0.867625 -0.486343 -0.103427
f 2102/3072/3599 2101/3071/3599 2056/3007/3599

v 2.23757 1.49585 0.233434
vt 0.978139 0.776191
vn 0.849514 -0.527243 -0.0184338
f 2103/3073/3600 2101/3071/3600 2102/3072/3600

vn 0.931359 -0.357929 -0.0667566
vt 0.986857 0.778021
f 2103/3073/3601 2091/3074/3601 2101/3071/3601

vn 0.923991 -0.325878 -0.200108
v 2.25288 1.53903 0.233853
vt 0.986847 0.776298
f 2103/3073/3602 2104/3075/3602 2091/3074/3602

vt 0.940442 0.076865
vn 0.576522 -0.212194 0.789048
vt 0.931786 0.073777
v 2.27587 1.49326 0.204753
vt 0.936969 0.065702
f 2104/3076/3603 2103/3077/3603 2105/3078/3603

vn 0.236838 -0.887039 0.396321
v 2.25375 1.47511 0.177348
vt 0.930465 0.061252
f 2105/3078/3604 2103/3077/3604 2106/3079/3604

vn 0.324114 -0.853065 0.408938
v 2.2132 1.47182 0.202623
vt 0.924005 0.068614
f 2106/3079/3605 2103/3077/3605 2107/3080/3605

vt 0.97096 0.770044
vn 0.799579 -0.570553 -0.187461
f 2107/3081/3606 2103/3073/3606 2102/3072/3606

vn 0.5793 -0.802348 -0.143699
f 2102/3072/3607 2067/3023/3607 2107/3081/3607

vn 0.602949 -0.771768 -0.202054
f 2102/3072/3608 2057/3008/3608 2067/3023/3608

vn 0.703527 -0.699548 -0.125231
f 2102/3072/3609 2056/3007/3609 2057/3008/3609

vn 0.381433 -0.80392 -0.456313
v 2.17842 1.48048 0.15829
vt 0.963762 0.761187
f 2107/3081/3610 2067/3023/3610 2108/3082/3610

vn 0.168764 -0.872051 -0.459397
f 2067/3023/3611 2068/3024/3611 2108/3082/3611

vn 0.102222 -0.466651 -0.878515
f 2070/3026/3612 2108/3082/3612 2068/3024/3612

vn 0.150899 -0.459778 -0.875119
v 2.19204 1.522 0.138829
vt 0.965711 0.752482
f 2070/3026/3613 2109/3083/3613 2108/3082/3613

vn 0.28101 -0.019857 -0.9595
vt 0.686633 0.666026
f 2072/3030/3614 2109/3084/3614 2070/3028/3614

vn -0.345011 0.21641 -0.913309
vt 0.974449 0.076293
f 2072/3033/3615 2075/3035/3615 2109/3085/3615

vn -0.414101 -0.550154 -0.725156
v 2.23692 1.48344 0.142455
vt 0.977052 0.064804
f 2109/3085/3616 2075/3035/3616 2110/3086/3616

vn -0.393438 -0.554646 -0.733194
v 2.29448 1.47549 0.117587
vt 0.970192 0.054614
f 2075/3035/3617 2111/3087/3617 2110/3086/3617

vn -0.40613 -0.576337 -0.70915
f 2075/3035/3618 2076/3036/3618 2111/3087/3618

vn -0.403394 -0.577103 -0.710088
v 2.35649 1.46811 0.0883544
vt 0.961217 0.046569
f 2076/3036/3619 2112/3088/3619 2111/3087/3619

vn -0.137681 0.0997576 -0.98544
f 2076/3036/3620 2083/3043/3620 2112/3088/3620

vn -0.123422 0.159979 -0.979374
f 2077/3037/3621 2083/3043/3621 2076/3036/3621

vn 0.0335859 -0.00691213 -0.999412
f 2083/3043/3622 2084/3044/3622 2112/3088/3622

vn -0.416189 -0.574215 -0.705027
v 2.35453 1.45644 0.0990104
vt 0.96328 0.044897
f 2112/3088/3623 2084/3044/3623 2113/3089/3623

vn -0.454018 -0.890966 -0.00684931
v 2.36037 1.45335 0.114192
vt 0.965254 0.042601
f 2084/3044/3624 2114/3090/3624 2113/3089/3624

vn -0.0734723 -0.794776 0.602439
v 2.37073 1.46053 0.124924
vt 0.949665 0.045211
vt 0.947598 0.043025
f 2084/3044/3625 2115/3091/3625 2114/3092/3625

v 2.37939 1.47389 0.125001
vt 0.951818 0.046793
vn 0.515606 -0.338835 0.786982
f 2116/3093/3626 2115/3091/3626 2084/3044/3626

v 2.32474 1.48312 0.166007
vt 0.943266 0.055228
vn 0.525306 -0.345071 0.777804
f 2117/3094/3627 2115/3091/3627 2116/3093/3627

vn 0.0364367 -0.857874 0.512567
v 2.30686 1.46982 0.14501
vt 0.938676 0.051648
f 2115/3091/3628 2117/3094/3628 2118/3095/3628

vn 0.156517 -0.889108 0.430104
f 2117/3094/3629 2105/3078/3629 2118/3095/3629

vn 0.547995 -0.316809 0.774166
f 2087/3047/3630 2105/3078/3630 2117/3094/3630

vn 0.471908 -0.291976 0.831897
f 2104/3076/3631 2105/3078/3631 2087/3047/3631

vn 0.592459 0.433642 0.678931
f 2088/3048/3632 2104/3076/3632 2087/3047/3632

vn 0.976912 -0.0830731 -0.196831
vt 0.669732 0.687767
f 2088/3049/3633 2091/3055/3633 2104/3096/3633

vn 0.524085 -0.341336 0.780272
f 2087/3047/3634 2117/3094/3634 2086/3046/3634

vn 0.526243 -0.342248 0.778418
f 2086/3046/3635 2117/3094/3635 2116/3093/3635

vn 0.794292 0.335335 0.506607
f 2085/3045/3636 2086/3046/3636 2116/3093/3636

vn 0.898385 0.21164 0.384854
f 2084/3044/3637 2085/3045/3637 2116/3093/3637

vn 0.179241 -0.880641 0.438571
f 2118/3095/3638 2105/3078/3638 2106/3079/3638

vt 0.974602 0.050795
vn -0.184135 -0.972407 -0.143246
vt 0.983298 0.059955
f 2118/3097/3639 2106/3098/3639 2110/3086/3639

vn -0.0811541 -0.977612 -0.194138
v 2.19495 1.48288 0.162799
vt 0.982654 0.072282
f 2106/3098/3640 2119/3099/3640 2110/3086/3640

vn -0.0693127 -0.968945 -0.237363
vt 0.990057 0.066982
f 2106/3098/3641 2107/3100/3641 2119/3099/3641

vn 0.228602 -0.905953 -0.356358
vt 0.967087 0.761522
f 2107/3081/3642 2108/3082/3642 2119/3101/3642

vn 0.294898 -0.483238 -0.824328
f 2109/3083/3643 2119/3101/3643 2108/3082/3643

vn -0.370999 -0.505078 -0.779266
f 2109/3085/3644 2110/3086/3644 2119/3099/3644

vn -0.185672 -0.975526 -0.117797
f 2118/3097/3645 2110/3086/3645 2111/3087/3645

vn -0.316634 -0.947079 -0.052762
f 2113/3089/3646 2118/3097/3646 2111/3087/3646

vn -0.327892 -0.942422 -0.0657837
f 2114/3090/3647 2118/3097/3647 2113/3089/3647

vn 0.0422407 -0.848895 0.52687
f 2115/3091/3648 2118/3095/3648 2114/3092/3648

vn -0.402887 -0.579524 -0.708403
f 2111/3087/3649 2112/3088/3649 2113/3089/3649

vn -0.109494 -0.465683 -0.878152
f 2091/3056/3650 2092/3057/3650 2101/3069/3650

vn -0.198677 -0.939741 -0.278234
f 2100/3067/3651 2092/3057/3651 2093/3058/3651

vn -0.342062 -0.901348 -0.265642
f 2095/3060/3652 2100/3067/3652 2093/3058/3652

vn -0.346975 -0.894641 -0.28147
f 2095/3060/3653 2096/3061/3653 2100/3067/3653

vn -0.231253 -0.880486 0.413844
f 2097/3062/3654 2100/3066/3654 2096/3063/3654

vn -0.13761 -0.485234 -0.863488
f 2093/3058/3655 2094/3059/3655 2095/3060/3655

vn 0.123295 0.782605 -0.610187
f 2081/3041/3656 2077/3037/3656 2078/3038/3656

vn 0.964503 -0.246823 0.0938799
vt 0.663247 0.717381
f 2011/2949/3657 2012/2948/3657 2052/3102/3657

vt 0.880803 0.078884
vn 0.425917 0.398586 -0.812234
vt 0.889288 0.076533
f 2012/3103/3658 2046/2991/3658 2052/3104/3658

vn 0.442677 0.408916 -0.798013
f 2012/3103/3659 2045/2990/3659 2046/2991/3659

vn 0.447542 0.866341 -0.22172
v 2.27224 1.59024 0.432742
vt 0.871889 0.079719
f 2045/2990/3660 2012/3103/3660 2120/3105/3660

vn 0.933279 0.359152 0.000708146
vt 0.674192 0.728899
f 2013/2950/3661 2120/3106/3661 2012/2948/3661

vn 0.717021 0.680516 0.150924
v 2.25457 1.60766 0.43812
vt 0.678947 0.729217
f 2013/2950/3662 2121/3107/3662 2120/3106/3662

vn 0.506111 0.853021 0.127305
f 2013/2950/3663 2014/2951/3663 2121/3107/3663

vn 0.375016 0.684457 0.625206
v 2.23651 1.58153 0.477564
vt 0.680236 0.738708
f 2121/3107/3664 2014/2951/3664 2122/3108/3664

vn 0.495365 0.674674 0.547201
f 2122/3108/3665 2014/2951/3665 2017/2954/3665

vn 0.381529 0.306263 0.872146
v 2.19669 1.567 0.500083
vt 0.68657 0.745744
f 2017/2954/3666 2123/3109/3666 2122/3108/3666

vn 0.401616 0.300384 0.865144
f 2017/2954/3667 2018/2955/3667 2123/3109/3667

vn 0.500924 0.552228 0.666423
f 2018/2955/3668 2019/2956/3668 2123/3109/3668

vn 0.65658 0.252266 0.710819
f 2123/3109/3669 2019/2956/3669 2023/2962/3669

vn 0.6914 0.366275 0.622743
f 2023/2962/3670 2019/2956/3670 2020/2957/3670

vn 0.63378 0.244951 0.733704
vt 0.678304 0.748061
f 2123/3109/3671 2023/2962/3671 2026/3110/3671

vn 0.481514 0.0376013 0.875631
f 2122/3108/3672 2123/3109/3672 2026/3110/3672

vn 0.361928 0.0822395 0.928571
v 2.25712 1.5713 0.470438
vt 0.675471 0.737933
f 2122/3108/3673 2026/3110/3673 2124/3111/3673

vn 0.323344 0.124592 0.938043
v 2.24098 1.53095 0.481359
vt 0.674262 0.747246
f 2124/3111/3674 2026/3110/3674 2125/3112/3674

vn 0.052765 -0.511376 0.857736
vt 0.977835 0.822559
f 2026/2967/3675 2027/2968/3675 2125/3113/3675

vt 0.854803 0.076622
vn -0.167863 -0.471505 0.865739
f 2125/3114/3676 2027/2971/3676 2030/2973/3676

vn -0.197469 -0.493043 0.847298
v 2.28698 1.52051 0.486003
vt 0.858374 0.068253
f 2125/3114/3677 2030/2973/3677 2126/3115/3677

vn -0.175598 -0.498573 0.848876
f 2126/3115/3678 2030/2973/3678 2032/2975/3678

vn -0.196184 -0.520303 0.831142
v 2.34903 1.50094 0.4884
vt 0.86276 0.05721
f 2126/3115/3679 2032/2975/3679 2127/3116/3679

vn -0.193334 -0.521213 0.83124
f 2127/3116/3680 2032/2975/3680 2034/2977/3680

vn 0.178473 0.146932 0.972912
v 2.41864 1.48127 0.478603
vt 0.869442 0.047646
f 2127/3116/3681 2034/2977/3681 2128/3117/3681

vn 0.340113 0.0298121 0.939912
f 2128/3117/3682 2034/2977/3682 2035/2978/3682

vn 0.754567 0.380677 0.534522
f 2042/2987/3683 2128/3117/3683 2035/2978/3683

vn 0.521401 0.655592 0.546205
v 2.36108 1.52524 0.480761
vt 0.867126 0.058385
f 2042/2987/3684 2129/3118/3684 2128/3117/3684

vn 0.525743 0.675158 0.517451
f 2042/2987/3685 2043/2988/3685 2129/3118/3685

vn 0.345193 0.79592 0.497345
f 2043/2988/3686 2044/2989/3686 2129/3118/3686

vn 0.3373 0.794376 0.505169
v 2.30071 1.55399 0.475871
vt 0.864914 0.070132
f 2129/3118/3687 2044/2989/3687 2130/3119/3687

vn 0.288351 0.818226 0.497352
f 2044/2989/3688 2120/3105/3688 2130/3119/3688

vn 0.463943 0.864593 -0.192967
f 2045/2990/3689 2120/3105/3689 2044/2989/3689

vn 0.260194 0.816872 0.514801
vt 0.863245 0.078815
f 2130/3119/3690 2120/3105/3690 2124/3120/3690

vn 0.671842 0.517782 0.529652
f 2120/3106/3691 2121/3107/3691 2124/3111/3691

vn 0.509611 0.591246 0.62508
f 2121/3107/3692 2122/3108/3692 2124/3111/3692

vn -0.00367423 0.291041 0.956703
f 2124/3120/3693 2126/3115/3693 2130/3119/3693

vn -0.0348356 0.274062 0.961081
f 2124/3120/3694 2125/3114/3694 2126/3115/3694

vn 0.0483504 0.271102 0.961335
f 2130/3119/3695 2126/3115/3695 2127/3116/3695

vn 0.0533463 0.275308 0.959875
f 2130/3119/3696 2127/3116/3696 2129/3118/3696

vn 0.193198 0.205781 0.959337
f 2129/3118/3697 2127/3116/3697 2128/3117/3697

vn 0.905405 0.420506 -0.058454
f 2039/2984/3698 2042/2987/3698 2035/2978/3698

vn 0.237292 -0.373682 -0.896691
f 2052/3104/3699 2046/2991/3699 2048/2993/3699

vn 0.265492 -0.3821 -0.885163
f 2046/2991/3700 2047/2992/3700 2048/2993/3700

vn 0.281089 -0.345265 -0.895422
f 2052/3104/3701 2048/2993/3701 2049/2995/3701

vn 0.646507 0.722599 0.244702
f 2010/2947/3702 1995/2928/3702 1992/2925/3702

vn 0.453111 0.84174 0.293536
f 2001/2936/3703 1995/2931/3703 2010/2945/3703

vn 0.410634 0.801974 -0.433841
f 2003/2938/3704 1999/2934/3704 2000/2935/3704

vn -0.18976 0.202772 0.960664
f 1953/2874/3705 1949/2870/3705 1950/2871/3705

vn -0.140807 0.30811 0.940873
f 1881/2780/3706 1882/2781/3706 1898/2808/3706

vn -0.0589423 0.979106 -0.194621
vt 0.819902 0.710823
f 1866/2762/3707 1603/2399/3707 1853/3121/3707

vn -0.0887406 0.97024 -0.225299
f 1603/2399/3708 1604/2400/3708 1853/3121/3708

vn -0.0622288 0.971864 -0.227176
f 1853/3121/3709 1604/2400/3709 1605/2401/3709

vn -0.0611027 0.976665 0.205894
f 1866/2762/3710 1853/3121/3710 1864/2760/3710

vn -0.0717476 0.97585 0.206324
f 1864/2760/3711 1853/3121/3711 1854/2746/3711

vn -0.0599661 0.973723 0.2197
f 1853/3121/3712 1852/2745/3712 1854/2746/3712

vn -0.0933061 0.754303 0.649862
f 1864/2760/3713 1854/2746/3713 1855/2747/3713

vn 0.000472812 0.743525 -0.668709
f 1850/2739/3714 1607/2403/3714 1842/2730/3714

vn -0.0006989 0.741781 -0.670641
f 1607/2403/3715 1608/2729/3715 1842/2730/3715

vn -0.00351004 0.971715 -0.236132
f 1850/2739/3716 1842/2730/3716 1843/2731/3716

vn -0.00291599 0.97201 -0.234921
f 1850/2739/3717 1843/2731/3717 1847/2736/3717

vn 0.0198105 0.970587 -0.239934
f 1618/2429/3718 1619/2434/3718 1840/2727/3718

vn -0.0108936 0.964896 0.262406
v 0.966118 1.64884 0.381365
vt 0.918234 0.719784
f 1840/2727/3719 1619/2434/3719 2131/3122/3719

vn -0.0529923 0.962679 0.265408
f 2131/3122/3720 1619/2434/3720 1620/2435/3720

vn -0.0567562 0.739285 0.670997
v 0.930824 1.61343 0.417391
vt 0.924616 0.728734
f 2131/3122/3721 1620/2435/3721 2132/3123/3721

vn 0.817534 0.387385 0.426111
v 0.919705 1.66599 0.390949
vt 0.553508 0.788016
vt 0.548997 0.780151
f 1620/2437/3722 2133/3124/3722 2132/3125/3722

vn 0.824151 0.541047 0.167461
f 1621/2436/3723 2133/3124/3723 1620/2437/3723

vn 0.889414 0.436413 0.135967
f 1621/2436/3724 1622/2438/3724 2133/3124/3724

vn 0.857559 0.474862 0.197735
v 0.895903 1.70383 0.403299
vt 0.551659 0.794812
f 1622/2438/3725 2134/3126/3725 2133/3124/3725

vn -0.351786 -0.918609 -0.18001
vt 0.637329 0.420292
f 1623/2442/3726 2134/3127/3726 1622/2440/3726

vn -0.343319 -0.928134 -0.143871
f 1625/2444/3727 2134/3127/3727 1623/2442/3727

v 0.935873 1.70037 0.398246
vt 0.542315 0.445306
vn 0.142697 0.801675 0.580478
vt 0.541823 0.452707
vt 0.538325 0.44581
f 2135/3128/3728 2134/3129/3728 1625/3130/3728

v 0.939714 1.71587 0.373955
vt 0.547586 0.444782
vn 0.140594 0.824356 0.548335
f 2136/3131/3729 2134/3129/3729 2135/3128/3729

vn 0.00310629 0.923433 0.383746
vt 0.54739 0.454108
f 2136/3131/3730 1640/3132/3730 2134/3129/3730

vn -0.00405838 0.984422 0.175775
f 2136/3131/3731 1639/2460/3731 1640/3132/3731

vn 0.00323845 0.986054 0.166394
f 2136/3131/3732 1638/2459/3732 1639/2460/3732

v 0.982952 1.70788 0.372352
vt 0.547451 0.437019
vn 0.185247 0.969022 0.16334
f 2137/3133/3733 1638/2459/3733 2136/3131/3733

vn 0.168271 0.968527 0.183412
f 2137/3133/3734 1637/2458/3734 1638/2459/3734

vn 0.257853 0.949484 0.178862
f 1632/2453/3735 1637/2458/3735 2137/3133/3735

vn 0.216983 0.946937 0.237127
f 1636/2457/3736 1637/2458/3736 1632/2453/3736

vn 0.437616 0.871357 0.221877
f 1634/2455/3737 1636/2457/3737 1632/2453/3737

vn 0.240503 0.818043 0.52246
v 0.97882 1.68972 0.402686
vt 0.540939 0.437123
f 1632/2453/3738 2137/3133/3738 2138/3134/3738

vn 0.153892 0.838413 0.522859
f 2137/3133/3739 2135/3128/3739 2138/3134/3739

vn 0.171611 0.817924 0.549136
f 2137/3133/3740 2136/3131/3740 2135/3128/3740

vn 0.13904 0.802465 0.580274
f 2138/3134/3741 2135/3128/3741 1625/3130/3741

vn 0.152527 0.765402 0.625216
vt 0.535784 0.43761
f 2138/3134/3742 1625/3130/3742 1626/3135/3742

vn 0.225271 0.744544 0.628417
f 1630/2450/3743 2138/3134/3743 1626/3135/3743

vn 0.247398 0.808957 0.533275
f 1632/2453/3744 2138/3134/3744 1630/2450/3744

vn 0.219733 0.759209 0.612633
f 1630/2450/3745 1626/3135/3745 1628/2451/3745

vt 0.54948 0.918081
vn 0.43418 0.868333 0.23976
f 2134/3136/3746 1640/2462/3746 1641/2463/3746

v 0.923145 1.6897 0.438489
vt 0.570152 0.515494
vn 0.319534 0.938702 0.129374
vt 0.57116 0.524578
vt 0.565456 0.52432
f 2139/3137/3747 2134/3138/3747 1641/3139/3747

v 0.931755 1.68212 0.416151
vt 0.574912 0.51669
vn 0.536679 0.840147 -0.0782838
f 2140/3140/3748 2134/3138/3748 2139/3137/3748

vt 0.648583 0.443244
vn -0.288428 -0.79362 -0.535701
v 0.884189 1.69019 0.429815
vt 0.652503 0.44565
vt 0.649885 0.447051
f 2140/3141/3749 2141/3142/3749 2134/3143/3749

v 0.935119 1.66436 0.45895
vt 0.651198 0.439938
vn -0.25419 -0.900179 -0.353645
f 2142/3144/3750 2141/3142/3750 2140/3141/3750

vn -0.294291 -0.909949 -0.292207
v 0.897591 1.6649 0.495068
vt 0.655942 0.440134
f 2142/3144/3751 2143/3145/3751 2141/3142/3751

vt 0.655903 0.440139
vn -0.351459 -0.867238 -0.352668
vt 0.65123 0.44
v 0.979473 1.63361 0.4904
vt 0.65046 0.434386
v 0.93618 1.63339 0.53406
vt 0.655978 0.434398
f 2143/3146/3752 2142/3147/3752 2144/3148/3752 2145/3149/3752 

vt 0.650424 0.434325
vn -0.36932 -0.869155 -0.328897
v 0.961932 1.66314 0.432066
vt 0.647772 0.439813
f 2144/3150/3753 2142/3144/3753 2146/3151/3753

vn -0.371263 -0.867563 -0.330907
f 2146/3151/3754 2142/3144/3754 2140/3141/3754

vt 0.576998 0.509275
vn 0.590785 0.785846 -0.182808
v 0.952174 1.67575 0.454757
vt 0.571779 0.508818
f 2146/3152/3755 2140/3140/3755 2147/3153/3755

vn 0.480073 0.870264 -0.110324
f 2147/3153/3756 2140/3140/3756 2139/3137/3756

vn 0.453038 0.890362 -0.0448487
v 0.934659 1.68604 0.48203
vt 0.565566 0.508555
f 2147/3153/3757 2139/3137/3757 2148/3154/3757

vn 0.371927 0.928042 -0.0202273
v 0.908389 1.69602 0.456982
vt 0.565487 0.515418
f 2148/3154/3758 2139/3137/3758 2149/3155/3758

vn 0.364208 0.930915 -0.0273679
f 2139/3137/3759 1641/3139/3759 2149/3155/3759

vn 0.188751 0.969925 0.153685
v 0.881981 1.69723 0.481793
vt 0.558716 0.515582
f 2149/3155/3760 1641/3139/3760 2150/3156/3760

vn 0.205701 0.966771 0.151794
vt 0.558716 0.524687
f 2150/3156/3761 1641/3139/3761 1642/3157/3761

vn 0.0313128 0.954525 0.296483
v 0.854115 1.6923 0.500597
vt 0.552255 0.516119
f 2150/3156/3762 1642/3157/3762 2151/3158/3762

vn 0.0569919 0.953797 0.294995
vt 0.553243 0.525025
f 2151/3158/3763 1642/3157/3763 1643/3159/3763

vn -0.0984238 0.915949 0.389039
vt 0.549124 0.524416
f 2151/3158/3764 1643/3159/3764 1644/3160/3764

vn -0.182002 0.836667 0.516589
v 0.833335 1.68286 0.508569
vt 0.547701 0.516962
f 2151/3158/3765 1644/3160/3765 2152/3161/3765

vn -0.267547 0.791929 0.548878
v 0.817433 1.67414 0.513399
vt 0.544089 0.517707
f 2152/3161/3766 1644/3160/3766 2153/3162/3766

v 0.856661 1.65726 0.525615
vt 0.66062 0.440466
vn -0.192323 -0.827959 -0.526779
vt 0.662375 0.444177
vt 0.660124 0.447435
f 2154/3163/3767 2153/3164/3767 1644/3165/3767

vn -0.181501 -0.817329 -0.546836
v 0.82699 1.64935 0.547285
vt 0.664119 0.440576
f 2154/3163/3768 2155/3166/3768 2153/3164/3768

v 0.888731 1.62324 0.571824
vt 0.661564 0.434491
vn -0.151694 -0.843345 -0.515518
f 2156/3167/3769 2155/3166/3769 2154/3163/3769

vn -0.098499 -0.795263 -0.59821
v 0.853579 1.61055 0.594482
vt 0.665554 0.434585
f 2156/3167/3770 2157/3168/3770 2155/3166/3770

v 0.892878 1.57522 0.634347
vt 0.66554 0.428577
vn -0.101847 -0.792208 -0.601693
f 2158/3169/3771 2157/3168/3771 2156/3167/3771

v 0.882736 1.63166 0.5856
vt 0.544367 0.497183
vn -0.215078 0.615917 0.757883
vt 0.537348 0.497091
vt 0.538364 0.484478
f 2159/3170/3772 2157/3171/3772 2158/3172/3772

vt 0.540162 0.509965
vn -0.268589 0.6644 0.697447
f 2155/3173/3773 2157/3171/3773 2159/3170/3773

v 0.849069 1.66561 0.542056
vt 0.545568 0.509413
vn -0.29401 0.630175 0.718636
f 2160/3174/3774 2155/3173/3774 2159/3170/3774

vn -0.36844 0.697695 0.61439
f 2160/3174/3775 2153/3162/3775 2155/3173/3775

vn -0.273286 0.796841 0.53885
f 2160/3174/3776 2152/3161/3776 2153/3162/3776

v 0.876985 1.68071 0.530915
vt 0.551793 0.508869
vn -0.230572 0.816694 0.529006
f 2161/3175/3777 2152/3161/3777 2160/3174/3777

vn -0.203644 0.853343 0.479932
f 2161/3175/3778 2151/3158/3778 2152/3161/3778

vn 0.050879 0.945033 0.322993
f 2150/3156/3779 2151/3158/3779 2161/3175/3779

v 0.907834 1.68769 0.509396
vt 0.558716 0.508826
vn 0.00856339 0.947537 0.319532
f 2162/3176/3780 2150/3156/3780 2161/3175/3780

vn 0.190995 0.969097 0.156114
f 2149/3155/3781 2150/3156/3781 2162/3176/3781

vn 0.217847 0.963514 0.15551
f 2148/3154/3782 2149/3155/3782 2162/3176/3782

v 0.946536 1.66101 0.549129
vt 0.558716 0.497262
vn 0.336975 0.90012 0.276102
f 2163/3177/3783 2148/3154/3783 2162/3176/3783

v 0.976276 1.65883 0.517117
vt 0.566322 0.497456
vn 0.356753 0.894211 0.270397
f 2164/3178/3784 2148/3154/3784 2163/3177/3784

vn 0.533189 0.84567 0.0234807
f 2164/3178/3785 2147/3153/3785 2148/3154/3785

v 0.992606 1.64421 0.487008
vt 0.572939 0.497608
vn 0.631264 0.774838 -0.0336519
f 2165/3179/3786 2147/3153/3786 2164/3178/3786

vn 0.668542 0.733853 -0.120466
f 2165/3179/3787 2146/3152/3787 2147/3153/3787

v 1.00694 1.62805 0.45685
vt 0.57984 0.497727
vn 0.645239 0.757499 -0.099311
f 2166/3180/3788 2146/3152/3788 2165/3179/3788

vt 0.646499 0.434342
vn -0.495682 -0.825809 -0.268959
f 2166/3181/3789 2144/3150/3789 2146/3151/3789

v 1.04689 1.59222 0.496156
vt 0.646506 0.428317
vn -0.48857 -0.832236 -0.262073
f 2167/3182/3790 2144/3150/3790 2166/3181/3790

vn -0.475231 -0.818838 -0.321961
v 1.01853 1.59256 0.537157
vt 0.650958 0.427732
f 2167/3182/3791 2168/3183/3791 2144/3150/3791

v 1.06006 1.56243 0.543728
vt 0.648751 0.423596
vn -0.513556 -0.783982 -0.348759
f 2169/3184/3792 2168/3183/3792 2167/3182/3792

vn -0.524014 -0.791135 -0.31546
v 1.05806 1.54467 0.591594
vt 0.651971 0.420346
f 2169/3184/3793 2170/3185/3793 2168/3183/3793

vt 0.574621 0.475133
vn 0.802173 0.548112 0.236837
v 1.03521 1.58297 0.580354
vt 0.565666 0.47711
vt 0.567131 0.468813
f 2169/3186/3794 2171/3187/3794 2170/3188/3794

vn 0.83308 0.459995 0.307217
v 1.04147 1.59162 0.550434
vt 0.570488 0.480273
f 2169/3186/3795 2172/3189/3795 2171/3187/3795

vt 0.579515 0.485179
vn 0.849291 0.520095 0.090583
f 2167/3190/3796 2172/3189/3796 2169/3186/3796

vn 0.803059 0.589552 0.0867413
v 1.03164 1.60834 0.527789
vt 0.572334 0.485416
f 2167/3190/3797 2173/3191/3797 2172/3189/3797

vn 0.694146 0.719132 -0.0317872
f 2167/3190/3798 2165/3179/3798 2173/3191/3798

vn 0.695407 0.716617 -0.0535648
f 2167/3190/3799 2166/3180/3799 2165/3179/3799

vn 0.673143 0.739486 0.00621971
f 2173/3191/3800 2165/3179/3800 2164/3178/3800

vn 0.662948 0.744217 0.0814875
v 1.01419 1.62064 0.557436
vt 0.565888 0.485577
f 2173/3191/3801 2164/3178/3801 2174/3192/3801

vn 0.445665 0.820487 0.358027
f 2174/3192/3802 2164/3178/3802 2163/3177/3802

vn 0.438739 0.81368 0.381356
v 0.98551 1.62192 0.587686
vt 0.558716 0.485404
f 2174/3192/3803 2163/3177/3803 2175/3193/3803

vn 0.234237 0.791052 0.565128
v 0.95296 1.61391 0.6124
vt 0.551679 0.485413
f 2175/3193/3804 2163/3177/3804 2176/3194/3804

vn 0.203638 0.795109 0.571255
v 0.912242 1.65151 0.574577
vt 0.551089 0.497233
f 2176/3194/3805 2163/3177/3805 2177/3195/3805

vn 0.118856 0.86704 0.483854
f 2163/3177/3806 2161/3175/3806 2177/3195/3806

vn 0.126323 0.876149 0.465193
f 2163/3177/3807 2162/3176/3807 2161/3175/3807

vn -0.156976 0.757686 0.633459
f 2177/3195/3808 2161/3175/3808 2160/3174/3808

vn -0.203995 0.689315 0.695149
f 2160/3174/3809 2159/3170/3809 2177/3195/3809

vn -0.157316 0.647819 0.745374
v 0.923557 1.59646 0.624813
vt 0.545397 0.485051
f 2177/3195/3810 2159/3170/3810 2178/3196/3810

vn -0.193892 0.621045 0.759413
f 2159/3170/3811 2158/3172/3811 2178/3196/3811

vn -0.0669982 0.487602 0.870492
v 0.947101 1.58124 0.635148
vt 0.547349 0.480112
f 2178/3196/3812 2158/3172/3812 2179/3197/3812

vn -0.0593109 0.413298 0.908662
v 0.942397 1.54944 0.649304
vt 0.543588 0.475087
f 2179/3197/3813 2158/3172/3813 2180/3198/3813

vt 0.66335 0.423818
vn -0.198345 -0.748318 -0.632992
v 0.935372 1.5841 0.610536
vt 0.661054 0.428
f 2180/3199/3814 2158/3169/3814 2181/3200/3814

vn -0.168056 -0.787154 -0.593419
f 2181/3200/3815 2158/3169/3815 2156/3167/3815

vt 0.655942 0.434333
vn -0.245442 -0.813662 -0.526985
f 2145/3201/3816 2181/3200/3816 2156/3167/3816

v 0.980633 1.59097 0.578186
vt 0.655942 0.427597
vn -0.25262 -0.812075 -0.526038
f 2182/3202/3817 2181/3200/3817 2145/3201/3817

v 0.992153 1.53739 0.650735
vt 0.660088 0.420418
vn -0.268363 -0.794751 -0.544382
f 2183/3203/3818 2181/3200/3818 2182/3202/3818

vn -0.163263 -0.750058 -0.640904
f 2183/3203/3819 2180/3199/3819 2181/3200/3819

v 0.978381 1.57672 0.631368
vt 0.552013 0.477096
vn 0.087164 0.464455 0.881297
vt 0.550624 0.469072
f 2184/3204/3820 2180/3198/3820 2183/3205/3820

vn 0.164928 0.38067 0.909884
f 2179/3197/3821 2180/3198/3821 2184/3204/3821

vn 0.177465 0.540761 0.822243
f 2176/3194/3822 2179/3197/3822 2184/3204/3822

vn 0.00815381 0.570462 0.821283
f 2176/3194/3823 2178/3196/3823 2179/3197/3823

vn -0.079217 0.662998 0.744418
f 2177/3195/3824 2178/3196/3824 2176/3194/3824

vn 0.376922 0.612235 0.695053
f 2175/3193/3825 2176/3194/3825 2184/3204/3825

vn 0.375851 0.612629 0.695285
v 1.01302 1.57698 0.612416
vt 0.558716 0.475651
f 2175/3193/3826 2184/3204/3826 2185/3206/3826

vn 0.408685 0.514328 0.753951
f 2185/3206/3827 2184/3204/3827 2183/3205/3827

vn 0.360672 0.543515 0.757962
v 1.03382 1.538 0.63047
vt 0.558716 0.467163
f 2185/3206/3828 2183/3205/3828 2186/3207/3828

vt 0.655942 0.419262
vn -0.254815 -0.796727 -0.547993
f 2186/3208/3829 2183/3203/3829 2182/3202/3829

vn -0.418208 -0.81526 -0.400567
f 2170/3185/3830 2186/3208/3830 2182/3202/3830

vn 0.645284 0.576483 0.501274
f 2170/3188/3831 2185/3206/3831 2186/3207/3831

vn 0.640354 0.541815 0.544411
f 2171/3187/3832 2185/3206/3832 2170/3188/3832

vt 0.566261 0.485355
vn 0.574703 0.634892 0.516361
vt 0.558778 0.475712
vt 0.565728 0.477174
f 2174/3209/3833 2185/3210/3833 2171/3211/3833

vn 0.57364 0.635487 0.516811
vt 0.558774 0.485465
f 2185/3210/3834 2174/3209/3834 2175/3212/3834

vn 0.726701 0.604312 0.326668
f 2172/3189/3835 2174/3192/3835 2171/3187/3835

vn 0.738192 0.654615 0.162949
f 2173/3191/3836 2174/3192/3836 2172/3189/3836

vn -0.413585 -0.81123 -0.413345
f 2170/3185/3837 2182/3202/3837 2168/3183/3837

vt 0.655899 0.434323
vn -0.395666 -0.828159 -0.39699
vt 0.650381 0.434319
vt 0.65091 0.427726
vt 0.65592 0.427512
f 2145/3213/3838 2144/3214/3838 2168/3215/3838 2182/3216/3838 

vt 0.661529 0.434534
vn -0.204231 -0.850304 -0.485049
vt 0.655871 0.44021
vt 0.655907 0.434378
f 2156/3217/3839 2143/3218/3839 2145/3219/3839

vt 0.655871 0.440211
vn -0.203212 -0.850542 -0.485061
vt 0.660587 0.440509
f 2143/3220/3840 2156/3217/3840 2154/3221/3840

vn -0.13832 -0.901181 -0.41078
v 0.85722 1.68902 0.455738
vt 0.655942 0.445707
f 2143/3145/3841 2154/3163/3841 2187/3222/3841

vn -0.365703 -0.846186 -0.387597
f 2187/3222/3842 2154/3163/3842 1644/3165/3842

vt 0.533209 0.79921
vn 0.476212 0.265925 0.838157
v 0.862861 1.63446 0.469843
vt 0.537512 0.786762
vt 0.540692 0.795202
f 1644/3223/3843 2188/3224/3843 2187/3225/3843

vn 0.437517 0.232216 0.868709
v 0.795329 1.64113 0.502074
vt 0.525799 0.790926
f 1644/3223/3844 2189/3226/3844 2188/3224/3844

vn 0.377003 0.260696 0.888767
vt 0.525799 0.915926
f 1644/2466/3845 1645/2467/3845 2189/3227/3845

vn 0.32848 0.206737 0.921608
v 0.770041 1.62489 0.514728
vt 0.520345 0.914597
f 1645/2467/3846 2190/3228/3846 2189/3227/3846

vn 0.325428 0.205784 0.922903
v 0.733169 1.66763 0.5182
vt 0.516727 0.923596
f 1645/2467/3847 2191/3229/3847 2190/3228/3847

vn 0.237248 0.273933 0.932027
f 1646/2468/3848 2191/3229/3848 1645/2467/3848

vn 0.203147 0.233925 0.950794
v 0.686413 1.68087 0.524932
vt 0.509679 0.928085
f 1646/2468/3849 2192/3230/3849 2191/3229/3849

vn -0.203147 0.233925 0.950794
v 0.639657 1.66763 0.5182
vt 0.483273 0.923596
vt 0.490321 0.928085
f 1646/2470/3850 2193/3231/3850 2192/3232/3850

vn -0.237248 0.273933 0.932027
f 1646/2470/3851 1647/2469/3851 2193/3231/3851

vn -0.325428 0.205784 0.922903
v 0.602785 1.62489 0.514728
vt 0.479655 0.914597
f 1647/2469/3852 2194/3233/3852 2193/3231/3852

vn -0.32848 0.206737 0.921608
f 1647/2469/3853 1648/2471/3853 2194/3233/3853

vn -0.40624 0.0769452 0.910521
vt 0.479655 0.789597
f 1648/2472/3854 1807/2671/3854 2194/3234/3854

vn -0.286312 0.0862714 0.954245
f 1648/2472/3855 1649/2473/3855 1807/2671/3855

vn -0.710616 0.220667 0.66808
v 0.61397 1.56367 0.546848
vt 0.486717 0.579481
vt 0.482581 0.592251
f 1807/2674/3856 2195/3235/3856 2194/3236/3856

vn -0.741267 0.0336875 0.670364
f 1807/2674/3857 1808/2673/3857 2195/3235/3857

v 0.686413 1.50036 0.566136
vt 0.499974 0.568397
vn -0.280653 -0.028858 0.959375
v 0.686413 1.56102 0.567946
vt 0.499935 0.579522
vt 0.486691 0.579481
vt 0.485637 0.568388
f 2196/3237/3858 2197/3238/3858 2195/3239/3858 1808/3240/3858 

vt 0.500026 0.568397
vn 0.280653 -0.028858 0.959375
v 0.764825 1.50342 0.543276
vt 0.514363 0.568388
v 0.758856 1.56367 0.546848
vt 0.513309 0.579481
vt 0.500065 0.579522
f 2196/3241/3859 2198/3242/3859 2199/3243/3859 2197/3244/3859 

vt 0.514337 0.568388
vn 0.281379 -0.202072 0.938079
vt 0.5 0.568396
f 2198/3245/3860 2196/3246/3860 1814/2692/3860

vn 0.247368 -0.245685 0.937256
vt 0.5 0.557977
f 2196/3246/3861 1812/3247/3861 1814/2692/3861

vn -0.247368 -0.245685 0.937256
f 2196/3246/3862 1809/2676/3862 1812/3247/3862

vn -0.281379 -0.202072 0.938079
f 1808/2673/3863 1809/2676/3863 2196/3246/3863

vn 0.814651 -0.190055 0.547926
f 1818/2693/3864 2198/3245/3864 1814/2692/3864

vn 0.784832 -0.231173 0.574976
v 0.797644 1.50911 0.500763
vt 0.524887 0.568341
f 1818/2693/3865 2200/3248/3865 2198/3245/3865

vt 0.522819 0.769434
vn 0.381265 -0.240038 0.892759
v 0.822261 1.44865 0.473995
vt 0.527723 0.75984
f 2200/3249/3866 1818/2694/3866 2201/3250/3866

vn 0.331576 -0.505355 0.796664
f 1818/2694/3867 1819/2696/3867 2201/3250/3867

v 0.869949 1.4523 0.443583
vt 0.53601 0.760021
vn 0.489587 -0.511148 0.706423
f 2202/3251/3868 2201/3250/3868 1819/2696/3868

v 0.832021 1.51014 0.489745
vt 0.528388 0.769323
vn 0.530428 -0.288393 0.797167
f 2203/3252/3869 2201/3250/3869 2202/3251/3869

vn 0.30053 -0.281161 0.911389
f 2203/3252/3870 2200/3249/3870 2201/3250/3870

v 0.824582 1.57357 0.499404
vt 0.527947 0.779118
vn 0.30635 -0.108071 0.945764
f 2204/3253/3871 2200/3249/3871 2203/3252/3871

vn 0.312694 -0.110773 0.943373
v 0.792404 1.56871 0.509498
vt 0.522393 0.779213
f 2204/3253/3872 2205/3254/3872 2200/3249/3872

vn 0.286312 0.0862714 0.954245
f 2189/3226/3873 2205/3254/3873 2204/3253/3873

vn 0.40624 0.0769452 0.910521
vt 0.520345 0.789597
f 2189/3226/3874 2190/3255/3874 2205/3254/3874

vt 0.522983 0.580984
vn 0.710616 0.220667 0.66808
vt 0.517419 0.592251
vt 0.513283 0.579481
f 2205/3256/3875 2190/3257/3875 2199/3258/3875

vn 0.632661 0.265984 0.727319
v 0.741858 1.62172 0.540403
vt 0.510291 0.590282
f 2190/3257/3876 2206/3259/3876 2199/3258/3876

vt 0.509121 0.599907
vn 0.576566 0.441585 0.687441
f 2191/3260/3877 2206/3259/3877 2190/3257/3877

vn 0.19981 0.456986 0.866741
v 0.686413 1.61992 0.554137
vt 0.5 0.589471
f 2191/3260/3878 2207/3261/3878 2206/3259/3878

vt 0.5 0.601563
vn 0.244553 0.418952 0.874456
f 2192/3262/3879 2207/3261/3879 2191/3260/3879

vn -0.244553 0.418952 0.874456
vt 0.490879 0.599907
f 2192/3262/3880 2193/3263/3880 2207/3261/3880

vn -0.19981 0.456986 0.866741
v 0.630967 1.62172 0.540403
vt 0.489709 0.590282
f 2193/3263/3881 2208/3264/3881 2207/3261/3881

vn -0.576566 0.441585 0.687441
f 2193/3263/3882 2194/3236/3882 2208/3264/3882

vn -0.632661 0.265984 0.727319
f 2194/3236/3883 2195/3235/3883 2208/3264/3883

vn -0.268669 0.183645 0.945564
vt 0.5 0.578989
f 2208/3264/3884 2195/3235/3884 2197/3265/3884

vn -0.227593 0.22229 0.948045
f 2208/3264/3885 2197/3265/3885 2207/3261/3885

vn 0.227593 0.22229 0.948045
f 2206/3259/3886 2207/3261/3886 2197/3265/3886

vn 0.268669 0.183645 0.945564
f 2206/3259/3887 2197/3265/3887 2199/3258/3887

vn 0.741267 0.0336875 0.670364
f 2205/3256/3888 2199/3258/3888 2198/3245/3888

vn 0.792685 -0.0196191 0.609316
f 2200/3248/3889 2205/3256/3889 2198/3245/3889

vn 0.43793 0.154643 0.885609
f 2189/3226/3890 2204/3253/3890 2188/3224/3890

vn 0.419357 0.169366 0.891883
v 0.873503 1.57513 0.476106
vt 0.53608 0.77784
f 2188/3224/3891 2204/3253/3891 2209/3266/3891

vn 0.430601 -0.0862899 0.898408
f 2209/3266/3892 2204/3253/3892 2203/3252/3892

vn 0.496248 -0.136809 0.857334
v 0.874982 1.51454 0.465582
vt 0.53558 0.769235
f 2209/3266/3893 2203/3252/3893 2210/3267/3893

vn 0.488665 -0.325578 0.809448
f 2210/3267/3894 2203/3252/3894 2202/3251/3894

vn 0.68923 -0.290331 0.663829
f 1833/2717/3895 2210/3267/3895 2202/3251/3895

vn 0.703635 -0.182855 0.68663
v 0.907328 1.57627 0.448873
vt 0.542133 0.776616
f 1833/2717/3896 2211/3268/3896 2210/3267/3896

v 0.925825 1.5712 0.428978
vt 0.545499 0.775009
vn 0.696279 -0.18313 0.694017
f 2212/3269/3897 2211/3268/3897 1833/2717/3897

vn 0.741018 0.0946579 0.66478
f 2132/3125/3898 2211/3268/3898 2212/3269/3898

v 0.911937 1.62354 0.432294
vt 0.546101 0.78266
vn 0.668279 0.187373 0.719926
f 2213/3270/3899 2211/3268/3899 2132/3125/3899

vn 0.608963 0.209026 0.765162
f 2213/3270/3900 2209/3266/3900 2211/3268/3900

vn 0.622948 0.19179 0.758388
f 2188/3224/3901 2209/3266/3901 2213/3270/3901

vt 0.546721 0.793638
vn 0.621625 0.285926 0.729266
f 2141/3271/3902 2188/3224/3902 2213/3270/3902

vn 0.665217 0.250614 0.703334
f 2141/3271/3903 2187/3225/3903 2188/3224/3903

vn -0.252627 -0.918536 -0.304092
f 2143/3145/3904 2187/3222/3904 2141/3142/3904

vn 0.780416 0.344322 0.521913
f 2134/3126/3905 2141/3271/3905 2213/3270/3905

vn 0.797913 0.339264 0.498232
f 2133/3124/3906 2134/3126/3906 2213/3270/3906

vn 0.689514 0.436646 0.57785
f 2133/3124/3907 2213/3270/3907 2132/3125/3907

vn 0.625105 -0.118747 0.771455
f 2211/3268/3908 2209/3266/3908 2210/3267/3908

vn -0.0199751 0.26673 0.963564
vt 0.925781 0.736533
f 1837/2723/3909 2132/3123/3909 2212/3272/3909

vn -0.0549487 0.738507 0.672003
f 1837/2723/3910 2131/3122/3910 2132/3123/3910

vn -0.0272856 0.743252 0.668455
f 1838/2724/3911 2131/3122/3911 1837/2723/3911

vn -0.0288484 0.969127 0.24487
f 1838/2724/3912 1840/2727/3912 2131/3122/3912

vn -0.0156211 0.262249 0.964874
f 1837/2723/3913 2212/3272/3913 1836/2722/3913

vn 0.00953262 -0.274405 0.961567
vt 0.726563 0.816406
f 1836/2721/3914 2212/3273/3914 1834/2719/3914

vn 0.777563 -0.243589 0.579707
f 1834/2718/3915 2212/3269/3915 1833/2717/3915

vn 0.0178652 -0.285184 0.958306
f 1836/2721/3916 1834/2719/3916 1835/2720/3916

vn 0.822094 -0.366653 0.435576
f 1832/2715/3917 1833/2717/3917 2202/3251/3917

vn 0.817057 -0.387354 0.427053
f 1832/2715/3918 2202/3251/3918 1831/2714/3918

vn 0.491431 -0.513939 0.70311
f 2202/3251/3919 1819/2696/3919 1831/2714/3919

vn 0.504034 -0.464022 0.728446
f 1831/2714/3920 1819/2696/3920 1822/2702/3920

vn 0.414744 -0.494358 0.763935
f 1819/2696/3921 1820/2697/3921 1822/2702/3921

vn 0.660753 -0.592998 0.460173
f 1830/2713/3922 1831/2714/3922 1822/2702/3922

vn 0.704565 -0.397355 0.587961
f 1830/2713/3923 1822/2702/3923 1828/2711/3923

vn 0.629498 -0.441504 0.639379
f 1822/2702/3924 1823/2703/3924 1828/2711/3924

vn 0.637925 -0.380168 0.669719
f 1828/2711/3925 1823/2703/3925 1826/2709/3925

vn 0.890414 -0.272604 0.364486
f 1826/2707/3926 1823/2704/3926 1824/2705/3926

vn 0.861212 -0.449206 0.237756
f 1537/2311/3927 1538/2312/3927 1829/2712/3927

vn 0.888527 -0.320757 0.328078
v 0.8361 1.25451 0.299931
vt 0.545473 0.720235
f 1537/2311/3928 1829/2712/3928 2214/3274/3928

vn 0.855514 -0.348465 0.382973
f 2214/3274/3929 1829/2712/3929 1827/2708/3929

v 0.844767 1.19971 0.26875
vt 0.547382 0.708079
vn 0.869211 -0.133435 0.476096
f 2215/3275/3930 2214/3274/3930 1827/2708/3930

v 0.859048 1.29016 0.240914
vt 0.559551 0.722765
vn 0.939831 -0.0441266 0.338779
f 2216/3276/3931 2214/3274/3931 2215/3275/3931

vn 0.920037 -0.367605 0.135639
f 2216/3276/3932 1537/2311/3932 2214/3274/3932

vn 0.966311 -0.256831 -0.0167838
f 1536/2310/3933 1537/2311/3933 2216/3276/3933

v 0.865636 1.32558 0.183706
vt 0.573383 0.725952
vn 0.962879 -0.264682 -0.0529842
f 2217/3277/3934 1536/2310/3934 2216/3276/3934

vn 0.947702 -0.101519 -0.302581
f 1535/2309/3935 1536/2310/3935 2217/3277/3935

v 0.865251 1.30513 0.0945494
vt 0.590277 0.715186
vn 0.961064 0.2684 -0.065705
f 2218/3278/3936 1535/2309/3936 2217/3277/3936

vn 0.814495 0.456631 -0.35789
f 1534/2308/3937 1535/2309/3937 2218/3278/3937

v 0.890155 1.25098 0.0428476
vt 0.594911 0.699138
vn 0.770918 0.588081 -0.244636
f 2219/3279/3938 1534/2308/3938 2218/3278/3938

vn 0.776825 0.588465 -0.224171
f 1532/2305/3939 1534/2308/3939 2219/3279/3939

vn 0.747292 0.643621 -0.165249
f 1531/2304/3940 1532/2305/3940 2219/3279/3940

vn 0.892481 0.450198 -0.0282766
v 0.931329 1.17084 0.0664315
vt 0.583285 0.685536
f 1531/2304/3941 2219/3279/3941 2220/3280/3941

vn 0.884157 0.465595 0.0385751
v 0.905676 1.21617 0.107246
vt 0.579891 0.697505
f 2219/3279/3942 2221/3281/3942 2220/3280/3942

vn 0.910164 0.414224 0.00453875
f 2219/3279/3943 2218/3278/3943 2221/3281/3943

vn 0.911343 0.411109 -0.021043
v 0.882306 1.27003 0.147307
vt 0.576646 0.711624
f 2218/3278/3944 2222/3282/3944 2221/3281/3944

vn 0.938867 0.334663 -0.0808073
f 2218/3278/3945 2217/3277/3945 2222/3282/3945

vn 0.962529 0.134563 0.235435
v 0.87222 1.23217 0.210179
vt 0.561627 0.70933
f 2222/3282/3946 2217/3277/3946 2223/3283/3946

vn 0.974635 0.121887 0.187697
f 2217/3277/3947 2216/3276/3947 2223/3283/3947

vn 0.90853 -0.0149435 0.417552
f 2223/3283/3948 2216/3276/3948 2215/3275/3948

vn 0.899138 0.0277103 0.436788
v 0.859006 1.13551 0.243512
vt 0.547968 0.694502
f 2223/3283/3949 2215/3275/3949 2224/3284/3949

vn 0.757855 -0.0861393 0.646711
v 0.816606 1.11453 0.290406
vt 0.535324 0.695063
f 2224/3284/3950 2215/3275/3950 2225/3285/3950

vn 0.763278 -0.0896853 0.639815
v 0.787046 1.17074 0.333548
vt 0.529988 0.70844
f 2215/3275/3951 2226/3286/3951 2225/3285/3951

vn 0.772089 -0.345972 0.533087
f 2215/3275/3952 1827/2708/3952 2226/3286/3952

vn 0.621627 -0.327951 0.711357
f 1827/2708/3953 1825/2710/3953 2226/3286/3953

vn 0.635501 -0.302266 0.710474
v 0.764995 1.1527 0.345596
vt 0.524508 0.706621
f 1825/2710/3954 2227/3287/3954 2226/3286/3954

vn 0.441518 -0.308454 0.842567
v 0.751279 1.16127 0.355923
vt 0.521952 0.709013
f 1825/2710/3955 2228/3288/3955 2227/3287/3955

vn 0.709271 -0.617979 0.33917
vt 0.515105 0.492369
f 1825/2706/3956 1764/2621/3956 2228/3289/3956

vn 0.576607 -0.766057 0.284043
f 2228/3289/3957 1764/2621/3957 1761/2618/3957

vn 0.345627 0.217129 0.912906
f 2228/3289/3958 1761/2618/3958 1759/2616/3958

vn 0.623557 0.0585226 0.779584
vt 0.518126 0.489992
f 2228/3289/3959 1759/2616/3959 2227/3290/3959

vn 0.631392 0.0435496 0.77424
f 2227/3290/3960 1759/2616/3960 1758/2615/3960

v 0.788575 1.10603 0.313607
vt 0.523571 0.478956
vn 0.790274 -0.0204638 0.612412
f 2229/3291/3961 2227/3290/3961 1758/2615/3961

vn 0.601233 -0.222295 0.767531
vt 0.528296 0.695882
f 2226/3286/3962 2227/3287/3962 2229/3292/3962

vn 0.660335 -0.206845 0.721923
f 2226/3286/3963 2229/3292/3963 2225/3285/3963

vn 0.661307 -0.262202 0.702797
v 0.797752 1.04806 0.283345
vt 0.529084 0.683281
f 2225/3285/3964 2229/3292/3964 2230/3293/3964

vt 0.524968 0.465845
vn 0.799978 -0.173258 0.57447
v 0.758473 1.02428 0.330871
vt 0.512672 0.466493
f 2230/3294/3965 2229/3291/3965 2231/3295/3965

vn 0.807091 -0.178331 0.562852
f 2229/3291/3966 1758/2615/3966 2231/3295/3966

vn 0.145726 -0.391735 0.908464
f 1758/2615/3967 1749/2602/3967 2231/3295/3967

vn 0.146 -0.541687 0.827804
f 2231/3295/3968 1749/2602/3968 1748/2601/3968

v 0.789926 0.993069 0.254163
vt 0.522868 0.453479
vn 0.797191 -0.369713 0.477283
f 2232/3296/3969 2231/3295/3969 1748/2601/3969

vn 0.79888 -0.366728 0.476761
f 2232/3296/3970 2230/3294/3970 2231/3295/3970

v 0.828324 1.05178 0.262972
vt 0.53601 0.681897
vn 0.531523 -0.454871 0.714545
vt 0.527643 0.671055
f 2233/3297/3971 2230/3293/3971 2232/3298/3971

vn 0.55824 -0.242596 0.79342
f 2225/3285/3972 2230/3293/3972 2233/3297/3972

vn 0.764054 -0.133269 0.631238
f 2224/3284/3973 2225/3285/3973 2233/3297/3973

vn 0.70225 -0.0932942 0.705791
v 0.872437 1.06335 0.220611
vt 0.547479 0.680092
f 2224/3284/3974 2233/3297/3974 2234/3299/3974

vn 0.696269 -0.340023 0.632134
v 0.820067 0.980648 0.233808
vt 0.534117 0.667317
f 2234/3299/3975 2233/3297/3975 2235/3300/3975

vn 0.401196 -0.38699 0.830229
f 2233/3297/3976 2232/3298/3976 2235/3300/3976

vn 0.316348 -0.526034 0.789438
v 0.766414 0.946181 0.232341
vt 0.523711 0.660213
f 2232/3298/3977 2236/3301/3977 2235/3300/3977

vt 0.517133 0.443413
vn 0.766775 -0.543477 0.341597
f 2236/3302/3978 2232/3296/3978 1748/2601/3978

vn 0.668245 -0.651478 0.3592
f 2236/3302/3979 1748/2601/3979 1746/2599/3979

vn 0.617358 -0.748706 0.24147
f 2236/3302/3980 1746/2599/3980 1744/2596/3980

vn 0.129869 -0.487221 0.863568
v 0.792948 0.917306 0.212059
vt 0.529873 0.654109
f 2236/3301/3981 1744/2595/3981 2237/3303/3981

vn 0.12498 -0.372351 0.919638
f 2237/3303/3982 1744/2595/3982 1743/2593/3982

vn 0.284414 -0.510996 0.811167
f 2237/3303/3983 1743/2593/3983 1742/2592/3983

v 0.868083 0.96485 0.197123
vt 0.54426 0.66213
vn 0.413913 -0.396724 0.819321
f 2238/3304/3984 2237/3303/3984 1742/2592/3984

vn 0.441453 -0.45461 0.773595
f 2235/3300/3985 2237/3303/3985 2238/3304/3985

vn 0.23556 -0.404292 0.883776
f 2235/3300/3986 2236/3301/3986 2237/3303/3986

vn 0.54654 -0.217021 0.808824
f 2234/3299/3987 2235/3300/3987 2238/3304/3987

vn 0.680301 -0.198318 0.705592
v 0.906818 0.958241 0.157919
vt 0.553071 0.658526
f 2234/3299/3988 2238/3304/3988 2239/3305/3988

vn 0.609048 -0.420304 0.672611
f 2238/3304/3989 1742/2592/3989 2239/3305/3989

vn 0.538857 -0.350458 0.766037
f 2239/3305/3990 1742/2592/3990 1741/2591/3990

v 0.93869 0.947672 0.1051
vt 0.562069 0.653825
vn 0.782393 -0.317666 0.535676
f 2240/3306/3991 2239/3305/3991 1741/2591/3991

v 0.951183 1.04814 0.103726
vt 0.568954 0.668292
vn 0.843345 -0.0976451 0.528427
f 2241/3307/3992 2239/3305/3992 2240/3306/3992

vn 0.817638 -0.058221 0.572781
v 0.919144 1.07602 0.152295
vt 0.562078 0.676705
f 2241/3307/3993 2242/3308/3993 2239/3305/3993

vn 0.867739 0.267697 0.418769
f 2220/3280/3994 2242/3308/3994 2241/3307/3994

vn 0.93732 0.159912 0.309612
v 0.894185 1.17198 0.178291
vt 0.563694 0.6954
f 2220/3280/3995 2243/3309/3995 2242/3308/3995

vn 0.920178 0.247891 0.303022
f 2220/3280/3996 2221/3281/3996 2243/3309/3996

vn 0.939448 0.201431 0.277241
f 2221/3281/3997 2222/3282/3997 2243/3309/3997

vn 0.941507 0.199822 0.271359
f 2222/3282/3998 2223/3283/3998 2243/3309/3998

vn 0.866239 0.052909 0.496821
f 2243/3309/3999 2223/3283/3999 2224/3284/3999

vn 0.877462 0.0111414 0.479517
f 2243/3309/4000 2224/3284/4000 2234/3299/4000

vn 0.819025 0.0583972 0.570778
f 2242/3308/4001 2243/3309/4001 2234/3299/4001

vn 0.829176 -0.0602426 0.555732
f 2242/3308/4002 2234/3299/4002 2239/3305/4002

v 0.956454 1.12624 0.0380109
vt 0.584235 0.67538
vn 0.888416 0.258961 0.379021
f 2244/3310/4003 2220/3280/4003 2241/3307/4003

vn 0.868735 0.495194 -0.00907956
f 1531/2304/4004 2220/3280/4004 2244/3310/4004

vn 0.810896 0.57576 0.104629
f 1530/2303/4005 1531/2304/4005 2244/3310/4005

vn 0.655957 0.741911 0.138881
vt 0.900679 0.665231
f 1528/2300/4006 1530/2302/4006 2244/3311/4006

vn 0.506327 0.820598 0.265051
f 1529/2301/4007 1530/2302/4007 1528/2300/4007

vn 0.619997 0.480233 0.620467
vt 0.882516 0.654826
f 2244/3311/4008 2241/3312/4008 1528/2300/4008

vn 0.450235 0.663115 0.597969
v 0.99108 1.03152 0.0921127
vt 0.886358 0.646147
f 1528/2300/4009 2241/3312/4009 2245/3313/4009

vn 0.271499 -0.0206042 0.962218
vt 0.865106 0.641911
f 2241/3312/4010 2240/3314/4010 2245/3313/4010

vn -0.245562 0.296378 0.922962
v 0.972878 0.94301 0.115693
vt 0.869386 0.635777
f 2245/3313/4011 2240/3314/4011 2246/3315/4011

vn -0.3112 -0.149771 0.938469
v 0.927471 0.84479 0.0849604
vt 0.847304 0.628581
f 2240/3314/4012 2247/3316/4012 2246/3315/4012

vn 0.635298 -0.214499 0.74188
vt 0.559876 0.637424
f 2240/3306/4013 1741/2591/4013 2247/3317/4013

vn 0.530823 -0.594665 0.603822
v 0.915382 0.755941 0.00808667
vt 0.56493 0.618901
f 2247/3317/4014 1741/2591/4014 2248/3318/4014

vn 0.351217 -0.690647 0.632181
f 2248/3318/4015 1741/2591/4015 1740/2590/4015

vn 0.550394 -0.804515 0.223208
v 0.910748 0.717457 -0.119195
vt 0.578113 0.601192
f 2248/3318/4016 1740/2590/4016 2249/3319/4016

vn 0.659081 -0.708611 0.251958
v 0.872592 0.659455 -0.182511
vt 0.5794 0.585357
f 2249/3319/4017 1740/2590/4017 2250/3320/4017

vn 0.361272 -0.877485 0.31544
f 1740/2590/4018 1739/2589/4018 2250/3320/4018

vn 0.466311 -0.810039 0.355516
v 0.788496 0.617118 -0.168671
vt 0.566693 0.574871
f 2250/3320/4019 1739/2589/4019 2251/3321/4019

vn 0.133781 -0.906119 0.401311
vt 0.533999 0.589182
f 1739/2589/4020 1706/3322/4020 2251/3321/4020

vn 0.128066 -0.822704 0.553857
f 1739/2589/4021 1708/2588/4021 1706/3322/4021

vn 0.158263 -0.896609 0.413576
vt 0.552083 0.56319
f 2251/3321/4022 1706/3322/4022 1705/3323/4022

vn 0.15868 -0.954037 0.254233
vt 0.57487 0.537644
f 2251/3321/4023 1705/3323/4023 1703/3324/4023

vn 0.234435 -0.949697 0.207642
v 0.780588 0.575218 -0.351379
vt 0.588717 0.549283
f 2251/3321/4024 1703/3324/4024 2252/3325/4024

vn 0.23218 -0.956941 0.174228
vt 0.595576 0.517012
f 2252/3325/4025 1703/3324/4025 1702/3326/4025

vn 0.236526 -0.956437 0.171127
v 0.773753 0.546601 -0.501875
vt 0.608359 0.528422
f 2252/3325/4026 1702/3326/4026 2253/3327/4026

vn 0.235612 -0.95867 0.159496
v 0.686413 0.504055 -0.628584
vt 0.61522 0.498744
f 2253/3327/4027 1702/3326/4027 2254/3328/4027

vn -0.235612 -0.95867 0.159496
vt 0.38478 0.498744
f 1702/2546/4028 1700/2544/4028 2254/3329/4028

vn -0.237016 -0.958494 0.158469
v 0.603788 0.523504 -0.634526
vt 0.373398 0.510447
f 2254/3329/4029 1700/2544/4029 2255/3330/4029

vn -0.612229 -0.782351 0.114461
f 2255/3330/4030 1700/2544/4030 1699/2543/4030

vn -0.633338 -0.768556 0.090583
v 0.537528 0.576154 -0.651088
vt 0.361328 0.521562
f 2255/3330/4031 1699/2543/4031 2256/3331/4031

vn -0.914304 -0.404963 0.0072773
v 0.489232 0.686929 -0.554506
vt 0.363363 0.550572
f 2256/3331/4032 1699/2543/4032 2257/3332/4032

vn -0.912862 -0.408243 -0.00451001
f 2257/3332/4033 1699/2543/4033 1697/2541/4033

vn -0.993708 -0.0280731 -0.108426
f 2257/3332/4034 1697/2541/4034 1405/2135/4034

vn -0.988653 -0.0410283 -0.144503
f 1405/2135/4035 1697/2541/4035 1403/2133/4035

vn -0.994659 -0.0360659 -0.0967112
f 1407/2137/4036 2257/3332/4036 1405/2135/4036

vn -0.995401 -0.0340864 -0.0895298
f 1409/2139/4037 2257/3332/4037 1407/2137/4037

vn -0.995718 -0.029225 -0.0877046
v 0.500756 0.655964 -0.675021
vt 0.348217 0.532699
f 1409/2139/4038 2258/3333/4038 2257/3332/4038

v 0.510459 0.62944 -0.771628
vt 0.336116 0.518124
vn -0.99533 -0.0304193 -0.0916131
f 2259/3334/4039 2258/3333/4039 1409/2139/4039

vn -0.905844 -0.422866 0.0251248
v 0.545309 0.556118 -0.749212
vt 0.34822 0.507723
f 2259/3334/4040 2260/3335/4040 2258/3333/4040

v 0.553909 0.534375 -0.848421
vt 0.334949 0.493554
vn -0.904823 -0.42553 0.0148231
f 2261/3336/4041 2260/3335/4041 2259/3334/4041

v 0.612879 0.48713 -0.833977
vt 0.345554 0.483284
vn -0.637857 -0.76201 0.11171
f 2262/3337/4042 2260/3335/4042 2261/3336/4042

vn -0.640796 -0.760103 0.107815
v 0.608106 0.505378 -0.7337
vt 0.359622 0.496924
f 2262/3337/4043 2263/3338/4043 2260/3335/4043

v 0.686413 0.470269 -0.828822
vt 0.355513 0.47256
vn -0.231372 -0.959028 0.163499
f 2264/3339/4044 2263/3338/4044 2262/3337/4044

vn -0.23319 -0.958853 0.161938
v 0.686413 0.487269 -0.728164
vt 0.370297 0.485673
f 2264/3339/4045 2265/3340/4045 2263/3338/4045

v 0.76472 0.505378 -0.7337
vt 0.640378 0.496924
vn 0.23319 -0.958853 0.161938
vt 0.629703 0.485673
vt 0.644487 0.47256
f 2266/3341/4046 2265/3342/4046 2264/3343/4046

v 0.769038 0.523504 -0.634526
vt 0.626602 0.510447
vn 0.23328 -0.958309 0.164997
f 2267/3344/4047 2265/3342/4047 2266/3341/4047

vn 0.237109 -0.957967 0.161486
f 2267/3344/4048 2254/3328/4048 2265/3342/4048

vn 0.237016 -0.958494 0.158469
f 2253/3327/4049 2254/3328/4049 2267/3344/4049

v 0.844083 0.598255 -0.525
vt 0.621747 0.538822
vn 0.612229 -0.782351 0.114461
f 2268/3345/4050 2253/3327/4050 2267/3344/4050

v 0.853976 0.626548 -0.382533
vt 0.603368 0.558578
vn 0.612016 -0.782738 0.112951
f 2269/3346/4051 2253/3327/4051 2268/3345/4051

vn 0.603219 -0.788117 0.122468
f 2269/3346/4052 2252/3325/4052 2253/3327/4052

vn 0.593108 -0.801466 0.0766529
f 2250/3320/4053 2252/3325/4053 2269/3346/4053

vn 0.465728 -0.866717 0.178602
f 2250/3320/4054 2251/3321/4054 2252/3325/4054

vn 0.902055 -0.431427 -0.0129792
v 0.911076 0.744052 -0.319875
vt 0.607973 0.583992
f 2269/3346/4055 2270/3347/4055 2250/3320/4055

v 0.898629 0.719119 -0.425046
vt 0.620578 0.569406
vn 0.900101 -0.435669 -0.00324298
f 2271/3348/4056 2270/3347/4056 2269/3346/4056

vn 0.99302 -0.0544773 -0.104613
v 0.910417 0.851055 -0.381854
vt 0.627491 0.593428
f 2271/3348/4057 2272/3349/4057 2270/3347/4057

v 0.897504 0.823581 -0.462401
vt 0.637108 0.581194
vn 0.988653 -0.0410283 -0.144503
f 2273/3350/4058 2272/3349/4058 2271/3348/4058

vn 0.947219 0.224824 -0.228541
f 1504/2266/4059 2272/3349/4059 2273/3350/4059

vn 0.94726 0.11892 -0.297586
f 1504/2266/4060 1505/2267/4060 2272/3349/4060

vn 0.774199 0.0480524 -0.631115
v 0.929181 0.966994 -0.350009
vt 0.631402 0.614535
f 1505/2267/4061 2274/3351/4061 2272/3349/4061

vn 0.765401 0.424728 -0.483494
f 1505/2267/4062 1506/2268/4062 2274/3351/4062

vn 0.473456 0.449817 -0.757301
f 1506/2268/4063 1518/2284/4063 2274/3351/4063

vn 0.423184 0.468948 -0.775244
vt 0.980112 0.64611
f 1518/2286/4064 1520/2288/4064 2274/3352/4064

vn 0.57102 0.245663 -0.783317
v 0.974549 0.930975 -0.328233
vt 0.976764 0.637104
f 1520/2288/4065 2275/3353/4065 2274/3352/4065

vn 0.452349 0.312632 -0.835249
f 1520/2288/4066 1522/2290/4066 2275/3353/4066

vn 0.467802 0.265776 -0.842926
v 1.03467 0.874437 -0.312696
vt 0.974679 0.623985
f 1522/2290/4067 2276/3354/4067 2275/3353/4067

vn 0.521641 0.225211 -0.822903
f 1522/2290/4068 1523/2291/4068 2276/3354/4068

vn 0.535827 0.165335 -0.827982
v 1.08332 0.820776 -0.291927
vt 0.973031 0.612022
f 1523/2291/4069 2277/3355/4069 2276/3354/4069

vn 0.544736 0.155701 -0.824027
v 1.13561 0.755637 -0.269669
vt 0.971477 0.597989
f 1523/2291/4070 2278/3356/4070 2277/3355/4070

vn 0.565381 0.152416 -0.810626
v 1.20222 0.822135 -0.210708
vt 0.952748 0.599685
f 1523/2291/4071 2279/3357/4071 2278/3356/4071

vn 0.727275 0.408047 -0.551877
f 1523/2291/4072 1524/2292/4072 2279/3357/4072

vn 0.707497 0.414136 -0.57266
v 1.24868 0.885079 -0.107779
vt 0.932222 0.602231
f 2279/3357/4073 1524/2292/4073 2280/3358/4073

vn 0.746048 0.632103 -0.209423
f 1524/2292/4074 1526/2297/4074 2280/3358/4074

vn 0.767083 0.618337 -0.171006
v 1.24896 0.917823 0.0118457
vt 0.913859 0.604612
f 2280/3358/4075 1526/2297/4075 2281/3359/4075

vn 0.634071 0.725096 0.26868
v 1.14172 0.988579 0.073959
vt 0.901049 0.621756
f 2281/3359/4076 1526/2297/4076 2282/3360/4076

vn 0.571305 0.781384 0.251095
f 1526/2297/4077 1527/2299/4077 2282/3360/4077

vn 0.334696 0.729939 0.595959
v 1.0381 1.00117 0.11673
vt 0.886493 0.634035
f 2282/3360/4078 1527/2299/4078 2283/3361/4078

vn 0.209657 0.791012 0.574755
f 1527/2299/4079 2245/3313/4079 2283/3361/4079

vn 0.251006 0.741597 0.622117
f 1527/2299/4080 1528/2300/4080 2245/3313/4080

vn -0.282714 0.300784 0.910825
f 2245/3313/4081 2246/3315/4081 2283/3361/4081

vn -0.38648 0.418731 0.821765
v 1.00289 0.940376 0.131149
vt 0.873409 0.630487
f 2283/3361/4082 2246/3315/4082 2284/3362/4082

vn -0.419683 0.281631 0.862873
v 1.02214 0.903181 0.15265
vt 0.871647 0.622132
f 2246/3315/4083 2285/3363/4083 2284/3362/4083

vn -0.614609 -0.0286283 0.788312
v 0.952963 0.829939 0.0960595
vt 0.849714 0.622586
f 2246/3315/4084 2286/3364/4084 2285/3363/4084

vn -0.436202 -0.0788172 0.89639
f 2246/3315/4085 2247/3316/4085 2286/3364/4085

vn -0.572048 -0.490777 0.657191
vt 0.825711 0.617376
f 2247/3316/4086 2248/3365/4086 2286/3364/4086

vn -0.589787 -0.476014 0.652351
v 0.933327 0.741897 0.0140631
vt 0.826974 0.612785
f 2286/3364/4087 2248/3365/4087 2287/3366/4087

vn -0.643994 -0.739511 0.195946
v 0.929496 0.712932 -0.107844
vt 0.801445 0.609884
f 2287/3366/4088 2248/3365/4088 2288/3367/4088

vn -0.382177 -0.880597 0.280161
vt 0.799743 0.613629
f 2288/3367/4089 2248/3365/4089 2249/3368/4089

v 0.934606 0.757624 -0.256278
vt 0.775328 0.617537
vn -0.055293 -0.955548 -0.289606
f 2289/3369/4090 2288/3367/4090 2249/3368/4090

v 0.950588 0.75429 -0.256443
vt 0.774248 0.615054
vn -0.198351 -0.936608 -0.288828
f 2290/3370/4091 2288/3367/4091 2289/3369/4091

vn -0.833294 -0.490599 -0.254821
v 0.962293 0.721265 -0.231137
vt 0.778141 0.608911
f 2290/3370/4092 2291/3371/4092 2288/3367/4092

v 1.01803 0.758651 -0.293386
vt 0.762921 0.609217
vn -0.334619 -0.645021 -0.687007
f 2292/3372/4093 2291/3371/4093 2290/3370/4093

vn -0.462352 -0.51387 -0.722612
v 1.05781 0.697546 -0.275386
vt 0.762921 0.597143
f 2292/3372/4094 2293/3373/4094 2291/3371/4094

vt 0.988281 0.609358
vn 0.191203 -0.160757 -0.968297
vt 0.988281 0.59705
f 2292/3374/4095 2278/3356/4095 2293/3375/4095

vn 0.190237 -0.177246 -0.965605
f 2277/3355/4096 2278/3356/4096 2292/3374/4096

vn 0.18441 -0.171071 -0.967847
v 0.986655 0.802419 -0.3071
vt 0.988281 0.618606
f 2277/3355/4097 2292/3374/4097 2294/3376/4097

vt 0.762921 0.618239
vn -0.385595 -0.516068 -0.764847
f 2294/3377/4098 2292/3372/4098 2290/3370/4098

vn -0.145929 -0.663245 -0.734038
f 2294/3377/4099 2290/3370/4099 2289/3369/4099

v 0.951517 0.845507 -0.323274
vt 0.762921 0.627628
vn -0.301512 -0.540673 -0.785343
f 2295/3378/4100 2294/3377/4100 2289/3369/4100

vn 0.192804 -0.203119 -0.959984
vt 0.988281 0.628343
f 2276/3354/4101 2294/3376/4101 2295/3379/4101

vn 0.188999 -0.200681 -0.961253
f 2276/3354/4102 2277/3355/4102 2294/3376/4102

vn 0.159745 -0.100022 -0.982078
f 2275/3353/4103 2276/3354/4103 2295/3379/4103

vn 0.511548 -0.186511 -0.838769
v 0.924406 0.85965 -0.342954
vt 0.988281 0.6332
f 2275/3353/4104 2295/3379/4104 2296/3380/4104

vt 0.762921 0.632202
vn 0.208007 -0.635685 -0.743396
v 0.92105 0.759722 -0.258444
vt 0.775999 0.619618
f 2296/3381/4105 2295/3378/4105 2297/3382/4105

vn 0.0321129 -0.609846 -0.791869
f 2295/3378/4106 2289/3369/4106 2297/3382/4106

vn -0.0998306 -0.950037 -0.295742
f 2289/3369/4107 2249/3368/4107 2297/3382/4107

vt 0.601138 0.59259
vn 0.87148 -0.48348 -0.082278
f 2297/3383/4108 2249/3319/4108 2250/3320/4108

vn 0.891147 -0.452776 -0.0291829
f 2270/3347/4109 2297/3383/4109 2250/3320/4109

vt 0.622168 0.59845
vn 0.982586 -0.138119 -0.124291
f 2296/3384/4110 2297/3383/4110 2270/3347/4110

vn 0.938843 -0.168243 -0.300447
f 2272/3349/4111 2296/3384/4111 2270/3347/4111

vn 0.943489 -0.0633483 -0.325293
f 2272/3349/4112 2274/3351/4112 2296/3384/4112

vn 0.380746 -0.0774966 -0.921426
f 2274/3352/4113 2275/3353/4113 2296/3380/4113

vn 0.241439 -0.230558 -0.942629
v 1.17595 0.695738 -0.244684
vt 0.970497 0.584978
f 2278/3356/4114 2298/3385/4114 2293/3375/4114

vn 0.611987 0.0842243 -0.78637
f 2279/3357/4115 2298/3385/4115 2278/3356/4115

vn 0.591288 0.0924949 -0.801139
v 1.25349 0.757723 -0.180303
vt 0.949097 0.585545
f 2279/3357/4116 2299/3386/4116 2298/3385/4116

vn 0.75926 0.343433 -0.552792
f 2279/3357/4117 2280/3358/4117 2299/3386/4117

vn 0.798588 0.320304 -0.509571
v 1.30111 0.811439 -0.0719085
vt 0.927688 0.588068
f 2299/3386/4118 2280/3358/4118 2300/3387/4118

vn 0.838119 0.525642 -0.145796
f 2280/3358/4119 2281/3359/4119 2300/3387/4119

vn 0.851971 0.510217 -0.117577
v 1.29769 0.844287 0.0458887
vt 0.910002 0.591829
f 2300/3387/4120 2281/3359/4120 2301/3388/4120

vn 0.71274 0.622247 0.323743
v 1.20546 0.913043 0.116785
vt 0.897664 0.606117
f 2281/3359/4121 2302/3389/4121 2301/3388/4121

vn 0.639855 0.708589 0.297469
f 2281/3359/4122 2282/3360/4122 2302/3389/4122

vn 0.391787 0.681223 0.618416
v 1.08437 0.955983 0.146201
vt 0.885368 0.621853
f 2302/3389/4123 2282/3360/4123 2303/3390/4123

vn 0.334475 0.730647 0.595216
f 2282/3360/4124 2283/3361/4124 2303/3390/4124

vn -0.234675 0.350917 0.906523
f 2283/3361/4125 2284/3362/4125 2303/3390/4125

vn -0.239005 0.390299 0.889125
f 2303/3390/4126 2284/3362/4126 2285/3363/4126

vn -0.198502 0.345968 0.917008
v 1.13907 0.882794 0.185655
vt 0.883463 0.606815
f 2303/3390/4127 2285/3363/4127 2304/3391/4127

vn -0.208209 0.3084 0.928191
v 1.0655 0.830535 0.186515
vt 0.870182 0.607273
f 2285/3363/4128 2305/3392/4128 2304/3391/4128

vn -0.586961 0.0268181 0.809171
v 0.999128 0.7703 0.140364
vt 0.853681 0.606942
f 2285/3363/4129 2306/3393/4129 2305/3392/4129

vn -0.660752 0.0451361 0.749246
f 2285/3363/4130 2286/3364/4130 2306/3393/4130

v 0.958081 0.70314 0.0338667
vt 0.829634 0.603293
vn -0.826418 -0.274485 0.491622
f 2307/3394/4131 2306/3393/4131 2286/3364/4131

vn -0.805742 -0.308881 0.505344
v 0.99925 0.643536 0.0630769
vt 0.834112 0.589321
f 2307/3394/4132 2308/3395/4132 2306/3393/4132

v 0.996803 0.614902 -0.0591376
vt 0.809498 0.585498
vn -0.84526 -0.516259 0.137884
f 2309/3396/4133 2308/3395/4133 2307/3394/4133

vn -0.819113 -0.554647 0.146355
v 1.04073 0.55797 -0.029071
vt 0.815709 0.569829
f 2309/3396/4134 2310/3397/4134 2308/3395/4134

v 1.06894 0.56729 -0.154394
vt 0.784828 0.570448
vn -0.716953 -0.664473 -0.210843
f 2311/3398/4135 2310/3397/4135 2309/3396/4135

vn -0.710915 -0.671198 -0.209983
v 1.10065 0.505456 -0.0641021
vt 0.807252 0.549525
f 2311/3398/4136 2312/3399/4136 2310/3397/4136

v 1.1077 0.535316 -0.134773
vt 0.785765 0.556426
vn -0.464297 -0.798285 -0.383626
f 2313/3400/4137 2312/3399/4137 2311/3398/4137

v 1.14364 0.515558 -0.122262
vt 0.784507 0.542108
vn -0.333177 -0.856142 -0.394987
f 2314/3401/4138 2312/3399/4138 2313/3400/4138

vn -0.551435 -0.651674 -0.520808
v 1.13272 0.486706 -0.0745977
vt 0.804482 0.537259
f 2314/3401/4139 2315/3402/4139 2312/3399/4139

v 1.16173 0.400068 -0.134808
vt 0.886665 0.370846
vn -0.950161 -0.117443 -0.288792
vt 0.886921 0.390821
vt 0.877125 0.390009
f 2316/3403/4140 2315/3404/4140 2314/3405/4140

vn -0.92388 -0.371933 0.090062
v 1.17421 0.380424 -0.0879605
vt 0.896413 0.372131
f 2316/3403/4141 2317/3406/4141 2315/3404/4141

v 1.19828 0.297108 -0.141131
vt 0.896734 0.352765
vn -0.93488 -0.338441 0.107035
f 2318/3407/4142 2317/3406/4142 2316/3403/4142

vn -0.680926 -0.523552 0.512086
v 1.23004 0.300308 -0.0956274
vt 0.906675 0.356541
f 2318/3407/4143 2319/3408/4143 2317/3406/4143

vn -0.713289 -0.458492 0.530099
v 1.24743 0.226592 -0.135985
vt 0.907102 0.340285
f 2318/3407/4144 2320/3409/4144 2319/3408/4144

v 1.22363 0.197268 -0.198594
vt 0.897348 0.330445
vn -0.728231 -0.47128 0.497569
f 2321/3410/4145 2320/3409/4145 2318/3407/4145

vt 0.864684 0.49869
vn -0.907735 -0.120971 0.401726
v 1.27093 0.151342 -0.105545
vt 0.868786 0.475197
vt 0.878624 0.491534
f 2321/3411/4146 2322/3412/4146 2320/3413/4146

vn -0.793269 -0.599316 0.107444
v 1.28293 0.129293 -0.139968
vt 0.859553 0.47734
f 2321/3411/4147 2323/3414/4147 2322/3412/4147

v 1.22248 0.179917 -0.269614
vt 0.852967 0.506226
vn -0.806211 -0.571586 0.152686
f 2324/3415/4148 2323/3414/4148 2321/3411/4148

v 1.31869 0.11891 -0.190976
vt 0.846859 0.480558
vn -0.44938 -0.883036 -0.135294
f 2325/3416/4149 2323/3414/4149 2324/3415/4149

v 1.35435 0.065787 -0.0948098
vt 0.850014 0.459117
vn -0.560715 -0.795061 -0.231253
f 2326/3417/4150 2323/3414/4150 2325/3416/4150

vn -0.497552 -0.799267 -0.337067
v 1.31004 0.0808764 -0.0651777
vt 0.860542 0.458535
f 2326/3417/4151 2327/3418/4151 2323/3414/4151

vn -0.517336 -0.764653 -0.384278
v 1.33988 0.0207418 0.0143006
vt 0.858858 0.440714
f 2326/3417/4152 2328/3419/4152 2327/3418/4152

v 1.37314 7.112e-007 -0.000518592
vt 0.852572 0.439753
vn -0.604762 -0.704659 -0.371103
f 2329/3420/4153 2328/3419/4153 2326/3417/4153

vn -0.450004 -0.868911 0.206131
v 1.3548 0.0388724 0.123294
vt 0.866423 0.425008
f 2329/3420/4154 2330/3421/4154 2328/3419/4154

v 1.5818 0.110048 -0.077432
vt 0.935669 0.298388
vn 0.532057 -0.782111 0.324373
v 1.62496 0.181355 0.0237119
vt 0.927796 0.275216
v 1.63091 0.194497 0.0456288
vt 0.926819 0.270408
v 1.63493 0.2066 0.0682155
vt 0.926267 0.265585
v 1.54596 0.171632 0.129848
vt 0.946229 0.25868
v 1.49878 0.149642 0.15421
vt 0.956699 0.256702
v 1.45013 0.121089 0.165173
vt 0.967301 0.257528
v 1.35504 0.0589795 0.171389
vt 0.987811 0.262222
v 1.35395 0.0484271 0.147719
vt 0.987716 0.26708
vt 0.987198 0.27197
vt 0.981548 0.295881
v 1.47747 0.0550014 -0.0390223
vt 0.958609 0.297144
f 2331/3422/4155 2332/3423/4155 2333/3424/4155 2334/3425/4155 2335/3426/4155 2336/3427/4155 2337/3428/4155 2338/3429/4155 2339/3430/4155 2330/3431/4155 2329/3432/4155 2340/3433/4155 

vt 0.968045 0.439039
vn 0.942124 -0.134698 -0.307017
v 1.58784 0.151515 -0.0770986
vt 0.961487 0.439917
vt 0.953513 0.423219
f 2331/3434/4156 2341/3435/4156 2332/3436/4156

vn 0.582782 -0.0783455 -0.808843
v 1.49136 0.138044 -0.145311
vt 0.970254 0.458874
f 2341/3435/4157 2331/3434/4157 2342/3437/4157

vn 0.19785 -0.784807 -0.58731
v 1.53855 0.0872273 -0.0615084
vt 0.975066 0.441478
f 2331/3434/4158 2343/3438/4158 2342/3437/4158

vn 0.19167 -0.787648 -0.585553
v 1.42239 0.102642 -0.120264
vt 0.985084 0.461286
f 2343/3438/4159 2344/3439/4159 2342/3437/4159

vn 0.195214 -0.782531 -0.591216
vt 0.985084 0.44272
f 2343/3438/4160 2340/3440/4160 2344/3439/4160

vt 0.835229 0.44272
vn 0.194606 -0.782852 -0.590992
v 1.41639 0.0228025 -0.0164812
vt 0.845525 0.441765
vt 0.835229 0.461286
f 2340/3441/4161 2345/3442/4161 2344/3443/4161

vn 0.202842 -0.781755 -0.589673
f 2344/3443/4162 2345/3442/4162 2326/3417/4162

vn 0.197244 -0.785126 -0.587088
f 2345/3442/4163 2329/3420/4163 2326/3417/4163

vn 0.238286 -0.810006 -0.535827
f 2344/3443/4164 2326/3417/4164 2325/3416/4164

vn 0.236419 -0.812047 -0.533559
v 1.36744 0.144888 -0.20891
vt 0.835229 0.480615
f 2344/3443/4165 2325/3416/4165 2346/3444/4165

vn 0.274373 -0.839144 -0.469634
v 1.27572 0.162426 -0.293833
vt 0.842608 0.501841
f 2346/3444/4166 2325/3416/4166 2347/3445/4166

vn -0.391689 -0.894653 -0.214884
f 2325/3416/4167 2324/3415/4167 2347/3445/4167

vn -0.438374 -0.817708 -0.373072
v 1.24024 0.193576 -0.320423
vt 0.844246 0.511095
f 2347/3445/4168 2324/3415/4168 2348/3446/4168

vt 0.877446 0.317602
vn -0.936153 -0.0667462 -0.3452
vt 0.887298 0.32099
v 1.20204 0.322639 -0.241777
vt 0.877489 0.346505
f 2348/3447/4169 2324/3448/4169 2349/3449/4169

vn -0.946292 -0.0741477 -0.314696
v 1.18769 0.305102 -0.194499
vt 0.886988 0.349101
f 2324/3448/4170 2350/3450/4170 2349/3449/4170

vn -0.94353 -0.317979 0.09295
f 2324/3448/4171 2321/3410/4171 2350/3450/4171

vn -0.937973 -0.317856 0.138473
f 2321/3410/4172 2318/3407/4172 2350/3450/4172

vn -0.931262 -0.338813 0.134003
f 2350/3450/4173 2318/3407/4173 2316/3403/4173

vn -0.950923 -0.070596 -0.301266
v 1.17361 0.425553 -0.178283
vt 0.877028 0.369779
f 2350/3450/4174 2316/3403/4174 2351/3451/4174

vn -0.939864 -0.112157 -0.322607
f 2351/3451/4175 2316/3403/4175 2314/3405/4175

vn -0.759271 0.142419 -0.635
v 1.17732 0.54192 -0.156613
vt 0.867587 0.389465
f 2351/3451/4176 2314/3405/4176 2352/3452/4176

vt 0.762921 0.543954
vn -0.149248 -0.708335 -0.689918
f 2352/3453/4177 2314/3401/4177 2313/3400/4177

vn -0.103482 -0.811427 -0.57522
v 1.15417 0.566289 -0.186824
vt 0.762921 0.563211
f 2352/3453/4178 2313/3400/4178 2353/3454/4178

vn -0.256906 -0.712281 -0.653188
f 2353/3454/4179 2313/3400/4179 2311/3398/4179

vn -0.236249 -0.766491 -0.597225
v 1.13148 0.594693 -0.214302
vt 0.762921 0.572796
f 2353/3454/4180 2311/3398/4180 2354/3455/4180

v 1.03102 0.613656 -0.178491
vt 0.783116 0.584228
vn -0.361648 -0.645449 -0.67276
f 2355/3456/4181 2354/3455/4181 2311/3398/4181

vn -0.350036 -0.717788 -0.601877
v 1.09598 0.641241 -0.249169
vt 0.762921 0.585122
f 2354/3455/4182 2355/3456/4182 2356/3457/4182

v 0.993897 0.667518 -0.204082
vt 0.781062 0.597387
vn -0.445531 -0.615798 -0.649842
f 2357/3458/4183 2356/3457/4183 2355/3456/4183

vn -0.446441 -0.608232 -0.656311
f 2293/3373/4184 2356/3457/4184 2357/3458/4184

vn 0.238081 -0.272665 -0.932186
vt 0.988281 0.584816
f 2293/3375/4185 2298/3385/4185 2356/3459/4185

vn 0.320248 -0.399262 -0.859087
vt 0.988281 0.572236
f 2298/3385/4186 2354/3460/4186 2356/3459/4186

vn 0.213173 -0.366179 -0.905798
v 1.20933 0.635066 -0.212302
vt 0.969721 0.570508
f 2298/3385/4187 2358/3461/4187 2354/3460/4187

vn 0.657157 -0.0402304 -0.752679
f 2299/3386/4188 2358/3461/4188 2298/3385/4188

vn 0.665798 -0.0454102 -0.744749
v 1.29248 0.683977 -0.140946
vt 0.944564 0.569201
f 2299/3386/4189 2359/3462/4189 2358/3461/4189

vn 0.85692 0.199441 -0.475302
f 2299/3386/4190 2300/3387/4190 2359/3462/4190

vn 0.86247 0.194663 -0.467174
v 1.33732 0.74278 -0.0336711
vt 0.921911 0.575603
f 2359/3462/4191 2300/3387/4191 2360/3463/4191

vn 0.901021 0.423889 -0.0920822
f 2300/3387/4192 2301/3388/4192 2360/3463/4192

vn 0.904271 0.418657 -0.0837878
v 1.33469 0.770381 0.0758505
vt 0.905843 0.580529
f 2360/3463/4193 2301/3388/4193 2361/3464/4193

v 1.29229 0.769043 0.171105
vt 0.891895 0.58271
vn 0.772405 0.529131 0.351297
vt 0.905828 0.580512
vt 0.909988 0.591812
v 1.25206 0.84237 0.149095
vt 0.894892 0.594119
f 2362/3465/4194 2361/3466/4194 2301/3467/4194 2363/3468/4194 

vn 0.822328 0.430524 0.372056
vt 0.892675 0.583396
v 1.35707 0.706151 0.100701
vt 0.901364 0.571846
f 2361/3464/4195 2362/3469/4195 2364/3470/4195

vn 0.819818 0.454486 0.348341
v 1.31985 0.708979 0.184599
vt 0.890702 0.575599
f 2364/3470/4196 2362/3469/4196 2365/3471/4196

vn 0.486574 0.398024 0.777704
v 1.22242 0.740849 0.229247
vt 0.881242 0.584663
f 2362/3469/4197 2366/3472/4197 2365/3471/4197

v 1.18212 0.814237 0.210271
vt 0.882284 0.595351
vn 0.457214 0.449516 0.767393
f 2367/3473/4198 2366/3472/4198 2362/3469/4198

vn -0.107236 0.193278 0.975266
v 1.10506 0.764183 0.211717
vt 0.869931 0.595406
f 2367/3473/4199 2368/3474/4199 2366/3472/4199

vn -0.156211 0.267972 0.950678
f 2305/3392/4200 2368/3474/4200 2367/3473/4200

vn -0.55932 -0.0186344 0.828742
f 2305/3392/4201 2306/3393/4201 2368/3474/4201

vn -0.557609 0.0231194 0.829781
v 1.03816 0.702224 0.168489
vt 0.855262 0.593454
f 2306/3393/4202 2369/3475/4202 2368/3474/4202

vn -0.836184 -0.286092 0.467919
f 2308/3395/4203 2369/3475/4203 2306/3393/4203

vn -0.797927 -0.351059 0.489969
v 1.04436 0.582071 0.0924949
vt 0.839986 0.575757
f 2308/3395/4204 2370/3476/4204 2369/3475/4204

vn -0.828298 -0.544355 0.132664
f 2310/3397/4205 2370/3476/4205 2308/3395/4205

vn -0.788549 -0.598312 0.142174
v 1.08137 0.516909 0.023573
vt 0.829103 0.558491
f 2310/3397/4206 2371/3477/4206 2370/3476/4206

vn -0.675303 -0.735676 -0.0524035
f 2312/3399/4207 2371/3477/4207 2310/3397/4207

vn -0.731614 -0.67787 -0.0723382
v 1.11712 0.481199 -0.00334526
vt 0.82672 0.544638
f 2312/3399/4208 2372/3478/4208 2371/3477/4208

v 1.1469 0.462656 -0.027406
vt 0.82381 0.531917
vn -0.606032 -0.781591 -0.147784
f 2373/3479/4209 2372/3478/4209 2312/3399/4209

v 1.18382 0.449597 0.0102121
vt 0.84233 0.527888
vn -0.446018 -0.885481 0.130353
f 2374/3480/4210 2372/3478/4210 2373/3479/4210

vn -0.440711 -0.893581 0.0853643
v 1.16368 0.465588 0.0736396
vt 0.849727 0.544773
f 2374/3480/4211 2375/3481/4211 2372/3478/4211

v 1.23534 0.450727 0.032732
vt 0.861491 0.525168
vn -0.0753782 -0.972311 0.2212
f 2376/3482/4212 2375/3481/4212 2374/3480/4212

v 1.24202 0.472691 0.0933479
vt 0.867967 0.541288
vn -0.000473642 -0.940162 0.340727
f 2377/3483/4213 2375/3481/4213 2376/3482/4213

vn 0.00973158 -0.952435 0.304587
v 1.18974 0.487304 0.140713
vt 0.861484 0.553406
f 2377/3483/4214 2378/3484/4214 2375/3481/4214

v 1.24594 0.495298 0.156405
vt 0.870858 0.553137
vn 0.0403603 -0.94136 0.33498
f 2379/3485/4215 2378/3484/4215 2377/3483/4215

vn -0.0939226 -0.709907 0.698005
v 1.16875 0.523216 0.174413
vt 0.861906 0.561724
f 2379/3485/4216 2380/3486/4216 2378/3484/4216

vn -0.1399 -0.780118 0.60979
v 1.23389 0.534015 0.203172
vt 0.871611 0.561613
f 2379/3485/4217 2381/3487/4217 2380/3486/4217

vn 0.430844 -0.637453 0.63877
v 1.30032 0.517738 0.142117
vt 0.880205 0.552176
f 2381/3487/4218 2379/3485/4218 2382/3488/4218

vn 0.432375 -0.841319 0.324397
v 1.29267 0.492214 0.0861218
vt 0.880139 0.540898
f 2382/3488/4219 2379/3485/4219 2383/3489/4219

vn 0.379972 -0.877978 0.291164
f 2383/3489/4220 2379/3485/4220 2377/3483/4220

vn 0.379997 -0.856761 0.348658
v 1.28602 0.466684 0.0306353
vt 0.880314 0.524408
f 2383/3489/4221 2377/3483/4221 2384/3490/4221

vn 0.298005 -0.907513 0.295996
f 2384/3490/4222 2377/3483/4222 2376/3482/4222

vt 0.925923 0.393068
vn 0.218383 -0.591564 0.776119
vt 0.916239 0.392829
v 1.30222 0.394144 -0.0292131
vt 0.925871 0.375179
f 2384/3491/4223 2376/3492/4223 2385/3493/4223

vn 0.247007 -0.567749 0.785269
v 1.25529 0.376933 -0.0268961
vt 0.916205 0.374701
f 2376/3492/4224 2386/3494/4224 2385/3493/4224

vn -0.293237 -0.647584 0.703311
vt 0.906097 0.392169
f 2376/3492/4225 2374/3495/4225 2386/3494/4225

vn -0.272902 -0.636715 0.721193
v 1.20815 0.372071 -0.0490262
vt 0.906232 0.373537
f 2374/3495/4226 2387/3496/4226 2386/3494/4226

vt 0.906653 0.391944
vn -0.676682 -0.56904 0.467221
vt 0.896379 0.391492
vt 0.89631 0.372064
vt 0.906129 0.373463
f 2374/3497/4227 2373/3498/4227 2317/3499/4227 2387/3500/4227 

vn -0.924119 -0.37179 0.0881873
vt 0.896468 0.391559
f 2317/3406/4228 2373/3501/4228 2315/3404/4228

vn -0.547666 -0.800508 -0.24341
f 2373/3479/4229 2312/3399/4229 2315/3402/4229

vn -0.692435 -0.529469 0.490098
f 2319/3408/4230 2387/3496/4230 2317/3406/4230

vn -0.276824 -0.581304 0.76515
v 1.27366 0.31342 -0.0698836
vt 0.916365 0.359393
f 2387/3496/4231 2319/3408/4231 2388/3502/4231

vt 0.907107 0.340292
vn -0.317318 -0.511884 0.798301
v 1.28755 0.260057 -0.098579
vt 0.916471 0.347692
vt 0.915904 0.359459
vt 0.90668 0.356548
f 2320/3503/4232 2389/3504/4232 2388/3505/4232 2319/3506/4232 

vn -0.7696 0.282385 0.57269
v 1.27993 0.189412 -0.0739763
vt 0.880364 0.473059
vt 0.894356 0.486049
f 2320/3413/4233 2390/3507/4233 2389/3508/4233

vn -0.907094 -0.120079 0.403438
f 2320/3413/4234 2322/3412/4234 2390/3507/4234

vn -0.948842 -0.035807 0.313713
v 1.2933 0.11804 -0.0416994
vt 0.870004 0.459101
f 2322/3412/4235 2391/3509/4235 2390/3507/4235

vn -0.889884 -0.449603 0.0772267
f 2322/3412/4236 2327/3418/4236 2391/3509/4236

vn -0.875458 -0.483273 0.00447811
f 2323/3414/4237 2327/3418/4237 2322/3412/4237

vn -0.885902 -0.455253 0.0890094
v 1.31656 0.086111 0.0264902
vt 0.870056 0.443863
f 2327/3418/4238 2392/3510/4238 2391/3509/4238

vn -0.933119 -0.349057 0.0863037
f 2327/3418/4239 2328/3419/4239 2392/3510/4239

vn -0.925721 -0.354766 0.131079
v 1.34032 0.0577519 0.11755
vt 0.869541 0.427174
f 2328/3419/4240 2393/3511/4240 2392/3510/4240

vn -0.805796 -0.556372 0.202839
f 2328/3419/4241 2330/3421/4241 2393/3511/4241

vn -0.806052 -0.560105 0.191214
vt 0.868785 0.421973
f 2393/3511/4242 2330/3421/4242 2339/3512/4242

vn -0.846266 -0.478287 0.23468
v 1.34168 0.0669591 0.141241
vt 0.871657 0.423902
f 2393/3511/4243 2339/3512/4243 2394/3513/4243

vn -0.845313 -0.472555 0.249274
vt 0.87103 0.41886
f 2394/3513/4244 2339/3512/4244 2338/3514/4244

vn -0.891456 -0.333766 0.306443
v 1.3463 0.0767372 0.165308
vt 0.873651 0.420484
f 2394/3513/4245 2338/3514/4245 2395/3515/4245

vt 0.616008 0.067103
vn -0.898662 -0.353159 0.260166
vt 0.612454 0.065281
v 1.35955 0.0808061 0.216611
vt 0.617358 0.05702
f 2395/3516/4246 2338/3517/4246 2396/3518/4246

vt 0.587283 0.0115237
vt 0.608105 0.011555
v 1.43724 0.132123 0.212908
vt 0.606789 0.0206375
v 1.41335 0.144568 0.282108
vt 0.603728 0.0337364
v 1.38719 0.14801 0.33331
vt 0.599589 0.0433182
v 1.37059 0.116354 0.284218
vt 0.594342 0.0335894
vt 0.589732 0.0203454
f 2338/3519/4155 2337/3520/4155 2397/3521/4155 2398/3522/4155 2399/3523/4155 2400/3524/4155 2396/3525/4155 

vt 0.653171 0.063803
vn 0.674136 0.738522 0.0112335
v 1.42142 0.146669 0.205862
vt 0.644655 0.057882
vt 0.64819 0.055743
f 2337/3526/4247 2401/3527/4247 2397/3528/4247

vn 0.655953 0.75471 -0.0117687
v 1.43087 0.137706 0.157531
vt 0.648809 0.066131
f 2337/3526/4248 2402/3529/4248 2401/3527/4248

vt 0.893766 0.408071
vn -0.0479283 0.370901 0.927435
v 1.43529 0.140526 0.15663
vt 0.894673 0.412805
v 1.41182 0.17055 0.143413
vt 0.896006 0.420192
vt 0.893724 0.41304
f 2337/3530/4249 2403/3531/4249 2404/3532/4249 2402/3533/4249 

vt 0.893843 0.408117
vn 0.0183839 0.414553 0.909839
v 1.44111 0.14401 0.154917
vt 0.896034 0.412536
vt 0.896079 0.420239
vt 0.894749 0.412851
f 2337/3534/4250 2405/3535/4250 2404/3536/4250 2403/3537/4250 

vt 0.689666 0.067978
vn -0.90425 -0.183262 0.385677
vt 0.685177 0.065652
v 1.46649 0.154764 0.219533
vt 0.691156 0.054823
f 2405/3538/4251 2337/3539/4251 2406/3540/4251

vt 0.671878 0.010409
vn 0.532057 -0.782111 0.324372
vt 0.681968 0.00843181
v 1.5424 0.194801 0.191551
vt 0.679803 0.021312
v 1.53177 0.217348 0.263345
vt 0.675976 0.0358584
v 1.51699 0.23051 0.319323
vt 0.671682 0.0467592
v 1.4915 0.196109 0.278189
vt 0.667503 0.0362807
vt 0.663831 0.022108
vt 0.661805 0.00943671
f 2336/3541/4252 2335/3542/4252 2407/3543/4252 2408/3544/4252 2409/3545/4252 2410/3546/4252 2406/3547/4252 2337/3548/4252 

v 1.52725 0.189443 0.123163
vt 0.724352 0.067973
vn 0.712496 0.669427 -0.210276
vt 0.722794 0.054689
vt 0.728885 0.065623
f 2411/3549/4253 2407/3550/4253 2335/3551/4253

vn 0.729746 0.649836 -0.212563
v 1.52748 0.209711 0.185906
vt 0.719269 0.056684
f 2411/3549/4254 2412/3552/4254 2407/3550/4254

vn 0.643111 0.728012 -0.2375
v 1.49532 0.235278 0.177196
vt 0.712523 0.060103
f 2412/3552/4255 2411/3549/4255 2413/3553/4255

vn 0.648842 0.724869 -0.231448
v 1.48728 0.221604 0.11183
vt 0.715114 0.072224
f 2411/3549/4256 2414/3554/4256 2413/3553/4256

v 1.51359 0.224223 0.1059
vt 0.922428 0.419467
vn 0.145998 0.48524 0.862106
vt 0.917376 0.420679
vt 0.922055 0.411615
f 2415/3555/4257 2414/3556/4257 2411/3557/4257

v 1.52559 0.238669 0.0927299
vt 0.926037 0.421784
vn 0.114407 0.615748 0.779593
f 2416/3558/4258 2414/3556/4258 2415/3555/4258

vn -0.196393 0.893323 0.404233
v 1.49047 0.242855 0.0664163
vt 0.922547 0.429342
f 2416/3558/4259 2417/3559/4259 2414/3556/4259

v 1.53484 0.257671 0.0437916
vt 0.932609 0.429002
vn -0.14014 0.931646 0.335256
f 2418/3560/4260 2417/3559/4260 2416/3558/4260

vn -0.253609 0.958488 0.130317
v 1.47813 0.243715 0.0360786
vt 0.923118 0.436114
f 2418/3560/4261 2419/3561/4261 2417/3559/4261

vn -0.226765 0.96998 -0.0878394
v 1.5257 0.253388 0.0200881
vt 0.93344 0.433954
f 2418/3560/4262 2420/3562/4262 2419/3561/4262

v 1.57542 0.239007 0.0125096
vt 0.942345 0.43008
vn 0.231771 0.937718 -0.25878
f 2421/3563/4263 2420/3562/4263 2418/3560/4263

vn 0.251305 0.954254 -0.162002
v 1.50433 0.248825 -0.0399389
vt 0.937046 0.446689
f 2421/3563/4264 2422/3564/4264 2420/3562/4264

vn 0.415533 0.811234 -0.411378
v 1.5551 0.211919 -0.0614382
vt 0.94989 0.443082
f 2421/3563/4265 2423/3565/4265 2422/3564/4265

vn 0.654512 0.633874 -0.412091
v 1.61388 0.202029 0.0167127
vt 0.950185 0.425578
f 2423/3565/4266 2421/3563/4266 2424/3566/4266

vn 0.644541 0.619394 -0.448239
v 1.6188 0.21311 0.0390944
vt 0.947766 0.42217
f 2421/3563/4267 2425/3567/4267 2424/3566/4267

vn 0.635928 0.667534 -0.387292
v 1.58085 0.246409 0.034188
vt 0.940664 0.426414
f 2425/3567/4268 2421/3563/4268 2426/3568/4268

vn 0.15217 0.923051 -0.353302
f 2426/3568/4269 2421/3563/4269 2418/3560/4269

v 1.58614 0.25276 0.0583232
vt 0.939122 0.422587
vn 0.171161 0.942935 -0.285619
f 2427/3569/4270 2426/3568/4270 2418/3560/4270

vn 0.647456 0.690084 -0.323398
f 2425/3567/4271 2426/3568/4271 2427/3569/4271

v 1.62214 0.222218 0.0636299
vt 0.945431 0.418717
vn 0.636571 0.690684 -0.343122
f 2428/3570/4272 2425/3567/4272 2427/3569/4272

vn 0.778165 0.546792 -0.308994
vt 0.947986 0.41679
f 2425/3567/4273 2428/3570/4273 2334/3571/4273

vt 0.790219 0.067094
vn 0.77149 0.527677 -0.355472
v 1.64036 0.228906 0.113102
vt 0.788968 0.057202
vt 0.793701 0.065389
f 2428/3572/4274 2429/3573/4274 2334/3574/4274

vn 0.764593 0.538345 -0.354374
v 1.62928 0.242093 0.109223
vt 0.786038 0.0587
f 2428/3572/4275 2430/3575/4275 2429/3573/4275

vn 0.586064 0.705139 -0.399134
v 1.59934 0.265196 0.106074
vt 0.779678 0.061514
f 2430/3575/4276 2428/3572/4276 2431/3576/4276

vn 0.63481 0.686676 -0.35425
vt 0.781948 0.070774
f 2428/3572/4277 2427/3577/4277 2431/3576/4277

vn 0.143819 0.947244 -0.286435
v 1.56592 0.273435 0.116547
vt 0.773294 0.062488
f 2431/3576/4278 2427/3577/4278 2432/3578/4278

vn 0.14893 0.947013 -0.284579
v 1.54301 0.262813 0.069205
vt 0.773294 0.072429
f 2427/3577/4279 2433/3579/4279 2432/3578/4279

vn 0.160964 0.956017 -0.245197
vt 0.932146 0.424225
f 2427/3569/4280 2418/3560/4280 2433/3580/4280

vn -0.751951 0.649937 0.11023
f 2418/3560/4281 2416/3558/4281 2433/3580/4281

vn -0.702108 0.687447 0.185638
vt 0.766314 0.070623
f 2433/3579/4282 2416/3581/4282 2432/3578/4282

vn -0.710694 0.662548 0.236526
v 1.55241 0.252367 0.134958
vt 0.767866 0.061213
f 2416/3581/4283 2434/3582/4283 2432/3578/4283

vn -0.851957 0.0677625 0.519209
v 1.53756 0.193974 0.118205
vt 0.757535 0.06617
f 2416/3581/4284 2435/3583/4284 2434/3582/4284

vn 0.25206 0.529276 0.810144
vt 0.924361 0.412055
f 2416/3558/4285 2415/3555/4285 2435/3584/4285

vt 0.923995 0.406932
vn 0.226713 0.515749 0.826199
vt 0.924317 0.411996
vt 0.922386 0.419408
v 1.53315 0.192143 0.120555
vt 0.923334 0.411806
f 2335/3585/4286 2435/3586/4286 2415/3587/4286 2436/3588/4286 

vn -0.840945 -0.0347607 0.540003
vt 0.753174 0.063721
v 1.55998 0.219745 0.154788
vt 0.761713 0.057823
f 2435/3583/4287 2335/3589/4287 2437/3590/4287

vn -0.824413 -0.0518169 0.563611
v 1.56795 0.20106 0.164727
vt 0.758136 0.055669
f 2335/3589/4288 2438/3591/4288 2437/3590/4288

vt 0.752331 0.0115761
vt 0.750188 0.020299
v 1.64452 0.260825 0.183245
vt 0.746043 0.033401
v 1.63961 0.281139 0.240265
vt 0.741148 0.0430381
v 1.60465 0.245462 0.211593
vt 0.736713 0.0336098
vt 0.733233 0.020703
vt 0.731622 0.0117484
f 2334/3592/4252 2429/3593/4252 2439/3594/4252 2440/3595/4252 2441/3596/4252 2438/3597/4252 2335/3598/4252 

vn 0.77184 0.560234 -0.300668
vt 0.781163 0.045069
f 2430/3575/4289 2439/3599/4289 2429/3573/4289

vn 0.785175 0.542369 -0.298892
v 1.63743 0.269548 0.180449
vt 0.779411 0.046256
f 2430/3575/4290 2442/3600/4290 2439/3599/4290

vn 0.459288 0.809945 -0.364751
v 1.62064 0.27895 0.180186
vt 0.776347 0.047797
f 2442/3600/4291 2430/3575/4291 2443/3601/4291

vn 0.601083 0.73682 -0.309507
f 2430/3575/4292 2431/3576/4292 2443/3601/4292

vn 0.114607 0.970304 -0.213014
v 1.60343 0.282121 0.185372
vt 0.773294 0.048515
f 2443/3601/4293 2431/3576/4293 2444/3602/4293

vn 0.17011 0.961889 -0.214084
f 2444/3602/4294 2431/3576/4294 2432/3578/4294

vn -0.676064 0.680529 0.28252
f 2444/3602/4295 2432/3578/4295 2434/3582/4295

vn -0.692378 0.647392 0.318585
v 1.59734 0.270329 0.196101
vt 0.770461 0.047564
f 2434/3582/4296 2445/3603/4296 2444/3602/4296

vn -0.817216 0.14878 0.556796
f 2434/3582/4297 2437/3590/4297 2445/3603/4297

vn -0.875278 0.0861228 0.47589
f 2435/3583/4298 2437/3590/4298 2434/3582/4298

vn -0.838786 0.208775 0.502842
v 1.59978 0.255408 0.206361
vt 0.767734 0.045828
f 2437/3590/4299 2446/3604/4299 2445/3603/4299

vn -0.788573 -0.00926484 0.614871
f 2437/3590/4300 2438/3591/4300 2446/3604/4300

vn -0.767981 -0.0399785 0.639224
vt 0.765962 0.044498
f 2438/3591/4301 2441/3605/4301 2446/3604/4301

vt 0.773294 0.036946
vn -0.669573 0.0613331 0.74021
f 2440/3606/4302 2446/3604/4302 2441/3605/4302

vn -0.723964 0.306666 0.617926
f 2445/3603/4303 2446/3604/4303 2440/3606/4303

vn -0.603124 0.684315 0.409822
f 2440/3606/4304 2444/3602/4304 2445/3603/4304

vn 0.155726 0.984132 -0.0850522
f 2440/3606/4305 2443/3601/4305 2444/3602/4305

vn 0.482485 0.856442 -0.183617
f 2440/3606/4306 2442/3600/4306 2443/3601/4306

vn 0.790022 0.595836 -0.144374
f 2442/3600/4307 2440/3606/4307 2439/3599/4307

vt 0.923894 0.406808
vn 0.157486 0.487918 0.858565
vt 0.923237 0.411683
vt 0.922296 0.419286
vt 0.921914 0.411434
f 2335/3607/4308 2436/3608/4308 2415/3609/4308 2411/3610/4308 

vn 0.832768 0.412469 -0.369279
vt 0.950725 0.419898
f 2425/3567/4309 2334/3571/4309 2333/3611/4309

vn 0.829829 0.405687 -0.383148
f 2424/3566/4310 2425/3567/4310 2333/3611/4310

vn 0.851534 0.314113 -0.419789
f 2424/3566/4311 2333/3611/4311 2332/3436/4311

vn 0.854705 0.319385 -0.409235
f 2341/3435/4312 2424/3566/4312 2332/3436/4312

vn 0.716602 0.511399 -0.474291
f 2341/3435/4313 2423/3565/4313 2424/3566/4313

v 1.51391 0.188401 -0.140328
vt 0.959597 0.458171
vn 0.692061 0.508069 -0.512756
f 2447/3612/4314 2423/3565/4314 2341/3435/4314

vn 0.75312 0.40918 -0.515153
v 1.50537 0.229887 -0.11987
vt 0.950012 0.45869
f 2447/3612/4315 2448/3613/4315 2423/3565/4315

v 1.45651 0.249215 -0.17395
vt 0.951242 0.474935
vn 0.744415 0.412336 -0.52519
f 2449/3614/4316 2448/3613/4316 2447/3612/4316

vn 0.583465 0.772343 -0.251108
v 1.44084 0.274273 -0.133287
vt 0.93962 0.472779
f 2448/3613/4317 2449/3614/4317 2450/3615/4317

vn 0.675805 0.714755 -0.180033
v 1.39424 0.30402 -0.1901
vt 0.941304 0.491235
f 2449/3614/4318 2451/3616/4318 2450/3615/4318

vn 0.675844 0.71422 -0.181999
v 1.39334 0.286771 -0.261148
vt 0.95525 0.49865
f 2449/3614/4319 2452/3617/4319 2451/3616/4319

vn 0.83181 0.257762 -0.491579
v 1.45004 0.217428 -0.201566
vt 0.960533 0.477154
f 2452/3617/4320 2449/3614/4320 2453/3618/4320

vn 0.725625 0.361147 -0.585697
f 2453/3618/4321 2449/3614/4321 2447/3612/4321

vn 0.626674 -0.206342 -0.751467
f 2453/3618/4322 2447/3612/4322 2342/3437/4322

vn 0.584437 -0.18357 -0.790402
f 2447/3612/4323 2341/3435/4323 2342/3437/4323

v 1.41637 0.170429 -0.226983
vt 0.973347 0.480487
vn 0.704877 -0.127579 -0.697762
f 2454/3619/4324 2453/3618/4324 2342/3437/4324

v 1.36973 0.257575 -0.32389
vt 0.967142 0.506326
vn 0.774395 -0.237606 -0.586392
f 2455/3620/4325 2453/3618/4325 2454/3619/4325

vn 0.840075 0.296675 -0.454157
f 2455/3620/4326 2452/3617/4326 2453/3618/4326

vt 0.964236 0.321
vn 0.676654 0.536517 -0.504271
v 1.32992 0.380115 -0.246927
vt 0.964598 0.349106
vt 0.954195 0.330483
f 2455/3621/4327 2456/3622/4327 2452/3623/4327

vn 0.283384 0.574389 -0.767965
v 1.28625 0.367049 -0.272816
vt 0.974066 0.346507
f 2456/3622/4328 2455/3621/4328 2457/3624/4328

vn 0.257757 0.562927 -0.785286
v 1.32569 0.23864 -0.351919
vt 0.9741 0.317601
f 2457/3624/4329 2455/3621/4329 2458/3625/4329

vn 0.597136 -0.271574 -0.754769
v 1.34809 0.200593 -0.320508
vt 0.977637 0.501873
vt 0.976057 0.511193
f 2455/3620/4330 2459/3626/4330 2458/3627/4330

vn 0.717658 -0.309574 -0.623803
f 2455/3620/4331 2454/3619/4331 2459/3626/4331

vn 0.26742 -0.842812 -0.467071
vt 0.985084 0.480615
f 2454/3619/4332 2346/3628/4332 2459/3626/4332

vn 0.229606 -0.81564 -0.531048
f 2344/3439/4333 2346/3628/4333 2454/3619/4333

vn 0.226128 -0.816418 -0.531345
f 2342/3437/4334 2344/3439/4334 2454/3619/4334

vn 0.414741 -0.783372 -0.462946
v 1.31353 0.176254 -0.310282
vt 0.985084 0.500844
f 2346/3628/4335 2460/3629/4335 2459/3626/4335

vn 0.171135 -0.911851 -0.37315
vt 0.835229 0.500844
f 2346/3444/4336 2347/3445/4336 2460/3630/4336

vn 0.107474 -0.868828 -0.483309
v 1.26312 0.177739 -0.324161
vt 0.841074 0.507574
f 2460/3630/4337 2347/3445/4337 2461/3631/4337

vn -0.579383 -0.798664 -0.162635
f 2347/3445/4338 2348/3446/4338 2461/3631/4338

v 1.27902 0.211164 -0.35394
vt 0.835229 0.512544
vn -0.44763 -0.46667 -0.762788
f 2462/3632/4339 2461/3631/4339 2348/3446/4339

vn -0.502056 -0.429807 -0.75047
v 1.28897 0.194371 -0.350978
vt 0.835229 0.509307
f 2462/3632/4340 2463/3633/4340 2461/3631/4340

vt 0.985084 0.512544
vn 0.137403 -0.0925398 -0.986183
v 1.32607 0.210938 -0.347364
vt 0.979221 0.507617
vt 0.985084 0.509307
f 2462/3634/4341 2464/3635/4341 2463/3636/4341

vn 0.135925 -0.158902 -0.977893
f 2458/3627/4342 2464/3635/4342 2462/3634/4342

vn 0.75107 -0.0969831 -0.653061
f 2458/3627/4343 2459/3626/4343 2464/3635/4343

vn 0.351594 -0.740076 -0.573297
f 2459/3626/4344 2460/3629/4344 2464/3635/4344

vn 0.38296 -0.735724 -0.558616
f 2464/3635/4345 2460/3629/4345 2463/3636/4345

vn 0.0988848 -0.885547 -0.453904
f 2460/3630/4346 2461/3631/4346 2463/3633/4346

v 1.23778 0.343119 -0.277018
vt 0.983975 0.344529
vn -0.220642 0.438821 -0.871064
vt 0.983975 0.315581
f 2465/3637/4347 2458/3625/4347 2462/3638/4347

vn -0.16269 0.480799 -0.861606
f 2457/3624/4348 2458/3625/4348 2465/3637/4348

v 1.20792 0.447988 -0.208003
vt 0.983975 0.368623
vn -0.176402 0.505574 -0.844557
f 2466/3639/4349 2457/3624/4349 2465/3637/4349

v 1.25436 0.468139 -0.208047
vt 0.974558 0.369759
vn -0.209058 0.479948 -0.852024
f 2467/3640/4350 2457/3624/4350 2466/3639/4350

vn 0.280575 0.578982 -0.765544
f 2467/3640/4351 2456/3622/4351 2457/3624/4351

v 1.30096 0.473498 -0.186129
vt 0.964922 0.370823
vn 0.289657 0.583691 -0.758554
f 2468/3641/4352 2456/3622/4352 2467/3640/4352

vn 0.708514 0.526016 -0.470442
v 1.35932 0.382042 -0.200492
vt 0.954871 0.35277
f 2456/3622/4353 2468/3641/4353 2469/3642/4353

vn 0.695677 0.521526 -0.494009
v 1.33487 0.465158 -0.147182
vt 0.955233 0.372092
f 2469/3642/4354 2468/3641/4354 2470/3643/4354

vn 0.707253 0.488337 -0.511194
v 1.27975 0.564246 -0.128792
vt 0.964655 0.390746
f 2468/3641/4355 2471/3644/4355 2470/3643/4355

vn 0.330782 0.558135 -0.760966
v 1.22885 0.560494 -0.153669
vt 0.974437 0.38998
f 2471/3644/4356 2468/3641/4356 2472/3645/4356

vn 0.30495 0.544366 -0.781455
f 2472/3645/4357 2468/3641/4357 2467/3640/4357

vn -0.122665 0.47817 -0.869659
vt 0.983975 0.389465
f 2472/3645/4358 2467/3640/4358 2352/3646/4358

vn -0.18507 0.424586 -0.886271
f 2352/3646/4359 2467/3640/4359 2466/3639/4359

vt 0.867587 0.368623
vn -0.702099 0.151901 -0.695689
f 2466/3647/4360 2351/3451/4360 2352/3452/4360

vn -0.715602 0.212795 -0.665306
f 2349/3449/4361 2351/3451/4361 2466/3647/4361

vn -0.947292 -0.0685996 -0.312942
f 2349/3449/4362 2350/3450/4362 2351/3451/4362

vt 0.867587 0.344529
vn -0.74436 0.206031 -0.635201
f 2465/3648/4363 2349/3449/4363 2466/3647/4363

vn -0.740449 0.176085 -0.648637
f 2348/3447/4364 2349/3449/4364 2465/3648/4364

vn -0.69005 0.191252 -0.698035
vt 0.867587 0.315581
f 2465/3648/4365 2462/3649/4365 2348/3447/4365

v 1.22355 0.594884 -0.182467
vt 0.9696 0.558895
vn 0.258433 -0.596515 -0.759857
vt 0.971452 0.546608
vt 0.988281 0.550781
f 2473/3650/4366 2472/3651/4366 2352/3652/4366

v 1.28816 0.602566 -0.138349
vt 0.950636 0.551969
vn 0.529302 -0.495328 -0.688832
f 2474/3653/4367 2472/3651/4367 2473/3650/4367

vn 0.436107 -0.306719 -0.846011
vt 0.953719 0.540548
f 2474/3653/4368 2471/3654/4368 2472/3651/4368

vn 0.639296 -0.31524 -0.701373
v 1.31641 0.552057 -0.0898897
vt 0.935943 0.534151
f 2474/3653/4369 2475/3655/4369 2471/3654/4369

vn 0.765456 -0.167771 -0.621233
v 1.33197 0.59307 -0.0817933
vt 0.932074 0.54643
f 2474/3653/4370 2476/3656/4370 2475/3655/4370

vn 0.794457 0.0821164 -0.601744
v 1.33549 0.645505 -0.0699952
vt 0.929349 0.558381
f 2474/3653/4371 2477/3657/4371 2476/3656/4371

vn 0.838303 -0.0618178 -0.541689
f 2359/3462/4372 2477/3657/4372 2474/3653/4372

vn 0.879584 0.15185 -0.450858
f 2359/3462/4373 2360/3463/4373 2477/3657/4373

vn 0.924136 0.118312 -0.363284
v 1.36466 0.659309 0.00871527
vt 0.91356 0.562242
f 2477/3657/4374 2360/3463/4374 2478/3658/4374

vn 0.956307 0.288118 -0.0496402
f 2360/3463/4375 2361/3464/4375 2478/3658/4375

vn 0.950315 0.302034 -0.0753393
f 2478/3658/4376 2361/3464/4376 2364/3470/4376

vn 0.987244 0.159215 0.000438035
v 1.36934 0.630096 0.0889901
vt 0.899893 0.561214
f 2478/3658/4377 2364/3470/4377 2479/3659/4377

vn 0.987185 0.151598 0.0498419
v 1.36227 0.66496 0.122988
vt 0.897219 0.567356
f 2479/3659/4378 2364/3470/4378 2480/3660/4378

vn 0.871858 0.313616 0.376176
f 2364/3470/4379 2365/3471/4379 2480/3660/4379

vn 0.871874 0.254646 0.418318
v 1.3398 0.650832 0.17842
vt 0.88981 0.568577
f 2480/3660/4380 2365/3471/4380 2481/3661/4380

vn 0.588418 0.116836 0.800071
v 1.27973 0.620027 0.227097
vt 0.880394 0.569457
f 2365/3471/4381 2482/3662/4381 2481/3661/4381

vn 0.571937 0.129053 0.810082
v 1.25391 0.678238 0.236053
vt 0.88064 0.576559
f 2365/3471/4382 2483/3663/4382 2482/3662/4382

vn 0.480323 0.329916 0.812678
f 2366/3472/4383 2483/3663/4383 2365/3471/4383

vn -0.0190164 0.0985916 0.994946
v 1.14691 0.695289 0.232318
vt 0.870473 0.584402
f 2366/3472/4384 2484/3664/4384 2483/3663/4384

vn -0.0990141 0.229388 0.968286
f 2368/3474/4385 2484/3664/4385 2366/3472/4385

vn -0.507953 -0.051471 0.859846
f 2368/3474/4386 2369/3475/4386 2484/3664/4386

vn -0.507926 -0.0502422 0.859934
v 1.08239 0.637488 0.190831
vt 0.857967 0.581731
f 2369/3475/4387 2485/3665/4387 2484/3664/4387

vn -0.783439 -0.360564 0.506179
f 2370/3476/4388 2485/3665/4388 2369/3475/4388

vn -0.682043 -0.492021 0.541048
v 1.09278 0.534373 0.110162
vt 0.845918 0.565196
f 2370/3476/4389 2486/3666/4389 2485/3665/4389

vn -0.724206 -0.651233 0.226764
f 2371/3477/4390 2486/3666/4390 2370/3476/4390

vn -0.612624 -0.755238 0.233039
f 2375/3481/4391 2486/3666/4391 2371/3477/4391

vn -0.500492 -0.747664 0.43647
f 2378/3484/4392 2486/3666/4392 2375/3481/4392

vn -0.500901 -0.729602 0.465595
f 2378/3484/4393 2380/3486/4393 2486/3666/4393

vn -0.554766 -0.626793 0.547142
v 1.12727 0.585394 0.203581
vt 0.861407 0.572796
f 2380/3486/4394 2487/3667/4394 2486/3666/4394

vn -0.539602 -0.624756 0.564366
v 1.16623 0.557915 0.210409
vt 0.865015 0.567736
f 2380/3486/4395 2488/3668/4395 2487/3667/4395

vn -0.180063 -0.714472 0.676097
f 2381/3487/4396 2488/3668/4396 2380/3486/4396

v 1.21004 0.585421 0.228285
vt 0.871506 0.569081
vn -0.0693013 -0.463661 0.883298
f 2489/3669/4397 2488/3668/4397 2381/3487/4397

v 1.18428 0.634995 0.237659
vt 0.871281 0.575742
vn -0.204363 -0.283387 0.936978
f 2490/3670/4398 2488/3668/4398 2489/3669/4398

vn -0.332027 -0.244333 0.911076
f 2490/3670/4399 2487/3667/4399 2488/3668/4399

vn -0.416356 -0.138803 0.898544
f 2485/3665/4400 2487/3667/4400 2490/3670/4400

vn -0.705082 -0.479664 0.522285
f 2486/3666/4401 2487/3667/4401 2485/3665/4401

vn -0.414527 -0.177866 0.892486
f 2484/3664/4402 2485/3665/4402 2490/3670/4402

vn -0.0229983 0.074051 0.996989
f 2484/3664/4403 2490/3670/4403 2483/3663/4403

vn 0.092011 -0.111424 0.989504
f 2483/3663/4404 2490/3670/4404 2482/3662/4404

vn 0.0869596 -0.141267 0.986145
f 2490/3670/4405 2489/3669/4405 2482/3662/4405

vn 0.211376 -0.394964 0.894049
v 1.29723 0.562278 0.197449
vt 0.880164 0.561773
f 2482/3662/4406 2489/3669/4406 2491/3671/4406

vn 0.232992 -0.337501 0.912035
f 2489/3669/4407 2381/3487/4407 2491/3671/4407

vn 0.371801 -0.712869 0.594628
f 2382/3488/4408 2491/3671/4408 2381/3487/4408

vn 0.7003 -0.536433 0.470977
v 1.34781 0.593723 0.15805
vt 0.888881 0.561334
f 2382/3488/4409 2492/3672/4409 2491/3671/4409

v 1.34357 0.546768 0.112287
vt 0.889632 0.552178
vn 0.692749 -0.534482 0.484177
f 2493/3673/4410 2492/3672/4410 2382/3488/4410

vn 0.954191 -0.24855 0.166558
f 2479/3659/4411 2492/3672/4411 2493/3673/4411

vn 0.961832 -0.0643078 0.265978
f 2479/3659/4412 2480/3660/4412 2492/3672/4412

vn 0.927075 -0.00366507 0.374858
f 2480/3660/4413 2481/3661/4413 2492/3672/4413

vn 0.667896 -0.165156 0.725698
f 2481/3661/4414 2491/3671/4414 2492/3672/4414

vn 0.671107 -0.167451 0.722202
f 2481/3661/4415 2482/3662/4415 2491/3671/4415

v 1.36439 0.582032 0.0642932
vt 0.899982 0.552808
vn 0.943389 -0.223171 0.245383
f 2494/3674/4416 2479/3659/4416 2493/3673/4416

vn 0.994899 -0.0611694 -0.0802085
f 2478/3658/4417 2479/3659/4417 2494/3674/4417

v 1.35525 0.568054 -0.0171617
vt 0.914099 0.543388
vn 0.992334 -0.0744302 -0.098659
f 2495/3675/4418 2478/3658/4418 2494/3674/4418

vn 0.937553 0.00188252 -0.347839
f 2477/3657/4419 2478/3658/4419 2495/3675/4419

vn 0.942274 0.0121011 -0.334624
f 2476/3656/4420 2477/3657/4420 2495/3675/4420

vn 0.873074 -0.25749 -0.414053
v 1.33047 0.526939 -0.0438432
vt 0.917896 0.528875
f 2476/3656/4421 2495/3675/4421 2496/3676/4421

vn 0.881986 -0.457092 -0.114755
v 1.32002 0.495386 0.00151897
vt 0.899216 0.525774
f 2496/3676/4422 2495/3675/4422 2497/3677/4422

vn 0.900507 -0.434787 0.00694095
v 1.3309 0.51883 0.0578589
vt 0.89238 0.540782
f 2495/3675/4423 2498/3678/4423 2497/3677/4423

vn 0.884251 -0.466617 -0.0192193
f 2495/3675/4424 2494/3674/4424 2498/3678/4424

vn 0.881471 -0.470822 0.0365493
f 2498/3678/4425 2494/3674/4425 2493/3673/4425

vn 0.66023 -0.71944 0.215644
f 2493/3673/4426 2383/3489/4426 2498/3678/4426

vn 0.649716 -0.721303 0.239982
f 2493/3673/4427 2382/3488/4427 2383/3489/4427

vn 0.668793 -0.702576 0.24311
f 2498/3678/4428 2383/3489/4428 2384/3490/4428

vn 0.709452 -0.688711 0.149517
f 2497/3677/4429 2498/3678/4429 2384/3490/4429

vn 0.755423 -0.308325 0.578163
vt 0.935568 0.392728
f 2385/3493/4430 2497/3679/4430 2384/3491/4430

v 1.33571 0.419347 -0.0565392
vt 0.935523 0.374675
vn 0.730569 -0.312716 0.607024
f 2499/3680/4431 2497/3679/4431 2385/3493/4431

vn 0.971268 0.0193244 0.237204
vt 0.945614 0.392018
f 2499/3680/4432 2496/3681/4432 2497/3679/4432

v 1.34733 0.445476 -0.10033
vt 0.945443 0.373486
vn 0.964058 0.0156659 0.265231
f 2500/3682/4433 2496/3681/4433 2499/3680/4433

vn 0.948416 0.288094 -0.132324
vt 0.955153 0.391431
f 2500/3682/4434 2475/3683/4434 2496/3681/4434

vn 0.948572 0.28804 -0.131319
f 2470/3643/4435 2475/3683/4435 2500/3682/4435

vn 0.706269 0.488086 -0.512793
f 2470/3643/4436 2471/3644/4436 2475/3683/4436

vn 0.937426 0.330127 -0.110674
v 1.3675 0.372803 -0.146296
vt 0.944971 0.356553
f 2470/3643/4437 2500/3682/4437 2501/3684/4437

vn 0.947263 0.0642879 0.313942
v 1.35306 0.355297 -0.0991515
vt 0.935331 0.359396
f 2501/3684/4438 2500/3682/4438 2502/3685/4438

vn 0.95432 0.0644464 0.291754
f 2500/3682/4439 2499/3680/4439 2502/3685/4439

vn 0.700997 -0.253551 0.66657
v 1.31867 0.333573 -0.0712452
vt 0.925848 0.360492
f 2502/3685/4440 2499/3680/4440 2503/3686/4440

vn 0.718922 -0.253775 0.647108
f 2503/3686/4441 2499/3680/4441 2385/3493/4441

vn 0.228764 -0.512286 0.827786
f 2385/3493/4442 2386/3494/4442 2503/3686/4442

vn 0.246174 -0.493424 0.834225
f 2386/3494/4443 2388/3502/4443 2503/3686/4443

vn -0.291427 -0.592567 0.750955
f 2386/3494/4444 2387/3496/4444 2388/3502/4444

vn 0.21582 -0.422522 0.880282
v 1.33311 0.288633 -0.096357
vt 0.925859 0.350433
f 2503/3686/4445 2388/3502/4445 2504/3687/4445

vn 0.218736 -0.417378 0.882015
vt 0.916466 0.347684
f 2388/3502/4446 2389/3688/4446 2504/3687/4446

vt 0.910068 0.483844
vn -0.441592 0.656623 0.611427
v 1.30798 0.231892 -0.0535732
vt 0.893848 0.471222
f 2504/3689/4447 2389/3508/4447 2505/3690/4447

vn -0.800572 0.272196 0.533849
f 2389/3508/4448 2390/3507/4448 2505/3690/4448

vn -0.82286 0.316715 0.471798
v 1.30103 0.169988 -0.0241346
vt 0.881953 0.459953
f 2390/3507/4449 2506/3691/4449 2505/3690/4449

vn -0.920205 0.00469258 0.391409
f 2390/3507/4450 2391/3509/4450 2506/3691/4450

vn -0.929433 0.0137329 0.368737
v 1.32127 0.152278 0.0275383
vt 0.882667 0.447254
f 2391/3509/4451 2507/3692/4451 2506/3691/4451

vn -0.935584 0.0611667 0.347766
f 2391/3509/4452 2392/3510/4452 2507/3692/4452

vn -0.991821 0.0689824 0.107386
v 1.32648 0.107714 0.104272
vt 0.877114 0.431244
f 2392/3510/4453 2508/3693/4453 2507/3692/4453

vn -0.958923 -0.217055 0.182631
f 2392/3510/4454 2393/3511/4454 2508/3693/4454

vn -0.962835 -0.228337 0.14426
f 2508/3693/4455 2393/3511/4455 2394/3513/4455

vn -0.963401 -0.175968 0.202224
v 1.33001 0.114112 0.126652
vt 0.878595 0.427677
f 2508/3693/4456 2394/3513/4456 2509/3694/4456

vn -0.951685 -0.153315 0.266065
v 1.33566 0.120657 0.150651
vt 0.879919 0.423917
f 2509/3694/4457 2394/3513/4457 2510/3695/4457

vn -0.957906 -0.150254 0.244621
f 2394/3513/4458 2395/3515/4458 2510/3695/4458

vt 0.624397 0.07081
vn -0.959988 -0.154433 0.233611
v 1.34582 0.131488 0.199524
vt 0.626678 0.061466
f 2510/3696/4459 2395/3516/4459 2511/3697/4459

vn -0.976961 -0.119214 0.177017
v 1.35228 0.0960053 0.211326
vt 0.620243 0.058592
f 2395/3516/4460 2512/3698/4460 2511/3697/4460

vn -0.903185 -0.341254 0.26039
f 2395/3516/4461 2396/3518/4461 2512/3698/4461

vn -0.894516 -0.318616 0.313568
vt 0.625269 0.045036
f 2512/3698/4462 2396/3518/4462 2400/3699/4462

vn -0.885794 -0.338901 0.31704
v 1.36556 0.126166 0.280661
vt 0.627002 0.046226
f 2512/3698/4463 2400/3699/4463 2513/3700/4463

vn -0.847129 -0.267599 0.459089
vt 0.63312 0.036922
f 2513/3700/4464 2400/3699/4464 2399/3701/4464

v 1.36537 0.144319 0.274281
vt 0.630053 0.047779
vn -0.934545 0.109094 0.338709
f 2514/3702/4465 2513/3700/4465 2399/3701/4465

vn -0.984682 0.0483891 0.167509
f 2512/3698/4466 2513/3700/4466 2514/3702/4466

vn -0.96009 -0.0865563 0.26596
f 2511/3697/4467 2512/3698/4467 2514/3702/4467

vn -0.882356 0.444504 0.154478
v 1.37284 0.160505 0.270371
vt 0.63312 0.048496
f 2511/3697/4468 2514/3702/4468 2515/3703/4468

vn -0.842998 0.457403 0.283083
f 2515/3703/4469 2514/3702/4469 2399/3701/4469

v 1.38975 0.160845 0.272621
vt 0.635936 0.047543
vn -0.0468757 0.977684 0.204783
f 2516/3704/4470 2515/3703/4470 2399/3701/4470

v 1.38989 0.166652 0.194865
vt 0.63849 0.061225
vn -0.0299134 0.99678 0.0743942
f 2517/3705/4471 2515/3703/4471 2516/3704/4471

vn -0.0801946 0.994794 0.0628772
v 1.35897 0.164288 0.192831
vt 0.63312 0.062492
f 2517/3705/4472 2518/3706/4472 2515/3703/4472

vn -0.0764112 0.997073 0.00272454
v 1.38921 0.166742 0.143001
vt 0.640074 0.070631
f 2517/3705/4473 2519/3707/4473 2518/3706/4473

vn 0.573196 0.819396 -0.00611145
f 2402/3529/4474 2519/3707/4474 2517/3705/4474

vt 0.895983 0.420171
vn -0.076898 0.355781 0.9314
vt 0.892572 0.422617
vt 0.893699 0.413019
f 2404/3708/4475 2519/3709/4475 2402/3710/4475

v 1.42777 0.190219 0.133765
vt 0.901015 0.421099
vn -0.100288 0.502519 0.85873
f 2520/3711/4476 2519/3709/4476 2404/3708/4476

vn -0.37425 0.79952 0.469792
v 1.38692 0.188242 0.104586
vt 0.896354 0.429859
f 2520/3711/4477 2521/3712/4477 2519/3709/4477

v 1.43314 0.220961 0.0781689
vt 0.909448 0.431476
vn -0.34622 0.834751 0.428162
f 2522/3713/4478 2521/3712/4478 2520/3711/4478

v 1.37557 0.189626 0.0738818
vt 0.896107 0.436668
vn -0.47921 0.850917 0.215172
vt 0.896386 0.429982
vt 0.909478 0.431609
v 1.4239 0.221786 0.0542852
vt 0.90916 0.43684
f 2523/3714/4479 2521/3715/4479 2522/3716/4479 2524/3717/4479 

vn -0.541959 0.80641 0.23661
vt 0.89608 0.436545
v 1.34569 0.157911 0.113515
vt 0.886491 0.429886
f 2521/3712/4480 2523/3718/4480 2525/3719/4480

vn -0.675394 0.73337 0.0775354
v 1.34031 0.155612 0.0884249
vt 0.885862 0.434746
f 2523/3718/4481 2526/3720/4481 2525/3719/4481

vn -0.649502 0.742813 0.162404
f 2523/3718/4482 2507/3692/4482 2526/3720/4482

v 1.34812 0.200863 0.0189886
vt 0.89491 0.450156
vn -0.735949 0.489031 0.468217
f 2527/3721/4483 2507/3692/4483 2523/3718/4483

vn -0.741312 0.49026 0.458369
f 2506/3691/4484 2507/3692/4484 2527/3721/4484

vn -0.745919 0.327339 0.580046
v 1.32562 0.215324 -0.0181016
vt 0.894054 0.460775
f 2506/3691/4485 2527/3721/4485 2528/3722/4485

v 1.39558 0.238763 0.0017496
vt 0.909814 0.451383
vn -0.400911 0.744725 0.53353
f 2529/3723/4486 2528/3722/4486 2527/3721/4486

vn -0.401949 0.710537 0.577559
v 1.37545 0.254021 -0.0310304
vt 0.90992 0.461373
f 2529/3723/4487 2530/3724/4487 2528/3722/4487

v 1.4317 0.271273 -0.0572051
vt 0.925797 0.46053
vn -0.0623487 0.889644 0.452378
f 2531/3725/4488 2530/3724/4488 2529/3723/4488

vn -0.0806299 0.903041 0.421918
v 1.40816 0.284727 -0.0905006
vt 0.926124 0.471009
f 2531/3725/4489 2532/3726/4489 2530/3724/4489

v 1.47257 0.260456 -0.0873637
vt 0.937947 0.45959
vn 0.343885 0.929618 0.132489
f 2533/3727/4490 2532/3726/4490 2531/3725/4490

vn 0.350706 0.935664 0.0392119
f 2533/3727/4491 2450/3615/4491 2532/3726/4491

vn 0.581894 0.79691 -0.162278
f 2448/3613/4492 2450/3615/4492 2533/3727/4492

vn 0.567154 0.803043 -0.182919
f 2448/3613/4493 2533/3727/4493 2422/3564/4493

vn 0.180457 0.976407 0.118596
v 1.45251 0.255919 -0.0194909
vt 0.924733 0.449851
f 2422/3564/4494 2533/3727/4494 2534/3728/4494

vn 0.36733 0.914481 0.169686
f 2533/3727/4495 2531/3725/4495 2534/3728/4495

vn -0.111237 0.897501 0.426754
f 2534/3728/4496 2531/3725/4496 2529/3723/4496

vn -0.138194 0.918202 0.371223
vt 0.909575 0.437205
f 2534/3728/4497 2529/3723/4497 2524/3729/4497

vn -0.434134 0.762123 0.480309
f 2524/3729/4498 2529/3723/4498 2527/3721/4498

vn -0.404358 0.835005 0.373177
f 2524/3729/4499 2527/3721/4499 2523/3718/4499

vn -0.260756 0.910742 0.320243
f 2419/3561/4500 2534/3728/4500 2524/3729/4500

vn 0.184288 0.974369 0.129011
f 2422/3564/4501 2534/3728/4501 2419/3561/4501

vn -0.200289 0.979732 -0.00317825
f 2420/3562/4502 2422/3564/4502 2419/3561/4502

vt 0.910068 0.43697
vn -0.323986 0.932783 0.157953
vt 0.909528 0.431675
vt 0.922632 0.429557
vt 0.923194 0.436329
f 2524/3730/4503 2522/3731/4503 2417/3732/4503 2419/3733/4503 

vn -0.255993 0.882336 0.394905
f 2417/3559/4504 2522/3713/4504 2414/3556/4504

vn 0.0539037 0.992941 -0.105652
v 1.44465 0.224144 0.113956
vt 0.909244 0.423544
f 2414/3556/4505 2522/3713/4505 2535/3734/4505

vn -0.818114 0.533036 0.215782
f 2522/3713/4506 2520/3711/4506 2535/3734/4506

vt 0.706974 0.074173
vn -0.85135 0.505492 0.140293
vt 0.698853 0.072213
v 1.46306 0.236414 0.181448
vt 0.706974 0.061276
f 2535/3735/4507 2520/3736/4507 2536/3737/4507

vn -0.840251 0.531572 0.106813
v 1.44832 0.210489 0.194521
vt 0.701425 0.060134
f 2520/3736/4508 2537/3738/4508 2536/3737/4508

vn -0.93027 -0.107965 0.35063
f 2520/3736/4509 2405/3538/4509 2537/3738/4509

vn 0.0269938 0.422478 0.905971
vt 0.895933 0.412469
f 2520/3711/4510 2404/3708/4510 2405/3739/4510

vn -0.933394 -0.10345 0.343619
v 1.4586 0.173387 0.211294
vt 0.694679 0.056774
f 2405/3538/4511 2538/3740/4511 2537/3738/4511

vn -0.897977 -0.208637 0.387437
f 2405/3538/4512 2406/3540/4512 2538/3740/4512

vn -0.869085 -0.160862 0.467777
v 1.48551 0.207778 0.273109
vt 0.701003 0.04461
f 2538/3740/4513 2406/3540/4513 2539/3741/4513

vn -0.837164 -0.209977 0.505041
vt 0.698945 0.043075
f 2406/3540/4514 2410/3742/4514 2539/3741/4514

vn -0.784848 -0.140197 0.603622
vt 0.706974 0.035202
f 2539/3741/4515 2410/3742/4515 2409/3743/4515

v 1.48087 0.224355 0.26564
vt 0.703772 0.046419
vn -0.830535 0.0185525 0.556658
f 2540/3744/4516 2539/3741/4516 2409/3743/4516

vn -0.902535 -0.0602778 0.426376
f 2538/3740/4517 2539/3741/4517 2540/3744/4517

vn -0.903348 -0.0583681 0.424918
f 2537/3738/4518 2538/3740/4518 2540/3744/4518

vn -0.796642 0.546563 0.258128
v 1.48885 0.240161 0.256779
vt 0.706974 0.047458
f 2537/3738/4519 2540/3744/4519 2541/3745/4519

vn -0.703583 0.582829 0.406549
f 2541/3745/4520 2540/3744/4520 2409/3743/4520

vn 0.0687442 0.990164 0.121858
v 1.50856 0.238958 0.255434
vt 0.710131 0.046401
f 2409/3743/4521 2542/3746/4521 2541/3745/4521

v 1.5229 0.227498 0.259326
vt 0.712824 0.044572
vn 0.620563 0.783854 0.0217667
f 2543/3747/4522 2542/3746/4522 2409/3743/4522

vn 0.64128 0.753925 -0.142681
f 2412/3552/4523 2542/3746/4523 2543/3747/4523

vn 0.639418 0.755299 -0.143766
f 2412/3552/4524 2413/3553/4524 2542/3746/4524

vn 0.0569786 0.996774 -0.0565291
f 2542/3746/4525 2413/3553/4525 2541/3745/4525

vn 0.027353 0.997883 -0.0590059
f 2413/3553/4526 2536/3737/4526 2541/3745/4526

vn 0.00735085 0.978603 -0.205624
f 2413/3553/4527 2414/3554/4527 2536/3737/4527

vn 0.048866 0.980269 -0.191534
f 2414/3554/4528 2535/3735/4528 2536/3737/4528

vn -0.786481 0.568661 0.240982
f 2536/3737/4529 2537/3738/4529 2541/3745/4529

vn 0.724021 0.679355 -0.119458
f 2412/3552/4530 2543/3747/4530 2407/3550/4530

vn 0.766864 0.635992 -0.0862137
vt 0.714875 0.043037
f 2407/3550/4531 2543/3747/4531 2408/3748/4531

vn 0.744531 0.666397 0.0398721
f 2543/3747/4532 2409/3743/4532 2408/3748/4532

vn 0.523382 0.830639 -0.190024
f 2423/3565/4533 2448/3613/4533 2422/3564/4533

vn 0.407034 0.909094 0.0887196
v 1.37216 0.304681 -0.129767
vt 0.925739 0.485786
f 2450/3615/4534 2544/3749/4534 2532/3726/4534

vn 0.40685 0.902852 0.13904
f 2450/3615/4535 2451/3616/4535 2544/3749/4535

vt 0.935825 0.359454
vn 0.929544 0.145718 0.338696
vt 0.93523 0.347728
vt 0.94451 0.340348
vt 0.944978 0.356548
f 2502/3750/4536 2544/3751/4536 2451/3752/4536 2501/3753/4536 

vn 0.680553 -0.173811 0.711785
vt 0.935223 0.347733
f 2502/3685/4537 2504/3687/4537 2544/3754/4537

vn 0.684697 -0.175232 0.707448
f 2502/3685/4538 2503/3686/4538 2504/3687/4538

vn 0.0119528 0.895825 0.444247
f 2532/3726/4539 2544/3749/4539 2504/3689/4539

vn 0.0076553 0.874447 0.485061
v 1.35715 0.268354 -0.0601784
vt 0.909987 0.470796
f 2532/3726/4540 2504/3689/4540 2545/3755/4540

vn -0.402582 0.658084 0.63628
f 2545/3755/4541 2504/3689/4541 2505/3690/4541

vn -0.42315 0.679191 0.599703
f 2530/3724/4542 2545/3755/4542 2505/3690/4542

vn -0.0186355 0.892534 0.450594
f 2532/3726/4543 2545/3755/4543 2530/3724/4543

vn -0.420248 0.723925 0.547105
f 2530/3724/4544 2505/3690/4544 2528/3722/4544

vn -0.766892 0.343785 0.541931
f 2505/3690/4545 2506/3691/4545 2528/3722/4545

vn 0.913974 0.399737 -0.0697279
vt 0.944503 0.340353
f 2469/3642/4546 2501/3684/4546 2451/3756/4546

vn 0.939706 0.331177 -0.085297
f 2469/3642/4547 2470/3643/4547 2501/3684/4547

vn 0.912746 0.394181 -0.107311
f 2452/3623/4548 2469/3642/4548 2451/3756/4548

vn 0.697992 0.544964 -0.464566
f 2452/3623/4549 2456/3622/4549 2469/3642/4549

vn -0.90044 0.346815 0.262541
f 2507/3692/4550 2508/3693/4550 2526/3720/4550

vn -0.930464 0.324746 0.169638
f 2526/3720/4551 2508/3693/4551 2525/3719/4551

vn -0.935816 0.349243 0.047724
f 2508/3693/4552 2509/3694/4552 2525/3719/4552

vn -0.923229 0.365753 0.117789
f 2525/3719/4553 2509/3694/4553 2510/3695/4553

vn -0.907692 0.392401 0.148714
v 1.35171 0.161923 0.139718
vt 0.886738 0.425236
f 2525/3719/4554 2510/3695/4554 2546/3757/4554

vt 0.63312 0.072453
vn -0.91652 0.385089 0.108154
f 2546/3758/4555 2510/3696/4555 2518/3706/4555

vn -0.915543 0.388528 0.104056
f 2510/3696/4556 2511/3697/4556 2518/3706/4556

vn -0.89964 0.397695 0.180242
f 2518/3706/4557 2511/3697/4557 2515/3703/4557

vn -0.125079 0.991778 -0.0270646
f 2519/3707/4558 2546/3758/4558 2518/3706/4558

vn -0.115759 0.985472 -0.124277
f 2519/3709/4559 2525/3719/4559 2546/3757/4559

vn -0.462109 0.761837 0.453937
f 2519/3709/4560 2521/3712/4560 2525/3719/4560

vn 0.546575 0.836021 -0.0482228
f 2402/3529/4561 2517/3705/4561 2401/3527/4561

vn 0.517955 0.852962 0.0646369
f 2401/3527/4562 2517/3705/4562 2516/3704/4562

vn 0.45401 0.890608 0.0263027
v 1.40522 0.152797 0.278077
vt 0.638665 0.045802
f 2401/3527/4563 2516/3704/4563 2547/3759/4563

vn 0.393404 0.895977 0.206053
f 2547/3759/4564 2516/3704/4564 2399/3701/4564

vt 0.640433 0.044475
vn 0.617624 0.74022 0.265735
f 2398/3760/4565 2547/3759/4565 2399/3701/4565

vn 0.68133 0.724408 0.104984
f 2397/3528/4566 2547/3759/4566 2398/3760/4566

vn 0.654266 0.751693 0.0830294
f 2397/3528/4567 2401/3527/4567 2547/3759/4567

vn 0.878137 -0.253004 -0.406035
f 2475/3655/4568 2476/3656/4568 2496/3676/4568

vn -0.606475 -0.766484 0.211401
f 2375/3481/4569 2371/3477/4569 2372/3478/4569

vn 0.669905 -0.059202 -0.740082
f 2359/3462/4570 2474/3653/4570 2358/3461/4570

vn 0.554905 -0.360321 -0.749833
f 2358/3461/4571 2474/3653/4571 2473/3650/4571

vn 0.262921 -0.51344 -0.816855
vt 0.988281 0.562452
f 2358/3461/4572 2473/3650/4572 2353/3761/4572

vn 0.3 -0.617016 -0.727524
f 2473/3650/4573 2352/3652/4573 2353/3761/4573

vn 0.295973 -0.531386 -0.793744
f 2358/3461/4574 2353/3761/4574 2354/3460/4574

vn -0.161011 0.242426 0.956716
f 2304/3391/4575 2305/3392/4575 2367/3473/4575

vn 0.426832 0.530876 0.73211
vt 0.894906 0.594135
f 2304/3391/4576 2367/3473/4576 2363/3762/4576

vn 0.461672 0.477654 0.747466
f 2363/3762/4577 2367/3473/4577 2362/3469/4577

vn 0.432142 0.594802 0.677838
f 2302/3389/4578 2304/3391/4578 2363/3762/4578

vn 0.388573 0.645093 0.657925
f 2303/3390/4579 2304/3391/4579 2302/3389/4579

vn 0.713394 0.619815 0.326953
f 2301/3388/4580 2302/3389/4580 2363/3762/4580

vn -0.454227 -0.599038 -0.659418
f 2291/3371/4581 2293/3373/4581 2357/3458/4581

vn -0.776451 -0.58028 -0.245762
f 2291/3371/4582 2357/3458/4582 2288/3367/4582

v 0.958964 0.669769 -0.0862002
vt 0.805027 0.599267
vn -0.754658 -0.620996 -0.211791
vt 0.803152 0.609803
vt 0.781071 0.597336
vt 0.783128 0.584178
f 2548/3763/4583 2288/3764/4583 2357/3765/4583 2355/3766/4583 

vn -0.849688 -0.506376 0.147018
vt 0.805018 0.599313
f 2288/3367/4584 2548/3767/4584 2287/3366/4584

vn -0.864298 -0.486214 0.128778
f 2548/3767/4585 2307/3394/4585 2287/3366/4585

vn -0.845762 -0.515648 0.137095
f 2548/3767/4586 2309/3396/4586 2307/3394/4586

vn -0.753593 -0.623053 -0.209531
f 2355/3456/4587 2309/3396/4587 2548/3767/4587

vn -0.706859 -0.67979 -0.195542
f 2355/3456/4588 2311/3398/4588 2309/3396/4588

vn -0.825314 -0.275163 0.493095
f 2287/3366/4589 2307/3394/4589 2286/3364/4589

vn 0.944025 0.217277 -0.248208
f 1503/2265/4590 1504/2266/4590 2273/3350/4590

vn 0.926535 0.312143 -0.209997
f 1503/2265/4591 2273/3350/4591 1502/2264/4591

vn 0.994659 -0.0360659 -0.0967112
v 0.883594 0.686929 -0.554506
vt 0.636637 0.550572
f 1502/2264/4592 2273/3350/4592 2549/3768/4592

vn 0.993708 -0.0280731 -0.108426
f 2549/3768/4593 2273/3350/4593 2271/3348/4593

vn 0.912862 -0.408243 -0.00451001
f 2549/3768/4594 2271/3348/4594 2268/3345/4594

vn 0.904364 -0.426203 0.0218454
f 2268/3345/4595 2271/3348/4595 2269/3346/4595

v 0.835298 0.576154 -0.651088
vt 0.638672 0.521562
vn 0.914304 -0.404963 0.0072773
f 2550/3769/4596 2549/3768/4596 2268/3345/4596

v 0.87207 0.655964 -0.675021
vt 0.651783 0.532699
vn 0.910247 -0.413619 0.019234
f 2551/3770/4597 2549/3768/4597 2550/3769/4597

vn 0.995718 -0.029225 -0.0877046
f 1501/2263/4598 2549/3768/4598 2551/3770/4598

vn 0.995401 -0.0340864 -0.0895298
f 1501/2263/4599 1502/2264/4599 2549/3768/4599

v 0.862367 0.62944 -0.771628
vt 0.663884 0.518124
vn 0.99533 -0.0304193 -0.0916131
f 2552/3771/4600 1501/2263/4600 2551/3770/4600

vn 0.995235 -0.0296213 -0.0928928
f 1437/2179/4601 1501/2263/4601 2552/3771/4601

vn 0.906548 0.362545 -0.216176
f 1438/2180/4602 1501/2263/4602 1437/2179/4602

v 0.851643 0.602645 -0.869292
vt 0.676269 0.503421
vn 0.994431 -0.0319272 -0.100437
f 2553/3772/4603 1437/2179/4603 2552/3771/4603

vn 0.994332 -0.0310845 -0.101675
f 1436/2178/4604 1437/2179/4604 2553/3772/4604

vn 0.993742 -0.0326569 -0.106819
v 0.840443 0.576286 -0.965425
vt 0.688667 0.488976
v 0.840443 0.646514 -0.986895
vt 0.699464 0.49766
f 2553/3772/4605 2554/3773/4605 2555/3774/4605 1436/2178/4605 

vn 0.902242 -0.431032 0.013072
v 0.809935 0.513014 -0.946082
vt 0.678314 0.479641
f 2554/3773/4606 2553/3772/4606 2556/3775/4606

vn 0.902991 -0.429521 0.0109016
v 0.818917 0.534375 -0.848421
vt 0.665051 0.493554
f 2556/3775/4607 2553/3772/4607 2557/3776/4607

vn 0.903747 -0.427684 0.0180979
f 2553/3772/4608 2552/3771/4608 2557/3776/4608

vn 0.904823 -0.42553 0.0148231
v 0.827517 0.556118 -0.749212
vt 0.65178 0.507723
f 2557/3776/4609 2552/3771/4609 2558/3777/4609

vn 0.905844 -0.422866 0.0251248
f 2552/3771/4610 2551/3770/4610 2558/3777/4610

vn 0.909601 -0.415289 0.0126721
f 2558/3777/4611 2551/3770/4611 2550/3769/4611

vn 0.640536 -0.760777 0.104555
f 2550/3769/4612 2266/3341/4612 2558/3777/4612

vn 0.635211 -0.764173 0.112013
f 2550/3769/4613 2267/3344/4613 2266/3341/4613

vn 0.633338 -0.768556 0.090583
f 2268/3345/4614 2267/3344/4614 2550/3769/4614

vn 0.640796 -0.760103 0.107815
v 0.759947 0.48713 -0.833977
vt 0.654446 0.483284
f 2558/3777/4615 2266/3341/4615 2559/3778/4615

vn 0.231372 -0.959028 0.163499
f 2266/3341/4616 2264/3343/4616 2559/3778/4616

vn 0.231308 -0.959405 0.161363
v 0.686413 0.453602 -0.927918
vt 0.659295 0.459699
f 2559/3778/4617 2264/3343/4617 2560/3779/4617

vt 0.340705 0.459699
vn -0.231308 -0.959405 0.161363
f 2560/3780/4618 2264/3339/4618 2262/3337/4618

vn -0.23006 -0.959533 0.162386
v 0.617863 0.469229 -0.932696
vt 0.331485 0.469896
f 2560/3780/4619 2262/3337/4619 2561/3781/4619

vn -0.637427 -0.763156 0.106207
f 2561/3781/4620 2262/3337/4620 2261/3336/4620

vn -0.635397 -0.764486 0.108775
v 0.56289 0.513014 -0.946082
vt 0.321686 0.479641
f 2561/3781/4621 2261/3336/4621 2562/3782/4621

vn -0.902991 -0.429521 0.0109016
v 0.521183 0.602645 -0.869292
vt 0.323731 0.503421
f 2562/3782/4622 2261/3336/4622 2563/3783/4622

vn -0.903747 -0.427684 0.0180979
f 2563/3783/4623 2261/3336/4623 2259/3334/4623

vn -0.994431 -0.0319272 -0.100437
f 2563/3783/4624 2259/3334/4624 1411/2141/4624

vn -0.995235 -0.0296213 -0.0928928
f 1411/2141/4625 2259/3334/4625 1409/2139/4625

vn -0.994332 -0.0310845 -0.101675
f 1413/2143/4626 2563/3783/4626 1411/2141/4626

vn -0.993742 -0.0326569 -0.106819
vt 0.300536 0.49766
v 0.532383 0.576286 -0.965425
vt 0.311333 0.488976
f 2563/3783/4627 1413/2143/4627 1415/3784/4627 2564/3785/4627 

vn -0.993101 -0.0342833 -0.11214
vt 0.288583 0.482462
v 0.544336 0.549526 -1.0631
vt 0.298475 0.474332
f 2564/3785/4628 1415/2145/4628 1417/3786/4628 2565/3787/4628 

vn -0.992394 -0.0359912 -0.117726
vt 0.276458 0.467628
v 0.55677 0.523047 -1.15982
vt 0.285459 0.460044
f 2565/3787/4629 1417/2147/4629 1419/3788/4629 2566/3789/4629 

vt 0.285448 0.45986
vn -0.991666 -0.0376678 -0.123209
v 0.569727 0.549957 -1.27233
vt 0.264042 0.452654
v 0.569727 0.496717 -1.25605
vt 0.272168 0.445632
f 2566/3790/4630 1419/3788/4630 2567/3791/4630 2568/3792/4630 

v 0.592838 0.597923 -1.28699
vt 0.255668 0.45933
vn -0.900597 0.359029 -0.244996
f 2569/3793/4631 2567/3791/4631 1419/3788/4631

v 0.603253 0.56042 -1.3809
vt 0.243738 0.443533
vn -0.900783 0.359573 -0.243509
f 2570/3794/4632 2567/3791/4632 2569/3793/4632

vt 0.264038 0.452653
vn -0.901315 0.358041 -0.243798
vt 0.243733 0.443532
v 0.613428 0.523922 -1.47213
vt 0.232168 0.428062
v 0.582714 0.517625 -1.36782
vt 0.251219 0.437472
f 2567/3795/4633 2570/3796/4633 2571/3797/4633 2572/3798/4633 

v 0.645909 0.550035 -1.48011
vt 0.225246 0.433005
vn -0.638019 0.687749 -0.346313
vt 0.231994 0.428117
f 2573/3799/4634 2571/3800/4634 2570/3794/4634

vt 0.231905 0.428206
vn -0.637985 0.686748 -0.348356
vt 0.225158 0.433095
v 0.651885 0.507363 -1.5752
vt 0.213737 0.416013
v 0.624195 0.48508 -1.56839
vt 0.219491 0.411843
f 2571/3801/4635 2573/3802/4635 2574/3803/4635 2575/3804/4635 

vt 0.22516 0.433071
vn -0.231892 0.881975 -0.410301
v 0.686413 0.559354 -1.48296
vt 0.218252 0.437464
v 0.686413 0.515315 -1.57764
vt 0.207838 0.419698
vt 0.213727 0.415953
f 2573/3805/4636 2576/3806/4636 2577/3807/4636 2574/3808/4636 

vt 0.225026 0.433189
vn -0.231948 0.883877 -0.406155
v 0.686413 0.600607 -1.39319
vt 0.228162 0.454209
vt 0.218183 0.437573
f 2573/3809/4637 2578/3810/4637 2576/3811/4637

vn -0.230938 0.883915 -0.406647
v 0.640263 0.590036 -1.38995
vt 0.235958 0.449216
f 2578/3810/4638 2573/3809/4638 2579/3812/4638

vt 0.255645 0.459327
vn -0.636359 0.689511 -0.345863
vt 0.236081 0.449047
vt 0.225408 0.433034
vt 0.243713 0.443531
f 2569/3813/4639 2579/3814/4639 2573/3815/4639 2570/3816/4639 

vt 0.236105 0.449048
vn -0.634966 0.691023 -0.345405
v 0.634483 0.631117 -1.29714
vt 0.247152 0.465424
f 2579/3817/4640 2569/3793/4640 2580/3818/4640

vn -0.634868 0.690565 -0.346501
vt 0.267228 0.474846
f 2580/3818/4641 2569/3793/4641 1418/3819/4641

vn -0.900026 0.36076 -0.244554
f 2569/3793/4642 1419/3788/4642 1418/3819/4642

vn -0.63335 0.692308 -0.3458
vt 0.257859 0.481443
f 2580/3818/4643 1418/3819/4643 1421/3820/4643

v 0.686413 0.684834 -1.20928
vt 0.248287 0.487622
vn -0.2296 0.884884 -0.405295
v 0.686413 0.642964 -1.30076
vt 0.238802 0.471164
vt 0.24737 0.465767
vt 0.257805 0.481628
f 2581/3821/4644 2582/3822/4644 2580/3823/4644 1421/3824/4644 

vt 0.751148 0.487346
vn 0.229582 0.884873 -0.40533
v 0.744109 0.671728 -1.20528
vt 0.741506 0.481219
v 0.738343 0.631117 -1.29714
vt 0.752515 0.465079
vt 0.771346 0.453667
vt 0.761195 0.470595
f 2581/3825/4645 2583/3826/4645 2584/3827/4645 2578/3828/4645 2582/3829/4645 

vt 0.74204 0.503769
vn 0.229219 0.885358 -0.404474
vt 0.731692 0.497404
vt 0.742214 0.481619
vt 0.751655 0.487427
f 1430/3830/4646 1432/3831/4646 2583/3832/4646 2581/3833/4646 

vt 0.742131 0.481433
vn 0.633548 0.693108 -0.343828
vt 0.731688 0.4974
v 0.80035 0.672239 -1.10061
vt 0.721473 0.490356
v 0.790378 0.635007 -1.19405
vt 0.732811 0.475006
f 2583/3834/4647 1432/3835/4647 2585/3836/4647 2586/3837/4647 

vn 0.633843 0.69441 -0.340644
vt 0.721483 0.490366
vt 0.731697 0.49741
f 1435/2177/4648 2585/3838/4648 1432/3839/4648

vn 0.901603 0.362618 -0.235839
vt 0.699428 0.497821
f 2585/3838/4649 1435/2177/4649 2555/3840/4649

vn 0.902241 0.36465 -0.2302
f 1435/2177/4650 1436/2178/4650 2555/3840/4650

vn 0.901149 0.36406 -0.235353
v 0.82849 0.61408 -1.08283
vt 0.71139 0.482644
f 2585/3838/4651 2555/3840/4651 2587/3841/4651

vn 0.993101 -0.0342833 -0.11214
v 0.82849 0.549526 -1.0631
vt 0.701525 0.474332
vt 0.711417 0.482462
f 2554/3773/4652 2588/3842/4652 2587/3843/4652 2555/3840/4652 

vn 0.901151 -0.433423 0.00847035
v 0.80035 0.491366 -1.04532
vt 0.692053 0.465549
f 2588/3842/4653 2554/3773/4653 2589/3844/4653

vn 0.901604 -0.432501 0.00726251
f 2589/3844/4654 2554/3773/4654 2556/3775/4654

vn 0.633843 -0.766175 0.105918
v 0.749643 0.451118 -1.03301
vt 0.683099 0.456365
f 2556/3775/4655 2590/3845/4655 2589/3844/4655

vn 0.635056 -0.765365 0.1045
v 0.754963 0.469229 -0.932696
vt 0.668515 0.469896
f 2556/3775/4656 2591/3846/4656 2590/3845/4656

vn 0.635397 -0.764486 0.108775
f 2557/3776/4657 2591/3846/4657 2556/3775/4657

vn 0.637427 -0.763156 0.106207
f 2557/3776/4658 2559/3778/4658 2591/3846/4658

vn 0.637857 -0.76201 0.11171
f 2558/3777/4659 2559/3778/4659 2557/3776/4659

vn 0.23006 -0.959533 0.162386
f 2559/3778/4660 2560/3779/4660 2591/3846/4660

vt 0.658919 0.459234
vn 0.229666 -0.959885 0.160853
v 0.686413 0.436754 -1.02862
vt 0.674269 0.446238
vt 0.682798 0.455618
vt 0.668168 0.469405
f 2560/3847/4661 2592/3848/4661 2590/3849/4661 2591/3850/4661 

vt 0.331671 0.469596
vn -0.229666 -0.959885 0.160853
v 0.623183 0.451118 -1.03301
vt 0.317022 0.455828
vt 0.325538 0.446436
vt 0.340906 0.459412
f 2561/3851/4662 2593/3852/4662 2592/3853/4662 2560/3854/4662 

vt 0.316901 0.456365
vn -0.635056 -0.765365 0.1045
f 2593/3855/4663 2561/3781/4663 2562/3782/4663

vn -0.633843 -0.766175 0.105918
v 0.572476 0.491366 -1.04532
vt 0.307947 0.465549
f 2593/3855/4664 2562/3782/4664 2594/3856/4664

vn -0.901604 -0.432501 0.00726251
f 2594/3856/4665 2562/3782/4665 2564/3785/4665

vn -0.902242 -0.431032 0.013072
f 2564/3785/4666 2562/3782/4666 2563/3783/4666

vn -0.901151 -0.433423 0.00847035
f 2565/3787/4667 2594/3856/4667 2564/3785/4667

vt 0.307949 0.465544
vn -0.900543 -0.434756 0.00323423
vt 0.298477 0.474327
vt 0.28541 0.45966
v 0.582447 0.469984 -1.1436
vt 0.294052 0.451647
f 2594/3857/4668 2565/3858/4668 2566/3859/4668 2595/3860/4668 

v 0.592838 0.448752 -1.24139
vt 0.279916 0.437872
vn -0.900027 -0.435833 -0.00100263
vt 0.29405 0.451652
f 2596/3861/4669 2595/3862/4669 2566/3790/4669

v 0.634483 0.415558 -1.23124
vt 0.287158 0.429959
vn -0.634872 -0.76626 0.0989103
f 2597/3863/4670 2595/3862/4670 2596/3861/4670

vn -0.633353 -0.767314 0.100467
v 0.628716 0.433262 -1.13237
vt 0.30215 0.443073
f 2597/3863/4671 2598/3864/4671 2595/3862/4671

vt 0.302876 0.442578
vn -0.229431 -0.960282 0.158808
vt 0.287466 0.42947
v 0.686413 0.387143 -1.32793
vt 0.277888 0.408904
v 0.686413 0.420156 -1.12836
vt 0.310372 0.433419
f 2598/3865/4672 2597/3866/4672 2599/3867/4672 2600/3868/4672 

vn -0.230967 -0.960032 0.158093
v 0.640263 0.397713 -1.33116
vt 0.271679 0.41688
vt 0.277539 0.409412
f 2597/3863/4673 2601/3869/4673 2599/3870/4673

vn -0.63497 -0.766028 0.100074
f 2601/3869/4674 2597/3863/4674 2596/3861/4674

vt 0.279941 0.437829
vn -0.636362 -0.765031 0.0988506
v 0.603253 0.427329 -1.34021
vt 0.265347 0.424004
v 0.645909 0.380459 -1.42827
vt 0.25676 0.404267
vt 0.271708 0.416836
f 2596/3871/4675 2602/3872/4675 2603/3873/4675 2601/3874/4675 

vt 0.265319 0.42405
vn -0.900784 -0.434267 -0.00079941
vt 0.272175 0.445463
f 2602/3875/4676 2596/3861/4676 2568/3876/4676

vn -0.900598 -0.434647 -0.00233555
f 2568/3876/4677 2596/3861/4677 2566/3790/4677

vt 0.272177 0.445456
vn -0.901317 -0.433157 -0.00189704
v 0.582714 0.470125 -1.35329
vt 0.258468 0.430934
v 0.613428 0.406572 -1.43625
vt 0.251186 0.410751
vt 0.265322 0.424043
f 2568/3877/4678 2604/3878/4678 2605/3879/4678 2602/3880/4678 

vn -0.991796 -0.0373728 -0.122246
vt 0.251224 0.437473
vt 0.25848 0.431057
f 2568/3876/4679 2567/3791/4679 2572/3881/4679 2604/3882/4679 

vt 0.251232 0.437486
vn -0.991692 -0.0376086 -0.123016
v 0.595402 0.486188 -1.46059
vt 0.238585 0.422682
v 0.608829 0.45288 -1.55855
vt 0.225242 0.407032
v 0.608829 0.417141 -1.54762
vt 0.23069 0.402117
v 0.595402 0.444306 -1.44779
vt 0.244969 0.416923
vt 0.258473 0.430953
f 2572/3883/4680 2606/3884/4680 2607/3885/4680 2608/3886/4680 2609/3887/4680 2604/3888/4680 

vt 0.25116 0.437536
vn -0.902066 0.355786 -0.244323
vt 0.231867 0.428206
vt 0.219441 0.411856
vt 0.225071 0.407256
vt 0.238466 0.422816
f 2572/3889/4681 2571/3890/4681 2575/3891/4681 2607/3892/4681 2606/3893/4681 

v 0.634204 0.44567 -1.66579
vt 0.207186 0.395333
vn -0.902877 0.35819 -0.237723
vt 0.225195 0.407152
vt 0.219572 0.411763
f 2610/3894/4682 2607/3895/4682 2575/3896/4682

vn -0.900362 0.364576 -0.237557
v 0.621309 0.419115 -1.65767
vt 0.211738 0.391573
f 2610/3894/4683 2611/3897/4683 2607/3895/4683

v 0.640299 0.42078 -1.72762
vt 0.199499 0.385183
vn -0.900569 0.365224 -0.235769
f 2612/3898/4684 2611/3897/4684 2610/3894/4684

vn -0.898188 0.371545 -0.234972
v 0.62891 0.397708 -1.72057
vt 0.203343 0.381965
f 2612/3898/4685 2613/3899/4685 2611/3897/4685

v 0.645316 0.400766 -1.77692
vt 0.193478 0.377356
vn -0.897465 0.369274 -0.241232
f 2614/3900/4686 2613/3899/4686 2612/3898/4686

vn -0.895145 0.375515 -0.240218
v 0.635181 0.380558 -1.77075
vt 0.196736 0.374571
f 2614/3900/4687 2615/3901/4687 2613/3899/4687

v 0.648977 0.384755 -1.81689
vt 0.188715 0.371259
vn -0.895903 0.37796 -0.233463
f 2616/3902/4688 2615/3901/4688 2614/3900/4688

vn -0.893629 0.384053 -0.232229
v 0.639775 0.366685 -1.81137
vt 0.191507 0.368841
f 2616/3902/4689 2617/3903/4689 2615/3901/4689

v 0.653085 0.367505 -1.85924
vt 0.183877 0.365053
vn -0.89259 0.380645 -0.241647
f 2618/3904/4690 2617/3903/4690 2616/3902/4690

vn -0.889155 0.389283 -0.240544
v 0.644944 0.351864 -1.85446
vt 0.186176 0.363071
f 2618/3904/4691 2619/3905/4691 2617/3903/4691

v 0.657055 0.353368 -1.89198
vt 0.180346 0.360402
vn -0.885332 0.378104 -0.2706
f 2620/3906/4692 2619/3905/4692 2618/3904/4692

vn -0.88185 0.387194 -0.269111
v 0.65 0.340116 -1.88793
vt 0.182226 0.358809
f 2620/3906/4693 2621/3907/4693 2619/3905/4693

v 0.663477 0.332611 -1.93665
vt 0.175888 0.354218
vn -0.876983 0.37503 -0.300421
f 2622/3908/4694 2621/3907/4694 2620/3906/4694

vn -0.870836 0.388769 -0.300838
v 0.658462 0.323525 -1.93387
vt 0.177095 0.35323
f 2622/3908/4695 2623/3909/4695 2621/3907/4695

v 0.670003 0.313039 -1.97459
vt 0.172783 0.349296
vn -0.863299 0.372461 -0.34057
f 2624/3910/4696 2623/3909/4696 2622/3908/4696

vn -0.83466 0.427924 -0.346734
v 0.667682 0.308947 -1.97405
vt 0.173174 0.348919
f 2624/3910/4697 2625/3911/4697 2623/3909/4697

v 0.674283 0.315586 -1.97644
vt 0.172156 0.349433
vn -0.466678 0.150552 -0.871519
f 2626/3912/4698 2625/3911/4698 2624/3910/4698

v 0.673339 0.306326 -1.98254
vt 0.172426 0.348182
vn -0.669741 0.454769 -0.587054
f 2627/3913/4699 2625/3911/4699 2626/3912/4699

v 0.667682 0.303053 -1.97225
vt 0.173662 0.348407
vn -0.843388 -0.157098 -0.513825
vt 0.173177 0.348916
vt 0.172429 0.348179
v 0.673339 0.300481 -1.98075
vt 0.17291 0.347674
f 2628/3914/4700 2625/3915/4700 2627/3916/4700 2629/3917/4700 

v 0.658462 0.313446 -1.93079
vt 0.17816 0.352133
vn -0.977463 -0.0617228 -0.20188
vt 0.173797 0.348278
f 2630/3918/4701 2623/3909/4701 2625/3911/4701 2628/3919/4701 

v 0.65 0.325412 -1.88344
vt 0.183918 0.357063
vn -0.985285 -0.0499697 -0.16345
vt 0.178255 0.352033
f 2631/3920/4702 2621/3907/4702 2623/3909/4702 2630/3921/4702 

v 0.644944 0.334506 -1.84915
vt 0.188286 0.360916
vn -0.989977 -0.04129 -0.13506
vt 0.184013 0.356983
f 2632/3922/4703 2619/3905/4703 2621/3907/4703 2631/3923/4703 

v 0.639775 0.346629 -1.80524
vt 0.194118 0.366221
vn -0.993622 -0.0329688 -0.107834
vt 0.188436 0.360803
f 2633/3924/4704 2617/3903/4704 2619/3905/4704 2632/3925/4704 

v 0.635181 0.358129 -1.76389
vt 0.199815 0.371551
vn -0.994315 -0.0311321 -0.101828
vt 0.19426 0.366141
f 2634/3926/4705 2615/3901/4705 2617/3903/4705 2633/3927/4705 

v 0.62891 0.372097 -1.71274
vt 0.207005 0.378478
vn -0.993072 -0.0343558 -0.112372
vt 0.199943 0.371517
f 2635/3928/4706 2613/3899/4706 2615/3901/4706 2634/3929/4706 

v 0.621309 0.389641 -1.64866
vt 0.216106 0.387509
vn -0.993515 -0.0332422 -0.10873
vt 0.207138 0.378434
f 2636/3930/4707 2611/3897/4707 2613/3899/4707 2635/3931/4707 

vt 0.230595 0.402181
vn -0.992965 -0.0346182 -0.113233
vt 0.211653 0.391609
f 2608/3932/4708 2607/3895/4708 2611/3933/4708 2636/3930/4708 

vn -0.900391 -0.435023 0.00718568
v 0.634204 0.363086 -1.64054
vt 0.220205 0.383208
f 2636/3930/4709 2637/3934/4709 2608/3932/4709

v 0.640299 0.349025 -1.70569
vt 0.21045 0.374758
vn -0.900651 -0.434439 0.00950684
f 2638/3935/4710 2637/3934/4710 2636/3930/4710

v 0.660822 0.333056 -1.70081
vt 0.213646 0.370821
vn -0.62638 -0.771997 0.108023
f 2639/3936/4711 2637/3934/4711 2638/3935/4711

vn -0.632289 -0.767811 0.103327
v 0.657439 0.344708 -1.63492
vt 0.224001 0.378714
f 2639/3936/4712 2640/3937/4712 2637/3934/4712

v 0.686413 0.327358 -1.69906
vt 0.216579 0.366664
vn -0.224863 -0.961415 0.158483
f 2641/3938/4713 2640/3937/4713 2639/3936/4713

v 0.686413 0.33815 -1.63292
vt 0.227465 0.374017
vn -0.228346 -0.960876 0.156764
f 2642/3939/4714 2640/3937/4714 2641/3938/4714

vn -0.228255 -0.961376 0.153804
v 0.651885 0.362658 -1.53097
vt 0.24032 0.391531
f 2642/3939/4715 2643/3940/4715 2640/3937/4715

v 0.686413 0.354706 -1.52853
vt 0.244623 0.385826
vn -0.231991 -0.960709 0.152378
vt 0.240404 0.391434
vt 0.227557 0.373914
f 2644/3941/4716 2643/3942/4716 2642/3943/4716

v 0.686413 0.37114 -1.42542
vt 0.261433 0.397922
vn -0.231892 -0.960625 0.153058
vt 0.256411 0.404513
vt 0.240201 0.391622
vt 0.244482 0.386002
f 2645/3944/4717 2603/3945/4717 2643/3946/4717 2644/3947/4717 

vt 0.276954 0.410261
vn -0.231945 -0.959884 0.157559
vt 0.256035 0.405089
vt 0.261158 0.398516
f 2599/3948/4718 2603/3949/4718 2645/3950/4718

vt 0.256187 0.404765
vn -0.230939 -0.96019 0.157173
vt 0.277101 0.409954
vt 0.27126 0.417437
f 2603/3951/4719 2599/3952/4719 2601/3953/4719

v 0.726916 0.380459 -1.42827
vt 0.743928 0.404807
vn 0.231945 -0.959884 0.157559
vt 0.72272 0.409787
vt 0.738793 0.398244
f 2646/3954/4720 2599/3955/4720 2645/3956/4720

vn 0.230939 -0.96019 0.157173
v 0.732563 0.397713 -1.33116
vt 0.728569 0.417264
f 2599/3955/4721 2646/3954/4721 2647/3957/4721

vt 0.74324 0.404267
vn 0.636362 -0.765031 0.0988506
v 0.769573 0.427329 -1.34021
vt 0.734653 0.424004
v 0.779988 0.448752 -1.24139
vt 0.720059 0.437829
vt 0.728292 0.416836
f 2646/3958/4722 2648/3959/4722 2649/3960/4722 2647/3961/4722 

vt 0.734681 0.42405
vn 0.638024 -0.76382 0.0974912
vt 0.74354 0.404435
v 0.759398 0.406572 -1.43625
vt 0.749052 0.410787
f 2648/3962/4723 2646/3963/4723 2650/3964/4723

v 0.720941 0.362658 -1.53097
vt 0.759715 0.391593
vn 0.637989 -0.764133 0.0952387
v 0.74863 0.384941 -1.53778
vt 0.764415 0.39701
vt 0.749084 0.410847
vt 0.743573 0.404494
f 2651/3965/4724 2652/3966/4724 2650/3967/4724 2646/3968/4724 

vt 0.764328 0.396943
vn 0.638422 -0.763459 0.0977143
vt 0.75968 0.391531
v 0.715387 0.344708 -1.63492
vt 0.775999 0.378714
f 2652/3969/4725 2651/3970/4725 2653/3971/4725

vn 0.228255 -0.961376 0.153804
vt 0.772535 0.374017
f 2651/3970/4726 2642/3972/4726 2653/3971/4726

vn 0.231991 -0.960709 0.152378
vt 0.755463 0.385921
f 2651/3970/4727 2644/3973/4727 2642/3972/4727

vt 0.755534 0.386034
vn 0.231892 -0.960625 0.153058
vt 0.759815 0.391653
vt 0.743604 0.404543
vt 0.738582 0.397952
f 2644/3974/4728 2651/3975/4728 2646/3976/4728 2645/3977/4728 

vn 0.228346 -0.960876 0.156764
vt 0.783421 0.366664
f 2653/3971/4729 2642/3972/4729 2641/3978/4729

vn 0.224863 -0.961415 0.158483
v 0.712004 0.333056 -1.70081
vt 0.786354 0.370821
f 2653/3971/4730 2641/3978/4730 2654/3979/4730

vn 0.224705 -0.9623 0.153256
v 0.686413 0.318942 -1.75191
vt 0.792172 0.361145
f 2654/3979/4731 2641/3978/4731 2655/3980/4731

vn -0.224705 -0.9623 0.153256
vt 0.207828 0.361145
f 2641/3938/4732 2639/3936/4732 2655/3981/4732

vn -0.220922 -0.962847 0.155302
v 0.66358 0.323934 -1.75344
vt 0.205378 0.364844
f 2655/3981/4733 2639/3936/4733 2656/3982/4733

vn -0.625828 -0.773363 0.101235
f 2656/3982/4734 2639/3936/4734 2638/3935/4734

vn -0.620097 -0.777316 0.106107
v 0.645316 0.337921 -1.75771
vt 0.202703 0.368309
f 2656/3982/4735 2638/3935/4735 2657/3983/4735

vn -0.897585 -0.440778 0.00752271
f 2657/3983/4736 2638/3935/4736 2635/3928/4736

vn -0.898272 -0.439226 0.0137083
f 2635/3928/4737 2638/3935/4737 2636/3930/4737

vn -0.895263 -0.445381 0.0118676
f 2634/3926/4738 2657/3983/4738 2635/3928/4738

v 0.648977 0.32856 -1.79971
vt 0.196547 0.363391
vn -0.896202 -0.443164 0.0206588
f 2658/3984/4739 2657/3983/4739 2634/3926/4739

v 0.665564 0.31605 -1.79589
vt 0.198788 0.36034
vn -0.615253 -0.779139 0.120027
f 2659/3985/4740 2657/3983/4740 2658/3984/4740

vn -0.620787 -0.775498 0.115006
f 2659/3985/4741 2656/3982/4741 2657/3983/4741

v 0.686413 0.311582 -1.79452
vt 0.200829 0.357042
vn -0.217103 -0.961511 0.168411
f 2660/3986/4742 2656/3982/4742 2659/3985/4742

vn -0.22123 -0.960996 0.165963
f 2655/3981/4743 2656/3982/4743 2660/3986/4743

v 0.709245 0.323934 -1.75344
vt 0.794622 0.364844
vn 0.22123 -0.960996 0.165963
vt 0.799171 0.357042
f 2661/3987/4744 2655/3980/4744 2660/3988/4744

vn 0.220922 -0.962847 0.155302
f 2654/3979/4745 2655/3980/4745 2661/3987/4745

v 0.732527 0.349025 -1.70569
vt 0.78955 0.374758
vn 0.625828 -0.773363 0.101235
f 2662/3989/4746 2654/3979/4746 2661/3987/4746

v 0.738622 0.363086 -1.64054
vt 0.779795 0.383208
vn 0.62638 -0.771997 0.108023
f 2663/3990/4747 2654/3979/4747 2662/3989/4747

vn 0.632289 -0.767811 0.103327
f 2663/3990/4748 2653/3971/4748 2654/3979/4748

vn 0.632162 -0.768121 0.101788
f 2652/3969/4749 2653/3971/4749 2663/3990/4749

vn 0.902908 -0.429819 0.00347099
v 0.763997 0.417141 -1.54762
vt 0.769405 0.402181
f 2663/3990/4750 2664/3991/4750 2652/3969/4750

v 0.751516 0.389641 -1.64866
vt 0.783894 0.387509
vn 0.900391 -0.435023 0.00718568
f 2665/3992/4751 2664/3991/4751 2663/3990/4751

vn 0.992965 -0.0346182 -0.113233
v 0.751516 0.419115 -1.65767
vt 0.788347 0.391609
v 0.763997 0.45288 -1.55855
vt 0.774805 0.407152
f 2664/3991/4752 2665/3992/4752 2666/3993/4752 2667/3994/4752 

vn 0.993515 -0.0332422 -0.10873
v 0.743916 0.372097 -1.71274
vt 0.792862 0.378434
v 0.743916 0.397708 -1.72057
vt 0.796657 0.381965
vt 0.788262 0.391573
f 2665/3992/4753 2668/3995/4753 2669/3996/4753 2666/3997/4753 

vt 0.792995 0.378478
vn 0.898272 -0.439226 0.0137083
f 2668/3998/4754 2665/3992/4754 2662/3989/4754

vn 0.900651 -0.434439 0.00950684
f 2662/3989/4755 2665/3992/4755 2663/3990/4755

v 0.72751 0.337921 -1.75771
vt 0.797297 0.368309
vn 0.897585 -0.440778 0.00752271
f 2670/3999/4756 2668/3998/4756 2662/3989/4756

v 0.737645 0.358129 -1.76389
vt 0.800185 0.371551
vn 0.895263 -0.445381 0.0118676
f 2671/4000/4757 2668/3998/4757 2670/3999/4757

vn 0.993072 -0.0343558 -0.112372
vt 0.800057 0.371517
v 0.737645 0.380558 -1.77075
vt 0.803264 0.374571
f 2668/3998/4758 2671/4001/4758 2672/4002/4758 2669/3996/4758 

vn 0.994315 -0.0311321 -0.101828
v 0.73305 0.346629 -1.80524
vt 0.80574 0.366141
v 0.73305 0.366685 -1.81137
vt 0.808493 0.368841
f 2671/4000/4759 2673/4003/4759 2674/4004/4759 2672/4002/4759 

vt 0.805882 0.366221
vn 0.893926 -0.447509 0.0251218
v 0.723849 0.32856 -1.79971
vt 0.803453 0.363391
f 2673/4005/4760 2671/4000/4760 2675/4006/4760

vn 0.896202 -0.443164 0.0206588
f 2675/4006/4761 2671/4000/4761 2670/3999/4761

vn 0.615253 -0.779139 0.120027
v 0.707262 0.31605 -1.79589
vt 0.801212 0.36034
f 2670/3999/4762 2676/4007/4762 2675/4006/4762

vn 0.620787 -0.775498 0.115006
f 2670/3999/4763 2661/3987/4763 2676/4007/4763

vn 0.620097 -0.777316 0.106107
f 2662/3989/4764 2661/3987/4764 2670/3999/4764

vn 0.217103 -0.961511 0.168411
f 2661/3987/4765 2660/3988/4765 2676/4007/4765

vn 0.216804 -0.963397 0.157678
v 0.686413 0.304159 -1.83988
vt 0.806367 0.353118
f 2676/4007/4766 2660/3988/4766 2677/4008/4766

vn -0.216804 -0.963397 0.157678
vt 0.193633 0.353118
f 2660/3986/4767 2659/3985/4767 2677/4009/4767

vn -0.21059 -0.96425 0.160854
v 0.66777 0.308033 -1.84106
vt 0.19201 0.35598
f 2677/4009/4768 2659/3985/4768 2678/4010/4768

vn -0.614399 -0.781472 0.108694
f 2678/4010/4769 2659/3985/4769 2658/3984/4769

vn -0.606312 -0.786861 0.115046
v 0.653085 0.318865 -1.84437
vt 0.190229 0.358561
f 2678/4010/4770 2658/3984/4770 2679/4011/4770

vn -0.892928 -0.449932 0.0155339
f 2679/4011/4771 2658/3984/4771 2633/3924/4771

vn -0.893926 -0.447509 0.0251218
f 2633/3924/4772 2658/3984/4772 2634/3926/4772

vn -0.889489 -0.456458 0.021333
f 2632/3922/4773 2679/4011/4773 2633/3924/4773

v 0.657054 0.31216 -1.87939
vt 0.185456 0.355131
vn -0.885538 -0.464426 -0.0114573
f 2680/4012/4774 2679/4011/4774 2632/3922/4774

v 0.669792 0.302977 -1.87658
vt 0.18684 0.352981
vn -0.594997 -0.799159 0.0855803
f 2681/4013/4775 2679/4011/4775 2680/4012/4775

vn -0.603169 -0.793725 0.0786599
f 2681/4013/4776 2678/4010/4776 2679/4011/4776

v 0.686413 0.299685 -1.87557
vt 0.18808 0.350517
vn -0.200109 -0.971519 0.126912
f 2682/4014/4777 2678/4010/4777 2681/4013/4777

vn -0.209344 -0.97025 0.121616
f 2677/4009/4778 2678/4010/4778 2682/4014/4778

v 0.705056 0.308033 -1.84106
vt 0.80799 0.35598
vn 0.209344 -0.97025 0.121616
vt 0.81192 0.350517
f 2683/4015/4779 2677/4008/4779 2682/4016/4779

vn 0.21059 -0.96425 0.160854
f 2676/4007/4780 2677/4008/4780 2683/4015/4780

vn 0.614399 -0.781472 0.108694
f 2675/4006/4781 2676/4007/4781 2683/4015/4781

vn 0.606312 -0.786861 0.115046
v 0.719741 0.318865 -1.84437
vt 0.809771 0.358561
f 2675/4006/4782 2683/4015/4782 2684/4017/4782

vn 0.603169 -0.793725 0.0786599
v 0.703034 0.302977 -1.87658
vt 0.81316 0.352981
f 2684/4017/4783 2683/4015/4783 2685/4018/4783

vn 0.200109 -0.971519 0.126912
f 2683/4015/4784 2682/4016/4784 2685/4018/4784

vn 0.1982 -0.977134 0.0769797
v 0.686413 0.295761 -1.92538
vt 0.819264 0.347485
f 2685/4018/4785 2682/4016/4785 2686/4019/4785

vn -0.1982 -0.977134 0.0769797
vt 0.180736 0.347485
f 2682/4014/4786 2681/4013/4786 2686/4020/4786

vn -0.166663 -0.982039 0.0884462
v 0.672565 0.298048 -1.92608
vt 0.179926 0.349445
f 2686/4020/4787 2681/4013/4787 2687/4021/4787

vn -0.590957 -0.805328 0.0470765
f 2687/4021/4788 2681/4013/4788 2680/4012/4788

vn -0.577241 -0.814754 0.0544817
v 0.663475 0.304359 -1.92801
vt 0.179107 0.350884
f 2687/4021/4789 2680/4012/4789 2688/4022/4789

vn -0.877058 -0.478798 -0.039014
f 2688/4022/4790 2680/4012/4790 2631/3920/4790

vn -0.882064 -0.471102 -0.00513117
f 2631/3920/4791 2680/4012/4791 2632/3922/4791

vn -0.870975 -0.4903 -0.031742
f 2630/3918/4792 2688/4022/4792 2631/3920/4792

v 0.669991 0.300016 -1.97061
vt 0.173964 0.348056
vn -0.86203 -0.500371 -0.0808275
f 2689/4023/4793 2688/4022/4793 2630/3918/4793

v 0.674283 0.296214 -1.97052
vt 0.174122 0.347366
vn -0.662608 -0.748548 -0.0250242
f 2690/4024/4794 2688/4022/4794 2689/4023/4794

vn -0.571954 -0.820202 0.0117519
f 2690/4024/4795 2687/4021/4795 2688/4022/4795

vn -0.164547 -0.985771 0.0343385
f 2686/4020/4796 2687/4021/4796 2690/4024/4796

vn -0.082363 -0.996528 0.0121475
v 0.686413 0.295204 -1.97114
vt 0.17422 0.345711
f 2686/4020/4797 2690/4024/4797 2691/4025/4797

vn -0.0957999 -0.921809 -0.375621
vt 0.172869 0.347716
f 2691/4025/4798 2690/4024/4798 2629/4026/4798

vn -0.640105 -0.728283 -0.244683
f 2690/4024/4799 2689/4023/4799 2629/4026/4799

vn -0.695572 -0.669642 -0.260304
vt 0.173659 0.34841
f 2629/4026/4800 2689/4023/4800 2628/4027/4800

vn -0.790079 -0.612604 -0.022147
f 2628/4027/4801 2689/4023/4801 2630/3918/4801

vn -0.171583 -0.94324 -0.284356
v 0.686413 0.299217 -1.98445
vt 0.17178 0.3463
f 2691/4025/4802 2629/4026/4802 2692/4028/4802

vt 0.171778 0.346305
vn -0.28613 -0.280125 -0.916329
vt 0.172867 0.347721
vt 0.172071 0.348575
v 0.686413 0.305307 -1.98631
vt 0.170949 0.347194
f 2692/4029/4803 2629/4030/4803 2627/4031/4803 2693/4032/4803 

v 0.686413 0.316079 -1.97752
vt 0.170522 0.349616
vn -0.171592 0.62295 -0.76321
vt 0.170951 0.347189
f 2694/4033/4804 2693/4034/4804 2627/3913/4804

vt 0.829478 0.349616
vn 0.171592 0.62295 -0.76321
v 0.699487 0.306326 -1.98254
vt 0.827574 0.348182
vt 0.829049 0.347189
f 2694/4035/4805 2695/4036/4805 2693/4037/4805

vn 0.095805 0.554145 -0.826888
v 0.698542 0.315586 -1.97644
vt 0.827844 0.349433
f 2694/4035/4806 2696/4038/4806 2695/4036/4806

vn 0.0823734 0.832865 -0.547311
v 0.686413 0.34121 -1.93927
vt 0.827435 0.355969
f 2696/4038/4807 2694/4035/4807 2697/4039/4807

vt 0.172565 0.355969
vn -0.0823734 0.832865 -0.547311
f 2697/4040/4808 2694/4033/4808 2626/3912/4808

vn -0.095805 0.554145 -0.826888
f 2694/4033/4809 2627/3913/4809 2626/3912/4809

vn -0.164542 0.836359 -0.522905
v 0.672568 0.338923 -1.93858
vt 0.174478 0.355091
f 2697/4040/4810 2626/3912/4810 2698/4041/4810

vn -0.592156 0.673746 -0.442061
f 2626/3912/4811 2624/3910/4811 2698/4041/4811

vn -0.571625 0.685033 -0.451635
f 2698/4041/4812 2624/3910/4812 2622/3908/4812

vn -0.57727 0.705598 -0.410963
f 2698/4041/4813 2622/3908/4813 2620/3906/4813

vn -0.590909 0.693709 -0.411819
v 0.669792 0.362551 -1.89479
vt 0.178256 0.361845
f 2698/4041/4814 2620/3906/4814 2699/4042/4814

vn -0.594768 0.709289 -0.378366
f 2699/4042/4815 2620/3906/4815 2618/3904/4815

vn -0.602927 0.700922 -0.381035
v 0.66777 0.378336 -1.86256
vt 0.181365 0.366869
f 2699/4042/4816 2618/3904/4816 2700/4043/4816

vn -0.605901 0.714498 -0.349824
f 2700/4043/4817 2618/3904/4817 2616/3902/4817

vn -0.613967 0.70649 -0.352018
v 0.665564 0.397264 -1.82072
vt 0.185733 0.37347
f 2700/4043/4818 2616/3902/4818 2701/4044/4818

vn -0.614876 0.711022 -0.341137
f 2701/4044/4819 2616/3902/4819 2614/3900/4819

vn -0.620402 0.705193 -0.343226
v 0.66358 0.414753 -1.7812
vt 0.190051 0.379889
f 2701/4044/4820 2614/3900/4820 2702/4045/4820

vn -0.619957 0.703008 -0.348473
f 2702/4045/4821 2614/3900/4821 2612/3898/4821

vn -0.625667 0.697025 -0.350282
v 0.660822 0.436748 -1.73251
vt 0.19549 0.388096
f 2702/4045/4822 2612/3898/4822 2703/4046/4822

vn -0.626266 0.699887 -0.343437
f 2703/4046/4823 2612/3898/4823 2610/3894/4823

vt 0.219446 0.411812
vn -0.632186 0.693578 -0.345386
v 0.657439 0.464048 -1.67141
vt 0.202341 0.398795
vt 0.195074 0.387942
vt 0.207054 0.395387
f 2575/4047/4824 2704/4048/4824 2703/4049/4824 2610/4050/4824 

vt 0.202472 0.398739
vn -0.638381 0.68739 -0.34636
vt 0.213828 0.41592
f 2704/4051/4825 2575/3896/4825 2574/4052/4825

v 0.686413 0.470606 -1.67341
vt 0.197596 0.401772
vn -0.228231 0.882767 -0.41065
f 2705/4053/4826 2704/4051/4826 2574/4052/4826

vn -0.228288 0.88354 -0.408952
v 0.686413 0.442447 -1.73425
vt 0.191313 0.390685
f 2705/4053/4827 2706/4054/4827 2704/4051/4827

v 0.715387 0.464048 -1.67141
vt 0.797528 0.398739
vn 0.228288 0.88354 -0.408952
vt 0.808687 0.390685
vt 0.802404 0.401772
f 2707/4055/4828 2706/4056/4828 2705/4057/4828

vn 0.224821 0.884944 -0.407836
v 0.712004 0.436748 -1.73251
vt 0.80451 0.388096
f 2707/4055/4829 2708/4058/4829 2706/4056/4829

vt 0.804926 0.387942
vn 0.632186 0.693578 -0.345386
vt 0.797659 0.398795
v 0.74863 0.48508 -1.56839
vt 0.780554 0.411812
v 0.738622 0.44567 -1.66579
vt 0.792946 0.395387
f 2708/4059/4830 2707/4060/4830 2709/4061/4830 2710/4062/4830 

vt 0.780428 0.411763
vn 0.638381 0.68739 -0.34636
v 0.720941 0.507363 -1.5752
vt 0.786172 0.41592
f 2709/4063/4831 2707/4055/4831 2711/4064/4831

vn 0.228231 0.882767 -0.41065
f 2711/4064/4832 2707/4055/4832 2705/4057/4832

vn 0.23197 0.881415 -0.411459
vt 0.792072 0.419627
f 2711/4064/4833 2705/4057/4833 2577/4065/4833

vt 0.207928 0.419627
vn -0.23197 0.881415 -0.411459
f 2577/4066/4834 2705/4053/4834 2574/4052/4834

vt 0.792162 0.419698
vn 0.231892 0.881975 -0.410301
vt 0.781748 0.437464
v 0.726916 0.550035 -1.48011
vt 0.77484 0.433071
vt 0.786273 0.415953
f 2577/4067/4835 2576/4068/4835 2712/4069/4835 2711/4070/4835 

vt 0.753159 0.465786
vn 0.231924 0.883877 -0.406168
vt 0.774982 0.433524
vt 0.781822 0.437913
vt 0.772018 0.454422
f 2584/4071/4836 2712/4072/4836 2576/4073/4836 2578/4074/4836 

vt 0.303565 0.675759
vn -0.945859 0.314491 -0.080295
vt 0.337645 0.69492
v 0.732563 0.590036 -1.38995
vt 0.320357 0.68521
f 2712/4075/4837 2584/4076/4837 2713/4077/4837

v 0.779988 0.597923 -1.28699
vt 0.744332 0.45933
vn 0.634966 0.691023 -0.345405
vt 0.763895 0.449048
vt 0.752848 0.465424
f 2714/4078/4838 2713/4079/4838 2584/4080/4838

vt 0.774592 0.433034
vn 0.636359 0.689511 -0.345863
vt 0.763919 0.449047
vt 0.744355 0.459327
v 0.769573 0.56042 -1.3809
vt 0.756287 0.443531
f 2712/4081/4839 2713/4082/4839 2714/4083/4839 2715/4084/4839 

vt 0.756262 0.443533
vn 0.900783 0.359573 -0.243509
v 0.803099 0.549957 -1.27233
vt 0.735958 0.452654
f 2715/4085/4840 2714/4078/4840 2716/4086/4840

vn 0.900597 0.359029 -0.244996
v 0.816056 0.581944 -1.17783
vt 0.723542 0.467628
f 2714/4078/4841 2717/4087/4841 2716/4086/4841

vn 0.900026 0.36076 -0.244554
vt 0.732772 0.474846
f 2714/4078/4842 2586/4088/4842 2717/4087/4842

vn 0.634868 0.690565 -0.346501
f 2586/4088/4843 2714/4078/4843 2584/4080/4843

vn 0.63335 0.692308 -0.3458
vt 0.742141 0.481443
f 2586/4088/4844 2584/4080/4844 2583/4089/4844

vt 0.711386 0.48264
vn 0.900541 0.362237 -0.240438
vt 0.723559 0.467796
vt 0.732768 0.474842
vt 0.721479 0.490362
f 2587/4090/4845 2717/4091/4845 2586/4092/4845 2585/4093/4845 

vn 0.992394 -0.0359912 -0.117726
v 0.816056 0.523047 -1.15982
vt 0.714541 0.460044
f 2588/3842/4846 2718/4094/4846 2717/4087/4846 2587/3841/4846 

vt 0.692051 0.465544
vn 0.900543 -0.434756 0.00323423
v 0.790378 0.469984 -1.1436
vt 0.705948 0.451647
vt 0.71459 0.45966
vt 0.701523 0.474327
f 2589/4095/4847 2719/4096/4847 2718/4097/4847 2588/4098/4847 

v 0.744109 0.433262 -1.13237
vt 0.697846 0.443067
vn 0.633549 -0.766876 0.102547
vt 0.706016 0.451446
vt 0.69205 0.465543
vt 0.683095 0.456359
f 2720/4099/4848 2719/4100/4848 2589/4101/4848 2590/4102/4848 

vt 0.70595 0.451652
vn 0.633353 -0.767314 0.100467
vt 0.69785 0.443073
v 0.738343 0.415558 -1.23124
vt 0.712842 0.429959
f 2719/4103/4849 2720/4104/4849 2721/4105/4849

v 0.686413 0.40371 -1.22762
vt 0.706596 0.422387
vn 0.230498 -0.9601 0.158364
vt 0.722985 0.410146
vt 0.728948 0.417503
vt 0.713304 0.430664
vt 0.69783 0.443698
f 2722/4106/4850 2599/4107/4850 2647/4108/4850 2721/4109/4850 2720/4110/4850 

vt 0.310322 0.433505
vn -1 -1.76767e-011 2.89864e-012
vt 0.27783 0.409001
vt 0.294162 0.421316
f 2600/4111/4851 2599/4112/4851 2722/4113/4851

vt 0.674861 0.446957
vn 0.229383 -0.960189 0.15944
vt 0.690461 0.434328
vt 0.705986 0.421765
vt 0.683266 0.456587
f 2592/4114/4852 2600/4115/4852 2722/4116/4852 2590/4117/4852 

vt 0.316906 0.456357
vn -0.229217 -0.960172 0.15978
vt 0.302058 0.442866
vt 0.309739 0.434089
vt 0.325323 0.446737
f 2593/4118/4853 2598/4119/4853 2600/4120/4853 2592/4121/4853 

vt 0.307951 0.465543
vn -0.633549 -0.766876 0.102547
vt 0.293984 0.451446
vt 0.302154 0.443067
vt 0.316905 0.456359
f 2594/4122/4854 2595/4123/4854 2598/4124/4854 2593/4125/4854 

vt 0.68324 0.456548
vn 0.227969 -0.960448 0.159905
vt 0.705848 0.421939
vt 0.698005 0.443273
f 2590/4126/4855 2722/4127/4855 2720/4128/4855

vt 0.720084 0.437872
vn 0.63497 -0.766028 0.100074
vt 0.728321 0.41688
f 2649/4129/4856 2721/4105/4856 2647/4130/4856

vn 0.634872 -0.76626 0.0989103
f 2719/4103/4857 2721/4105/4857 2649/4129/4857

vn 0.900027 -0.435833 -0.00100263
vt 0.714552 0.45986
f 2649/4129/4858 2718/4131/4858 2719/4103/4858

v 0.803099 0.496717 -1.25605
vt 0.727825 0.445463
vn 0.900598 -0.434647 -0.00233555
f 2723/4132/4859 2718/4131/4859 2649/4129/4859

vn 0.991666 -0.0376678 -0.123209
vt 0.727832 0.445632
f 2718/4131/4860 2723/4133/4860 2716/4086/4860 2717/4087/4860 

vn 0.991796 -0.0373728 -0.122246
v 0.790111 0.470125 -1.35329
vt 0.74152 0.431057
v 0.790111 0.517625 -1.36782
vt 0.748776 0.437473
f 2723/4132/4861 2724/4134/4861 2725/4135/4861 2716/4086/4861 

vt 0.727823 0.445456
vn 0.901317 -0.433157 -0.00189704
vt 0.734678 0.424043
vt 0.748814 0.410751
vt 0.741532 0.430934
f 2723/4136/4862 2648/4137/4862 2650/4138/4862 2724/4139/4862 

vn 0.900784 -0.434267 -0.00079941
f 2648/3962/4863 2723/4132/4863 2649/4129/4863

vt 0.749053 0.410787
vn 0.902067 -0.43158 -0.00359211
vt 0.764329 0.396943
vt 0.769437 0.402167
v 0.777423 0.444306 -1.44779
vt 0.75504 0.41691
vt 0.741422 0.43088
f 2650/4140/4864 2652/4141/4864 2664/4142/4864 2726/4143/4864 2724/4144/4864 

vt 0.755039 0.41691
vn 0.991692 -0.0376086 -0.123016
vt 0.774838 0.407146
v 0.777423 0.486188 -1.46059
vt 0.761406 0.422728
vt 0.748674 0.437468
vt 0.741452 0.430869
f 2726/4145/4865 2664/3991/4865 2667/4146/4865 2727/4147/4865 2725/4148/4865 2724/4149/4865 

vt 0.761534 0.422816
vn 0.902066 0.355786 -0.244323
vt 0.774929 0.407256
vt 0.780559 0.411856
v 0.759398 0.523922 -1.47213
vt 0.768133 0.428206
vt 0.74884 0.437536
f 2727/4150/4866 2667/4151/4866 2709/4152/4866 2728/4153/4866 2725/4154/4866 

vt 0.792814 0.395333
vn 0.902877 0.35819 -0.237723
f 2710/4155/4867 2709/4063/4867 2667/3994/4867

vn 0.900362 0.364576 -0.237557
f 2710/4155/4868 2667/3994/4868 2666/3997/4868

v 0.732527 0.42078 -1.72762
vt 0.800501 0.385183
vn 0.900569 0.365224 -0.235769
f 2729/4156/4869 2710/4155/4869 2666/3997/4869

vn 0.626266 0.699887 -0.343437
f 2710/4155/4870 2729/4156/4870 2708/4058/4870

vn 0.625667 0.697025 -0.350282
v 0.709245 0.414753 -1.7812
vt 0.809949 0.379889
f 2729/4156/4871 2730/4157/4871 2708/4058/4871

vn 0.619957 0.703008 -0.348473
v 0.72751 0.400766 -1.77692
vt 0.806522 0.377356
f 2729/4156/4872 2731/4158/4872 2730/4157/4872

vn 0.897465 0.369274 -0.241232
f 2731/4158/4873 2729/4156/4873 2669/3996/4873

vn 0.898188 0.371545 -0.234972
f 2729/4156/4874 2666/3997/4874 2669/3996/4874

vn 0.895145 0.375515 -0.240218
f 2731/4158/4875 2669/3996/4875 2672/4002/4875

v 0.723849 0.384755 -1.81689
vt 0.811285 0.371259
vn 0.895903 0.37796 -0.233463
f 2732/4159/4876 2731/4158/4876 2672/4002/4876

vn 0.614876 0.711022 -0.341137
v 0.707262 0.397264 -1.82072
vt 0.814267 0.37347
f 2731/4158/4877 2732/4159/4877 2733/4160/4877

vn 0.613967 0.70649 -0.352018
v 0.705056 0.378336 -1.86256
vt 0.818635 0.366869
f 2732/4159/4878 2734/4161/4878 2733/4160/4878

vn 0.605901 0.714498 -0.349824
v 0.71974 0.367505 -1.85924
vt 0.816123 0.365053
f 2732/4159/4879 2735/4162/4879 2734/4161/4879

vn 0.89259 0.380645 -0.241647
f 2735/4162/4880 2732/4159/4880 2674/4004/4880

vn 0.893629 0.384053 -0.232229
f 2732/4159/4881 2672/4002/4881 2674/4004/4881

vn 0.889155 0.389283 -0.240544
v 0.727882 0.351864 -1.85446
vt 0.813824 0.363071
f 2735/4162/4882 2674/4004/4882 2736/4163/4882

vn 0.993622 -0.0329688 -0.107834
v 0.727882 0.334506 -1.84915
vt 0.811564 0.360803
f 2673/4005/4883 2737/4164/4883 2736/4163/4883 2674/4004/4883 

vt 0.811714 0.360916
vn 0.889489 -0.456458 0.021333
f 2737/4165/4884 2673/4005/4884 2684/4017/4884

vn 0.892928 -0.449932 0.0155339
f 2684/4017/4885 2673/4005/4885 2675/4006/4885

v 0.715772 0.31216 -1.87939
vt 0.814544 0.355131
vn 0.885538 -0.464426 -0.0114573
f 2738/4166/4886 2737/4165/4886 2684/4017/4886

v 0.722826 0.325412 -1.88344
vt 0.816082 0.357063
vn 0.882064 -0.471102 -0.00513117
f 2739/4167/4887 2737/4165/4887 2738/4166/4887

vn 0.989977 -0.04129 -0.13506
vt 0.815987 0.356983
v 0.722826 0.340116 -1.88793
vt 0.817774 0.358809
f 2737/4165/4888 2739/4168/4888 2740/4169/4888 2736/4163/4888 

vn 0.985285 -0.0499697 -0.16345
v 0.714364 0.313446 -1.93079
vt 0.821745 0.352033
v 0.714364 0.323525 -1.93387
vt 0.822905 0.35323
f 2739/4167/4889 2741/4170/4889 2742/4171/4889 2740/4169/4889 

vt 0.82184 0.352133
vn 0.870975 -0.4903 -0.031742
v 0.70935 0.304359 -1.92801
vt 0.820893 0.350884
f 2741/4172/4890 2739/4167/4890 2743/4173/4890

vn 0.877058 -0.478798 -0.039014
f 2743/4173/4891 2739/4167/4891 2738/4166/4891

vn 0.577241 -0.814754 0.0544817
v 0.700261 0.298048 -1.92608
vt 0.820074 0.349445
f 2738/4166/4892 2744/4174/4892 2743/4173/4892

vn 0.590957 -0.805328 0.0470765
f 2738/4166/4893 2685/4018/4893 2744/4174/4893

vn 0.594997 -0.799159 0.0855803
f 2684/4017/4894 2685/4018/4894 2738/4166/4894

vn 0.166663 -0.982039 0.0884462
f 2685/4018/4895 2686/4019/4895 2744/4174/4895

vn 0.164547 -0.985771 0.0343385
v 0.698542 0.296214 -1.97052
vt 0.825878 0.347366
f 2744/4174/4896 2686/4019/4896 2745/4175/4896

vn 0.082363 -0.996528 0.0121475
vt 0.82578 0.345711
f 2745/4175/4897 2686/4019/4897 2691/4176/4897

v 0.699487 0.300481 -1.98075
vt 0.827131 0.347716
vn 0.0957999 -0.921809 -0.375621
f 2746/4177/4898 2745/4175/4898 2691/4176/4898

v 0.702835 0.300016 -1.97061
vt 0.826036 0.348056
vn 0.640105 -0.728283 -0.244683
f 2747/4178/4899 2745/4175/4899 2746/4177/4899

vn 0.662608 -0.748548 -0.0250242
f 2743/4173/4900 2745/4175/4900 2747/4178/4900

vn 0.571954 -0.820202 0.0117519
f 2743/4173/4901 2744/4174/4901 2745/4175/4901

vn 0.86203 -0.500371 -0.0808275
f 2747/4178/4902 2741/4172/4902 2743/4173/4902

v 0.705144 0.303053 -1.97225
vt 0.826341 0.34841
vn 0.790079 -0.612604 -0.022147
f 2748/4179/4903 2741/4172/4903 2747/4178/4903

vn 0.977463 -0.0617228 -0.20188
vt 0.826203 0.348278
v 0.705144 0.308947 -1.97405
vt 0.826826 0.348919
f 2741/4172/4904 2748/4180/4904 2749/4181/4904 2742/4171/4904 

vt 0.826338 0.348407
vn 0.843388 -0.157098 -0.513825
vt 0.82709 0.347674
vt 0.827571 0.348179
vt 0.826823 0.348916
f 2748/4182/4905 2746/4183/4905 2695/4184/4905 2749/4185/4905 

vn 0.695572 -0.669642 -0.260304
f 2746/4177/4906 2748/4179/4906 2747/4178/4906

vt 0.828222 0.346305
vn 0.28613 -0.280125 -0.916329
vt 0.829051 0.347194
vt 0.827929 0.348575
vt 0.827133 0.347721
f 2692/4186/4907 2693/4187/4907 2695/4188/4907 2746/4189/4907 

vn 0.171583 -0.94324 -0.284356
vt 0.82822 0.3463
f 2746/4177/4908 2691/4176/4908 2692/4190/4908

vn 0.669741 0.454769 -0.587054
f 2695/4036/4909 2696/4038/4909 2749/4181/4909

vn 0.466678 0.150552 -0.871519
v 0.702823 0.313039 -1.97459
vt 0.827217 0.349296
f 2696/4038/4910 2750/4191/4910 2749/4181/4910

vn 0.592156 0.673746 -0.442061
v 0.700258 0.338923 -1.93858
vt 0.825522 0.355091
f 2750/4191/4911 2696/4038/4911 2751/4192/4911

vn 0.164542 0.836359 -0.522905
f 2751/4192/4912 2696/4038/4912 2697/4039/4912

v 0.703034 0.362551 -1.89479
vt 0.821744 0.361845
vn 0.166643 0.863277 -0.476427
f 2752/4193/4913 2751/4192/4913 2697/4039/4913

v 0.715771 0.353368 -1.89198
vt 0.819654 0.360402
vn 0.590909 0.693709 -0.411819
f 2753/4194/4914 2751/4192/4914 2752/4193/4914

vn 0.57727 0.705598 -0.410963
v 0.709348 0.332611 -1.93665
vt 0.824112 0.354218
f 2753/4194/4915 2754/4195/4915 2751/4192/4915

vn 0.876983 0.37503 -0.300421
f 2754/4195/4916 2753/4194/4916 2740/4169/4916

vn 0.88185 0.387194 -0.269111
f 2753/4194/4917 2736/4163/4917 2740/4169/4917

vn 0.885332 0.378104 -0.2706
f 2753/4194/4918 2735/4162/4918 2736/4163/4918

vn 0.594768 0.709289 -0.378366
f 2735/4162/4919 2753/4194/4919 2752/4193/4919

vn 0.602927 0.700922 -0.381035
f 2735/4162/4920 2752/4193/4920 2734/4161/4920

vn 0.200034 0.874943 -0.440978
v 0.686413 0.365843 -1.8958
vt 0.824143 0.363158
f 2734/4161/4921 2752/4193/4921 2755/4196/4921

vn 0.198201 0.852788 -0.483187
f 2752/4193/4922 2697/4039/4922 2755/4196/4922

vt 0.175857 0.363158
vn -0.198201 0.852788 -0.483187
f 2755/4197/4923 2697/4040/4923 2699/4042/4923

vn -0.166643 0.863277 -0.476427
f 2697/4040/4924 2698/4041/4924 2699/4042/4924

vn -0.200034 0.874943 -0.440978
f 2755/4197/4925 2699/4042/4925 2700/4043/4925

v 0.686413 0.38221 -1.86374
vt 0.178593 0.368526
vn -0.20924 0.870931 -0.444632
f 2756/4198/4926 2755/4197/4926 2700/4043/4926

vn 0.20924 0.870931 -0.444632
vt 0.821407 0.368526
f 2734/4161/4927 2755/4196/4927 2756/4199/4927

vn 0.210408 0.886478 -0.412172
f 2733/4160/4928 2734/4161/4928 2756/4199/4928

vn 0.216609 0.883986 -0.414305
v 0.686413 0.401733 -1.82209
vt 0.817453 0.375472
f 2733/4160/4929 2756/4199/4929 2757/4200/4929

vt 0.182547 0.375472
vn -0.216609 0.883986 -0.414305
f 2757/4201/4930 2756/4198/4930 2701/4044/4930

vn -0.210408 0.886478 -0.412172
f 2756/4198/4931 2700/4043/4931 2701/4044/4931

vn -0.216932 0.888601 -0.404141
f 2757/4201/4932 2701/4044/4932 2702/4045/4932

v 0.686413 0.419745 -1.78273
vt 0.186452 0.382154
vn -0.221041 0.886801 -0.405862
f 2758/4202/4933 2757/4201/4933 2702/4045/4933

vn 0.221041 0.886801 -0.405862
vt 0.813548 0.382154
f 2730/4157/4934 2757/4200/4934 2758/4203/4934

vn 0.216932 0.888601 -0.404141
f 2730/4157/4935 2733/4160/4935 2757/4200/4935

vn 0.620402 0.705193 -0.343226
f 2731/4158/4936 2733/4160/4936 2730/4157/4936

vn 0.220848 0.884089 -0.411841
f 2708/4058/4937 2730/4157/4937 2758/4203/4937

vn 0.224641 0.882484 -0.41323
f 2708/4058/4938 2758/4203/4938 2706/4056/4938

vn -0.224641 0.882484 -0.41323
f 2706/4054/4939 2758/4202/4939 2703/4046/4939

vn -0.220848 0.884089 -0.411841
f 2758/4202/4940 2702/4045/4940 2703/4046/4940

vn -0.224821 0.884944 -0.407836
f 2706/4054/4941 2703/4046/4941 2704/4051/4941

vn 0.870836 0.388769 -0.300838
f 2754/4195/4942 2740/4169/4942 2742/4171/4942

vn 0.863299 0.372461 -0.34057
f 2750/4191/4943 2754/4195/4943 2742/4171/4943

vn 0.571625 0.685033 -0.451635
f 2754/4195/4944 2750/4191/4944 2751/4192/4944

vn 0.83466 0.427924 -0.346734
f 2750/4191/4945 2742/4171/4945 2749/4181/4945

vt 0.786263 0.416013
vn 0.637985 0.686748 -0.348356
vt 0.774842 0.433095
vt 0.768095 0.428206
vt 0.780509 0.411843
f 2711/4204/4946 2712/4205/4946 2728/4206/4946 2709/4207/4946 

vn 0.638019 0.687749 -0.346313
vt 0.768006 0.428117
vt 0.774754 0.433005
f 2715/4085/4947 2728/4208/4947 2712/4209/4947

vt 0.735962 0.452653
vn 0.901315 0.358041 -0.243798
vt 0.748781 0.437472
vt 0.767832 0.428062
vt 0.756267 0.443532
f 2716/4210/4948 2725/4211/4948 2728/4212/4948 2715/4213/4948 

vt 0.250916 0.410847
vn -0.637989 -0.764133 0.0952387
v 0.624195 0.384941 -1.53778
vt 0.235584 0.39701
vt 0.240285 0.391593
vt 0.256427 0.404494
f 2605/4214/4949 2759/4215/4949 2643/4216/4949 2603/4217/4949 

vt 0.258578 0.43088
vn -0.902067 -0.43158 -0.00359211
vt 0.244959 0.41691
vt 0.230562 0.402167
vt 0.235671 0.396943
vt 0.250947 0.410787
f 2604/4218/4950 2609/4219/4950 2608/4220/4950 2759/4221/4950 2605/4222/4950 

vn -0.902908 -0.429819 0.00347099
vt 0.235672 0.396943
f 2637/3934/4951 2759/4223/4951 2608/3932/4951

vn -0.632162 -0.768121 0.101788
f 2640/3937/4952 2759/4223/4952 2637/3934/4952

vn -0.638422 -0.763459 0.0977143
f 2640/3937/4953 2643/3940/4953 2759/4223/4953

vt 0.25646 0.404435
vn -0.638024 -0.76382 0.0974912
vt 0.250948 0.410787
f 2603/4224/4954 2602/3875/4954 2605/4225/4954

vn 0.635056 0.692945 -0.341366
f 1435/2177/4955 1432/3839/4955 1431/2174/4955

vt 0.257958 0.503773
vn -0.229219 0.885358 -0.404474
vt 0.248342 0.487431
vt 0.257784 0.481622
vt 0.268305 0.497407
f 1430/4226/4956 2581/4227/4956 1421/4228/4956 1420/4229/4956 

vt 0.24681 0.465689
vn -0.23049 0.884506 -0.405615
vt 0.238146 0.471229
vt 0.22795 0.454327
vt 0.235651 0.449402
f 2580/4230/4957 2582/4231/4957 2578/4232/4957 2579/4233/4957 

vn -0.237109 -0.957967 0.161486
f 2265/3340/4958 2254/3329/4958 2255/3330/4958

vn -0.23328 -0.958309 0.164997
f 2265/3340/4959 2255/3330/4959 2263/3338/4959

vn -0.635211 -0.764173 0.112013
f 2263/3338/4960 2255/3330/4960 2256/3331/4960

vn -0.640536 -0.760777 0.104555
f 2263/3338/4961 2256/3331/4961 2260/3335/4961

vn -0.909601 -0.415289 0.0126721
f 2260/3335/4962 2256/3331/4962 2258/3333/4962

vn -0.910247 -0.413619 0.019234
f 2258/3333/4963 2256/3331/4963 2257/3332/4963

vn -0.477926 -0.426456 0.767934
f 1801/2665/4964 1795/2659/4964 1794/2656/4964

vt 0.261967 0.816059
vn -0.00953263 -0.274405 0.961567
vt 0.274818 0.807987
vt 0.273438 0.816406
f 1654/4234/4965 1806/4235/4965 1652/4236/4965

vn -0.0178652 -0.285184 0.958306
v 0.369854 1.53214 0.416435
vt 0.260107 0.807916
f 1654/4234/4966 2760/4237/4966 1806/4235/4966

vt 0.254494 0.815994
vn -0.0556461 -0.273819 0.96017
f 1656/4238/4967 2760/4237/4967 1654/4234/4967

vn -0.0529144 -0.272276 0.960763
v 0.333733 1.53477 0.415191
vt 0.253466 0.807808
f 1656/4238/4968 2761/4239/4968 2760/4237/4968

vt 0.241053 0.815835
vn -0.0481089 -0.273231 0.960745
f 1658/4240/4969 2761/4239/4969 1656/4238/4969

vn -0.0464361 -0.271018 0.961454
v 0.269383 1.53903 0.413286
vt 0.241374 0.807736
f 1658/4240/4970 2762/4241/4970 2761/4239/4970

vn -0.026377 -0.271216 0.962157
v 0.185955 1.54222 0.411896
vt 0.225288 0.807696
f 1658/4240/4971 2763/4242/4971 2762/4241/4971

vt 0.225157 0.815787
vn -0.0239098 -0.276164 0.960813
f 1660/4243/4972 2763/4242/4972 1658/4240/4972

vn -0.0131965 -0.276218 0.961004
v 0.092342 1.54497 0.411402
vt 0.206768 0.807963
f 1660/4243/4973 2764/4244/4973 2763/4242/4973

v 0.092342 1.58417 0.422913
vt 0.206836 0.816054
vn -0.0107906 -0.281744 0.959429
f 2765/4245/4974 2764/4244/4974 1660/4243/4974

vn 0.0142693 -0.281732 0.959387
v 0.00759612 1.54618 0.413018
vt 0.18965 0.808717
f 2765/4245/4975 2766/4246/4975 2764/4244/4975

v 0.00826008 1.58524 0.424755
vt 0.190247 0.816893
vn 0.0173165 -0.288028 0.957465
f 2767/4247/4976 2766/4246/4976 2765/4245/4976

vn 0.117112 -0.287646 0.950549
v -0.0393652 1.58497 0.430541
vt 0.18086 0.818042
f 2767/4247/4977 2768/4248/4977 2766/4246/4977

v 0.00759612 1.62431 0.413018
vt 0.158064 0.72869
vn 0.113897 0.287599 0.950954
vt 0.166796 0.738037
vt 0.157409 0.736816
f 2769/4249/4978 2768/4250/4978 2767/4251/4978

v -0.0407642 1.62563 0.418205
vt 0.167837 0.729607
vn 0.10988 0.292006 0.950084
f 2770/4252/4979 2768/4250/4979 2769/4249/4979

v -0.105622 1.6277 0.42683
vt 0.180855 0.731045
vn 0.135235 0.291895 0.946842
f 2771/4253/4980 2768/4250/4980 2770/4252/4980

vn 0.141238 0.30088 0.943145
v -0.10641 1.58419 0.440829
vt 0.180181 0.740111
f 2771/4253/4981 2772/4254/4981 2768/4250/4981

v -0.164835 1.62959 0.434704
vt 0.192605 0.732291
vn 0.135148 0.301241 0.943922
f 2773/4255/4982 2772/4254/4982 2771/4253/4982

vn 0.140805 0.308109 0.940873
v -0.165316 1.58351 0.449868
vt 0.191899 0.741798
f 2773/4255/4983 2774/4256/4983 2772/4254/4983

v -0.228008 1.63161 0.443104
vt 0.204965 0.733536
vn 0.135068 0.308413 0.941615
f 2775/4257/4984 2774/4256/4984 2773/4255/4984

vn 0.140392 0.314937 0.938672
v -0.228008 1.58278 0.459488
vt 0.204212 0.743454
f 2775/4257/4985 2776/4258/4985 2774/4256/4985

v -0.297957 1.63385 0.452406
vt 0.218403 0.734796
vn 0.13499 0.315176 0.939384
f 2777/4259/4986 2776/4258/4986 2775/4257/4986

vn 0.139977 0.321604 0.936471
v -0.297953 1.58197 0.470221
vt 0.217717 0.745125
f 2777/4259/4987 2778/4260/4987 2776/4258/4987

v -0.380228 1.63648 0.463346
vt 0.233795 0.736118
vn 0.134899 0.321832 0.937137
f 2779/4261/4988 2778/4260/4988 2777/4259/4988

vn 0.13954 0.328462 0.934153
v -0.380219 1.58102 0.482845
vt 0.233191 0.746877
f 2779/4261/4989 2780/4262/4989 2778/4260/4989

v -0.466886 1.63925 0.474869
vt 0.249466 0.737307
vn 0.134806 0.328678 0.934772
f 2781/4263/4990 2780/4262/4990 2779/4261/4990

vn 0.139135 0.334739 0.931983
v -0.466869 1.58001 0.496141
vt 0.249022 0.748504
f 2781/4263/4991 2782/4264/4991 2780/4262/4991

v -0.541219 1.64151 0.482676
vt 0.26246 0.737879
vn 0.108491 0.336023 0.935584
f 2783/4265/4992 2782/4264/4992 2781/4263/4992

vn 0.103101 0.330101 0.938298
v -0.541318 1.57784 0.505086
vt 0.262333 0.749648
f 2783/4265/4993 2784/4266/4993 2782/4264/4993

vn 0.0717257 0.331059 0.94088
v -0.61357 1.64056 0.488524
vt 0.274793 0.738384
f 2783/4265/4994 2785/4267/4994 2784/4266/4994

vn 0.0337906 0.832639 0.552784
v -0.612305 1.683 0.424523
vt 0.274182 0.725563
f 2783/4265/4995 2786/4268/4995 2785/4267/4995

vn 0.044191 0.837992 0.54389
v -0.541341 1.68138 0.421263
vt 0.262309 0.72535
f 2783/4265/4996 2787/4269/4996 2786/4268/4996

vn 0.0824351 0.835992 0.542515
f 2781/4263/4997 2787/4269/4997 2783/4265/4997

vn 0.0541836 0.820272 0.569401
v -0.467018 1.67955 0.416824
vt 0.249461 0.724904
f 2781/4263/4998 2788/4270/4998 2787/4269/4998

vn 0.10155 0.817283 0.567218
f 2779/4261/4999 2788/4270/4999 2781/4263/4999

vn 0.0910735 0.809696 0.579739
v -0.380294 1.67459 0.410131
vt 0.233877 0.724206
f 2779/4261/5000 2789/4271/5000 2788/4270/5000

vn 0.102846 0.808771 0.579062
f 2777/4259/5001 2789/4271/5001 2779/4261/5001

vn 0.091528 0.800141 0.592788
v -0.297984 1.66988 0.403778
vt 0.21854 0.723438
f 2777/4259/5002 2790/4272/5002 2789/4271/5002

vn 0.104269 0.799137 0.592037
f 2775/4257/5003 2790/4272/5003 2777/4259/5003

vn 0.0919648 0.790496 0.605523
v -0.228014 1.66587 0.398377
vt 0.205154 0.722709
f 2775/4257/5004 2791/4273/5004 2790/4272/5004

vn 0.105639 0.789419 0.604696
f 2773/4255/5005 2791/4273/5005 2775/4257/5005

v -0.163523 1.66219 0.3934
vt 0.192579 0.721982
vn 0.0923795 0.780253 0.618604
f 2792/4274/5006 2791/4273/5006 2773/4255/5006

vn 0.0702398 0.980548 0.183281
v -0.228018 1.67726 0.337448
vt 0.205095 0.710823
f 2792/4274/5007 2793/4275/5007 2791/4273/5007

v -0.161749 1.6732 0.337522
vt 0.192188 0.710823
vn 0.0598411 0.979006 0.194851
f 2794/4276/5008 2793/4275/5008 2792/4274/5008

v -0.159975 1.66198 0.281633
vt 0.191824 0.699722
vn 0.0602749 0.979036 -0.194565
f 2795/4277/5009 2793/4275/5009 2794/4276/5009

vn 0.0702166 0.980625 -0.18288
v -0.228014 1.66587 0.276381
vt 0.205079 0.698894
f 2795/4277/5010 2796/4278/5010 2793/4275/5010

v -0.158681 1.62939 0.240875
vt 0.19125 0.689548
vn 0.0924298 0.779068 -0.620089
f 2797/4279/5011 2796/4278/5011 2795/4277/5011

vn 0.105757 0.789408 -0.60469
v -0.228008 1.63161 0.231655
vt 0.204795 0.688042
f 2797/4279/5012 2798/4280/5012 2796/4278/5012

vn 0.135142 0.307471 -0.941912
v -0.158208 1.58357 0.225987
vt 0.190222 0.680164
f 2798/4280/5013 2797/4279/5013 2799/4281/5013

vn 0.152346 0.306859 -0.939483
v -0.0948924 1.58302 0.236075
vt 0.177701 0.68198
f 2797/4279/5014 2800/4282/5014 2799/4281/5014

vn 0.145347 0.297651 -0.943545
v -0.0956493 1.62604 0.249528
vt 0.178746 0.690835
f 2797/4279/5015 2801/4283/5015 2800/4282/5015

vn 0.12599 0.776706 -0.617134
f 2801/4283/5016 2797/4279/5016 2795/4277/5016

vn 0.105556 0.760833 -0.640305
v -0.0977265 1.65741 0.286462
vt 0.179488 0.70045
f 2801/4283/5017 2795/4277/5017 2802/4284/5017

vn 0.0887406 0.97024 -0.225299
v -0.100579 1.66945 0.337169
vt 0.180098 0.710823
f 2802/4284/5018 2795/4277/5018 2803/4285/5018

vn 0.0589425 0.979106 -0.194621
f 2803/4285/5019 2795/4277/5019 2794/4276/5019

vn 0.0611031 0.976665 0.205894
v -0.103481 1.65875 0.388766
vt 0.180696 0.721279
f 2803/4285/5020 2794/4276/5020 2804/4286/5020

vn 0.0710238 0.978218 0.195051
f 2804/4286/5021 2794/4276/5021 2792/4274/5021

vn 0.0928152 0.768992 0.632484
f 2804/4286/5022 2792/4274/5022 2771/4253/5022

vn 0.107073 0.77887 0.617978
f 2771/4253/5023 2792/4274/5023 2773/4255/5023

vn 0.108563 0.767321 0.632007
f 2770/4252/5024 2804/4286/5024 2771/4253/5024

vn 0.0933065 0.754303 0.649862
v -0.0446179 1.65538 0.384223
vt 0.168892 0.720552
f 2770/4252/5025 2805/4287/5025 2804/4286/5025

v 0.00577977 1.65293 0.380932
vt 0.158679 0.719988
vn 0.0792763 0.754436 0.651569
f 2806/4288/5026 2805/4287/5026 2770/4252/5026

vn 0.0622356 0.971505 0.228702
v 0.00329616 1.66342 0.337057
vt 0.159222 0.710823
f 2806/4288/5027 2807/4289/5027 2805/4287/5027

v 0.0923392 1.66257 0.337005
vt 0.141469 0.710823
vn 0.00937584 0.972677 0.231975
f 2808/4290/5028 2807/4289/5028 2806/4288/5028

v 0.0923392 1.65207 0.293551
vt 0.141355 0.701952
vn 0.00909468 0.971974 -0.234912
f 2809/4291/5029 2807/4289/5029 2808/4290/5029

vn 0.00969372 0.972247 -0.233757
v 0.00083312 1.65298 0.293539
vt 0.159648 0.701719
f 2809/4291/5030 2810/4292/5030 2807/4289/5030

v 0.0923422 1.62337 0.261643
vt 0.14115 0.693446
vn 0.00748065 0.743504 -0.66869
f 2811/4293/5031 2810/4292/5031 2809/4291/5031

vn 0.00869393 0.745201 -0.666784
v -0.000975868 1.62441 0.261582
vt 0.159767 0.693027
f 2811/4293/5032 2812/4294/5032 2810/4292/5032

vn 0.00380228 0.286928 -0.957945
v -0.00163805 1.58536 0.249885
vt 0.159425 0.684908
f 2812/4294/5033 2811/4293/5033 2813/4295/5033

vn 0.00442791 0.285511 -0.958365
v 0.0923422 1.58417 0.249964
vt 0.140918 0.685393
f 2811/4293/5034 2814/4296/5034 2813/4295/5034

vt 0.122569 0.685352
vn -0.00749564 0.285172 -0.958447
vt 0.140925 0.685346
vt 0.141106 0.693313
vt 0.122754 0.693485
f 1669/4297/5035 2814/4298/5035 2811/4299/5035 1666/4300/5035 

vt 0.206738 0.764718
vn -0.0187181 -0.285522 -0.958189
v 0.0923422 1.54497 0.261645
vt 0.206748 0.772816
f 2814/4301/5036 1669/2503/5036 2815/4302/5036

vn -0.0201511 -0.282255 -0.959128
f 1669/2503/5037 1670/2505/5037 2815/4302/5037

vn -0.0301086 -0.743155 -0.668441
v 0.0923422 1.51627 0.293551
vt 0.206752 0.781435
f 1670/2505/5038 2816/4303/5038 2815/4302/5038

v 0.185955 1.51283 0.292844
vt 0.225434 0.781482
vn -0.0322581 -0.739884 -0.67196
f 2817/4304/5039 2816/4303/5039 1670/2505/5039

vn -0.0374564 -0.971324 -0.234789
v 0.0923422 1.50577 0.337005
vt 0.206756 0.790479
f 2817/4304/5040 2818/4305/5040 2816/4303/5040

v 0.185955 1.50207 0.336965
vt 0.225469 0.790479
vn -0.0384569 -0.970791 -0.236825
f 2819/4306/5041 2818/4305/5041 2817/4304/5041

v 0.185955 1.51283 0.380252
vt 0.225417 0.799249
vn -0.0382139 -0.969739 0.241135
f 2820/4307/5042 2818/4305/5042 2819/4306/5042

vn -0.0364126 -0.97073 0.237398
v 0.092342 1.51627 0.379957
vt 0.206756 0.799416
f 2820/4307/5043 2821/4308/5043 2818/4305/5043

vn -0.0290524 -0.732473 0.680176
f 2763/4242/5044 2821/4308/5044 2820/4307/5044

vn -0.0252659 -0.738398 0.673892
f 2763/4242/5045 2764/4244/5045 2821/4308/5045

vn 0.00230286 -0.738632 0.674105
f 2764/4244/5046 2766/4246/5046 2821/4308/5046

vn -0.00404325 -0.746706 0.665142
v 0.00577952 1.51761 0.380932
vt 0.189045 0.799868
f 2821/4308/5047 2766/4246/5047 2822/4309/5047

vn 0.0970875 -0.746021 0.658807
v -0.040764 1.54447 0.418206
vt 0.179753 0.809624
f 2766/4246/5048 2823/4310/5048 2822/4309/5048

vn 0.112241 -0.293062 0.949482
f 2768/4248/5049 2823/4310/5049 2766/4246/5049

vn 0.140371 -0.292906 0.945781
v -0.105622 1.54123 0.426831
vt 0.166637 0.811108
f 2768/4248/5050 2824/4311/5050 2823/4310/5050

vn 0.147933 -0.303969 0.941126
vt 0.167475 0.820084
f 2768/4248/5051 2772/4312/5051 2824/4311/5051

vn 0.140473 -0.304429 0.94212
v -0.164835 1.53828 0.434706
vt 0.154824 0.812494
f 2772/4312/5052 2825/4313/5052 2824/4311/5052

vn 0.147597 -0.312976 0.938222
vt 0.155757 0.821867
f 2772/4312/5053 2774/4314/5053 2825/4313/5053

vn 0.140518 -0.313371 0.939177
v -0.228016 1.53513 0.443108
vt 0.142405 0.813939
f 2774/4314/5054 2826/4315/5054 2825/4313/5054

vn 0.147255 -0.32157 0.935366
vt 0.143444 0.823676
f 2774/4314/5055 2776/4316/5055 2826/4315/5055

vn 0.140561 -0.321885 0.936287
v -0.297991 1.53164 0.452413
vt 0.128877 0.815485
f 2776/4316/5056 2827/4317/5056 2826/4315/5056

vn 0.146911 -0.330046 0.932463
vt 0.129939 0.825586
f 2776/4316/5057 2778/4318/5057 2827/4317/5057

vn 0.140588 -0.330348 0.93333
v -0.380311 1.52754 0.463361
vt 0.113309 0.817307
f 2778/4318/5058 2828/4319/5058 2827/4317/5058

vn 0.146535 -0.338846 0.929361
vt 0.114465 0.827817
f 2778/4318/5059 2780/4320/5059 2828/4319/5059

vn 0.140607 -0.339131 0.930172
v -0.467053 1.52321 0.474896
vt 0.097293 0.81934
f 2780/4320/5060 2829/4321/5060 2828/4319/5060

vn 0.146177 -0.346982 0.92641
vt 0.098634 0.830288
f 2780/4320/5061 2782/4322/5061 2829/4321/5061

vn 0.121847 -0.348065 0.929518
vt 0.085323 0.832174
f 2782/4322/5062 2784/4323/5062 2829/4321/5062

vn 0.124932 -0.344399 0.930474
v -0.541519 1.5167 0.482483
vt 0.083731 0.820637
f 2784/4323/5063 2830/4324/5063 2829/4321/5063

vn 0.122733 -0.344487 0.930734
v -0.6089 1.57132 0.511583
vt 0.0734 0.833233
f 2784/4323/5064 2831/4325/5064 2830/4324/5064

vn 0.0601274 0.319009 0.945842
vt 0.274256 0.750935
f 2785/4267/5065 2831/4326/5065 2784/4266/5065

vn 0.0361635 0.317921 0.947427
v -0.651623 1.56397 0.515678
vt 0.281744 0.752038
f 2785/4267/5066 2832/4327/5066 2831/4326/5066

vn 0.0810602 0.297031 0.951421
v -0.71304 1.63099 0.499989
vt 0.291492 0.7398
f 2785/4267/5067 2833/4328/5067 2832/4327/5067

vn -0.0154495 0.829259 0.558651
v -0.697235 1.6787 0.42961
vt 0.287946 0.726203
f 2785/4267/5068 2834/4329/5068 2833/4328/5068

vn -0.00918872 0.833471 0.552487
f 2786/4268/5069 2834/4329/5069 2785/4267/5069

vn -0.0370601 0.977237 0.20889
v -0.694731 1.69927 0.333787
vt 0.287326 0.710823
f 2786/4268/5070 2835/4330/5070 2834/4329/5070

v -0.612105 1.70027 0.337123
vt 0.274188 0.710823
vn -0.0196686 0.980856 0.19374
f 2836/4331/5071 2835/4330/5071 2786/4268/5071

vt 0.287328 0.710803
vn -0.00444341 0.982751 -0.184882
vt 0.274089 0.710475
v -0.611954 1.68266 0.243478
vt 0.274558 0.695396
v -0.692841 1.68068 0.234952
vt 0.287545 0.69487
f 2835/4332/5072 2836/4333/5072 2837/4334/5072 2838/4335/5072 

v -0.541341 1.68138 0.250651
vt 0.262686 0.695929
vn 0.0365774 0.982121 -0.184662
vt 0.274556 0.695415
f 2839/4336/5073 2837/4337/5073 2836/4331/5073

v -0.541219 1.64151 0.187206
vt 0.263245 0.683007
vn 0.0692313 0.844756 -0.530655
f 2840/4338/5074 2837/4337/5074 2839/4336/5074

vn 0.0799859 0.849875 -0.52088
v -0.612129 1.63949 0.173023
vt 0.27553 0.681795
f 2840/4338/5075 2841/4339/5075 2837/4337/5075

vn 0.180012 0.287057 -0.940848
v -0.541318 1.57784 0.167761
vt 0.263089 0.671179
f 2840/4338/5076 2842/4340/5076 2841/4339/5076

vn 0.129849 0.289427 -0.948352
v -0.466869 1.58001 0.178618
vt 0.249371 0.672489
f 2840/4338/5077 2843/4341/5077 2842/4340/5077

vn 0.168443 0.333201 -0.927687
v -0.466886 1.63925 0.19989
vt 0.24985 0.683989
f 2840/4338/5078 2844/4342/5078 2843/4341/5078

vn 0.11576 0.841135 -0.528291
f 2844/4342/5079 2840/4338/5079 2839/4336/5079

vn 0.0758563 0.819136 -0.568562
v -0.467018 1.67955 0.257935
vt 0.249678 0.696653
f 2844/4342/5080 2839/4336/5080 2845/4343/5080

vn 0.0403818 0.985495 -0.164829
v -0.541282 1.69585 0.33723
vt 0.262391 0.710823
f 2845/4343/5081 2839/4336/5081 2846/4344/5081

vn 0.0616291 0.984422 -0.164664
f 2846/4344/5082 2839/4336/5082 2836/4331/5082

vn 0.0610778 0.983634 0.169508
f 2846/4344/5083 2836/4331/5083 2787/4269/5083

vn 0.0313747 0.98054 0.193795
f 2787/4269/5084 2836/4331/5084 2786/4268/5084

vn 0.0343578 0.984896 0.169707
f 2788/4270/5085 2846/4344/5085 2787/4269/5085

vn 0.0523145 0.986788 0.15334
v -0.467109 1.69193 0.337183
vt 0.249523 0.710823
f 2788/4270/5086 2847/4345/5086 2846/4344/5086

vn 0.0682296 0.985841 0.153175
f 2789/4271/5087 2847/4345/5087 2788/4270/5087

vn 0.0602362 0.984875 0.162458
v -0.380339 1.68661 0.337279
vt 0.23386 0.710823
f 2789/4271/5088 2848/4346/5088 2847/4345/5088

vn 0.0688443 0.984327 0.162362
f 2790/4272/5089 2848/4346/5089 2789/4271/5089

vn 0.0601126 0.983109 0.17287
v -0.298003 1.68156 0.337371
vt 0.218485 0.710823
f 2790/4272/5090 2849/4347/5090 2848/4346/5090

vn 0.0695482 0.982505 0.172761
f 2791/4273/5091 2849/4347/5091 2790/4272/5091

vn 0.0599799 0.981206 0.183404
f 2791/4273/5092 2793/4275/5092 2849/4347/5092

vn 0.0603894 0.981257 -0.182999
f 2796/4278/5093 2849/4347/5093 2793/4275/5093

vn 0.0695507 0.982497 -0.172805
v -0.297984 1.66988 0.270981
vt 0.21849 0.698116
f 2796/4278/5094 2850/4348/5094 2849/4347/5094

vn 0.0919636 0.790495 -0.605524
f 2798/4280/5095 2850/4348/5095 2796/4278/5095

vn 0.104269 0.799137 -0.592037
v -0.297957 1.63385 0.222353
vt 0.218276 0.686659
f 2798/4280/5096 2851/4349/5096 2850/4348/5096

vn 0.134989 0.315178 -0.939383
v -0.228007 1.58278 0.215271
vt 0.203911 0.678098
f 2851/4349/5097 2798/4280/5097 2852/4350/5097

vn 0.140543 0.314932 -0.938651
f 2798/4280/5098 2799/4281/5098 2852/4350/5098

vt 0.157434 0.759485
vn 0.147242 -0.321572 -0.935367
v -0.228016 1.53513 0.231651
vt 0.142574 0.767094
vt 0.143745 0.757361
f 2799/4351/5099 2853/4352/5099 2852/4353/5099

vn 0.140504 -0.312347 -0.93952
v -0.158681 1.53858 0.240874
vt 0.156214 0.768739
f 2799/4351/5100 2854/4354/5100 2853/4352/5100

vn 0.146834 -0.312118 -0.938628
vt 0.169955 0.76174
f 2799/4351/5101 2800/4355/5101 2854/4354/5101

vn 0.138948 -0.301309 -0.943349
v -0.0956501 1.5405 0.249543
vt 0.168728 0.770473
f 2800/4355/5102 2855/4356/5102 2854/4354/5102

v -0.0608355 1.5839 0.24121
vt 0.17663 0.762714
vn 0.149774 -0.301007 -0.941787
f 2856/4357/5103 2855/4356/5103 2800/4355/5103

vn 0.141818 -0.295212 -0.944848
v -0.0593542 1.5428 0.254275
vt 0.17601 0.771233
f 2856/4357/5104 2857/4358/5104 2855/4356/5104

vt 0.188231 0.764092
vn 0.145679 -0.294916 -0.944353
f 2813/4359/5105 2857/4358/5105 2856/4357/5105

vn 0.135823 -0.282106 -0.94972
v -0.000976122 1.5463 0.261583
vt 0.18791 0.772258
f 2813/4359/5106 2858/4360/5106 2857/4358/5106

vn -0.00283921 -0.286921 -0.95795
f 2813/4359/5107 2814/4301/5107 2858/4360/5107

vn -0.00343698 -0.285571 -0.958352
f 2814/4301/5108 2815/4302/5108 2858/4360/5108

vn -0.0101965 -0.745203 -0.666759
v 0.000832866 1.51768 0.293539
vt 0.188033 0.781125
f 2815/4302/5109 2859/4361/5109 2858/4360/5109

vn -0.0113978 -0.743444 -0.668701
f 2816/4303/5110 2859/4361/5110 2815/4302/5110

vn -0.0149926 -0.972167 -0.23381
v 0.00329616 1.50718 0.337057
vt 0.188471 0.790479
f 2816/4303/5111 2860/4362/5111 2859/4361/5111

vn -0.0155658 -0.971889 -0.234926
f 2818/4305/5112 2860/4362/5112 2816/4303/5112

vn -0.0153024 -0.972589 0.232027
f 2818/4305/5113 2822/4309/5113 2860/4362/5113

vn -0.0123299 -0.9713 0.237537
f 2818/4305/5114 2821/4308/5114 2822/4309/5114

vn 0.0792803 -0.970836 0.226257
v -0.0446174 1.51426 0.384225
vt 0.178595 0.800411
f 2822/4309/5115 2861/4363/5115 2860/4362/5115

vn 0.0926275 -0.749365 0.655647
f 2822/4309/5116 2823/4310/5116 2861/4363/5116

vn 0.113691 -0.748906 0.65285
v -0.103482 1.50929 0.388773
vt 0.166604 0.801141
f 2823/4310/5117 2862/4364/5117 2861/4363/5117

vn 0.123105 -0.756683 0.642087
f 2823/4310/5118 2824/4311/5118 2862/4364/5118

vn 0.113641 -0.757811 0.642501
v -0.163524 1.50422 0.393411
vt 0.154588 0.801907
f 2862/4364/5119 2824/4311/5119 2863/4365/5119

vn 0.122377 -0.763691 0.633877
f 2824/4311/5120 2825/4313/5120 2863/4365/5120

vn 0.113585 -0.764634 0.634376
v -0.228015 1.49877 0.398393
vt 0.14188 0.802741
f 2863/4365/5121 2825/4313/5121 2864/4366/5121

vn 0.121671 -0.770082 0.626235
f 2825/4313/5122 2826/4315/5122 2864/4366/5122

vn 0.113533 -0.770829 0.626843
v -0.297987 1.49286 0.403799
vt 0.128329 0.803626
f 2864/4366/5123 2826/4315/5123 2865/4367/5123

vn 0.121013 -0.775968 0.619055
f 2826/4315/5124 2827/4317/5124 2865/4367/5124

vn 0.113464 -0.776665 0.61961
v -0.3803 1.48591 0.410158
vt 0.112678 0.804679
f 2865/4367/5125 2827/4317/5125 2866/4368/5125

vn 0.120338 -0.781813 0.611791
f 2827/4317/5126 2828/4319/5126 2866/4368/5126

vn 0.113386 -0.782457 0.612294
v -0.467032 1.47858 0.416858
vt 0.096506 0.805871
f 2866/4368/5127 2828/4319/5127 2867/4369/5127

vn 0.119724 -0.786987 0.605242
f 2828/4319/5128 2829/4321/5128 2867/4369/5128

vn 0.129119 -0.786051 0.604526
v -0.541288 1.46981 0.421308
vt 0.082877 0.806636
f 2867/4369/5129 2829/4321/5129 2868/4370/5129

vn 0.130299 -0.786652 0.60349
f 2829/4321/5130 2830/4324/5130 2868/4370/5130

vn 0.205766 -0.776297 0.595838
v -0.608151 1.50373 0.488598
vt 0.071591 0.82098
f 2868/4370/5131 2830/4324/5131 2869/4371/5131

vn 0.14767 -0.316988 0.936863
f 2831/4325/5132 2869/4371/5132 2830/4324/5132

vn 0.14434 -0.31718 0.937317
vt 0.065912 0.833364
f 2831/4325/5133 2832/4372/5133 2869/4371/5133

vn 0.225838 -0.259152 0.939062
v -0.643097 1.49287 0.494004
vt 0.06518 0.82092
f 2832/4372/5134 2870/4373/5134 2869/4371/5134

vn 0.344606 -0.235653 0.908688
v -0.69016 1.54216 0.524637
vt 0.059085 0.831571
f 2832/4372/5135 2871/4374/5135 2870/4373/5135

v -0.727137 1.58048 0.528874
vt 0.295063 0.749257
vn 0.186958 0.0720878 0.979719
vt 0.288571 0.755952
f 2872/4375/5136 2871/4376/5136 2832/4327/5136

vn 0.376566 0.265275 0.887596
v -0.749111 1.55446 0.545972
vt 0.299529 0.754094
f 2872/4375/5137 2873/4377/5137 2871/4376/5137

v -0.787313 1.58883 0.509475
vt 0.305316 0.744664
vn -0.157111 0.631614 0.759197
f 2874/4378/5138 2873/4377/5138 2872/4375/5138

vn -0.263109 0.549599 0.792915
v -0.797453 1.55741 0.527887
vt 0.308017 0.750911
f 2874/4378/5139 2875/4379/5139 2873/4377/5139

vn -0.500917 0.552226 0.66643
v -0.823869 1.567 0.500083
vt 0.31343 0.745744
f 2874/4378/5140 2876/4380/5140 2875/4379/5140

v -0.828753 1.60006 0.486338
vt 0.312163 0.73902
vn -0.401611 0.300392 0.865143
f 2877/4381/5141 2876/4380/5141 2874/4378/5141

vn -0.381535 0.306267 0.872142
v -0.863684 1.58153 0.477564
vt 0.319764 0.738708
f 2877/4381/5142 2878/4382/5142 2876/4380/5142

vn -0.495371 0.674668 0.547202
v -0.840671 1.63239 0.435679
vt 0.312645 0.72812
f 2877/4381/5143 2879/4383/5143 2878/4382/5143

v -0.780565 1.61889 0.490997
vt 0.303052 0.738793
vn -0.34773 0.751066 0.561233
f 2880/4384/5144 2879/4383/5144 2877/4381/5144

v -0.778627 1.65805 0.429895
vt 0.301463 0.72665
vn -0.287583 0.810438 0.510378
f 2881/4385/5145 2879/4383/5145 2880/4384/5145

vn -0.361567 0.914827 0.17989
v -0.849557 1.64849 0.335972
vt 0.313009 0.710823
f 2881/4385/5146 2882/4386/5146 2879/4383/5146

vn -0.412647 0.883511 0.221655
v -0.780946 1.68076 0.33507
vt 0.300975 0.710823
f 2881/4385/5147 2883/4387/5147 2882/4386/5147

vn -0.238375 0.943136 0.23167
f 2834/4329/5148 2883/4387/5148 2881/4385/5148

vn -0.202825 0.958463 0.200526
f 2835/4330/5149 2883/4387/5149 2834/4329/5149

vt 0.287544 0.69489
vn -0.208959 0.960342 -0.184608
f 2838/4388/5150 2883/4387/5150 2835/4330/5150

vn -0.176711 0.971783 -0.156238
v -0.775436 1.66521 0.232123
vt 0.300602 0.694533
f 2838/4388/5151 2884/4389/5151 2883/4387/5151

v -0.691479 1.63162 0.158391
vt 0.288709 0.68051
vn -0.137663 0.8328 -0.536184
f 2885/4390/5152 2884/4389/5152 2838/4388/5152

vn -0.127625 0.839671 -0.527886
v -0.76489 1.6131 0.146678
vt 0.300748 0.678746
f 2885/4390/5153 2886/4391/5153 2884/4389/5153

vn 0.108459 0.187514 -0.976256
v -0.688848 1.55035 0.143074
vt 0.289635 0.666726
f 2885/4390/5154 2887/4392/5154 2886/4391/5154

vn 0.122022 0.187646 -0.974628
v -0.611837 1.56922 0.156349
vt 0.275849 0.669383
f 2885/4390/5155 2888/4393/5155 2887/4392/5155

vn 0.154535 0.228705 -0.961152
f 2841/4339/5156 2888/4393/5156 2885/4390/5156

vn 0.128092 0.229473 -0.96485
f 2841/4339/5157 2842/4340/5157 2888/4393/5157

v -0.467053 1.52321 0.199863
vt 0.0968352 0.761868
vn 0.187686 -0.29535 -0.936772
vt 0.0712609 0.748154
vt 0.0845488 0.748983
f 2889/4394/5158 2888/4395/5158 2842/4396/5158

vt 0.0712609 0.748153
vn 0.188398 -0.293519 -0.937205
v -0.541519 1.51522 0.187398
vt 0.0828313 0.760781
f 2888/4397/5159 2889/4394/5159 2890/4398/5159

vt 0.096855 0.761895
vn 0.181841 -0.798292 -0.574163
v -0.541288 1.46981 0.250607
vt 0.082411 0.774799
vt 0.082851 0.760809
f 2889/4399/5160 2891/4400/5160 2890/4401/5160

v -0.467032 1.47858 0.257901
vt 0.096232 0.775445
vn 0.15178 -0.783499 -0.602571
f 2892/4402/5161 2891/4400/5161 2889/4399/5161

vn 0.137582 -0.959324 -0.246514
v -0.541288 1.44755 0.337229
vt 0.082347 0.790479
f 2892/4402/5162 2893/4403/5162 2891/4400/5162

v -0.466935 1.45687 0.337182
vt 0.096066 0.790479
vn 0.119864 -0.95749 -0.262383
f 2894/4404/5163 2893/4403/5163 2892/4402/5163

vn 0.120461 -0.959658 0.254059
f 2894/4404/5164 2868/4370/5164 2893/4403/5164

vn 0.128698 -0.956751 0.260892
f 2894/4404/5165 2867/4369/5165 2868/4370/5165

vn 0.101281 -0.959822 0.261695
f 2866/4368/5166 2867/4369/5166 2894/4404/5166

v -0.380252 1.4663 0.337278
vt 0.112355 0.790479
vn 0.104144 -0.960376 0.258517
f 2895/4405/5167 2866/4368/5167 2894/4404/5167

vn 0.101116 -0.960679 0.258596
f 2865/4367/5168 2866/4368/5168 2895/4405/5168

v -0.297967 1.47524 0.33737
vt 0.12808 0.790479
vn 0.104252 -0.961312 0.254971
f 2896/4406/5169 2865/4367/5169 2895/4405/5169

vn 0.100928 -0.961644 0.255058
f 2864/4366/5170 2865/4367/5170 2896/4406/5170

v -0.22801 1.48285 0.337448
vt 0.141684 0.790479
vn 0.104362 -0.962252 0.251355
f 2897/4407/5171 2864/4366/5171 2896/4406/5171

vn 0.100725 -0.962615 0.25145
f 2863/4365/5172 2864/4366/5172 2897/4407/5172

v -0.161749 1.49006 0.337521
vt 0.154766 0.790479
vn 0.104474 -0.96327 0.247379
f 2898/4408/5173 2863/4365/5173 2897/4407/5173

vn 0.100503 -0.963697 0.247362
f 2862/4364/5174 2863/4365/5174 2898/4408/5174

v -0.100579 1.49671 0.337169
vt 0.167042 0.790479
vn 0.10629 -0.964652 0.241141
f 2899/4409/5175 2862/4364/5175 2898/4408/5175

v -0.04996 1.50221 0.337113
vt 0.177382 0.790479
vn 0.105181 -0.964781 0.241111
f 2900/4410/5176 2862/4364/5176 2899/4409/5176

vn 0.0998694 -0.966641 0.235862
f 2861/4363/5177 2862/4364/5177 2900/4410/5177

vn 0.0904701 -0.967266 0.237088
f 2860/4362/5178 2861/4363/5178 2900/4410/5178

vn 0.0899445 -0.966969 -0.238496
f 2860/4362/5179 2900/4410/5179 2859/4361/5179

vn 0.099097 -0.968516 -0.228376
v -0.0553436 1.51286 0.289641
vt 0.176404 0.780583
f 2859/4361/5180 2900/4410/5180 2901/4411/5180

vn 0.104984 -0.967777 -0.228878
f 2900/4410/5181 2899/4409/5181 2901/4411/5181

vn 0.107973 -0.968092 -0.226141
v -0.0977268 1.50887 0.286466
vt 0.167804 0.78009
f 2901/4411/5182 2899/4409/5182 2902/4412/5182

vn 0.0855682 -0.969931 -0.227842
v -0.159975 1.50452 0.281622
vt 0.155376 0.779158
f 2902/4412/5183 2899/4409/5183 2903/4413/5183

vn 0.103386 -0.963734 -0.246023
f 2899/4409/5184 2898/4408/5184 2903/4413/5184

vn 0.105056 -0.963578 -0.24593
f 2903/4413/5185 2898/4408/5185 2897/4407/5185

vn 0.100697 -0.962755 -0.250924
v -0.228015 1.49877 0.276366
vt 0.141944 0.778262
f 2903/4413/5186 2897/4407/5186 2904/4414/5186

vn 0.104929 -0.962332 -0.250814
f 2897/4407/5187 2896/4406/5187 2904/4414/5187

vn 0.100931 -0.961626 -0.255126
v -0.297987 1.49286 0.27096
vt 0.128358 0.777371
f 2904/4414/5188 2896/4406/5188 2905/4415/5188

vn 0.104811 -0.961237 -0.255024
f 2896/4406/5189 2895/4405/5189 2905/4415/5189

vn 0.101153 -0.960495 -0.259265
v -0.3803 1.48591 0.264601
vt 0.112601 0.776378
f 2905/4415/5190 2895/4405/5190 2906/4416/5190

vn 0.104695 -0.96014 -0.259171
f 2895/4405/5191 2894/4404/5191 2906/4416/5191

vn 0.101346 -0.959484 -0.262906
f 2906/4416/5192 2894/4404/5192 2892/4402/5192

vn 0.113386 -0.782458 -0.612294
v -0.380311 1.52754 0.211398
vt 0.113242 0.763677
f 2906/4416/5193 2892/4402/5193 2907/4417/5193

vn 0.119724 -0.786987 -0.605242
f 2907/4417/5194 2892/4402/5194 2889/4399/5194

v -0.380219 1.58102 0.191914
vt 0.114516 0.753002
vn 0.140607 -0.33913 -0.930172
f 2908/4418/5195 2907/4417/5195 2889/4399/5195

v -0.297953 1.58197 0.204538
vt 0.130186 0.755316
vn 0.146536 -0.338845 -0.929361
f 2909/4419/5196 2907/4417/5196 2908/4418/5196

vn 0.14059 -0.330348 -0.93333
v -0.297991 1.53164 0.222345
vt 0.128981 0.765487
f 2909/4419/5197 2910/4420/5197 2907/4417/5197

vn 0.146909 -0.330046 -0.932463
f 2852/4353/5198 2910/4420/5198 2909/4419/5198

vn 0.14056 -0.321887 -0.936286
f 2852/4353/5199 2853/4352/5199 2910/4420/5199

vn 0.121012 -0.775968 -0.619055
f 2853/4352/5200 2905/4415/5200 2910/4420/5200

vn 0.113532 -0.770829 -0.626844
f 2904/4414/5201 2905/4415/5201 2853/4352/5201

vn 0.121599 -0.770088 -0.626241
f 2854/4354/5202 2904/4414/5202 2853/4352/5202

vn 0.113592 -0.764036 -0.635095
f 2854/4354/5203 2903/4413/5203 2904/4414/5203

vn 0.110713 -0.764241 -0.635357
f 2855/4356/5204 2903/4413/5204 2854/4354/5204

vn 0.103133 -0.758215 -0.643796
f 2855/4356/5205 2902/4412/5205 2903/4413/5205

vn 0.131294 -0.756469 -0.640716
f 2857/4358/5206 2902/4412/5206 2855/4356/5206

vn 0.119264 -0.751068 -0.649364
f 2901/4411/5207 2902/4412/5207 2857/4358/5207

vn 0.126311 -0.750003 -0.649262
f 2858/4360/5208 2901/4411/5208 2857/4358/5208

vn 0.109629 -0.737373 -0.66653
f 2859/4361/5209 2901/4411/5209 2858/4360/5209

vn 0.113464 -0.776665 -0.619611
f 2905/4415/5210 2906/4416/5210 2910/4420/5210

vn 0.120339 -0.781813 -0.61179
f 2910/4420/5211 2906/4416/5211 2907/4417/5211

vn 0.139975 0.321604 -0.936471
vt 0.21747 0.676234
f 2851/4349/5212 2852/4350/5212 2909/4421/5212

v -0.380228 1.63648 0.211413
vt 0.233831 0.685218
vn 0.1349 0.321832 -0.937137
f 2911/4422/5213 2851/4349/5213 2909/4421/5213

vn 0.102846 0.808771 -0.579061
v -0.380294 1.67459 0.264628
vt 0.233918 0.697315
f 2851/4349/5214 2911/4422/5214 2912/4423/5214

vn 0.0910745 0.809697 -0.579739
f 2911/4422/5215 2845/4343/5215 2912/4423/5215

vn 0.101551 0.817283 -0.567217
f 2911/4422/5216 2844/4342/5216 2845/4343/5216

vn 0.134808 0.328678 -0.934771
vt 0.23314 0.674258
f 2844/4342/5217 2911/4422/5217 2908/4424/5217

vn 0.139541 0.328461 -0.934153
f 2911/4422/5218 2909/4421/5218 2908/4424/5218

vn 0.139134 0.334736 -0.931984
f 2844/4342/5219 2908/4424/5219 2843/4341/5219

vt 0.11451 0.752915
vn 0.143931 -0.392714 -0.908328
vt 0.0843029 0.748872
vt 0.0982792 0.750599
f 2908/4425/5220 2842/4426/5220 2843/4427/5220

vn 0.145771 -0.346409 -0.926689
vt 0.0968475 0.761805
f 2842/4426/5221 2908/4425/5221 2889/4428/5221

vn 0.0682802 0.985722 -0.153914
f 2912/4423/5222 2845/4343/5222 2847/4345/5222

vn 0.0521167 0.986682 -0.154083
f 2845/4343/5223 2846/4344/5223 2847/4345/5223

vn 0.0605911 0.984782 -0.16289
f 2912/4423/5224 2847/4345/5224 2848/4346/5224

vn 0.0688736 0.984253 -0.162797
f 2850/4348/5225 2912/4423/5225 2848/4346/5225

vn 0.0915279 0.80014 -0.592788
f 2851/4349/5226 2912/4423/5226 2850/4348/5226

vn 0.0604943 0.983078 -0.172909
f 2850/4348/5227 2848/4346/5227 2849/4347/5227

vn 0.215661 -0.943949 0.2499
v -0.61221 1.45415 0.423356
vt 0.070078 0.806718
f 2868/4370/5228 2913/4429/5228 2893/4403/5228

vn 0.190765 -0.787211 0.586436
f 2868/4370/5229 2869/4371/5229 2913/4429/5229

vn 0.323741 -0.762869 0.559663
f 2869/4371/5230 2870/4373/5230 2913/4429/5230

vn 0.18152 -0.826742 0.532493
v -0.689098 1.43135 0.414167
vt 0.056917 0.804967
f 2913/4429/5231 2870/4373/5231 2914/4430/5231

vn 0.459978 -0.811532 0.360328
v -0.677986 1.47676 0.502268
vt 0.058694 0.820828
f 2870/4373/5232 2915/4431/5232 2914/4430/5232

vn 0.330819 -0.249673 0.910067
f 2871/4374/5233 2915/4431/5233 2870/4373/5233

vn 0.698362 -0.111788 0.706961
v -0.714418 1.51817 0.544806
vt 0.053868 0.830201
f 2871/4374/5234 2916/4432/5234 2915/4431/5234

vn 0.381788 0.337395 0.860466
vt 0.293788 0.760736
f 2873/4377/5235 2916/4433/5235 2871/4376/5235

vn 0.180155 0.140969 0.973484
v -0.766474 1.5275 0.553089
vt 0.303194 0.758569
f 2873/4377/5236 2917/4434/5236 2916/4433/5236

vn -0.295951 0.417462 0.85915
f 2875/4379/5237 2917/4434/5237 2873/4377/5237

vn -0.399161 0.312832 0.861862
v -0.806247 1.53214 0.532986
vt 0.310699 0.755194
f 2875/4379/5238 2918/4435/5238 2917/4434/5238

v -0.838878 1.52428 0.50138
vt 0.319293 0.752557
vn -0.691399 0.366277 0.622743
f 2919/4436/5239 2918/4435/5239 2875/4379/5239

vn -0.645492 -0.238188 0.725676
v -0.830014 1.50783 0.503865
vt 0.319241 0.756242
f 2918/4435/5240 2919/4436/5240 2920/4437/5240

v -0.830837 1.47113 0.467521
vt 0.033225 0.816466
vn -0.828303 -0.384761 0.407276
vt 0.031215 0.825113
vt 0.028149 0.826163
f 2921/4438/5241 2920/4439/5241 2919/4440/5241

vn -0.876877 -0.328191 0.351252
v -0.823855 1.46881 0.482784
vt 0.035069 0.818535
f 2921/4438/5242 2922/4441/5242 2920/4439/5242

v -0.791376 1.43794 0.482093
vt 0.041677 0.816342
vn -0.672826 -0.71239 0.199515
f 2923/4442/5243 2922/4441/5243 2921/4438/5243

vt 0.205727 0.02646
vn -0.601277 -0.621389 -0.502336
v -0.805639 1.42922 0.50995
vt 0.200539 0.030563
vt 0.19894 0.020244
f 2923/4443/5244 2924/4444/5244 2922/4445/5244

v -0.771965 1.42274 0.529784
vt 0.154343 0.025153
vn -0.00598566 -0.953456 -0.301473
vt 0.148396 0.0301
vt 0.143838 0.025718
f 2925/4446/5245 2924/4447/5245 2923/4448/5245

vn 0.110562 -0.873907 -0.473352
v -0.833838 1.40019 0.556958
vt 0.156593 0.038788
f 2925/4446/5246 2926/4449/5246 2924/4447/5246

vn 0.098024 -0.864069 -0.493736
v -0.80819 1.39419 0.572549
vt 0.160943 0.035075
f 2925/4446/5247 2927/4450/5247 2926/4449/5247

v -0.754766 1.43905 0.558595
vt 0.160649 0.021788
vn 0.648998 -0.75959 0.0427088
f 2928/4451/5248 2927/4450/5248 2925/4446/5248

vn 0.644305 -0.764725 0.00823572
v -0.795994 1.40471 0.595309
vt 0.16515 0.032638
f 2928/4451/5249 2929/4452/5249 2927/4450/5249

vn 0.743127 -0.214526 0.633831
v -0.763981 1.46888 0.579493
vt 0.167244 0.019718
f 2928/4451/5250 2930/4453/5250 2929/4452/5250

v -0.727836 1.45762 0.531317
vt 0.157101 0.014376
vn 0.761455 -0.197376 0.617437
f 2931/4454/5251 2930/4453/5251 2928/4451/5251

vn 0.756606 -0.214301 0.617756
v -0.733996 1.49663 0.552397
vt 0.165144 0.010593
f 2931/4454/5252 2932/4455/5252 2930/4453/5252

vt 0.049919 0.828517
vn 0.562394 -0.322546 0.761365
vt 0.050101 0.822541
v -0.70675 1.46352 0.518242
vt 0.053429 0.821645
f 2932/4456/5253 2931/4457/5253 2933/4458/5253

vn 0.440894 -0.832595 0.335257
v -0.751604 1.4333 0.502196
vt 0.047089 0.818127
f 2933/4458/5254 2931/4457/5254 2934/4459/5254

vn 0.609615 -0.777995 0.151965
vt 0.150036 0.019556
f 2931/4454/5255 2925/4446/5255 2934/4460/5255

vn 0.616681 -0.783576 0.0755837
f 2931/4454/5256 2928/4451/5256 2925/4446/5256

vn 0.0530089 -0.944986 -0.322786
f 2934/4460/5257 2925/4446/5257 2923/4448/5257

v -0.737548 1.43265 0.480435
vt 0.049011 0.815288
vn -0.0987169 -0.994533 -0.0340363
f 2935/4461/5258 2934/4459/5258 2923/4442/5258

vn 0.449879 -0.835478 0.315571
f 2933/4458/5259 2934/4459/5259 2935/4461/5259

vn 0.533445 -0.813978 0.229946
v -0.716817 1.43774 0.450361
vt 0.052455 0.811006
f 2933/4458/5260 2935/4461/5260 2936/4462/5260

vn 0.122833 -0.988974 -0.0827244
v -0.787119 1.43084 0.428497
vt 0.041526 0.808293
f 2936/4462/5261 2935/4461/5261 2937/4463/5261

vn -0.0806167 -0.990489 0.111502
v -0.789606 1.43436 0.457955
vt 0.041487 0.812815
f 2935/4461/5262 2938/4464/5262 2937/4463/5262

vn -0.0925265 -0.9859 0.13943
f 2935/4461/5263 2923/4442/5263 2938/4464/5263

vn -0.655981 -0.752107 0.0634376
f 2938/4464/5264 2923/4442/5264 2921/4438/5264

vn -0.59896 -0.746837 0.288933
v -0.840159 1.47365 0.454706
vt 0.031226 0.814638
f 2938/4464/5265 2921/4438/5265 2939/4465/5265

vn -0.770857 -0.421102 0.477966
f 2939/4465/5266 2921/4438/5266 2919/4440/5266

vn -0.852916 -0.342009 0.394416
v -0.851157 1.53756 0.486341
vt 0.024259 0.825057
f 2939/4465/5267 2919/4440/5267 2940/4466/5267

vn -0.633785 0.244945 0.733702
vt 0.321696 0.748061
f 2876/4380/5268 2940/4467/5268 2919/4436/5268

vn -0.481522 0.0375985 0.875627
f 2878/4382/5269 2940/4467/5269 2876/4380/5269

vn -0.36192 0.0822427 0.928574
v -0.884291 1.5713 0.470439
vt 0.324529 0.737933
f 2878/4382/5270 2941/4468/5270 2940/4467/5270

v -0.881746 1.60766 0.43812
vt 0.321053 0.729217
vn -0.50961 0.591244 0.625083
f 2942/4469/5271 2941/4468/5271 2878/4382/5271

v -0.899412 1.59024 0.432742
vt 0.325808 0.728899
vn -0.671846 0.517777 0.52965
f 2943/4470/5272 2941/4468/5272 2942/4469/5272

vt 0.136755 0.078815
vn -0.260194 0.81687 0.514804
vt 0.128111 0.079719
v -0.927882 1.55399 0.475872
vt 0.135086 0.070132
f 2941/4471/5273 2943/4472/5273 2944/4473/5273

vn -0.288353 0.818225 0.497354
v -0.94107 1.56995 0.441975
vt 0.128111 0.071038
f 2943/4472/5274 2945/4474/5274 2944/4473/5274

vn -0.463943 0.864592 -0.19297
v -0.946116 1.5588 0.404188
vt 0.120972 0.070081
f 2943/4472/5275 2946/4475/5275 2945/4474/5275

vn -0.447548 0.86634 -0.221711
v -0.904663 1.57668 0.390352
vt 0.119197 0.078884
f 2943/4472/5276 2947/4476/5276 2946/4475/5276

v -0.891432 1.61109 0.376653
vt 0.322583 0.718071
vn -0.933278 0.359154 0.000715013
vt 0.329254 0.720996
f 2948/4477/5277 2947/4478/5277 2943/4470/5277

v -0.910035 1.58187 0.339128
vt 0.328848 0.711237
vn -0.905441 0.402194 0.135707
f 2949/4479/5278 2947/4478/5278 2948/4477/5278

vn -0.969188 -0.233656 0.0779691
v -0.898621 1.54125 0.359289
vt 0.336509 0.715649
f 2949/4479/5279 2950/4480/5279 2947/4478/5279

vt 0.076112 0.010932
vn -0.342017 0.338953 0.876433
v -0.943172 1.53116 0.345805
vt 0.071261 0.021494
vt 0.067287 0.013257
f 2949/4481/5280 2951/4482/5280 2950/4483/5280

vn -0.38498 0.363339 0.848396
v -0.951957 1.56314 0.328126
vt 0.077821 0.019599
f 2949/4481/5281 2952/4484/5281 2951/4482/5281

v -0.908844 1.59719 0.29703
vt 0.084822 0.010043
vn -0.453114 0.841737 0.29354
f 2953/4485/5282 2952/4484/5282 2949/4481/5282

vn -0.471857 0.840522 0.266222
v -0.950502 1.57586 0.290531
vt 0.084841 0.018654
f 2953/4485/5283 2954/4486/5283 2952/4484/5283

vn -0.354686 0.82617 -0.437767
v -0.939782 1.56165 0.255026
vt 0.091913 0.019577
f 2953/4485/5284 2955/4487/5284 2954/4486/5284

v -0.896433 1.58021 0.257458
vt 0.093582 0.010864
vn -0.328095 0.826428 -0.45757
f 2956/4488/5285 2955/4487/5285 2953/4485/5285

vn -0.0871311 0.326871 -0.941044
v -0.925955 1.52906 0.242426
vt 0.09853 0.021467
f 2956/4488/5286 2957/4489/5286 2955/4487/5286

vn -0.0602545 0.313323 -0.947733
v -0.881808 1.53853 0.242748
vt 0.102303 0.013609
f 2956/4488/5287 2958/4490/5287 2957/4489/5287

v -0.878736 1.57464 0.212257
vt 0.322858 0.68731
vn -0.91978 -0.204514 -0.334932
vt 0.331095 0.689156
vt 0.325823 0.69554
f 2959/4491/5288 2958/4492/5288 2956/4493/5288

vn -0.976912 -0.0830738 -0.196831
v -0.880058 1.53903 0.233853
vt 0.330268 0.687767
f 2959/4491/5289 2960/4494/5289 2958/4492/5289

vt 0.051596 0.079022
vn -0.592456 0.433645 0.678931
v -0.917249 1.52755 0.208729
vt 0.056555 0.068486
vt 0.059558 0.076865
f 2959/4495/5290 2961/4496/5290 2960/4497/5290

v -0.915058 1.55814 0.187009
vt 0.049988 0.070274
vn -0.637474 0.475934 0.6059
f 2962/4498/5291 2961/4496/5291 2959/4495/5291

v -0.964486 1.50796 0.16843
vt 0.052402 0.057406
vn -0.679408 0.456575 0.574408
f 2963/4499/5292 2961/4496/5292 2962/4498/5292

vn -0.524083 -0.34134 0.780272
v -0.951917 1.48312 0.166007
vt 0.056734 0.055228
f 2961/4496/5293 2963/4499/5293 2964/4500/5293

vn -0.526242 -0.342252 0.778417
v -1.00657 1.47389 0.125001
vt 0.048182 0.046793
f 2963/4499/5294 2965/4501/5294 2964/4500/5294

v -1.0083 1.48572 0.114458
vt 0.045921 0.047731
vn -0.794293 0.335308 0.506623
f 2966/4502/5295 2965/4501/5295 2963/4499/5295

v -1.03155 1.43111 0.0902195
vt 0.043711 0.03745
vn -0.89838 0.211618 0.384878
f 2967/4503/5296 2965/4501/5296 2966/4502/5296

vn -0.515606 -0.338835 0.786983
v -0.997906 1.46053 0.124924
vt 0.050335 0.045211
f 2965/4501/5297 2967/4503/5297 2968/4504/5297

v -0.987542 1.45335 0.114192
vt 0.052402 0.043025
vn 0.0734734 -0.794776 0.602439
f 2969/4505/5298 2968/4504/5298 2967/4503/5298

v -0.934037 1.46982 0.14501
vt 0.061324 0.051648
vn -0.0422411 -0.848895 0.526871
f 2970/4506/5299 2968/4504/5299 2969/4505/5299

vn -0.036437 -0.857874 0.512567
f 2970/4506/5300 2964/4500/5300 2968/4504/5300

v -0.903041 1.49326 0.204753
vt 0.063031 0.065702
vn -0.156521 -0.889108 0.430102
f 2971/4507/5301 2964/4500/5301 2970/4506/5301

vn -0.547998 -0.316807 0.774165
f 2961/4496/5302 2964/4500/5302 2971/4507/5302

vn -0.471907 -0.291973 0.831899
f 2960/4497/5303 2961/4496/5303 2971/4507/5303

vn -0.57652 -0.212191 0.789049
v -0.86474 1.49585 0.233434
vt 0.068214 0.073777
f 2960/4497/5304 2971/4507/5304 2972/4508/5304

vn -0.236833 -0.887039 0.396324
v -0.880921 1.47511 0.177348
vt 0.069535 0.061252
f 2972/4508/5305 2971/4507/5305 2973/4509/5305

vn -0.179244 -0.880641 0.438569
f 2973/4509/5306 2971/4507/5306 2970/4506/5306

v -0.864098 1.48344 0.142455
vt 0.022948 0.064804
vn 0.184131 -0.972407 -0.143247
vt 0.016702 0.059955
vt 0.025398 0.050795
f 2974/4510/5307 2973/4511/5307 2970/4512/5307

v -0.822125 1.48288 0.162799
vt 0.017346 0.072282
vn 0.0811639 -0.977612 -0.194133
f 2975/4513/5308 2973/4511/5308 2974/4510/5308

vn 0.0693222 -0.968945 -0.237359
v -0.84037 1.47182 0.202623
vt 0.009943 0.066982
f 2975/4513/5309 2976/4514/5309 2973/4511/5309

v -0.805592 1.48048 0.15829
vt 0.036238 0.761187
vn -0.228632 -0.905941 -0.356369
vt 0.02904 0.770044
vt 0.032913 0.761522
f 2977/4515/5310 2976/4516/5310 2975/4517/5310

vn -0.381439 -0.80392 -0.456309
v -0.814432 1.45013 0.219149
vt 0.034859 0.774064
f 2977/4515/5311 2978/4518/5311 2976/4516/5311

v -0.756403 1.47145 0.157364
vt 0.044944 0.762042
vn -0.168763 -0.872054 -0.459393
f 2979/4519/5312 2978/4518/5312 2977/4515/5312

vn -0.21301 -0.844465 -0.491432
v -0.761273 1.43357 0.224574
vt 0.044289 0.775056
f 2979/4519/5313 2980/4520/5313 2978/4518/5313

v -0.68571 1.47827 0.163425
vt 0.056708 0.761908
vn 0.124959 -0.868158 -0.480298
f 2981/4521/5314 2980/4520/5314 2979/4519/5314

v -0.684474 1.43611 0.234543
vt 0.056901 0.775445
vn 0.0944225 -0.855642 -0.508882
f 2982/4522/5315 2980/4520/5315 2981/4521/5315

vn 0.0554104 -0.982857 -0.175846
v -0.772386 1.41669 0.31539
vt 0.043247 0.790479
f 2982/4522/5316 2983/4523/5316 2980/4520/5316

vn 0.038345 -0.980294 -0.193787
v -0.687259 1.4179 0.326143
vt 0.05688 0.790479
f 2982/4522/5317 2984/4524/5317 2983/4523/5317

v -0.611855 1.45371 0.243211
vt 0.069515 0.774967
vn 0.251986 -0.95058 -0.181383
f 2985/4525/5318 2984/4524/5318 2982/4522/5318

vn 0.214242 -0.95248 -0.216522
v -0.612037 1.43282 0.334938
vt 0.069631 0.790479
f 2985/4525/5319 2986/4526/5319 2984/4524/5319

vn 0.238573 -0.946976 -0.21522
f 2891/4400/5320 2986/4526/5320 2985/4525/5320

vn 0.205255 -0.947913 -0.243582
f 2893/4403/5321 2986/4526/5321 2891/4400/5321

vn 0.19119 -0.954099 0.230526
f 2893/4403/5322 2913/4429/5322 2986/4526/5322

vn 0.251769 -0.94069 0.22741
f 2986/4526/5323 2913/4429/5323 2914/4430/5323

vn 0.175132 -0.972698 0.152275
f 2986/4526/5324 2914/4430/5324 2984/4524/5324

vn 0.0420222 -0.987524 0.15176
v -0.783876 1.42465 0.396852
vt 0.041846 0.8033
f 2984/4524/5325 2914/4430/5325 2987/4527/5325

vn 0.0329451 -0.979573 0.198373
f 2914/4430/5326 2936/4462/5326 2987/4527/5326

vn 0.325314 -0.856586 0.400539
f 2915/4431/5327 2936/4462/5327 2914/4430/5327

vn 0.512015 -0.825492 0.237495
f 2915/4431/5328 2933/4458/5328 2936/4462/5328

vn 0.564201 -0.29553 0.770934
f 2916/4432/5329 2933/4458/5329 2915/4431/5329

vn 0.599241 -0.280375 0.749867
f 2916/4432/5330 2932/4456/5330 2933/4458/5330

vn 0.184909 0.172878 0.967431
vt 0.297736 0.764521
f 2917/4434/5331 2932/4528/5331 2916/4433/5331

vt 0.174235 0.009256
vn 0.390174 0.391857 0.833194
f 2917/4529/5332 2930/4453/5332 2932/4455/5332

vn 0.355037 0.396419 0.846641
v -0.794379 1.49443 0.580279
vt 0.174235 0.019062
f 2917/4529/5333 2988/4530/5333 2930/4453/5333

vn -0.239206 0.728992 0.641367
vt 0.182998 0.010904
f 2917/4529/5334 2918/4531/5334 2988/4530/5334

vn -0.244464 0.727284 0.641324
v -0.82827 1.50049 0.560483
vt 0.181479 0.019892
f 2988/4530/5335 2918/4531/5335 2989/4532/5335

vt 0.191334 0.014848
vn -0.771136 0.62793 0.10513
f 2920/4533/5336 2989/4532/5336 2918/4531/5336

vn -0.773597 0.624948 0.10482
v -0.845685 1.48376 0.53171
vt 0.188117 0.022083
f 2920/4533/5337 2990/4534/5337 2989/4532/5337

vn -0.886373 0.0438864 -0.460888
v -0.836255 1.45435 0.510774
vt 0.194506 0.02549
f 2920/4533/5338 2991/4535/5338 2990/4534/5338

vn -0.923613 0.0588396 -0.378784
f 2922/4445/5339 2991/4535/5339 2920/4533/5339

vn -0.533508 -0.631554 -0.562591
f 2924/4444/5340 2991/4535/5340 2922/4445/5340

vn -0.491646 -0.577633 -0.651632
vt 0.191964 0.039174
f 2991/4535/5341 2924/4444/5341 2926/4536/5341

vn -0.468988 -0.58511 -0.661586
v -0.858157 1.41876 0.557774
vt 0.187661 0.035387
f 2991/4535/5342 2926/4536/5342 2992/4537/5342

vn -0.406125 -0.498191 -0.766073
v -0.87807 1.37168 0.598948
vt 0.181152 0.045238
f 2992/4537/5343 2926/4536/5343 2993/4538/5343

vn -0.41736 -0.484652 -0.768715
v -0.864662 1.36207 0.597727
vt 0.183238 0.047488
f 2926/4536/5344 2994/4539/5344 2993/4538/5344

vn 0.193967 -0.78544 -0.58776
v -0.851329 1.35853 0.606855
vt 0.167343 0.04511
vt 0.165262 0.047343
f 2926/4449/5345 2995/4540/5345 2994/4541/5345

vn 0.17709 -0.785156 -0.593439
f 2927/4450/5346 2995/4540/5346 2926/4449/5346

vn 0.640793 -0.767674 0.00783699
v -0.845773 1.36331 0.620904
vt 0.169459 0.043454
f 2927/4450/5347 2996/4542/5347 2995/4540/5347

vn 0.642412 -0.766295 0.00997571
f 2929/4452/5348 2996/4542/5348 2927/4450/5348

vn 0.644706 -0.357457 0.675706
v -0.851144 1.37378 0.631563
vt 0.171743 0.04242
f 2929/4452/5349 2997/4543/5349 2996/4542/5349

v -0.804204 1.42594 0.611847
vt 0.16947 0.031197
vn 0.636737 -0.305356 0.708042
f 2998/4544/5350 2997/4543/5350 2929/4452/5350

vn 0.209997 0.17463 0.96198
v -0.864402 1.38362 0.63267
vt 0.174235 0.042083
f 2998/4544/5351 2999/4545/5351 2997/4543/5351

v -0.828231 1.44504 0.612561
vt 0.174235 0.030667
vn 0.189758 0.202773 0.960664
f 3000/4546/5352 2999/4545/5352 2998/4544/5352

v -0.854171 1.45051 0.597072
vt 0.179114 0.031303
vn -0.3731 0.47973 0.794138
f 3001/4547/5353 2999/4545/5353 3000/4546/5353

vn -0.404711 0.477103 0.780117
v -0.877885 1.38693 0.623656
vt 0.176738 0.042466
f 3001/4547/5354 3002/4548/5354 2999/4545/5354

v -0.866659 1.43946 0.574414
vt 0.183481 0.032827
vn -0.862186 0.432107 0.264422
f 3003/4549/5355 3002/4548/5355 3001/4547/5355

vn -0.890372 0.397782 0.221377
v -0.883591 1.38191 0.609721
vt 0.179025 0.043541
f 3003/4549/5356 3004/4550/5356 3002/4548/5356

vn -0.895331 -0.00977261 -0.445295
f 2992/4537/5357 3004/4550/5357 3003/4549/5357

vn -0.89459 -0.0122918 -0.44672
f 2992/4537/5358 2993/4538/5358 3004/4550/5358

vn -0.890367 -0.00103686 -0.455241
v -0.891904 1.32378 0.626113
vt 0.174235 0.053244
f 2993/4538/5359 3005/4551/5359 3004/4550/5359

vn -0.352073 -0.38272 -0.854149
f 2993/4538/5360 2994/4539/5360 3005/4551/5360

vn 0.274453 -0.691008 -0.668718
f 2995/4540/5361 3005/4551/5361 2994/4541/5361

vn 0.650789 -0.759258 0.00101904
f 2996/4542/5362 3005/4551/5362 2995/4540/5362

vn 0.494945 -0.482297 0.722785
f 2997/4543/5363 3005/4551/5363 2996/4542/5363

vn 0.00157137 -0.109627 0.993972
f 2999/4545/5364 3005/4551/5364 2997/4543/5364

vn -0.524112 0.148991 0.838516
f 3002/4548/5365 3005/4551/5365 2999/4545/5365

vn -0.928206 0.217815 0.301644
f 3004/4550/5366 3005/4551/5366 3002/4548/5366

vn -0.894349 -0.00775594 -0.447302
f 2990/4534/5367 2992/4537/5367 3003/4549/5367

vn -0.908283 0.00654561 -0.418306
f 2991/4535/5368 2992/4537/5368 2990/4534/5368

vn -0.815576 0.55236 0.172435
f 2990/4534/5369 3003/4549/5369 2989/4532/5369

vn -0.813886 0.552783 0.178945
f 2989/4532/5370 3003/4549/5370 3001/4547/5370

vn -0.288298 0.658396 0.695269
f 2989/4532/5371 3001/4547/5371 2988/4530/5371

vn -0.282134 0.652926 0.702914
f 2988/4530/5372 3001/4547/5372 3000/4546/5372

vn 0.312569 0.3603 0.878911
f 2988/4530/5373 3000/4546/5373 2998/4544/5373

vn 0.323129 0.357542 0.876214
f 2988/4530/5374 2998/4544/5374 2930/4453/5374

vn 0.739702 -0.211591 0.638803
f 2930/4453/5375 2998/4544/5375 2929/4452/5375

vn 0.0354866 -0.980098 0.195316
f 2936/4462/5376 2937/4463/5376 2987/4527/5376

vn -0.437681 -0.889803 0.129172
v -0.832688 1.4485 0.395721
vt 0.033124 0.804235
f 2987/4527/5377 2937/4463/5377 3006/4552/5377

vn -0.515275 -0.809973 0.280064
f 2937/4463/5378 2939/4465/5378 3006/4552/5378

vn -0.614766 -0.787582 0.042158
f 2937/4463/5379 2938/4464/5379 2939/4465/5379

vn -0.563138 -0.783491 0.262712
v -0.865712 1.47927 0.416716
vt 0.026206 0.808773
f 3006/4552/5380 2939/4465/5380 3007/4553/5380

vn -0.61738 -0.72385 0.308031
v -0.860461 1.49283 0.459106
vt 0.026557 0.816165
f 2939/4465/5381 3008/4554/5381 3007/4553/5381

vn -0.254478 -0.463836 0.848585
f 2940/4466/5382 3008/4554/5382 2939/4465/5382

vn -0.0527365 -0.511379 0.857736
v -0.868156 1.53095 0.481359
vt 0.022165 0.822559
f 2940/4466/5383 3009/4555/5383 3008/4554/5383

vn -0.323339 0.124593 0.938045
vt 0.325738 0.747246
f 2941/4468/5384 3009/4556/5384 2940/4467/5384

vn 0.0348309 0.27406 0.961082
v -0.91415 1.52051 0.486003
vt 0.141626 0.068253
vt 0.145197 0.076622
f 2941/4471/5385 3010/4557/5385 3009/4558/5385

vn 0.00367672 0.291036 0.956705
f 2941/4471/5386 2944/4473/5386 3010/4557/5386

vn -0.0483437 0.271098 0.961337
v -0.976207 1.50094 0.4884
vt 0.13724 0.05721
f 2944/4473/5387 3011/4559/5387 3010/4557/5387

vn -0.0533433 0.275307 0.959875
v -0.988259 1.52524 0.480761
vt 0.132874 0.058385
f 2944/4473/5388 3012/4560/5388 3011/4559/5388

vn -0.337294 0.794378 0.50517
f 2944/4473/5389 2945/4474/5389 3012/4560/5389

vn -0.345199 0.795925 0.497335
v -0.999031 1.53698 0.454505
vt 0.128111 0.058447
f 2945/4474/5390 3013/4561/5390 3012/4560/5390

vn -0.51462 0.840662 -0.168682
v -1.00243 1.52899 0.425048
vt 0.123279 0.058328
f 2945/4474/5391 3014/4562/5391 3013/4561/5391

vn -0.511442 0.840365 -0.179483
f 2945/4474/5392 2946/4475/5392 3014/4562/5392

vn -0.494798 0.39189 -0.775627
v -0.996249 1.50624 0.40961
vt 0.11888 0.057096
f 2946/4475/5393 3015/4563/5393 3014/4562/5393

vn -0.491241 0.388069 -0.779798
v -0.939937 1.52732 0.384628
vt 0.11433 0.068093
f 2946/4475/5394 3016/4564/5394 3015/4563/5394

vn -0.44268 0.408917 -0.798011
f 2947/4476/5395 3016/4564/5395 2946/4475/5395

vn -0.425913 0.398584 -0.812237
v -0.897305 1.53952 0.368261
vt 0.110712 0.076533
f 2947/4476/5396 3017/4565/5396 3016/4564/5396

vn -0.964494 -0.246841 0.09392
vt 0.336753 0.717381
f 2950/4480/5397 3017/4566/5397 2947/4478/5397

v -0.882948 1.50388 0.345225
vt 0.019278 0.797573
vn -0.91303 -0.404017 0.0560959
vt 0.013194 0.802615
vt 0.012573 0.801108
f 3018/4567/5398 3017/4568/5398 2950/4569/5398

vn -0.928498 -0.371315 -0.00414093
v -0.880833 1.49821 0.379019
vt 0.021194 0.80327
f 3018/4567/5399 3019/4570/5399 3017/4568/5399

vn -0.85504 -0.517495 -0.033252
v -0.864867 1.47274 0.364952
vt 0.025934 0.800211
f 3018/4567/5400 3020/4571/5400 3019/4570/5400

v -0.870538 1.4869 0.305653
vt 0.022409 0.790479
vn -0.851882 -0.521951 -0.0431817
f 3021/4572/5401 3020/4571/5401 3018/4567/5401

vn -0.796105 -0.601383 -0.0674849
v -0.852217 1.46258 0.306274
vt 0.027797 0.790479
f 3021/4572/5402 3022/4573/5402 3020/4571/5402

v -0.869347 1.50222 0.263554
vt 0.020389 0.782013
vn -0.773274 -0.588494 -0.236057
f 3023/4574/5403 3022/4573/5403 3021/4572/5403

v -0.849538 1.47098 0.244298
vt 0.027314 0.778576
vn -0.867625 -0.486343 -0.103427
f 3024/4575/5404 3022/4573/5404 3023/4574/5404

vn -0.70353 -0.699544 -0.125233
v -0.826179 1.43615 0.307622
vt 0.033991 0.790479
f 3024/4575/5405 3025/4576/5405 3022/4573/5405

vn -0.602954 -0.771764 -0.202055
f 2978/4518/5406 3025/4576/5406 3024/4575/5406

vn -0.275031 -0.943343 -0.185639
f 2980/4520/5407 3025/4576/5407 2978/4518/5407

vn -0.305574 -0.92873 -0.209964
f 2980/4520/5408 2983/4523/5408 3025/4576/5408

vn -0.34527 -0.937522 0.0429025
f 2983/4523/5409 2987/4527/5409 3025/4576/5409

vn 0.00176464 -0.995235 0.0974892
f 2984/4524/5410 2987/4527/5410 2983/4523/5410

vn -0.438783 -0.893781 0.0928714
f 2987/4527/5411 3006/4552/5411 3025/4576/5411

vn -0.636924 -0.768535 0.0606753
f 3025/4576/5412 3006/4552/5412 3020/4571/5412

vn -0.649942 -0.755242 0.0847607
f 3006/4552/5413 3007/4553/5413 3020/4571/5413

vn -0.831764 -0.552282 0.0561628
f 3020/4571/5414 3007/4553/5414 3019/4570/5414

vt 0.094967 0.067542
vn -0.0934624 -0.904181 -0.416799
v -0.912473 1.47864 0.428568
vt 0.10156 0.060277
vt 0.102336 0.072786
f 3007/4577/5415 3026/4578/5415 3019/4579/5415

vt 0.153389 0.073145
vn 0.0872735 -0.951905 0.2937
vt 0.154406 0.060669
vt 0.160847 0.068065
f 3008/4580/5416 3026/4581/5416 3007/4582/5416

vn 0.109642 -0.959588 0.259172
v -0.907699 1.48941 0.466399
vt 0.148025 0.065261
f 3008/4580/5417 3027/4583/5417 3026/4581/5417

vn 0.167867 -0.471512 0.865735
f 3009/4558/5418 3027/4583/5418 3008/4580/5418

vn 0.197466 -0.493045 0.847298
f 3009/4558/5419 3010/4557/5419 3027/4583/5419

vn 0.175597 -0.498574 0.848875
v -0.96963 1.47865 0.472893
vt 0.141513 0.054931
f 3010/4557/5420 3028/4584/5420 3027/4583/5420

vn 0.196186 -0.520308 0.831138
f 3010/4557/5421 3011/4559/5421 3028/4584/5421

vn 0.193333 -0.521218 0.831237
v -1.03717 1.46834 0.48214
vt 0.132812 0.04666
f 3011/4559/5422 3029/4585/5422 3028/4584/5422

vn -0.178477 0.146933 0.972911
v -1.04581 1.48127 0.478603
vt 0.130558 0.047646
f 3011/4559/5423 3030/4586/5423 3029/4585/5423

vn -0.193201 0.205778 0.959338
f 3012/4560/5424 3030/4586/5424 3011/4559/5424

vn -0.521403 0.655589 0.546207
v -1.05247 1.4875 0.464773
vt 0.128111 0.047986
f 3012/4560/5425 3031/4587/5425 3030/4586/5425

vn -0.525748 0.675164 0.517439
f 3012/4560/5426 3013/4561/5426 3031/4587/5426

vn -0.686737 0.717679 -0.115451
f 3013/4561/5427 3014/4562/5427 3031/4587/5427

vn -0.697232 0.702024 -0.145021
v -1.0534 1.48327 0.448786
vt 0.125655 0.047621
f 3014/4562/5428 3032/4588/5428 3031/4587/5428

vn -0.619703 0.318406 -0.717347
f 3014/4562/5429 3015/4563/5429 3032/4588/5429

vn -0.6151 0.262228 -0.743565
v -1.0479 1.47118 0.439972
vt 0.123377 0.046608
f 3015/4563/5430 3033/4589/5430 3032/4588/5430

vn -0.24223 -0.406201 -0.881093
v -0.983803 1.48239 0.41718
vt 0.114584 0.054759
f 3015/4563/5431 3034/4590/5431 3033/4589/5431

vn -0.239651 -0.405221 -0.882249
f 3016/4564/5432 3034/4590/5432 3015/4563/5432

vn -0.265497 -0.382097 -0.885163
v -0.925933 1.49422 0.394716
vt 0.107888 0.064983
f 3016/4564/5433 3035/4591/5433 3034/4590/5433

vn -0.237295 -0.373679 -0.896691
f 3017/4565/5434 3035/4591/5434 3016/4564/5434

vn -0.281086 -0.345266 -0.895423
f 3017/4565/5435 3019/4579/5435 3035/4591/5435

vn -0.0576069 -0.915425 -0.398344
f 3019/4579/5436 3026/4578/5436 3035/4591/5436

vn 0.00981657 -0.9069 -0.421231
v -0.972634 1.47112 0.443366
vt 0.110103 0.051021
f 3026/4578/5437 3036/4592/5437 3035/4591/5437

vn 0.180071 -0.951855 0.248085
vt 0.146012 0.051254
f 3027/4583/5438 3036/4593/5438 3026/4581/5438

vn 0.189544 -0.955851 0.22455
f 3027/4583/5439 3028/4584/5439 3036/4593/5439

vn 0.332579 -0.921363 0.2012
v -1.03144 1.45643 0.473277
vt 0.134918 0.04504
f 3028/4584/5440 3037/4594/5440 3036/4593/5440

vn 0.193494 -0.523727 0.82962
f 3028/4584/5441 3029/4585/5441 3037/4594/5441

vn 0.206908 -0.517683 0.830177
v -1.08019 1.42823 0.467845
vt 0.128111 0.037469
f 3029/4585/5442 3038/4595/5442 3037/4594/5442

vn -0.340115 0.0298169 0.939911
f 3030/4586/5443 3038/4595/5443 3029/4585/5443

vn -0.754569 0.380679 0.534517
f 3031/4587/5444 3038/4595/5444 3030/4586/5444

vn -0.905406 0.420506 -0.0584326
f 3032/4588/5445 3038/4595/5445 3031/4587/5445

vn -0.745218 0.136777 -0.652643
f 3033/4589/5446 3038/4595/5446 3032/4588/5446

vn -0.229656 -0.402431 -0.886176
v -1.03902 1.45843 0.44346
vt 0.121289 0.044968
f 3033/4589/5447 3039/4596/5447 3038/4595/5447

vn -0.241387 -0.408929 -0.880063
f 3034/4590/5448 3039/4596/5448 3033/4589/5448

vn 0.167146 -0.877678 -0.449159
f 3036/4592/5449 3039/4596/5449 3034/4590/5449

vn 0.165591 -0.869664 -0.465043
v -1.03213 1.45237 0.45724
vt 0.119269 0.042714
f 3036/4592/5450 3040/4597/5450 3039/4596/5450

vn 0.339025 -0.915463 0.216769
vt 0.136946 0.042806
f 3036/4593/5451 3037/4594/5451 3040/4598/5451

vn 0.474395 -0.858118 0.196424
f 3037/4594/5452 3038/4595/5452 3040/4598/5452

vn 0.296087 -0.811034 -0.504535
f 3040/4597/5453 3038/4595/5453 3039/4596/5453

vn 0.0292069 -0.913514 -0.405757
f 3035/4591/5454 3036/4592/5454 3034/4590/5454

vn -0.711172 -0.702303 -0.0316988
f 3022/4573/5455 3025/4576/5455 3020/4571/5455

vn -0.579303 -0.802347 -0.143696
f 2978/4518/5456 3024/4575/5456 2976/4516/5456

vn -0.799574 -0.570562 -0.187455
vt 0.021861 0.776191
f 2976/4516/5457 3024/4575/5457 2972/4599/5457

vn -0.849511 -0.52725 -0.0184203
f 2972/4599/5458 3024/4575/5458 3023/4574/5458

vn -0.931361 -0.357928 -0.0667458
vt 0.013143 0.778021
f 2972/4599/5459 3023/4574/5459 2958/4600/5459

vn 0.1095 -0.465686 -0.878149
vt 0.110405 0.01667
v -0.916908 1.49747 0.260141
vt 0.104951 0.024515
f 2958/4490/5460 3023/4601/5460 3041/4602/5460

vn 0.116262 -0.944865 -0.306127
v -0.9181 1.48513 0.297772
vt 0.111307 0.029141
f 3023/4601/5461 3042/4603/5461 3041/4602/5461

vn 0.0907801 -0.93664 -0.338326
vt 0.117791 0.021806
f 3023/4601/5462 3021/4604/5462 3042/4603/5462

vt 0.052086 0.021677
vn -0.0298236 -0.921901 0.386277
vt 0.059502 0.016612
vt 0.058479 0.029054
f 3021/4605/5463 3018/4606/5463 3042/4607/5463

vn 0.00465097 -0.931222 0.364422
v -0.929083 1.49896 0.333241
vt 0.064859 0.024482
f 3018/4606/5464 3043/4608/5464 3042/4607/5464

vn -0.187276 -0.413827 0.890884
f 2950/4483/5465 3043/4608/5465 3018/4606/5465

vn -0.173453 -0.422887 0.889427
f 2950/4483/5466 2951/4482/5466 3043/4608/5466

vn -0.176948 -0.423949 0.888232
v -0.988274 1.48604 0.315281
vt 0.071381 0.034816
f 2951/4482/5467 3044/4609/5467 3043/4608/5467

vn -0.150756 -0.446058 0.882216
v -1.00075 1.50914 0.324833
vt 0.075691 0.032523
f 2951/4482/5468 3045/4610/5468 3044/4609/5468

vn -0.434266 0.341568 0.833513
f 2952/4484/5469 3045/4610/5469 2951/4482/5469

vn -0.438281 0.345423 0.829815
v -1.00891 1.53224 0.310905
vt 0.080087 0.031329
f 2952/4484/5470 3046/4611/5470 3045/4610/5470

vn -0.519582 0.815226 0.255814
f 2954/4486/5471 3046/4611/5471 2952/4484/5471

vn -0.523676 0.815822 0.245352
v -1.00829 1.54145 0.281614
vt 0.084901 0.031236
f 2954/4486/5472 3047/4612/5472 3046/4611/5472

vn -0.410633 0.801976 -0.433837
v -0.999453 1.53108 0.254089
vt 0.089707 0.031319
f 2954/4486/5473 3048/4613/5473 3047/4612/5473

vn -0.403367 0.800992 -0.442388
f 2955/4487/5474 3048/4613/5474 2954/4486/5474

vn -0.143705 0.309338 -0.940031
v -0.987365 1.50751 0.244484
vt 0.094101 0.032511
f 2955/4487/5475 3049/4614/5475 3048/4613/5475

vn -0.138739 0.305371 -0.942072
f 2955/4487/5476 2957/4489/5476 3049/4614/5476

vn 0.140051 -0.481637 -0.865108
v -0.978812 1.48488 0.258466
vt 0.098401 0.034809
f 2957/4489/5477 3050/4615/5477 3049/4614/5477

vn 0.117368 -0.459961 -0.880148
f 2957/4489/5478 3041/4602/5478 3050/4615/5478

vn 0.10569 -0.463186 -0.879936
f 2958/4490/5479 3041/4602/5479 2957/4489/5479

vn 0.198673 -0.939741 -0.278236
v -0.979049 1.47614 0.287811
vt 0.102919 0.038504
f 3041/4602/5480 3051/4616/5480 3050/4615/5480

vn 0.187101 -0.935183 -0.30071
f 3041/4602/5481 3042/4603/5481 3051/4616/5481

vn 0.0735001 -0.921289 0.381869
vt 0.066838 0.038506
f 3042/4607/5482 3043/4608/5482 3051/4617/5482

vn 0.0916986 -0.926658 0.36455
f 3043/4608/5483 3044/4609/5483 3051/4617/5483

vn 0.231685 -0.887836 0.39758
v -1.04478 1.46123 0.292806
vt 0.07806 0.044769
f 3051/4617/5484 3044/4609/5484 3052/4618/5484

vn -0.152559 -0.449739 0.880034
v -1.05371 1.47353 0.297544
vt 0.080158 0.04314
f 3044/4609/5485 3053/4619/5485 3052/4618/5485

vn -0.153395 -0.44708 0.881243
f 3045/4610/5486 3053/4619/5486 3044/4609/5486

vn -0.556897 0.21312 0.802773
v -1.06031 1.48575 0.289721
vt 0.082443 0.042137
f 3045/4610/5487 3054/4620/5487 3053/4619/5487

vn -0.565431 0.270018 0.779345
f 3046/4611/5488 3054/4620/5488 3045/4610/5488

v -1.06088 1.49061 0.273897
vt 0.084896 0.041798
vn -0.70333 0.672087 0.231574
f 3055/4621/5489 3054/4620/5489 3046/4611/5489

v -1.08695 1.43059 0.270781
vt 0.084907 0.052457
vn -0.909464 0.387192 0.151518
f 3056/4622/5490 3054/4620/5490 3055/4621/5490

vn -0.690461 0.0868718 0.718134
f 3054/4620/5491 3056/4622/5491 3053/4619/5491

vn -0.140546 -0.44308 0.885396
f 3053/4619/5492 3056/4622/5492 3052/4618/5492

v -1.03891 1.45593 0.27826
vt 0.076004 0.047029
vn 0.362816 -0.818999 0.444528
f 3057/4623/5493 3052/4618/5493 3056/4622/5493

vn 0.231253 -0.880488 0.41384
f 3051/4617/5494 3052/4618/5494 3057/4623/5494

vn 0.346973 -0.894646 -0.281457
vt 0.093798 0.047002
v -1.03972 1.46061 0.2624
vt 0.091748 0.044756
f 3051/4616/5495 3057/4624/5495 3058/4625/5495

vn 0.481779 -0.833568 -0.270283
f 3057/4624/5496 3056/4622/5496 3058/4625/5496

v -1.04655 1.47265 0.254543
vt 0.089641 0.043121
vn 0.150746 -0.478712 -0.864934
f 3059/4626/5497 3058/4625/5497 3056/4622/5497

vn 0.137609 -0.485226 -0.863492
f 3050/4615/5498 3058/4625/5498 3059/4626/5498

vn 0.342065 -0.901346 -0.265644
f 3050/4615/5499 3051/4616/5499 3058/4625/5499

vn 0.137229 -0.482638 -0.865002
f 3049/4614/5500 3050/4615/5500 3059/4626/5500

vn -0.265523 0.177388 -0.947645
v -1.05525 1.48513 0.259316
vt 0.087358 0.042135
f 3049/4614/5501 3059/4626/5501 3060/4627/5501

vn -0.420073 0.0537318 -0.905898
f 3060/4627/5502 3059/4626/5502 3056/4622/5502

vn -0.808794 0.374854 -0.453142
f 3060/4627/5503 3056/4622/5503 3055/4621/5503

vn -0.585993 0.657711 -0.473316
f 3048/4613/5504 3060/4627/5504 3055/4621/5504

vn -0.280819 0.235152 -0.930507
f 3048/4613/5505 3049/4614/5505 3060/4627/5505

vn -0.588454 0.676028 -0.443517
f 3048/4613/5506 3055/4621/5506 3047/4612/5506

vn -0.695885 0.689195 0.201876
f 3055/4621/5507 3046/4611/5507 3047/4612/5507

vn -0.923992 -0.325873 -0.200115
vt 0.013153 0.776298
f 2972/4599/5508 2958/4600/5508 2960/4628/5508

vt 0.075995 0.068614
vn -0.324105 -0.853067 0.408941
f 2976/4629/5509 2972/4508/5509 2973/4509/5509

vn 0.240061 -0.79924 -0.550987
v -0.611505 1.50076 0.175112
vt 0.069918 0.760754
f 2891/4400/5510 2985/4525/5510 3061/4630/5510

vn 0.320986 -0.779957 -0.537248
f 3061/4630/5511 2985/4525/5511 2981/4521/5511

vn 0.259965 -0.828643 -0.495752
f 2985/4525/5512 2982/4522/5512 2981/4521/5512

vt 0.056654 0.761972
vn 0.225209 -0.256059 -0.940061
vt 0.057969 0.749343
vt 0.0715622 0.74892
vt 0.0698642 0.76082
f 2981/4631/5513 2887/4632/5513 2888/4633/5513 3061/4634/5513 

vt 0.058021 0.749279
vn 0.191117 -0.259006 -0.946779
v -0.757116 1.53624 0.133153
vt 0.045802 0.750124
f 2887/4635/5514 2981/4521/5514 3062/4636/5514

vn 0.113286 -0.346698 -0.931111
f 3062/4636/5515 2981/4521/5515 2979/4519/5515

vn 0.0741439 -0.348366 -0.934422
v -0.800852 1.52638 0.133359
vt 0.037834 0.751497
f 3062/4636/5516 2979/4519/5516 3063/4637/5516

vn -0.102219 -0.466649 -0.878516
f 3063/4637/5517 2979/4519/5517 2977/4515/5517

vn -0.1509 -0.459776 -0.87512
v -0.81922 1.522 0.138829
vt 0.034289 0.752482
f 3063/4637/5518 2977/4515/5518 3064/4638/5518

vn -0.294914 -0.483237 -0.824323
f 3064/4638/5519 2977/4515/5519 2975/4517/5519

vt 0.025551 0.076293
vn 0.371006 -0.50508 -0.779262
f 3064/4639/5520 2975/4513/5520 2974/4510/5520

vn 0.414104 -0.550152 -0.725156
v -0.862176 1.51366 0.120626
vt 0.029345 0.067964
f 3064/4639/5521 2974/4510/5521 3065/4640/5521

vn 0.393434 -0.554646 -0.733197
v -0.92165 1.47549 0.117587
vt 0.029808 0.054614
f 3065/4640/5522 2974/4510/5522 3066/4641/5522

vn 0.185667 -0.975525 -0.117806
f 2974/4510/5523 2970/4512/5523 3066/4641/5523

vn 0.316635 -0.947079 -0.0527671
v -0.981708 1.45644 0.0990103
vt 0.03672 0.044897
f 3066/4641/5524 2970/4512/5524 3067/4642/5524

vn 0.327896 -0.94242 -0.065792
vt 0.034746 0.042601
f 2970/4512/5525 2969/4643/5525 3067/4642/5525

vn 0.454022 -0.890964 -0.00685451
f 3067/4642/5526 2969/4643/5526 2967/4503/5526

v -0.98366 1.46811 0.0883544
vt 0.038783 0.046569
vn 0.416191 -0.574212 -0.705029
f 3068/4644/5527 3067/4642/5527 2967/4503/5527

vn 0.402887 -0.579521 -0.708405
f 3066/4641/5528 3067/4642/5528 3068/4644/5528

v -0.921682 1.49716 0.0999544
vt 0.034046 0.057008
vn 0.403393 -0.577105 -0.710087
f 3069/4645/5529 3066/4641/5529 3068/4644/5529

vn 0.406128 -0.576338 -0.70915
f 3065/4640/5530 3066/4641/5530 3069/4645/5530

v -0.876115 1.54831 0.124712
vt 0.035895 0.070002
vn 0.265888 0.217668 -0.939108
f 3070/4646/5531 3065/4640/5531 3069/4645/5531

v -0.835229 1.56367 0.142655
vt 0.034025 0.078699
vn 0.315184 0.235177 -0.91943
f 3071/4647/5532 3065/4640/5532 3070/4646/5532

vn 0.34501 0.21641 -0.91331
f 3071/4647/5533 3064/4639/5533 3065/4640/5533

vt 0.314215 0.674087
vn -0.28101 -0.019857 -0.9595
vt 0.309822 0.665865
vt 0.313367 0.666026
f 3071/4648/5534 3063/4649/5534 3064/4650/5534

v -0.81547 1.58501 0.142414
vt 0.309824 0.676394
vn -0.138692 0.117304 -0.983364
f 3072/4651/5535 3063/4649/5535 3071/4648/5535

vn -0.0370197 0.143518 -0.988955
vt 0.301854 0.665822
f 3072/4651/5536 3062/4652/5536 3063/4649/5536

vn -0.0125286 0.172073 -0.985005
f 2886/4391/5537 3062/4652/5537 3072/4651/5537

vn 0.104338 0.182598 -0.977636
f 2886/4391/5538 2887/4392/5538 3062/4652/5538

vn -0.375702 0.75761 -0.533737
v -0.840475 1.63469 0.230531
vt 0.31194 0.693428
f 2886/4391/5539 3072/4651/5539 3073/4653/5539

vn -0.360328 0.765128 -0.533613
v -0.859881 1.58547 0.17307
vt 0.317413 0.681556
f 3072/4651/5540 3074/4654/5540 3073/4653/5540

vn -0.502154 0.456624 -0.734395
f 3074/4654/5541 3072/4651/5541 3071/4648/5541

vn -0.0358588 0.798185 -0.601345
vt 0.042791 0.079737
f 3071/4647/5542 3070/4646/5542 3074/4655/5542

vn -0.0678214 0.80196 -0.593516
v -0.897965 1.56683 0.152228
vt 0.042917 0.071067
f 3074/4655/5543 3070/4646/5543 3075/4656/5543

vn -0.113483 0.78021 -0.615137
v -0.933867 1.52244 0.102548
vt 0.038409 0.058283
f 3070/4646/5544 3076/4657/5544 3075/4656/5544

vn 0.260984 0.22219 -0.939425
f 3070/4646/5545 3069/4645/5545 3076/4657/5545

vn 0.123421 0.159979 -0.979374
v -0.9921 1.48164 0.0885444
vt 0.041021 0.047625
f 3076/4657/5546 3069/4645/5546 3077/4658/5546

vn 0.137681 0.0997574 -0.98544
f 3069/4645/5547 3068/4644/5547 3077/4658/5547

vn -0.0335865 -0.00691252 -0.999412
f 3077/4658/5548 3068/4644/5548 2967/4503/5548

v -1.00224 1.48898 0.0993896
vt 0.043467 0.048025
vn -0.528026 0.387198 -0.755821
f 3078/4659/5549 3077/4658/5549 2967/4503/5549

vn -0.284929 0.648824 -0.70558
f 3076/4657/5550 3077/4658/5550 3078/4659/5550

v -0.951362 1.53619 0.123715
vt 0.043215 0.058443
vn -0.296546 0.670185 -0.680377
f 3079/4660/5551 3076/4657/5551 3078/4659/5551

vn -0.123289 0.782604 -0.610189
f 3075/4656/5552 3076/4657/5552 3079/4660/5552

vn -0.484895 0.874014 -0.0312372
v -0.964134 1.53007 0.150967
vt 0.048005 0.058486
f 3075/4656/5553 3079/4660/5553 3080/4661/5553

vn -0.640199 0.757088 -0.130245
f 3079/4660/5554 3078/4659/5554 3080/4661/5554

vn -0.660235 0.743713 -0.104784
f 3080/4661/5555 3078/4659/5555 2966/4502/5555

vn -0.850044 0.468611 -0.240478
f 2967/4503/5556 2966/4502/5556 3078/4659/5556

vn -0.78694 0.390067 0.478094
f 2966/4502/5557 2963/4499/5557 3080/4661/5557

vn -0.681258 0.460326 0.569199
f 3080/4661/5558 2963/4499/5558 2962/4498/5558

vn -0.485199 0.874175 -0.0199956
f 3075/4656/5559 3080/4661/5559 2962/4498/5559

vn -0.442609 0.89669 0.00656117
f 3074/4655/5560 3075/4656/5560 2962/4498/5560

vn -0.43571 0.899247 0.0388867
f 3074/4655/5561 2962/4498/5561 2959/4495/5561

vn -0.884027 0.325607 -0.335374
v -0.878376 1.60496 0.240743
vt 0.320034 0.693921
f 3074/4654/5562 2959/4491/5562 3081/4662/5562

vn -0.850695 0.365274 -0.378012
f 2959/4491/5563 2956/4493/5563 3081/4662/5563

vn -0.850755 0.486801 -0.198096
v -0.88667 1.61537 0.301933
vt 0.32126 0.704672
f 3081/4662/5564 2956/4493/5564 3082/4663/5564

vn -0.495526 0.731005 -0.469133
vt 0.326339 0.703476
f 3082/4663/5565 2956/4493/5565 2953/4664/5565

vn -0.646503 0.722601 0.244708
f 3082/4663/5566 2953/4664/5566 2949/4479/5566

vn -0.830861 0.556081 -0.0210896
f 3082/4663/5567 2949/4479/5567 2948/4477/5567

vn -0.665992 0.745958 0.000298913
f 2882/4386/5568 3082/4663/5568 2948/4477/5568

vn -0.575067 0.80335 -0.154682
f 3073/4653/5569 3082/4663/5569 2882/4386/5569

vn -0.637845 0.74031 -0.212354
f 3073/4653/5570 3081/4662/5570 3082/4663/5570

vn -0.633107 0.680463 -0.368979
f 3073/4653/5571 3074/4654/5571 3081/4662/5571

vn -0.416759 0.896018 -0.153177
f 2884/4389/5572 3073/4653/5572 2882/4386/5572

vn -0.352821 0.778841 -0.518579
f 2886/4391/5573 3073/4653/5573 2884/4389/5573

vn -0.422008 0.892817 -0.157439
f 2884/4389/5574 2882/4386/5574 2883/4387/5574

vn -0.551787 0.814196 0.180597
f 2879/4383/5575 2882/4386/5575 2948/4477/5575

vn -0.506114 0.853019 0.127305
f 2879/4383/5576 2948/4477/5576 2942/4469/5576

vn -0.71703 0.680507 0.150925
f 2948/4477/5577 2943/4470/5577 2942/4469/5577

vn -0.375019 0.684452 0.625209
f 2879/4383/5578 2942/4469/5578 2878/4382/5578

vt 0.071807 0.748459
vn 0.218346 -0.256956 -0.941434
f 2888/4665/5579 2890/4401/5579 3061/4630/5579

vn 0.26083 -0.783583 -0.563884
f 2891/4400/5580 3061/4630/5580 2890/4401/5580

vn -0.525306 -0.345071 0.777804
f 2964/4500/5581 2965/4501/5581 2968/4504/5581

vn -0.656574 0.252256 0.710829
f 2876/4380/5582 2919/4436/5582 2875/4379/5582

vn 0.0158871 0.841952 -0.539318
f 2841/4339/5583 2885/4390/5583 2838/4388/5583

vn 0.0342577 0.852157 -0.522164
f 2837/4337/5584 2841/4339/5584 2838/4388/5584

vn -0.208852 0.830641 0.516155
f 2834/4329/5585 2881/4385/5585 2833/4328/5585

vn -0.21733 0.82488 0.521863
f 2833/4328/5586 2881/4385/5586 2880/4384/5586

vn -0.204419 0.528303 0.824081
f 2833/4328/5587 2880/4384/5587 2872/4375/5587

vn -0.187934 0.544608 0.817363
f 2880/4384/5588 2874/4378/5588 2872/4375/5588

vn -0.289849 0.547567 0.784957
f 2880/4384/5589 2877/4381/5589 2874/4378/5589

vn 0.24561 0.428645 0.869447
f 2833/4328/5590 2872/4375/5590 2832/4327/5590

v -0.0593552 1.62541 0.254266
vt 0.171508 0.691725
vn 0.131536 0.293169 -0.946969
vt 0.171026 0.683122
f 3083/4666/5591 2813/4295/5591 2856/4667/5591

vn 0.124056 0.282841 -0.95111
f 3083/4666/5592 2812/4294/5592 2813/4295/5592

vn 0.0944604 0.753594 -0.650518
v -0.0553438 1.65544 0.289638
vt 0.171001 0.701028
f 2812/4294/5593 3083/4666/5593 3084/4668/5593

vn 0.0838607 0.754916 -0.650438
f 3084/4668/5594 3083/4666/5594 2802/4284/5594

vn 0.0969436 0.761264 -0.641155
f 3083/4666/5595 2801/4283/5595 2802/4284/5595

vn 0.128756 0.293369 -0.947289
f 2801/4283/5596 3083/4666/5596 2856/4667/5596

vn 0.134815 0.297927 -0.945021
f 2801/4283/5597 2856/4667/5597 2800/4282/5597

vn 0.0622292 0.971864 -0.227176
f 3084/4668/5598 2802/4284/5598 2803/4285/5598

vt 0.180106 0.711457
vn 0.0588637 0.971451 -0.229821
v -0.04996 1.66634 0.337113
vt 0.169871 0.711313
vt 0.159566 0.702182
vt 0.170921 0.701521
f 2803/4669/5599 3085/4670/5599 2810/4671/5599 3084/4672/5599 

vn 0.0599657 0.973723 0.219701
vt 0.169977 0.710823
f 2805/4287/5600 3085/4673/5600 2803/4285/5600

vn 0.0537127 0.973917 0.220455
f 2807/4289/5601 3085/4673/5601 2805/4287/5601

vn 0.0530412 0.970363 -0.235759
f 2807/4289/5602 2810/4292/5602 3085/4673/5602

vn 0.0717479 0.97585 0.206324
f 2805/4287/5603 2803/4285/5603 2804/4286/5603

vn 0.0787621 0.740938 -0.666939
f 2810/4292/5604 2812/4294/5604 3084/4668/5604

vn -0.039258 -0.732217 0.679939
f 2762/4241/5605 2763/4242/5605 2820/4307/5605

vn -0.0424381 -0.727805 0.68447
v 0.269383 1.50874 0.381078
vt 0.241651 0.799271
f 2762/4241/5606 2820/4307/5606 3086/4674/5606

vn -0.0498713 -0.96924 0.241011
f 3086/4674/5607 2820/4307/5607 2819/4306/5607

vn -0.0513141 -0.96851 0.243629
v 0.269383 1.49764 0.336933
vt 0.241808 0.790479
f 3086/4674/5608 2819/4306/5608 3087/4675/5608

vn -0.0515595 -0.969545 -0.239425
v 0.269383 1.50874 0.291964
vt 0.241795 0.781434
f 3087/4675/5609 2819/4306/5609 3088/4676/5609

vn -0.0500313 -0.970293 -0.236703
f 3088/4676/5610 2819/4306/5610 2817/4304/5610

vn -0.0431466 -0.735028 -0.676662
f 3088/4676/5611 2817/4304/5611 1671/2506/5611

vn -0.0397069 -0.739686 -0.67178
f 1671/2506/5612 2817/4304/5612 1670/2505/5612

v 0.327604 1.50412 0.290325
vt 0.253063 0.781389
vn -0.0772153 -0.733517 -0.675271
f 3089/4677/5613 3088/4676/5613 1671/2506/5613

vt 0.241928 0.78176
vn -0.0830882 -0.967585 -0.238485
vt 0.253195 0.781684
vt 0.258805 0.790855
v 0.325371 1.49296 0.336448
vt 0.25275 0.790776
vt 0.241915 0.790634
f 3088/4678/5614 3089/4679/5614 1678/4680/5614 3090/4681/5614 3087/4682/5614 

vn -0.0864368 -0.967889 -0.23605
f 1676/2516/5615 1678/2518/5615 3089/4677/5615

vn -0.079996 -0.734376 -0.674013
f 1676/2516/5616 3089/4677/5616 1672/2507/5616

vn -0.0785685 -0.734589 -0.673948
f 1672/2507/5617 3089/4677/5617 1671/2506/5617

vn -0.0935533 -0.738685 -0.667527
f 1674/2512/5618 1676/2516/5618 1672/2507/5618

vn -0.0727755 -0.277607 -0.957934
f 1673/2508/5619 1674/2512/5619 1672/2507/5619

vn -0.0787202 -0.967139 0.241756
v 0.327604 1.50412 0.381833
vt 0.25275 0.799296
vt 0.252593 0.790479
f 1678/2518/5620 3091/4683/5620 3090/4684/5620

v 0.360163 1.50145 0.382267
vt 0.258868 0.799354
vn -0.0827392 -0.967418 0.239282
f 3092/4685/5621 3091/4683/5621 1678/2518/5621

vt 0.241386 0.807779
vn -0.0685921 -0.728363 0.68175
vt 0.25276 0.799337
vt 0.258886 0.799234
vt 0.253478 0.807849
f 2762/4686/5622 3091/4687/5622 3092/4688/5622 2761/4689/5622 

vn -0.0665341 -0.726847 0.683569
f 3091/4683/5623 2762/4241/5623 3086/4674/5623

vn -0.0798695 -0.967037 0.241787
f 3091/4683/5624 3086/4674/5624 3090/4684/5624

vn -0.0786757 -0.966782 0.243194
f 3090/4684/5625 3086/4674/5625 3087/4675/5625

vn -0.0765726 -0.730889 0.678188
f 2760/4237/5626 2761/4239/5626 3092/4685/5626

vn -0.0575146 -0.734571 0.67609
f 1806/4235/5627 2760/4237/5627 3092/4685/5627

vn -0.0863132 -0.687459 0.721076
f 1806/4235/5628 3092/4685/5628 1679/2519/5628

vn -0.12701 -0.962087 0.241365
f 1679/2519/5629 3092/4685/5629 1678/2518/5629

vn 0.000696768 0.741784 -0.670639
f 1666/2497/5630 2811/4293/5630 1665/2496/5630

vn -0.000472995 0.743524 -0.668709
f 1665/2496/5631 2811/4293/5631 2809/4291/5631

vn 0.00350996 0.971715 -0.236132
f 1665/2496/5632 2809/4291/5632 1664/2495/5632

vn 0.00291598 0.97201 -0.234921
f 1664/2495/5633 2809/4291/5633 2808/4290/5633

vn 0.00309605 0.971381 0.237506
v 0.0923392 1.65207 0.379957
vt 0.141358 0.719607
f 1664/2495/5634 2808/4290/5634 3093/4690/5634

vn 0.0123262 0.971312 0.237489
f 2808/4290/5635 2806/4288/5635 3093/4690/5635

vn 0.0149106 0.746613 0.665091
f 3093/4690/5636 2806/4288/5636 2769/4249/5636

vn 0.0911255 0.745729 0.659988
f 2769/4249/5637 2806/4288/5637 2770/4252/5637

v 0.092342 1.62337 0.411402
vt 0.141135 0.728044
vn 0.0210361 0.738471 0.673957
f 3094/4691/5638 3093/4690/5638 2769/4249/5638

vn 0.00260818 0.738631 0.674104
f 1663/2494/5639 3093/4690/5639 3094/4691/5639

vn 0.00459852 0.970615 0.240595
f 1664/2495/5640 3093/4690/5640 1663/2494/5640

vn 0.00551922 0.734246 0.678861
vt 0.122754 0.727765
f 1663/2494/5641 3094/4691/5641 1659/4692/5641

vn -0.000632046 0.281759 0.959485
vt 0.14082 0.736097
f 3094/4691/5642 2765/4693/5642 1659/4692/5642

vn 0.024586 0.281674 0.959195
f 3094/4691/5643 2767/4251/5643 2765/4693/5643

vn 0.0214476 0.287965 0.957401
f 2769/4249/5644 2767/4251/5644 3094/4691/5644

vn 0.000395411 0.279436 0.960164
vt 0.122499 0.735814
f 1659/4692/5645 2765/4693/5645 1660/4694/5645

vn -0.00296536 0.734254 0.678869
f 1661/2493/5646 1663/2494/5646 1659/4692/5646

vn -0.629498 -0.441504 0.639379
vt 0.469149 0.732366
f 1796/2660/5647 1779/2640/5647 1781/4695/5647

vn -0.637925 -0.380168 0.669719
f 1779/2640/5648 1780/2641/5648 1781/4695/5648

vn -0.469023 -0.452468 0.758479
v 0.58416 1.34217 0.423961
vt 0.472826 0.74103
f 1796/2660/5649 1781/4695/5649 3095/4696/5649

vn -0.888149 -0.143948 0.436429
vt 0.475279 0.529015
f 1781/2643/5650 1782/2644/5650 3095/4697/5650

vn -0.808007 -0.058826 0.586229
v 0.622015 1.32423 0.474337
vt 0.487795 0.529397
f 3095/4697/5651 1782/2644/5651 3096/4698/5651

vn -0.22563 -0.301562 0.926365
f 3096/4698/5652 1782/2644/5652 1783/2645/5652

vn -0.268611 -0.341579 0.900651
f 3096/4698/5653 1783/2645/5653 1786/2648/5653

vn -0.251492 -0.118161 0.960619
f 1790/2652/5654 3096/4698/5654 1786/2648/5654

vn -0.547681 0.0882391 0.832021
f 1793/2655/5655 3096/4698/5655 1790/2652/5655

vn -0.81263 -0.1051 0.573224
f 3095/4697/5656 3096/4698/5656 1793/2655/5656

vn -0.470176 -0.432465 0.769356
f 1793/2657/5657 1796/2660/5657 3095/4696/5657

vn -0.272411 -0.137324 0.952331
f 1790/2652/5658 1786/2648/5658 1788/2650/5658

vn -0.571305 0.781384 0.251095
v 0.19581 0.995813 -0.0288539
vt 0.081948 0.620932
f 1690/2533/5659 3097/4699/5659 1722/2568/5659

vn -0.561235 0.797082 0.222881
f 1690/2533/5660 1691/2534/5660 3097/4699/5660

vt 0.081884 0.620998
vn -0.668807 0.706577 -0.231185
vt 0.0787075 0.636902
vt 0.0607112 0.633226
v 0.197649 0.959604 -0.144698
vt 0.0630878 0.618645
f 3097/4700/5661 1691/4701/5661 1692/4702/5661 3098/4703/5661 

v 0.233712 0.893132 -0.241369
vt 0.043863 0.615258
vn -0.630374 0.509631 -0.58558
vt 0.063153 0.618565
f 3099/4704/5662 3098/4705/5662 1692/2535/5662

vn -0.727275 0.408046 -0.551878
v 0.170611 0.822135 -0.210708
vt 0.047252 0.599685
f 3099/4704/5663 3100/4706/5663 3098/4705/5663

vn -0.565381 0.152416 -0.810626
v 0.237221 0.755637 -0.269669
vt 0.028523 0.597989
f 3099/4704/5664 3101/4707/5664 3100/4706/5664

vn -0.544736 0.155701 -0.824027
v 0.28951 0.820776 -0.291927
vt 0.026969 0.612022
f 3099/4704/5665 3102/4708/5665 3101/4707/5665

vn -0.535827 0.165335 -0.827982
v 0.33816 0.874437 -0.312696
vt 0.025321 0.623985
f 3099/4704/5666 3103/4709/5666 3102/4708/5666

vn -0.521641 0.225211 -0.822903
f 1693/2536/5667 3103/4709/5667 3099/4704/5667

vn -0.467802 0.265776 -0.842926
f 1693/2536/5668 1694/2537/5668 3103/4709/5668

vn -0.159745 -0.100022 -0.982078
v 0.421309 0.845508 -0.323274
vt 0.011719 0.628343
f 1694/2537/5669 3104/4710/5669 3103/4709/5669

vn -0.511549 -0.186512 -0.838768
f 1694/2537/5670 1695/2538/5670 3104/4710/5670

vt 0.237079 0.632202
vn -0.208017 -0.635684 -0.743394
v 0.451776 0.759722 -0.258444
vt 0.224001 0.619618
vt 0.237079 0.627628
f 1695/4711/5671 3105/4712/5671 3104/4713/5671

vn -0.982586 -0.138118 -0.12429
vt 0.398862 0.59259
f 1695/2539/5672 1696/2540/5672 3105/4714/5672

vn -0.891147 -0.452775 -0.0291824
v 0.500234 0.659455 -0.182511
vt 0.4206 0.585357
f 1696/2540/5673 3106/4715/5673 3105/4714/5673

vn -0.902055 -0.431427 -0.0129792
f 1698/2542/5674 3106/4715/5674 1696/2540/5674

vn -0.593108 -0.801466 0.0766529
f 1701/2545/5675 3106/4715/5675 1698/2542/5675

vn -0.465728 -0.866717 0.178602
f 1701/2545/5676 1704/2548/5676 3106/4715/5676

vn -0.466311 -0.810039 0.355516
f 1704/2548/5677 1707/2551/5677 3106/4715/5677

vn -0.361272 -0.877485 0.31544
f 1707/2551/5678 1713/2557/5678 3106/4715/5678

vn -0.295308 -0.783184 0.547189
f 1709/2553/5679 1713/2557/5679 1707/2551/5679

vn -0.659078 -0.708613 0.251959
v 0.462077 0.717457 -0.119195
vt 0.421887 0.601192
f 3106/4715/5680 1713/2557/5680 3107/4716/5680

vn -0.55039 -0.804518 0.223209
f 1713/2557/5681 1714/2558/5681 3107/4716/5681

vt 0.200257 0.613629
vn 0.382168 -0.8806 0.280162
v 0.44333 0.712932 -0.107844
vt 0.198555 0.609884
f 3107/4717/5682 1714/2562/5682 3108/4718/5682

vn 0.64399 -0.739515 0.195947
v 0.439499 0.741897 0.0140632
vt 0.173026 0.612785
f 1714/2562/5683 3109/4719/5683 3108/4718/5683

vn 0.589785 -0.476015 0.652352
f 1716/2561/5684 3109/4719/5684 1714/2562/5684

vn 0.825312 -0.275163 0.493097
v 0.414745 0.70314 0.0338668
vt 0.170366 0.603293
f 3109/4719/5685 1716/2561/5685 3110/4720/5685

vn 0.826418 -0.274484 0.491622
v 0.373698 0.7703 0.140364
vt 0.146319 0.606942
f 3110/4720/5686 1716/2561/5686 3111/4721/5686

vn 0.660752 0.0451363 0.749246
f 1718/2564/5687 3111/4721/5687 1716/2561/5687

vn 0.586961 0.0268184 0.809171
v 0.307323 0.830535 0.186516
vt 0.129818 0.607273
f 1718/2564/5688 3112/4722/5688 3111/4721/5688

vn 0.208209 0.3084 0.928191
v 0.233753 0.882794 0.185655
vt 0.116537 0.606815
f 1718/2564/5689 3113/4723/5689 3112/4722/5689

vn 0.198503 0.345968 0.917007
f 1721/2567/5690 3113/4723/5690 1718/2564/5690

vn -0.388573 0.645094 0.657925
v 0.167362 0.913043 0.116785
vt 0.102336 0.606117
f 1721/2567/5691 3114/4724/5691 3113/4723/5691

vn -0.391787 0.681223 0.618416
f 1721/2567/5692 1722/2568/5692 3114/4724/5692

vn -0.639855 0.708589 0.297469
v 0.12387 0.917823 0.0118458
vt 0.086141 0.604612
f 1722/2568/5693 3115/4725/5693 3114/4724/5693

vn -0.634071 0.725096 0.26868
f 1722/2568/5694 3097/4699/5694 3115/4725/5694

v 0.124143 0.885079 -0.107779
vt 0.067778 0.602231
vn -0.767083 0.618337 -0.171006
f 3116/4726/5695 3115/4725/5695 3097/4699/5695

vn -0.838119 0.525642 -0.145795
v 0.0717184 0.811439 -0.0719085
vt 0.072312 0.588068
f 3116/4726/5696 3117/4727/5696 3115/4725/5696

v 0.119339 0.757723 -0.180303
vt 0.050903 0.585545
vn -0.798588 0.320304 -0.50957
f 3118/4728/5697 3117/4727/5697 3116/4726/5697

vn -0.85692 0.199442 -0.475302
v 0.0803453 0.683977 -0.140946
vt 0.055436 0.569201
f 3118/4728/5698 3119/4729/5698 3117/4727/5698

vn -0.665798 -0.0454101 -0.744749
v 0.163498 0.635066 -0.212302
vt 0.030279 0.570508
f 3118/4728/5699 3120/4730/5699 3119/4729/5699

vn -0.657157 -0.0402304 -0.752679
v 0.196873 0.695738 -0.244684
vt 0.029503 0.584978
f 3118/4728/5700 3121/4731/5700 3120/4730/5700

vn -0.591288 0.0924949 -0.801139
f 3100/4706/5701 3121/4731/5701 3118/4728/5701

vn -0.611987 0.0842243 -0.78637
f 3100/4706/5702 3101/4707/5702 3121/4731/5702

vn -0.241439 -0.230559 -0.942629
v 0.315015 0.697546 -0.275386
vt 0.011719 0.59705
f 3101/4707/5703 3122/4732/5703 3121/4731/5703

v 0.354796 0.758651 -0.293386
vt 0.011719 0.609358
vn -0.191203 -0.160758 -0.968297
f 3123/4733/5704 3122/4732/5704 3101/4707/5704

vt 0.237079 0.609217
vn 0.462352 -0.513869 -0.722613
v 0.410533 0.721265 -0.231137
vt 0.221859 0.608911
vt 0.237079 0.597143
f 3123/4734/5705 3124/4735/5705 3122/4736/5705

vn 0.334619 -0.64502 -0.687008
v 0.422238 0.75429 -0.256443
vt 0.225752 0.615054
f 3123/4734/5706 3125/4737/5706 3124/4735/5706

v 0.38617 0.802419 -0.3071
vt 0.237079 0.618239
vn 0.385595 -0.516068 -0.764847
f 3126/4738/5707 3125/4737/5707 3123/4734/5707

vn 0.145918 -0.66325 -0.734035
v 0.43822 0.757623 -0.256278
vt 0.224672 0.617537
f 3126/4738/5708 3127/4739/5708 3125/4737/5708

vn 0.301512 -0.54067 -0.785344
f 3104/4713/5709 3127/4739/5709 3126/4738/5709

vn -0.0321025 -0.609843 -0.791872
f 3104/4713/5710 3105/4712/5710 3127/4739/5710

vn 0.099848 -0.950035 -0.295744
f 3107/4717/5711 3127/4739/5711 3105/4712/5711

vn 0.0552812 -0.955549 -0.289604
f 3107/4717/5712 3108/4718/5712 3127/4739/5712

vn 0.198335 -0.936612 -0.288827
f 3108/4718/5713 3125/4737/5713 3127/4739/5713

vn 0.833297 -0.490594 -0.254821
f 3125/4737/5714 3108/4718/5714 3124/4735/5714

vn 0.77645 -0.580282 -0.245761
v 0.378929 0.667518 -0.204082
vt 0.218938 0.597387
f 3124/4735/5715 3108/4718/5715 3128/4740/5715

v 0.413862 0.669769 -0.0862002
vt 0.194973 0.599267
vn 0.754657 -0.620996 -0.211792
v 0.341808 0.613656 -0.178491
vt 0.216873 0.584178
vt 0.218929 0.597336
vt 0.196848 0.609803
f 3129/4741/5716 3130/4742/5716 3128/4743/5716 3108/4744/5716 

vt 0.216884 0.584228
vn 0.753591 -0.623054 -0.209531
vt 0.194982 0.599313
v 0.376023 0.614902 -0.0591376
vt 0.190502 0.585498
f 3130/4745/5717 3129/4746/5717 3131/4747/5717

vn 0.845761 -0.515649 0.137096
f 3129/4746/5718 3110/4720/5718 3131/4747/5718

vn 0.864297 -0.486216 0.128779
f 3129/4746/5719 3109/4719/5719 3110/4720/5719

vn 0.849688 -0.506376 0.147017
f 3108/4718/5720 3109/4719/5720 3129/4746/5720

vn 0.84526 -0.516259 0.137884
v 0.373576 0.643536 0.063077
vt 0.165888 0.589321
f 3131/4747/5721 3110/4720/5721 3132/4748/5721

vn 0.805742 -0.308881 0.505344
f 3110/4720/5722 3111/4721/5722 3132/4748/5722

vn 0.836184 -0.286092 0.467919
v 0.334668 0.702224 0.168489
vt 0.144738 0.593454
f 3132/4748/5723 3111/4721/5723 3133/4749/5723

vn 0.55761 0.0231192 0.829781
v 0.267771 0.764183 0.211718
vt 0.130069 0.595406
f 3111/4721/5724 3134/4750/5724 3133/4749/5724

vn 0.559321 -0.0186343 0.828742
f 3112/4722/5725 3134/4750/5725 3111/4721/5725

vn 0.156211 0.267972 0.950678
v 0.190707 0.814237 0.210271
vt 0.117716 0.595351
f 3112/4722/5726 3135/4751/5726 3134/4750/5726

vn 0.161011 0.242426 0.956716
f 3113/4723/5727 3135/4751/5727 3112/4722/5727

vn -0.426833 0.530876 0.732109
v 0.120768 0.84237 0.149095
vt 0.105094 0.594135
f 3113/4723/5728 3136/4752/5728 3135/4751/5728

vn -0.432142 0.594801 0.677838
f 3114/4724/5729 3136/4752/5729 3113/4723/5729

v 0.0751335 0.844287 0.0458888
vt 0.089998 0.591829
vn -0.713395 0.619813 0.326955
f 3137/4753/5730 3136/4752/5730 3114/4724/5730

v 0.0805368 0.769043 0.171105
vt 0.108105 0.58271
vn -0.772404 0.529133 0.351298
vt 0.105108 0.594119
vt 0.090012 0.591812
v 0.0381404 0.770381 0.0758506
vt 0.0941718 0.580512
f 3138/4754/5731 3136/4755/5731 3137/4756/5731 3139/4757/5731 

vn -0.461673 0.477655 0.747465
vt 0.107325 0.583396
f 3136/4752/5732 3138/4758/5732 3135/4751/5732

vn -0.457214 0.449516 0.767392
v 0.150404 0.740849 0.229247
vt 0.118758 0.584663
f 3135/4751/5733 3138/4758/5733 3140/4759/5733

vn -0.486574 0.398024 0.777703
v 0.052973 0.708979 0.1846
vt 0.109298 0.575599
f 3138/4758/5734 3141/4760/5734 3140/4759/5734

v 0.0157561 0.706151 0.100701
vt 0.098636 0.571846
vn -0.819818 0.454486 0.348341
f 3142/4761/5735 3141/4760/5735 3138/4758/5735

vn -0.871859 0.313615 0.376176
v 0.010556 0.66496 0.122989
vt 0.102781 0.567356
f 3142/4761/5736 3143/4762/5736 3141/4760/5736

v 0.00348539 0.630096 0.0889902
vt 0.100107 0.561214
vn -0.987185 0.151598 0.0498419
f 3144/4763/5737 3143/4762/5737 3142/4761/5737

vn -0.961832 -0.0643078 0.265978
v 0.0250147 0.593723 0.15805
vt 0.111119 0.561334
f 3144/4763/5738 3145/4764/5738 3143/4762/5738

vn -0.954191 -0.24855 0.166558
v 0.0292575 0.546768 0.112288
vt 0.110368 0.552178
f 3144/4763/5739 3146/4765/5739 3145/4764/5739

v 0.00843153 0.582032 0.0642933
vt 0.100018 0.552808
vn -0.943389 -0.223171 0.245383
f 3147/4766/5740 3146/4765/5740 3144/4763/5740

v 0.0419232 0.51883 0.0578589
vt 0.10762 0.540782
vn -0.88147 -0.470824 0.0365468
f 3148/4767/5741 3146/4765/5741 3147/4766/5741

v 0.0801578 0.492214 0.0861218
vt 0.119861 0.540898
vn -0.660229 -0.719441 0.215642
f 3149/4768/5742 3146/4765/5742 3148/4767/5742

vn -0.649715 -0.721304 0.23998
v 0.0725035 0.517738 0.142117
vt 0.119795 0.552176
f 3149/4768/5743 3150/4769/5743 3146/4765/5743

v 0.126888 0.495298 0.156405
vt 0.129142 0.553137
vn -0.432375 -0.84132 0.324396
f 3151/4770/5744 3150/4769/5744 3149/4768/5744

v 0.13894 0.534015 0.203172
vt 0.128389 0.561613
vn -0.430844 -0.637453 0.63877
f 3152/4771/5745 3150/4769/5745 3151/4770/5745

vn -0.371801 -0.712869 0.594627
v 0.0755983 0.562278 0.197449
vt 0.119836 0.561773
f 3152/4771/5746 3153/4772/5746 3150/4769/5746

v 0.162781 0.585421 0.228285
vt 0.128494 0.569081
vn -0.232992 -0.337501 0.912035
f 3154/4773/5747 3153/4772/5747 3152/4771/5747

v 0.0930948 0.620027 0.227097
vt 0.119606 0.569457
vn -0.211377 -0.394964 0.894049
f 3155/4774/5748 3153/4772/5748 3154/4773/5748

v 0.0330253 0.650832 0.17842
vt 0.11019 0.568577
vn -0.671107 -0.167452 0.722201
f 3156/4775/5749 3153/4772/5749 3155/4774/5749

vn -0.667897 -0.165157 0.725698
f 3156/4775/5750 3145/4764/5750 3153/4772/5750

vn -0.927075 -0.00366514 0.374857
f 3143/4762/5751 3145/4764/5751 3156/4775/5751

vn -0.871875 0.254646 0.418318
f 3143/4762/5752 3156/4775/5752 3141/4760/5752

vn -0.588419 0.116836 0.800071
f 3141/4760/5753 3156/4775/5753 3155/4774/5753

vn -0.571937 0.129053 0.810082
v 0.118914 0.678238 0.236053
vt 0.11936 0.576559
f 3141/4760/5754 3155/4774/5754 3157/4776/5754

vn -0.092011 -0.111424 0.989504
v 0.188548 0.634995 0.237659
vt 0.128719 0.575742
f 3157/4776/5755 3155/4774/5755 3158/4777/5755

vn -0.0869597 -0.141266 0.986145
f 3158/4777/5756 3155/4774/5756 3154/4773/5756

vn 0.204363 -0.283387 0.936978
v 0.206599 0.557915 0.210409
vt 0.134985 0.567736
f 3158/4777/5757 3154/4773/5757 3159/4778/5757

vn 0.0693008 -0.463661 0.883298
f 3154/4773/5758 3152/4771/5758 3159/4778/5758

vn 0.180062 -0.714473 0.676096
v 0.204072 0.523216 0.174413
vt 0.138094 0.561724
f 3159/4778/5759 3152/4771/5759 3160/4779/5759

vn 0.1399 -0.780119 0.609789
f 3160/4779/5760 3152/4771/5760 3151/4770/5760

vn 0.0939222 -0.709907 0.698005
v 0.183089 0.487304 0.140713
vt 0.138516 0.553406
f 3160/4779/5761 3151/4770/5761 3161/4780/5761

vn -0.0403605 -0.94136 0.33498
v 0.130804 0.472691 0.093348
vt 0.132033 0.541288
f 3161/4780/5762 3151/4770/5762 3162/4781/5762

vn -0.379973 -0.877977 0.291163
f 3162/4781/5763 3151/4770/5763 3149/4768/5763

vn -0.379998 -0.85676 0.348659
v 0.0868068 0.466684 0.0306353
vt 0.119686 0.524408
f 3162/4781/5764 3149/4768/5764 3163/4782/5764

vn -0.668794 -0.702575 0.243112
f 3163/4782/5765 3149/4768/5765 3148/4767/5765

v 0.0528084 0.495386 0.00151897
vt 0.100784 0.525774
vn -0.709454 -0.688709 0.149515
f 3164/4783/5766 3163/4782/5766 3148/4767/5766

v 0.0706092 0.394144 -0.0292131
vt 0.074129 0.375179
vn -0.755425 -0.308324 0.57816
vt 0.074077 0.393068
vt 0.064432 0.392728
f 3165/4784/5767 3163/4785/5767 3164/4786/5767

vn -0.218382 -0.591565 0.776118
v 0.137486 0.450727 0.032732
vt 0.083761 0.392829
f 3163/4785/5768 3165/4784/5768 3166/4787/5768

vn -0.247008 -0.56775 0.785269
v 0.117535 0.376933 -0.026896
vt 0.083795 0.374701
f 3166/4787/5769 3165/4784/5769 3167/4788/5769

vn -0.228764 -0.512285 0.827787
v 0.0541569 0.333573 -0.0712452
vt 0.074152 0.360492
f 3165/4784/5770 3168/4789/5770 3167/4788/5770

vn -0.718922 -0.253773 0.647109
v 0.0371165 0.419347 -0.0565392
vt 0.064477 0.374675
f 3168/4789/5771 3165/4784/5771 3169/4790/5771

vn -0.73057 -0.312716 0.607023
f 3169/4790/5772 3165/4784/5772 3164/4786/5772

vn -0.971268 0.0193243 0.237204
v 0.0423578 0.526939 -0.0438431
vt 0.054386 0.392018
f 3169/4790/5773 3164/4786/5773 3170/4791/5773

vt 0.082104 0.528875
vn -0.881984 -0.457094 -0.114758
v 0.0175783 0.568054 -0.0171617
vt 0.085901 0.543388
f 3170/4792/5774 3164/4783/5774 3171/4793/5774

vn -0.900506 -0.434789 0.00694212
f 3171/4793/5775 3164/4783/5775 3148/4767/5775

vn -0.884249 -0.46662 -0.0192187
f 3171/4793/5776 3148/4767/5776 3147/4766/5776

vn -0.992334 -0.0744301 -0.098659
v 0.00816102 0.659309 0.00871535
vt 0.08644 0.562242
f 3171/4793/5777 3147/4766/5777 3172/4794/5777

vn -0.994899 -0.0611694 -0.0802085
f 3172/4794/5778 3147/4766/5778 3144/4763/5778

vn -0.987244 0.159215 0.000438035
f 3172/4794/5779 3144/4763/5779 3142/4761/5779

vn -0.950315 0.302034 -0.0753393
vt 0.094157 0.580529
f 3172/4794/5780 3142/4761/5780 3139/4795/5780

vn -0.822328 0.430524 0.372056
f 3139/4795/5781 3142/4761/5781 3138/4758/5781

v 0.0355097 0.74278 -0.033671
vt 0.078089 0.575603
vn -0.956307 0.288118 -0.0496401
f 3173/4796/5782 3172/4794/5782 3139/4795/5782

v 0.0373355 0.645505 -0.0699952
vt 0.070651 0.558381
vn -0.924136 0.118312 -0.363284
f 3174/4797/5783 3172/4794/5783 3173/4796/5783

vn -0.937553 0.00188266 -0.347838
f 3174/4797/5784 3171/4793/5784 3172/4794/5784

v 0.0408518 0.59307 -0.0817933
vt 0.067926 0.54643
vn -0.942274 0.0121011 -0.334624
f 3175/4798/5785 3171/4793/5785 3174/4797/5785

vn -0.873073 -0.257494 -0.414054
f 3175/4798/5786 3170/4792/5786 3171/4793/5786

v 0.0564119 0.552057 -0.0898897
vt 0.064057 0.534151
vn -0.878138 -0.253005 -0.406031
f 3176/4799/5787 3170/4792/5787 3175/4798/5787

vt 0.0552109 0.391937
vn -0.94849 0.288078 -0.131826
vt 0.044968 0.391483
v 0.0379562 0.465158 -0.147182
vt 0.0448941 0.372144
v 0.0254932 0.445476 -0.10033
vt 0.0546837 0.373541
f 3170/4800/5788 3176/4801/5788 3177/4802/5788 3178/4803/5788 

vt 0.044767 0.372092
vn -0.706266 0.488086 -0.512796
vt 0.044847 0.391431
v 0.0930808 0.564246 -0.128791
vt 0.035345 0.390746
f 3177/4804/5789 3176/4805/5789 3179/4806/5789

v 0.0846701 0.602566 -0.138349
vt 0.049364 0.551969
vn -0.639291 -0.315245 -0.701375
vt 0.046281 0.540548
f 3180/4807/5790 3179/4808/5790 3176/4799/5790

vn -0.436109 -0.306722 -0.846009
v 0.143979 0.560494 -0.153669
vt 0.028548 0.546608
f 3180/4807/5791 3181/4809/5791 3179/4808/5791

vn -0.529302 -0.495328 -0.688832
v 0.149275 0.594884 -0.182467
vt 0.0304 0.558895
f 3180/4807/5792 3182/4810/5792 3181/4809/5792

vn -0.554905 -0.360321 -0.749833
f 3120/4730/5793 3182/4810/5793 3180/4807/5793

vn -0.262921 -0.51344 -0.816855
v 0.218654 0.566289 -0.186824
vt 0.011719 0.562452
f 3120/4730/5794 3183/4811/5794 3182/4810/5794

vn -0.295973 -0.531386 -0.793744
v 0.241347 0.594693 -0.214302
vt 0.011719 0.572236
f 3120/4730/5795 3184/4812/5795 3183/4811/5795

vn -0.213173 -0.366179 -0.905798
f 3121/4731/5796 3184/4812/5796 3120/4730/5796

vn -0.320248 -0.399262 -0.859087
v 0.276847 0.641241 -0.249169
vt 0.011719 0.584816
f 3121/4731/5797 3185/4813/5797 3184/4812/5797

vn -0.238081 -0.272665 -0.932186
f 3122/4732/5798 3185/4813/5798 3121/4731/5798

vn 0.446441 -0.608233 -0.65631
vt 0.237079 0.585122
f 3122/4736/5799 3128/4740/5799 3185/4814/5799

vn 0.454227 -0.599039 -0.659417
f 3124/4735/5800 3128/4740/5800 3122/4736/5800

vn 0.445531 -0.615798 -0.649842
f 3128/4740/5801 3130/4745/5801 3185/4814/5801

vn 0.350036 -0.717788 -0.601877
vt 0.237079 0.572796
f 3130/4745/5802 3184/4815/5802 3185/4814/5802

vn 0.361648 -0.645449 -0.67276
v 0.303883 0.56729 -0.154394
vt 0.215172 0.570448
f 3130/4745/5803 3186/4816/5803 3184/4815/5803

vn 0.706859 -0.67979 -0.195542
f 3130/4745/5804 3131/4747/5804 3186/4816/5804

vn 0.716953 -0.664473 -0.210842
v 0.332101 0.55797 -0.029071
vt 0.184291 0.569829
f 3186/4816/5805 3131/4747/5805 3187/4817/5805

vn 0.819113 -0.554647 0.146355
f 3131/4747/5806 3132/4748/5806 3187/4817/5806

vn 0.828298 -0.544355 0.132664
v 0.328469 0.582071 0.092495
vt 0.160014 0.575757
f 3187/4817/5807 3132/4748/5807 3188/4818/5807

vn 0.797927 -0.351059 0.489969
f 3132/4748/5808 3133/4749/5808 3188/4818/5808

vn 0.783439 -0.360564 0.506179
v 0.290439 0.637488 0.190831
vt 0.142033 0.581731
f 3188/4818/5809 3133/4749/5809 3189/4819/5809

vn 0.507927 -0.0502421 0.859934
v 0.225917 0.695289 0.232318
vt 0.129527 0.584402
f 3133/4749/5810 3190/4820/5810 3189/4819/5810

vn 0.507953 -0.0514712 0.859845
f 3134/4750/5811 3190/4820/5811 3133/4749/5811

vn 0.0990141 0.229388 0.968286
f 3134/4750/5812 3140/4759/5812 3190/4820/5812

vn 0.107236 0.193278 0.975266
f 3135/4751/5813 3140/4759/5813 3134/4750/5813

vn 0.0190164 0.0985916 0.994946
f 3140/4759/5814 3157/4776/5814 3190/4820/5814

vn -0.480323 0.329916 0.812678
f 3140/4759/5815 3141/4760/5815 3157/4776/5815

vn 0.0229983 0.074051 0.996989
f 3190/4820/5816 3157/4776/5816 3158/4777/5816

vn 0.414528 -0.177866 0.892486
f 3190/4820/5817 3158/4777/5817 3189/4819/5817

vn 0.416356 -0.138803 0.898544
v 0.245555 0.585394 0.203581
vt 0.138593 0.572796
f 3189/4819/5818 3158/4777/5818 3191/4821/5818

vn 0.332027 -0.244332 0.911076
f 3158/4777/5819 3159/4778/5819 3191/4821/5819

vn 0.539603 -0.624756 0.564365
f 3191/4821/5820 3159/4778/5820 3160/4779/5820

v 0.280046 0.534373 0.110162
vt 0.154082 0.565196
vn 0.554766 -0.626793 0.547142
f 3192/4822/5821 3191/4821/5821 3160/4779/5821

vn 0.705082 -0.479664 0.522285
f 3192/4822/5822 3189/4819/5822 3191/4821/5822

vn 0.682043 -0.49202 0.541048
f 3188/4818/5823 3189/4819/5823 3192/4822/5823

v 0.291454 0.516909 0.0235731
vt 0.170897 0.558491
vn 0.724206 -0.651233 0.226764
f 3193/4823/5824 3188/4818/5824 3192/4822/5824

vn 0.788549 -0.598312 0.142174
f 3187/4817/5825 3188/4818/5825 3193/4823/5825

vn 0.675303 -0.735676 -0.0524035
v 0.272173 0.505456 -0.0641021
vt 0.192748 0.549525
f 3187/4817/5826 3193/4823/5826 3194/4824/5826

vn 0.731614 -0.67787 -0.0723381
v 0.255706 0.481199 -0.00334518
vt 0.17328 0.544638
f 3194/4824/5827 3193/4823/5827 3195/4825/5827

vn 0.606475 -0.766484 0.211401
v 0.209141 0.465588 0.0736396
vt 0.150273 0.544773
f 3193/4823/5828 3196/4826/5828 3195/4825/5828

vn 0.612624 -0.755238 0.233039
f 3193/4823/5829 3192/4822/5829 3196/4826/5829

vn 0.500492 -0.747665 0.43647
f 3192/4822/5830 3161/4780/5830 3196/4826/5830

vn 0.500901 -0.729602 0.465595
f 3192/4822/5831 3160/4779/5831 3161/4780/5831

vn -0.00973162 -0.952435 0.304586
f 3196/4826/5832 3161/4780/5832 3162/4781/5832

vn 0.000473569 -0.940162 0.340727
vt 0.138509 0.525168
f 3196/4826/5833 3162/4781/5833 3166/4827/5833

vn -0.298005 -0.907513 0.295996
f 3166/4827/5834 3162/4781/5834 3163/4782/5834

vn 0.0753781 -0.972311 0.2212
v 0.189004 0.449597 0.0102122
vt 0.15767 0.527888
f 3196/4826/5835 3166/4827/5835 3197/4828/5835

vn 0.293237 -0.647583 0.703312
vt 0.093903 0.392169
f 3166/4787/5836 3167/4788/5836 3197/4829/5836

vn 0.272903 -0.636715 0.721192
v 0.164675 0.372071 -0.0490262
vt 0.093768 0.373537
f 3197/4829/5837 3167/4788/5837 3198/4830/5837

vn 0.291429 -0.592568 0.750954
v 0.0991639 0.31342 -0.0698837
vt 0.083635 0.359393
f 3167/4788/5838 3199/4831/5838 3198/4830/5838

vn -0.246173 -0.493425 0.834225
f 3167/4788/5839 3168/4789/5839 3199/4831/5839

vn -0.215819 -0.422522 0.880282
v 0.0397119 0.288633 -0.096357
vt 0.074141 0.350433
f 3168/4789/5840 3200/4832/5840 3199/4831/5840

v 0.0197635 0.355297 -0.0991516
vt 0.064669 0.359396
vn -0.684698 -0.175232 0.707448
f 3201/4833/5841 3200/4832/5841 3168/4789/5841

vn -0.680553 -0.17381 0.711785
v 0.000670052 0.304681 -0.129767
vt 0.064777 0.347733
f 3201/4833/5842 3202/4834/5842 3200/4832/5842

vt 0.0641751 0.359454
vn -0.929544 0.145721 0.338694
v 0.0053274 0.372803 -0.146296
vt 0.0550223 0.356548
v -0.021414 0.30402 -0.1901
vt 0.0554901 0.340348
vt 0.0647702 0.347728
f 3201/4835/5843 3203/4836/5843 3204/4837/5843 3202/4838/5843 

vt 0.055029 0.356553
vn -0.947265 0.0642878 0.313937
vt 0.054557 0.373486
f 3203/4839/5844 3201/4833/5844 3178/4840/5844

vn -0.954318 0.0644462 0.291759
f 3178/4840/5845 3201/4833/5845 3169/4790/5845

vn -0.700997 -0.253548 0.66657
f 3201/4833/5846 3168/4789/5846 3169/4790/5846

vn -0.964056 0.0156651 0.265236
f 3178/4840/5847 3169/4790/5847 3170/4791/5847

vn -0.937425 0.330127 -0.110679
f 3177/4804/5848 3203/4839/5848 3178/4840/5848

v 0.0135026 0.382042 -0.200492
vt 0.045129 0.35277
vn -0.939706 0.331177 -0.0852926
f 3205/4841/5849 3203/4839/5849 3177/4804/5849

vn -0.913974 0.399738 -0.0697234
vt 0.055497 0.340353
f 3205/4841/5850 3204/4842/5850 3203/4839/5850

v -0.02051 0.286771 -0.261148
vt 0.045805 0.330483
vn -0.912746 0.394181 -0.107315
f 3206/4843/5851 3204/4842/5851 3205/4841/5851

vt 0.04475 0.49865
vn -0.675846 0.714218 -0.182001
v -0.0836803 0.249215 -0.17395
vt 0.048758 0.474935
vt 0.058696 0.491235
f 3206/4844/5852 3207/4845/5852 3204/4846/5852

vn -0.83181 0.257763 -0.491579
v -0.0772097 0.217428 -0.201566
vt 0.039467 0.477154
f 3206/4844/5853 3208/4847/5853 3207/4845/5853

v 0.00309829 0.257575 -0.32389
vt 0.032858 0.506326
vn -0.840075 0.296677 -0.454155
f 3209/4848/5854 3208/4847/5854 3206/4844/5854

vn -0.774396 -0.237606 -0.586391
v -0.043543 0.170429 -0.226983
vt 0.026653 0.480487
f 3209/4848/5855 3210/4849/5855 3208/4847/5855

vn -0.717657 -0.309576 -0.623803
v 0.0247391 0.200593 -0.320508
vt 0.022363 0.501873
f 3209/4848/5856 3211/4850/5856 3210/4849/5856

vn -0.597134 -0.271576 -0.75477
v 0.0471378 0.23864 -0.351919
vt 0.023943 0.511193
f 3209/4848/5857 3212/4851/5857 3211/4850/5857

v 0.0865795 0.367049 -0.272816
vt 0.025934 0.346507
vn -0.257756 0.562927 -0.785286
vt 0.0259 0.317601
vt 0.035764 0.321
f 3213/4852/5858 3212/4853/5858 3209/4854/5858

vn 0.16269 0.480799 -0.861606
v 0.135042 0.343119 -0.277018
vt 0.016025 0.344529
f 3213/4852/5859 3214/4855/5859 3212/4853/5859

v 0.16491 0.447988 -0.208003
vt 0.016025 0.368623
vn 0.176401 0.505574 -0.844558
f 3215/4856/5860 3214/4855/5860 3213/4852/5860

vt 0.132413 0.344529
vn 0.744357 0.206031 -0.635203
vt 0.132413 0.368623
v 0.170784 0.322639 -0.241777
vt 0.122511 0.346505
f 3214/4857/5861 3215/4858/5861 3216/4859/5861

vn 0.715602 0.212795 -0.665306
v 0.199212 0.425553 -0.178283
vt 0.122972 0.369779
f 3216/4859/5862 3215/4858/5862 3217/4860/5862

vn 0.7021 0.151902 -0.695688
v 0.195508 0.54192 -0.156613
vt 0.132413 0.389465
f 3215/4858/5863 3218/4861/5863 3217/4860/5863

vt 0.016025 0.389465
vn 0.185071 0.424587 -0.88627
v 0.118466 0.468139 -0.208047
vt 0.025442 0.369759
f 3218/4862/5864 3215/4856/5864 3219/4863/5864

vn 0.209058 0.479948 -0.852024
f 3219/4863/5865 3215/4856/5865 3213/4852/5865

vn -0.280575 0.578982 -0.765544
v 0.0429031 0.380115 -0.246927
vt 0.035402 0.349106
f 3219/4863/5866 3213/4852/5866 3220/4864/5866

vn -0.283384 0.57439 -0.767965
f 3220/4864/5867 3213/4852/5867 3209/4854/5867

vn -0.676656 0.536517 -0.504269
f 3209/4854/5868 3206/4843/5868 3220/4864/5868

vn -0.697992 0.544963 -0.464567
f 3206/4843/5869 3205/4841/5869 3220/4864/5869

vn -0.708513 0.526018 -0.470441
v 0.0718647 0.473498 -0.186129
vt 0.035078 0.370823
f 3220/4864/5870 3205/4841/5870 3221/4865/5870

vn -0.695676 0.521527 -0.494009
f 3205/4841/5871 3177/4804/5871 3221/4865/5871

vn -0.707253 0.488338 -0.511195
f 3221/4865/5872 3177/4804/5872 3179/4806/5872

vn -0.330784 0.558135 -0.760965
vt 0.025563 0.38998
f 3179/4806/5873 3181/4866/5873 3221/4865/5873

vn -0.30495 0.544366 -0.781455
f 3181/4866/5874 3219/4863/5874 3221/4865/5874

vn 0.122665 0.47817 -0.869659
f 3181/4866/5875 3218/4862/5875 3219/4863/5875

vn -0.258433 -0.596515 -0.759857
vt 0.011719 0.550781
f 3182/4810/5876 3218/4867/5876 3181/4809/5876

vn -0.3 -0.617016 -0.727524
f 3182/4810/5877 3183/4811/5877 3218/4867/5877

v 0.265121 0.535316 -0.134773
vt 0.214235 0.556426
vn 0.103482 -0.811427 -0.57522
vt 0.237079 0.543954
vt 0.237079 0.563211
f 3222/4868/5878 3218/4869/5878 3183/4870/5878

vn 0.149248 -0.708333 -0.689919
v 0.229182 0.515558 -0.122262
vt 0.215493 0.542108
f 3222/4868/5879 3223/4871/5879 3218/4869/5879

vn 0.333179 -0.856141 -0.394987
f 3194/4824/5880 3223/4871/5880 3222/4868/5880

vn 0.551437 -0.651672 -0.520807
v 0.240103 0.486706 -0.0745977
vt 0.195518 0.537259
f 3194/4824/5881 3224/4872/5881 3223/4871/5881

vn 0.547669 -0.800507 -0.243408
v 0.225924 0.462656 -0.027406
vt 0.17619 0.531917
f 3194/4824/5882 3225/4873/5882 3224/4872/5882

vn 0.606035 -0.78159 -0.147782
f 3194/4824/5883 3195/4825/5883 3225/4873/5883

vn 0.446018 -0.88548 0.130357
f 3195/4825/5884 3197/4828/5884 3225/4873/5884

vn 0.440711 -0.893581 0.0853642
f 3195/4825/5885 3196/4826/5885 3197/4828/5885

vt 0.0933466 0.391944
vn 0.676679 -0.569041 0.467223
vt 0.0938706 0.373463
v 0.198619 0.380424 -0.0879605
vt 0.10369 0.372064
vt 0.103621 0.391492
f 3197/4874/5886 3198/4875/5886 3226/4876/5886 3225/4877/5886 

v 0.142784 0.300308 -0.0956274
vt 0.093325 0.356541
vn 0.692433 -0.529469 0.490101
vt 0.103587 0.372131
f 3227/4878/5887 3226/4879/5887 3198/4830/5887

v 0.174544 0.297108 -0.141131
vt 0.103266 0.352765
vn 0.680924 -0.523553 0.512088
f 3228/4880/5888 3226/4879/5888 3227/4878/5888

vn 0.93488 -0.338441 0.107035
v 0.211094 0.400068 -0.134808
vt 0.113335 0.370846
f 3228/4880/5889 3229/4881/5889 3226/4879/5889

v 0.185132 0.305102 -0.194499
vt 0.113012 0.349101
vn 0.931263 -0.338813 0.133998
f 3230/4882/5890 3229/4881/5890 3228/4880/5890

vn 0.950923 -0.0705978 -0.301267
f 3230/4882/5891 3217/4860/5891 3229/4881/5891

vn 0.947293 -0.0686023 -0.312938
f 3216/4859/5892 3217/4860/5892 3230/4882/5892

v 0.150343 0.179917 -0.269614
vt 0.112702 0.32099
vn 0.946293 -0.0741503 -0.314693
f 3231/4883/5893 3216/4859/5893 3230/4882/5893

v 0.132582 0.193576 -0.320423
vt 0.122554 0.317602
vn 0.936154 -0.0667488 -0.345196
f 3232/4884/5894 3216/4859/5894 3231/4883/5894

vn 0.740447 0.176087 -0.648639
f 3232/4884/5895 3214/4857/5895 3216/4859/5895

vn 0.690048 0.191254 -0.698037
v 0.0938022 0.211164 -0.35394
vt 0.132413 0.315581
f 3214/4857/5896 3232/4884/5896 3233/4885/5896

vt 0.164771 0.512544
vn 0.447627 -0.466672 -0.762789
vt 0.155754 0.511095
v 0.109701 0.177739 -0.324161
vt 0.158926 0.507574
f 3233/4886/5897 3232/4887/5897 3234/4888/5897

vn 0.579379 -0.798667 -0.162639
v 0.0971062 0.162426 -0.293833
vt 0.157392 0.501841
f 3232/4887/5898 3235/4889/5898 3234/4888/5898

vt 0.147033 0.506226
vn 0.438373 -0.817709 -0.373071
f 3231/4890/5899 3235/4889/5899 3232/4887/5899

vn 0.391689 -0.894653 -0.214885
v 0.0541401 0.11891 -0.190976
vt 0.153141 0.480558
f 3231/4890/5900 3236/4891/5900 3235/4889/5900

vn 0.44938 -0.883036 -0.135295
v 0.0898992 0.129293 -0.139968
vt 0.140447 0.47734
f 3231/4890/5901 3237/4892/5901 3236/4891/5901

vn 0.806212 -0.571585 0.152685
v 0.149194 0.197268 -0.198594
vt 0.135316 0.49869
f 3231/4890/5902 3238/4893/5902 3237/4892/5902

vn 0.94353 -0.317979 0.09295
vt 0.102652 0.330445
f 3231/4883/5903 3230/4882/5903 3238/4894/5903

vn 0.937973 -0.317856 0.138469
f 3238/4894/5904 3230/4882/5904 3228/4880/5904

vn 0.728232 -0.471281 0.497567
v 0.125394 0.226593 -0.135985
vt 0.092898 0.340285
f 3238/4894/5905 3228/4880/5905 3239/4895/5905

vn 0.713287 -0.458491 0.530101
f 3228/4880/5906 3227/4878/5906 3239/4895/5906

vt 0.0928925 0.340292
vn 0.317319 -0.511884 0.7983
vt 0.09332 0.356548
vt 0.0840964 0.359459
v 0.0852802 0.260057 -0.0985789
vt 0.0835287 0.347692
f 3239/4896/5907 3227/4897/5907 3199/4898/5907 3240/4899/5907 

vn 0.276825 -0.581304 0.765149
f 3198/4830/5908 3199/4831/5908 3227/4878/5908

vn -0.218735 -0.417378 0.882015
vt 0.083534 0.347684
f 3199/4831/5909 3200/4832/5909 3240/4900/5909

vt 0.105644 0.486049
vn 0.44159 0.656623 0.611428
vt 0.089932 0.483844
v 0.0648447 0.231892 -0.0535732
vt 0.106152 0.471222
f 3240/4901/5910 3200/4902/5910 3241/4903/5910

vn 0.402584 0.658084 0.636279
v 0.0156809 0.268354 -0.0601784
vt 0.090013 0.470796
f 3241/4903/5911 3200/4902/5911 3242/4904/5911

vn -0.00765486 0.874446 0.485062
v -0.0353355 0.284728 -0.0905005
vt 0.073876 0.471009
f 3200/4902/5912 3243/4905/5912 3242/4904/5912

vn -0.0119526 0.895825 0.444246
vt 0.074261 0.485786
f 3200/4902/5913 3202/4906/5913 3243/4905/5913

vn -0.407032 0.909095 0.0887209
v -0.0680103 0.274274 -0.133287
vt 0.06038 0.472779
f 3202/4906/5914 3244/4907/5914 3243/4905/5914

vn -0.406847 0.902853 0.13904
f 3202/4906/5915 3204/4846/5915 3244/4907/5915

vn -0.675807 0.714752 -0.18004
f 3204/4846/5916 3207/4845/5916 3244/4907/5916

vn -0.583469 0.772339 -0.251112
v -0.13254 0.229887 -0.11987
vt 0.049988 0.45869
f 3244/4907/5917 3207/4845/5917 3245/4908/5917

vn -0.744415 0.41234 -0.525188
v -0.141086 0.188401 -0.140328
vt 0.040403 0.458171
f 3207/4845/5918 3246/4909/5918 3245/4908/5918

vn -0.725624 0.361149 -0.585697
f 3208/4847/5919 3246/4909/5919 3207/4845/5919

vn -0.626673 -0.206342 -0.751468
v -0.118529 0.138044 -0.145311
vt 0.029746 0.458874
f 3208/4847/5920 3247/4910/5920 3246/4909/5920

vn -0.704877 -0.127578 -0.697763
f 3210/4849/5921 3247/4910/5921 3208/4847/5921

vn -0.226128 -0.816418 -0.531345
v -0.0495684 0.102642 -0.120264
vt 0.014916 0.461286
f 3210/4849/5922 3248/4911/5922 3247/4910/5922

v 0.00538785 0.144888 -0.20891
vt 0.014916 0.480615
vn -0.229606 -0.81564 -0.531048
f 3249/4912/5923 3248/4911/5923 3210/4849/5923

vn -0.236419 -0.812047 -0.533559
vt 0.164771 0.461286
vt 0.164771 0.480615
f 3236/4891/5924 3248/4913/5924 3249/4914/5924

vn -0.238286 -0.810005 -0.535827
v 0.0184757 0.0657871 -0.0948098
vt 0.149986 0.459117
f 3236/4891/5925 3250/4915/5925 3248/4913/5925

vn 0.560715 -0.79506 -0.231253
f 3237/4892/5926 3250/4915/5926 3236/4891/5926

vn 0.497552 -0.799267 -0.337067
v 0.0627896 0.0808765 -0.0651776
vt 0.139458 0.458535
f 3237/4892/5927 3251/4916/5927 3250/4915/5927

vn 0.875461 -0.483269 0.00448104
v 0.101894 0.151342 -0.105545
vt 0.131214 0.475197
f 3237/4892/5928 3252/4917/5928 3251/4916/5928

vn 0.793271 -0.599313 0.107447
f 3238/4893/5929 3252/4917/5929 3237/4892/5929

vn 0.907735 -0.120975 0.401725
vt 0.121376 0.491534
f 3238/4893/5930 3239/4918/5930 3252/4917/5930

vn 0.907094 -0.120083 0.403435
v 0.0928936 0.189412 -0.0739762
vt 0.119636 0.473059
f 3239/4918/5931 3253/4919/5931 3252/4917/5931

vn 0.7696 0.282385 0.57269
f 3239/4918/5932 3240/4901/5932 3253/4919/5932

vn 0.800569 0.272197 0.533852
f 3240/4901/5933 3241/4903/5933 3253/4919/5933

vn 0.822858 0.316718 0.471799
v 0.0717926 0.169988 -0.0241346
vt 0.118047 0.459953
f 3253/4919/5934 3241/4903/5934 3254/4920/5934

vn 0.76689 0.343788 0.541932
v 0.0472054 0.215324 -0.0181015
vt 0.105946 0.460775
f 3241/4903/5935 3255/4921/5935 3254/4920/5935

vn 0.420249 0.723924 0.547105
v -0.0026228 0.254021 -0.0310304
vt 0.09008 0.461373
f 3241/4903/5936 3256/4922/5936 3255/4921/5936

vn 0.423151 0.67919 0.599703
f 3241/4903/5937 3242/4904/5937 3256/4922/5937

vn 0.0186363 0.892534 0.450594
f 3242/4904/5938 3243/4905/5938 3256/4922/5938

vn 0.0806295 0.903041 0.421919
v -0.0588782 0.271273 -0.057205
vt 0.074203 0.46053
f 3256/4922/5939 3243/4905/5939 3257/4923/5939

vn -0.343885 0.929618 0.13249
v -0.099741 0.260456 -0.0873636
vt 0.062053 0.45959
f 3243/4905/5940 3258/4924/5940 3257/4923/5940

vn -0.350707 0.935664 0.0392152
f 3243/4905/5941 3244/4907/5941 3258/4924/5941

vn -0.581898 0.796907 -0.162277
f 3244/4907/5942 3245/4908/5942 3258/4924/5942

vn -0.567156 0.803041 -0.18292
v -0.131505 0.248825 -0.0399388
vt 0.062954 0.446689
f 3258/4924/5943 3245/4908/5943 3259/4925/5943

vn -0.523381 0.83064 -0.190026
v -0.182271 0.211919 -0.0614381
vt 0.05011 0.443082
f 3259/4925/5944 3245/4908/5944 3260/4926/5944

vn -0.753117 0.409184 -0.515153
f 3246/4909/5945 3260/4926/5945 3245/4908/5945

vn -0.692061 0.508068 -0.512756
v -0.215013 0.151515 -0.0770985
vt 0.038513 0.439917
f 3246/4909/5946 3261/4927/5946 3260/4926/5946

vn -0.584437 -0.18357 -0.790402
f 3246/4909/5947 3247/4910/5947 3261/4927/5947

vn -0.582783 -0.0783451 -0.808843
v -0.208975 0.110048 -0.0774319
vt 0.031955 0.439039
f 3261/4927/5948 3247/4910/5948 3262/4928/5948

vn -0.19785 -0.784807 -0.587311
v -0.165721 0.0872273 -0.0615083
vt 0.024934 0.441478
f 3247/4910/5949 3263/4929/5949 3262/4928/5949

vn -0.19167 -0.787648 -0.585554
f 3248/4911/5950 3263/4929/5950 3247/4910/5950

vn -0.195213 -0.782531 -0.591216
v -0.104641 0.0550015 -0.0390222
vt 0.014916 0.44272
f 3248/4911/5951 3264/4930/5951 3263/4929/5951

v -0.0435671 0.0228026 -0.0164811
vt 0.154475 0.441765
vn -0.194605 -0.782852 -0.590992
vt 0.164771 0.44272
f 3265/4931/5952 3264/4932/5952 3248/4913/5952

vn -0.202842 -0.781755 -0.589673
f 3250/4915/5953 3265/4931/5953 3248/4913/5953

vn -0.197245 -0.785125 -0.587088
v -0.000317246 8.128e-007 -0.000518566
vt 0.147428 0.439753
f 3250/4915/5954 3266/4933/5954 3265/4931/5954

v 0.0329438 0.0207419 0.0143006
vt 0.141142 0.440714
vn 0.604759 -0.704662 -0.371104
f 3267/4934/5955 3266/4933/5955 3250/4915/5955

vn 0.450001 -0.868912 0.206131
v 0.0180256 0.0388724 0.123294
vt 0.133577 0.425008
f 3267/4934/5956 3268/4935/5956 3266/4933/5956

vn 0.805795 -0.556372 0.20284
v 0.0325072 0.0577519 0.11755
vt 0.130459 0.427174
f 3267/4934/5957 3269/4936/5957 3268/4935/5957

vn 0.92572 -0.354767 0.131082
v 0.0562694 0.0861111 0.0264902
vt 0.129944 0.443863
f 3267/4934/5958 3270/4937/5958 3269/4936/5958

vn 0.933119 -0.349057 0.0863037
f 3251/4916/5959 3270/4937/5959 3267/4934/5959

vn 0.885904 -0.455248 0.0890094
v 0.0795284 0.11804 -0.0416994
vt 0.129996 0.459101
f 3251/4916/5960 3271/4938/5960 3270/4937/5960

vn 0.889886 -0.449599 0.0772293
f 3252/4917/5961 3271/4938/5961 3251/4916/5961

vn 0.948843 -0.0358115 0.313711
f 3252/4917/5962 3253/4919/5962 3271/4938/5962

vn 0.920206 0.00468844 0.391407
f 3253/4919/5963 3254/4920/5963 3271/4938/5963

vn 0.929433 0.0137286 0.368735
v 0.0515539 0.152278 0.0275384
vt 0.117333 0.447254
f 3271/4938/5964 3254/4920/5964 3272/4939/5964

vn 0.741311 0.490261 0.458369
v 0.0247096 0.200863 0.0189886
vt 0.10509 0.450156
f 3254/4920/5965 3273/4940/5965 3272/4939/5965

vn 0.745919 0.327344 0.580044
f 3254/4920/5966 3255/4921/5966 3273/4940/5966

vn 0.400912 0.744725 0.53353
v -0.0227528 0.238763 0.00174968
vt 0.090186 0.451383
f 3255/4921/5967 3274/4941/5967 3273/4940/5967

vn 0.401951 0.710536 0.577558
f 3255/4921/5968 3256/4922/5968 3274/4941/5968

vn 0.0623489 0.889644 0.452378
f 3256/4922/5969 3257/4923/5969 3274/4941/5969

vn 0.111235 0.897501 0.426754
v -0.0796816 0.255919 -0.0194909
vt 0.075267 0.449851
f 3274/4941/5970 3257/4923/5970 3275/4942/5970

vn -0.367331 0.91448 0.169687
f 3257/4923/5971 3258/4924/5971 3275/4942/5971

vn -0.180457 0.976407 0.118597
f 3275/4942/5972 3258/4924/5972 3259/4925/5972

vn -0.184288 0.974368 0.129012
v -0.105304 0.243715 0.0360786
vt 0.076882 0.436114
f 3275/4942/5973 3259/4925/5973 3276/4943/5973

vn 0.200286 0.979732 -0.00317797
v -0.152874 0.253388 0.0200881
vt 0.06656 0.433954
f 3276/4943/5974 3259/4925/5974 3277/4944/5974

vn -0.251305 0.954254 -0.162003
v -0.202596 0.239007 0.0125096
vt 0.057655 0.43008
f 3259/4925/5975 3278/4945/5975 3277/4944/5975

vn -0.415533 0.811234 -0.411377
f 3259/4925/5976 3260/4926/5976 3278/4945/5976

vn -0.654509 0.633876 -0.412091
v -0.241054 0.202029 0.0167127
vt 0.049815 0.425578
f 3260/4926/5977 3279/4946/5977 3278/4945/5977

vn -0.716601 0.511399 -0.474293
f 3261/4927/5978 3279/4946/5978 3260/4926/5978

vn -0.854704 0.319384 -0.409237
v -0.252131 0.181355 0.0237119
vt 0.046487 0.423219
f 3261/4927/5979 3280/4947/5979 3279/4946/5979

vn -0.942123 -0.134697 -0.307019
f 3262/4928/5980 3280/4947/5980 3261/4927/5980

vt 0.0195258 0.296807
vn -0.532057 -0.782111 0.324372
vt 0.0131159 0.273281
v 0.0188709 0.0484271 0.147719
vt 0.0124409 0.268448
v 0.0177899 0.0589795 0.171389
vt 0.0121905 0.263632
v -0.0772996 0.121089 0.165173
vt 0.0325262 0.258287
v -0.125955 0.149642 0.15421
vt 0.0430894 0.25711
v -0.173132 0.171632 0.129848
vt 0.0536102 0.25872
v -0.262109 0.2066 0.0682155
vt 0.0737708 0.264897
v -0.258088 0.194497 0.0456289
vt 0.0733743 0.269699
vt 0.0725528 0.274502
vt 0.0654324 0.29775
vt 0.042479 0.297288
f 3266/4948/5981 3268/4949/5981 3281/4950/5981 3282/4951/5981 3283/4952/5981 3284/4953/5981 3285/4954/5981 3286/4955/5981 3287/4956/5981 3280/4957/5981 3262/4958/5981 3264/4959/5981 

vn 0.806051 -0.560105 0.191214
vt 0.131215 0.421973
f 3269/4936/5982 3281/4960/5982 3268/4935/5982

vn 0.846266 -0.478288 0.23468
v 0.0311412 0.0669591 0.141241
vt 0.128343 0.423902
f 3269/4936/5983 3288/4961/5983 3281/4960/5983

v 0.0463453 0.107714 0.104272
vt 0.122886 0.431244
vn 0.962834 -0.228341 0.144261
f 3289/4962/5984 3288/4961/5984 3269/4936/5984

vn 0.963399 -0.175964 0.202234
v 0.042816 0.114112 0.126652
vt 0.121405 0.427677
f 3289/4962/5985 3290/4963/5985 3288/4961/5985

vn 0.935815 0.349245 0.0477336
v 0.0271404 0.157911 0.113515
vt 0.113509 0.429886
f 3289/4962/5986 3291/4964/5986 3290/4963/5986

v 0.0325171 0.155612 0.0884249
vt 0.114138 0.434746
vn 0.930462 0.32475 0.169637
f 3292/4965/5987 3291/4964/5987 3289/4962/5987

vn 0.675393 0.73337 0.0775361
v -0.00274777 0.189626 0.0738818
vt 0.10392 0.436545
f 3292/4965/5988 3293/4966/5988 3291/4964/5988

vn 0.649501 0.742814 0.162407
f 3272/4939/5989 3293/4966/5989 3292/4965/5989

vn 0.735948 0.489031 0.46822
f 3273/4940/5990 3293/4966/5990 3272/4939/5990

vn 0.404358 0.835004 0.373179
v -0.051072 0.221786 0.0542852
vt 0.090425 0.437205
f 3273/4940/5991 3294/4967/5991 3293/4966/5991

vn 0.434134 0.762122 0.480311
f 3273/4940/5992 3274/4941/5992 3294/4967/5992

vn 0.138193 0.918202 0.371224
f 3274/4941/5993 3275/4942/5993 3294/4967/5993

vn 0.260758 0.910741 0.320243
f 3294/4967/5994 3275/4942/5994 3276/4943/5994

v -0.117643 0.242855 0.0664163
vt 0.0773682 0.429558
vn 0.323987 0.932782 0.157955
v -0.0603108 0.220961 0.0781689
vt 0.0904714 0.431675
vt 0.0899317 0.43697
vt 0.0768063 0.43633
f 3295/4968/5995 3296/4969/5995 3294/4970/5995 3276/4971/5995 

vt 0.090552 0.431476
vn 0.255993 0.882336 0.394907
vt 0.077453 0.429342
v -0.114453 0.221604 0.11183
vt 0.082624 0.420679
f 3296/4972/5996 3295/4973/5996 3297/4974/5996

vn 0.196393 0.893322 0.404234
v -0.152761 0.238669 0.0927299
vt 0.073963 0.421784
f 3297/4974/5997 3295/4973/5997 3298/4975/5997

vn 0.14014 0.931646 0.335257
v -0.162011 0.257671 0.0437916
vt 0.067391 0.429002
f 3295/4973/5998 3299/4976/5998 3298/4975/5998

vn 0.253608 0.958488 0.130319
f 3276/4943/5999 3299/4976/5999 3295/4973/5999

vn 0.226763 0.96998 -0.0878435
f 3276/4943/6000 3277/4944/6000 3299/4976/6000

vn -0.231772 0.937718 -0.258779
f 3277/4944/6001 3278/4945/6001 3299/4976/6001

vn -0.15217 0.923051 -0.353301
v -0.208029 0.246409 0.034188
vt 0.059336 0.426414
f 3299/4976/6002 3278/4945/6002 3300/4977/6002

vn -0.635928 0.667534 -0.387291
v -0.245971 0.21311 0.0390944
vt 0.052234 0.42217
f 3278/4945/6003 3301/4978/6003 3300/4977/6003

vn -0.64454 0.619399 -0.448233
f 3278/4945/6004 3279/4946/6004 3301/4978/6004

vn -0.829825 0.405698 -0.383144
vt 0.049275 0.419898
f 3279/4946/6005 3287/4979/6005 3301/4978/6005

vn -0.851534 0.314113 -0.41979
f 3279/4946/6006 3280/4947/6006 3287/4979/6006

vn -0.832763 0.412476 -0.369282
vt 0.052014 0.41679
f 3301/4978/6007 3287/4979/6007 3286/4980/6007

vn -0.778164 0.54679 -0.309
v -0.249313 0.222218 0.06363
vt 0.054569 0.418717
f 3301/4978/6008 3286/4980/6008 3302/4981/6008

vt 0.209781 0.067094
vn -0.771489 0.527678 -0.355472
vt 0.206299 0.065389
v -0.267534 0.228906 0.113102
vt 0.211032 0.057202
f 3302/4982/6009 3286/4983/6009 3303/4984/6009

vt 0.247669 0.0115765
vt 0.268378 0.0117488
v -0.195127 0.20106 0.164727
vt 0.266767 0.0207035
v -0.231824 0.245462 0.211592
vt 0.263287 0.0336103
v -0.266789 0.281139 0.240265
vt 0.258852 0.0430385
v -0.27169 0.260825 0.183245
vt 0.253957 0.0334015
vt 0.249812 0.0202995
f 3286/4985/5981 3285/4986/5981 3304/4987/5981 3305/4988/5981 3306/4989/5981 3307/4990/5981 3303/4991/5981 

vt 0.246826 0.063721
vn 0.824415 -0.0518193 0.563608
v -0.187157 0.219745 0.154788
vt 0.238287 0.057823
vt 0.241864 0.055669
f 3285/4992/6010 3308/4993/6010 3304/4994/6010

v -0.164732 0.193974 0.118205
vt 0.242465 0.06617
vn 0.840947 -0.0347633 0.54
f 3309/4995/6011 3308/4993/6011 3285/4992/6011

vn 0.875281 0.0861252 0.475884
v -0.179586 0.252367 0.134958
vt 0.232134 0.061213
f 3309/4995/6012 3310/4996/6012 3308/4993/6012

vt 0.233686 0.070623
vn 0.851954 0.0677606 0.519213
f 3298/4997/6013 3310/4996/6013 3309/4995/6013

vn 0.710694 0.662546 0.236531
v -0.193099 0.273435 0.116547
vt 0.226706 0.062488
f 3298/4997/6014 3311/4998/6014 3310/4996/6014

v -0.170182 0.262813 0.0692051
vt 0.226706 0.072429
vn 0.702106 0.68745 0.185634
f 3312/4999/6015 3311/4998/6015 3298/4997/6015

vn -0.14893 0.947014 -0.284578
v -0.213315 0.25276 0.0583233
vt 0.218052 0.070774
f 3312/4999/6016 3313/5000/6016 3311/4998/6016

vn -0.160963 0.956017 -0.245197
vt 0.060878 0.422587
vt 0.067854 0.424225
f 3299/4976/6017 3313/5001/6017 3312/5002/6017

vn -0.171161 0.942934 -0.28562
f 3299/4976/6018 3300/4977/6018 3313/5001/6018

vn -0.647455 0.690082 -0.323404
f 3300/4977/6019 3301/4978/6019 3313/5001/6019

vn -0.63657 0.690682 -0.343127
f 3313/5001/6020 3301/4978/6020 3302/4981/6020

vn -0.63481 0.686675 -0.35425
v -0.22651 0.265196 0.106074
vt 0.220322 0.061514
f 3313/5000/6021 3302/4982/6021 3314/5003/6021

vn -0.586064 0.705139 -0.399135
v -0.256451 0.242093 0.109223
vt 0.213962 0.0587
f 3314/5003/6022 3302/4982/6022 3315/5004/6022

vn -0.764593 0.538345 -0.354374
f 3302/4982/6023 3303/4984/6023 3315/5004/6023

vn -0.77184 0.560235 -0.300666
vt 0.218837 0.045069
f 3315/5004/6024 3303/4984/6024 3307/5005/6024

vn -0.785174 0.542372 -0.29889
v -0.264599 0.269548 0.180449
vt 0.220589 0.046256
f 3315/5004/6025 3307/5005/6025 3316/5006/6025

vn -0.790021 0.595837 -0.144377
vt 0.226706 0.036946
f 3316/5006/6026 3307/5005/6026 3306/5007/6026

v -0.247811 0.27895 0.180186
vt 0.223653 0.047797
vn -0.482486 0.856441 -0.183619
f 3317/5008/6027 3316/5006/6027 3306/5007/6027

vn -0.459289 0.809945 -0.364749
f 3317/5008/6028 3315/5004/6028 3316/5006/6028

vn -0.601084 0.736821 -0.309505
f 3314/5003/6029 3315/5004/6029 3317/5008/6029

vn -0.114606 0.970304 -0.213014
v -0.230604 0.282121 0.185372
vt 0.226706 0.048515
f 3314/5003/6030 3317/5008/6030 3318/5009/6030

vn -0.155725 0.984132 -0.0850523
f 3318/5009/6031 3317/5008/6031 3306/5007/6031

v -0.224515 0.270329 0.196101
vt 0.229539 0.047564
vn 0.603124 0.684315 0.409821
f 3319/5010/6032 3318/5009/6032 3306/5007/6032

vn 0.692377 0.647393 0.318585
f 3310/4996/6033 3318/5009/6033 3319/5010/6033

vn 0.676065 0.680526 0.282524
f 3310/4996/6034 3311/4998/6034 3318/5009/6034

vn -0.170108 0.96189 -0.214083
f 3311/4998/6035 3314/5003/6035 3318/5009/6035

vn -0.143817 0.947244 -0.286435
f 3311/4998/6036 3313/5000/6036 3314/5003/6036

vn 0.817216 0.148785 0.556795
f 3310/4996/6037 3319/5010/6037 3308/4993/6037

vn 0.838787 0.208785 0.502836
v -0.226952 0.255408 0.206361
vt 0.232266 0.045828
f 3308/4993/6038 3319/5010/6038 3320/5011/6038

vn 0.723963 0.306677 0.617922
f 3319/5010/6039 3306/5007/6039 3320/5011/6039

vn 0.66957 0.0613335 0.740212
vt 0.234038 0.044498
f 3306/5007/6040 3305/5012/6040 3320/5011/6040

vn 0.76798 -0.0399793 0.639224
f 3304/4994/6041 3320/5011/6041 3305/5012/6041

vn 0.788573 -0.00926472 0.614871
f 3308/4993/6042 3320/5011/6042 3304/4994/6042

vn 0.751944 0.649945 0.110235
f 3299/4976/6043 3312/5002/6043 3298/4975/6043

vn -0.252063 0.529277 0.810142
vt 0.075639 0.412055
v -0.140764 0.224223 0.1059
vt 0.077572 0.419467
f 3298/4975/6044 3309/5013/6044 3321/5014/6044

vt 0.0760051 0.406932
vn -0.226713 0.515748 0.826199
v -0.160328 0.192143 0.120555
vt 0.076666 0.411806
vt 0.0776136 0.419409
vt 0.075683 0.411996
f 3285/5015/6045 3322/5016/6045 3321/5017/6045 3309/5018/6045 

vt 0.0761058 0.406808
vn -0.157487 0.487918 0.858565
v -0.154424 0.189443 0.123163
vt 0.0780866 0.411434
vt 0.0777038 0.419286
vt 0.0767633 0.411683
f 3285/5019/6046 3323/5020/6046 3321/5021/6046 3322/5022/6046 

vt 0.275648 0.067973
vn -0.712496 0.669427 -0.210276
vt 0.271115 0.065623
v -0.169573 0.194801 0.191551
vt 0.277206 0.054689
f 3323/5023/6047 3285/5024/6047 3324/5025/6047

vt 0.328122 0.0104092
vn -0.532056 -0.782112 0.324372
vt 0.339252 0.00762735
v -0.0936605 0.154764 0.219533
vt 0.338038 0.0199656
v -0.118676 0.196109 0.278189
vt 0.335117 0.0340256
v -0.144167 0.23051 0.319323
vt 0.331328 0.0446918
v -0.158946 0.217348 0.263345
vt 0.325653 0.0351946
vt 0.320199 0.0221692
vt 0.316732 0.0104092
f 3284/5026/6048 3283/5027/6048 3325/5028/6048 3326/5029/6048 3327/5030/6048 3328/5031/6048 3324/5032/6048 3285/5033/6048 

v -0.06828 0.14401 0.154917
vt 0.310334 0.067978
vn 0.904252 -0.183253 0.385677
vt 0.308844 0.054823
vt 0.314823 0.065652
f 3329/5034/6049 3325/5035/6049 3283/5036/6049

vn 0.897977 -0.208637 0.387437
v -0.0857788 0.173387 0.211294
vt 0.305321 0.056774
f 3329/5034/6050 3330/5037/6050 3325/5035/6050

vn 0.933394 -0.10345 0.34362
v -0.0754921 0.210489 0.194521
vt 0.298575 0.060134
f 3329/5034/6051 3331/5038/6051 3330/5037/6051

v -0.0549448 0.190219 0.133765
vt 0.301147 0.072213
vn 0.930268 -0.107968 0.350634
f 3332/5039/6052 3331/5038/6052 3329/5034/6052

vn 0.84025 0.531573 0.106816
v -0.090231 0.236414 0.181448
vt 0.293026 0.061276
f 3332/5039/6053 3333/5040/6053 3331/5038/6053

v -0.0718238 0.224144 0.113956
vt 0.293026 0.074173
vn 0.851347 0.505496 0.140291
f 3334/5041/6054 3333/5040/6054 3332/5039/6054

vn -0.0488661 0.980269 -0.191534
vt 0.284886 0.072224
f 3334/5041/6055 3297/5042/6055 3333/5040/6055

vn -0.0539037 0.992941 -0.105653
vt 0.090756 0.423544
f 3296/4972/6056 3297/4974/6056 3334/5043/6056

vn 0.818109 0.533042 0.215786
vt 0.098985 0.421099
f 3296/4972/6057 3334/5043/6057 3332/5044/6057

v -0.0140929 0.188242 0.104586
vt 0.103646 0.429859
vn 0.34622 0.834751 0.428162
f 3335/5045/6058 3296/4972/6058 3332/5044/6058

vt 0.090522 0.431609
vn 0.47921 0.850916 0.215172
vt 0.103614 0.429982
vt 0.103893 0.436668
vt 0.0908401 0.43684
f 3296/5046/6059 3335/5047/6059 3293/5048/6059 3294/5049/6059 

vn 0.541959 0.80641 0.23661
f 3291/4964/6060 3293/4966/6060 3335/5045/6060

vn 0.462108 0.761836 0.45394
v -0.0163825 0.166742 0.143001
vt 0.107428 0.422617
f 3291/4964/6061 3335/5045/6061 3336/5050/6061

vn 0.374251 0.799518 0.469794
f 3335/5045/6062 3332/5044/6062 3336/5050/6062

vn 0.100289 0.502519 0.858729
v -0.0389956 0.17055 0.143413
vt 0.104017 0.420171
f 3332/5044/6063 3337/5051/6063 3336/5050/6063

vn -0.026994 0.422478 0.905971
vt 0.104067 0.412469
f 3332/5044/6064 3329/5052/6064 3337/5051/6064

vt 0.106158 0.408117
vn -0.0183846 0.414554 0.909839
v -0.0624596 0.140526 0.15663
vt 0.105251 0.41285
vt 0.103922 0.420238
vt 0.103966 0.412536
f 3283/5053/6065 3338/5054/6065 3337/5055/6065 3329/5056/6065 

vt 0.106234 0.408071
vn 0.0479294 0.3709 0.927435
v -0.0580443 0.137706 0.157531
vt 0.106276 0.41304
vt 0.103994 0.420192
vt 0.105327 0.412805
f 3283/5057/6066 3339/5058/6066 3337/5059/6066 3338/5060/6066 

v -0.0485988 0.146669 0.205862
vt 0.355345 0.057882
vn -0.655956 0.754708 -0.0117604
vt 0.351191 0.066131
vt 0.346829 0.063803
f 3340/5061/6067 3339/5062/6067 3283/5063/6067

v -0.0170632 0.166652 0.194865
vt 0.36151 0.061225
vn -0.546577 0.83602 -0.0482162
f 3341/5064/6068 3339/5062/6068 3340/5061/6068

vt 0.359926 0.070631
vn -0.573195 0.819396 -0.00610863
f 3336/5065/6069 3339/5062/6069 3341/5064/6069

vn 0.0768988 0.35578 0.931401
vt 0.106301 0.413019
f 3337/5051/6070 3339/5066/6070 3336/5050/6070

v 0.0138514 0.164288 0.192831
vt 0.36688 0.062492
vn 0.0764111 0.997073 0.00272417
f 3342/5067/6071 3336/5065/6071 3341/5064/6071

v 0.0211127 0.161923 0.139718
vt 0.36688 0.072453
vn 0.125078 0.991778 -0.0270644
f 3343/5068/6072 3336/5065/6072 3342/5067/6072

vn 0.115757 0.985472 -0.124278
vt 0.113262 0.425236
f 3291/4964/6073 3336/5050/6073 3343/5069/6073

vn 0.907692 0.392401 0.148713
v 0.037161 0.120657 0.150651
vt 0.120081 0.423917
f 3291/4964/6074 3343/5069/6074 3344/5070/6074

vn 0.91652 0.385089 0.108154
vt 0.375603 0.07081
f 3343/5068/6075 3342/5067/6075 3344/5071/6075

vn 0.915542 0.388529 0.104056
v 0.0270101 0.131488 0.199524
vt 0.373322 0.061466
f 3344/5071/6076 3342/5067/6076 3345/5072/6076

vn 0.89964 0.397695 0.180239
v -1.0922e-005 0.160505 0.270371
vt 0.36688 0.048496
f 3342/5067/6077 3346/5073/6077 3345/5072/6077

vn 0.0801947 0.994794 0.0628773
f 3342/5067/6078 3341/5064/6078 3346/5073/6078

vn 0.0299145 0.99678 0.0743942
v -0.0169235 0.160844 0.272621
vt 0.364064 0.047543
f 3346/5073/6079 3341/5064/6079 3347/5074/6079

vn -0.517959 0.85296 0.0646368
f 3347/5074/6080 3341/5064/6080 3340/5061/6080

vn -0.454005 0.890611 0.0262983
v -0.0323939 0.152797 0.278077
vt 0.361335 0.045802
f 3347/5074/6081 3340/5061/6081 3348/5075/6081

vn -0.654267 0.751693 0.0830249
v -0.0644167 0.132123 0.212908
vt 0.35181 0.055743
f 3348/5075/6082 3340/5061/6082 3349/5076/6082

vn -0.674134 0.738524 0.0112363
f 3340/5061/6083 3283/5063/6083 3349/5076/6083

vt 0.391895 0.0115545
vn -0.532057 -0.782111 0.324373
vt 0.412717 0.0115232
v 0.0132756 0.0808061 0.216611
vt 0.410268 0.0203449
v 0.00223799 0.116354 0.284218
vt 0.405658 0.0335889
v -0.0143667 0.14801 0.33331
vt 0.400411 0.0433177
v -0.0405219 0.144568 0.282108
vt 0.396272 0.0337359
vt 0.393211 0.0206369
f 3283/5077/6084 3282/5078/6084 3350/5079/6084 3351/5080/6084 3352/5081/6084 3353/5082/6084 3349/5083/6084 

v 0.0265288 0.0767372 0.165308
vt 0.383992 0.067103
vn 0.898662 -0.353161 0.260161
vt 0.382642 0.05702
vt 0.387546 0.065281
f 3354/5084/6085 3350/5085/6085 3282/5086/6085

vn 0.903191 -0.341242 0.260386
v 0.020542 0.0960053 0.211326
vt 0.379757 0.058592
f 3354/5084/6086 3355/5087/6086 3350/5085/6086

vn 0.976961 -0.119214 0.177017
f 3354/5084/6087 3345/5072/6087 3355/5087/6087

vn 0.959988 -0.154433 0.233611
f 3344/5071/6088 3345/5072/6088 3354/5084/6088

vn 0.957906 -0.150254 0.244621
vt 0.126349 0.420484
f 3288/4961/6089 3344/5070/6089 3354/5088/6089

vn 0.951685 -0.153315 0.266065
f 3290/4963/6090 3344/5070/6090 3288/4961/6090

vn 0.923228 0.365753 0.117789
f 3291/4964/6091 3344/5070/6091 3290/4963/6091

vn 0.891455 -0.333767 0.306443
vt 0.12897 0.41886
f 3288/4961/6092 3354/5088/6092 3282/5089/6092

vn 0.845313 -0.472556 0.249274
f 3288/4961/6093 3282/5089/6093 3281/4960/6093

vn 0.96009 -0.0865565 0.265961
v 0.0074582 0.144319 0.274281
vt 0.369947 0.047779
f 3345/5072/6094 3356/5090/6094 3355/5087/6094

vn 0.882361 0.444494 0.154481
f 3345/5072/6095 3346/5073/6095 3356/5090/6095

vn 0.843003 0.457394 0.283085
vt 0.36688 0.036922
f 3346/5073/6096 3352/5091/6096 3356/5090/6096

vn 0.0468765 0.977684 0.204783
f 3346/5073/6097 3347/5074/6097 3352/5091/6097

vn -0.393399 0.89598 0.206053
f 3352/5091/6098 3347/5074/6098 3348/5075/6098

vn -0.617642 0.740202 0.265743
vt 0.359567 0.044475
f 3352/5091/6099 3348/5075/6099 3353/5092/6099

vn -0.68135 0.724389 0.104995
f 3348/5075/6100 3349/5076/6100 3353/5092/6100

vn 0.934545 0.109093 0.33871
v 0.00726491 0.126165 0.280661
vt 0.372998 0.046226
f 3356/5090/6101 3352/5091/6101 3357/5093/6101

vn 0.84713 -0.267598 0.459088
vt 0.374731 0.045036
f 3357/5093/6102 3352/5091/6102 3351/5094/6102

vn 0.885795 -0.3389 0.31704
f 3355/5087/6103 3357/5093/6103 3351/5094/6103

vn 0.984682 0.0483887 0.167509
f 3355/5087/6104 3356/5090/6104 3357/5093/6104

vn 0.894521 -0.318604 0.313565
f 3355/5087/6105 3351/5094/6105 3350/5085/6105

vn -0.00735009 0.978603 -0.205624
v -0.122493 0.235278 0.177196
vt 0.287477 0.060103
f 3333/5040/6106 3297/5042/6106 3358/5095/6106

vn -0.648842 0.724869 -0.231448
f 3297/5042/6107 3323/5023/6107 3358/5095/6107

vn -0.145998 0.48524 0.862106
vt 0.077945 0.411615
f 3321/5014/6108 3323/5096/6108 3297/4974/6108

vn -0.114407 0.61575 0.779592
f 3298/4975/6109 3321/5014/6109 3297/4974/6109

vn -0.643114 0.72801 -0.237497
v -0.154652 0.209711 0.185906
vt 0.280731 0.056684
f 3358/5095/6110 3323/5023/6110 3359/5097/6110

vn -0.729741 0.649843 -0.212562
f 3323/5023/6111 3324/5025/6111 3359/5097/6111

vn -0.724015 0.679361 -0.11946
v -0.150076 0.227498 0.259326
vt 0.287176 0.044572
f 3359/5097/6112 3324/5025/6112 3360/5098/6112

vn -0.766856 0.636002 -0.086218
vt 0.285125 0.043037
f 3324/5025/6113 3328/5099/6113 3360/5098/6113

vn -0.744521 0.666407 0.039871
vt 0.293026 0.035202
f 3360/5098/6114 3328/5099/6114 3327/5100/6114

v -0.135737 0.238958 0.255434
vt 0.289869 0.046401
vn -0.620562 0.783855 0.0217669
f 3361/5101/6115 3360/5098/6115 3327/5100/6115

vn -0.641279 0.753925 -0.142682
f 3361/5101/6116 3359/5097/6116 3360/5098/6116

vn -0.639421 0.755297 -0.143764
f 3358/5095/6117 3359/5097/6117 3361/5101/6117

v -0.116022 0.240161 0.256779
vt 0.293026 0.047458
vn -0.0569793 0.996774 -0.0565288
f 3362/5102/6118 3358/5095/6118 3361/5101/6118

vn -0.0273523 0.997883 -0.0590057
f 3333/5040/6119 3358/5095/6119 3362/5102/6119

vn 0.786481 0.568661 0.240982
f 3333/5040/6120 3362/5102/6120 3331/5038/6120

vn 0.796638 0.546571 0.258123
v -0.108049 0.224355 0.26564
vt 0.296228 0.046419
f 3331/5038/6121 3362/5102/6121 3363/5103/6121

vn 0.703579 0.582836 0.406546
f 3362/5102/6122 3327/5100/6122 3363/5103/6122

vn -0.0687453 0.990164 0.121858
f 3362/5102/6123 3361/5101/6123 3327/5100/6123

vn 0.830534 0.0185413 0.556659
v -0.112685 0.207778 0.273109
vt 0.298997 0.04461
f 3363/5103/6124 3327/5100/6124 3364/5104/6124

vn 0.784849 -0.140198 0.603619
vt 0.301055 0.043075
f 3364/5104/6125 3327/5100/6125 3326/5105/6125

vn 0.837164 -0.209976 0.505041
f 3325/5035/6126 3364/5104/6126 3326/5105/6126

vn 0.869085 -0.160862 0.467777
f 3330/5037/6127 3364/5104/6127 3325/5035/6127

vn 0.902532 -0.0602881 0.426381
f 3330/5037/6128 3363/5103/6128 3364/5104/6128

vn 0.903349 -0.0583696 0.424916
f 3331/5038/6129 3363/5103/6129 3330/5037/6129

vn 0.900437 0.34682 0.262544
f 3272/4939/6130 3292/4965/6130 3289/4962/6130

vn 0.991821 0.0689824 0.107386
f 3270/4937/6131 3272/4939/6131 3289/4962/6131

vn 0.935585 0.0611669 0.347763
f 3271/4938/6132 3272/4939/6132 3270/4937/6132

vn 0.958922 -0.217059 0.182632
f 3270/4937/6133 3289/4962/6133 3269/4936/6133

vn 0.517336 -0.764653 -0.384278
f 3251/4916/6134 3267/4934/6134 3250/4915/6134

vn -0.274374 -0.839145 -0.469633
f 3235/4889/6135 3236/4891/6135 3249/4914/6135

vn -0.171136 -0.911851 -0.37315
v 0.0592973 0.176254 -0.310282
vt 0.164771 0.500844
f 3235/4889/6136 3249/4914/6136 3365/5106/6136

vt 0.014916 0.500844
vn -0.414743 -0.783371 -0.462946
f 3365/5107/6137 3249/4912/6137 3211/4850/6137

vn -0.26742 -0.842812 -0.467071
f 3211/4850/6138 3249/4912/6138 3210/4849/6138

vn -0.351597 -0.740076 -0.573295
v 0.0467543 0.210938 -0.347364
vt 0.020779 0.507617
f 3365/5107/6139 3211/4850/6139 3366/5108/6139

vn -0.751076 -0.0969751 -0.653055
f 3212/4851/6140 3366/5108/6140 3211/4850/6140

vn -0.135925 -0.158901 -0.977893
vt 0.014916 0.512544
f 3212/4851/6141 3233/5109/6141 3366/5108/6141

vn 0.220643 0.438821 -0.871064
vt 0.016025 0.315581
f 3214/4855/6142 3233/5110/6142 3212/4853/6142

vn -0.137403 -0.0925419 -0.986183
v 0.0838538 0.194371 -0.350978
vt 0.014916 0.509307
f 3233/5109/6143 3367/5111/6143 3366/5108/6143

vn 0.502062 -0.429802 -0.750469
vt 0.164771 0.509307
f 3233/4886/6144 3234/4888/6144 3367/5112/6144

vn -0.098885 -0.885547 -0.453904
f 3234/4888/6145 3365/5106/6145 3367/5112/6145

vn -0.107475 -0.868827 -0.48331
f 3234/4888/6146 3235/4889/6146 3365/5106/6146

vn -0.382957 -0.735724 -0.558617
f 3367/5111/6147 3365/5107/6147 3366/5108/6147

vn 0.939864 -0.112157 -0.322607
vt 0.122875 0.390009
f 3217/4860/6148 3223/5113/6148 3229/4881/6148

vn 0.759268 0.142421 -0.635002
f 3217/4860/6149 3218/4861/6149 3223/5113/6149

vn 0.950161 -0.117443 -0.288792
vt 0.113079 0.390821
f 3229/4881/6150 3223/5113/6150 3224/5114/6150

vn 0.92388 -0.371933 0.0900619
f 3229/4881/6151 3224/5114/6151 3226/4879/6151

vn 0.924119 -0.37179 0.0881873
vt 0.103532 0.391559
f 3226/4879/6152 3224/5114/6152 3225/5115/6152

vn 0.464297 -0.798285 -0.383626
f 3186/4816/6153 3194/4824/6153 3222/4868/6153

vn 0.710916 -0.671198 -0.209983
f 3186/4816/6154 3187/4817/6154 3194/4824/6154

vn 0.256906 -0.712281 -0.653188
f 3186/4816/6155 3222/4868/6155 3183/4870/6155

vn 0.236249 -0.766491 -0.597225
f 3186/4816/6156 3183/4870/6156 3184/4815/6156

vn -0.289656 0.583691 -0.758554
f 3221/4865/6157 3219/4863/6157 3220/4864/6157

vn -0.669905 -0.0592022 -0.740082
f 3119/4729/6158 3120/4730/6158 3180/4807/6158

vn -0.838303 -0.061818 -0.541689
f 3119/4729/6159 3180/4807/6159 3174/4797/6159

vn -0.794457 0.0821163 -0.601744
f 3180/4807/6160 3175/4798/6160 3174/4797/6160

vn -0.765456 -0.16777 -0.621233
f 3180/4807/6161 3176/4799/6161 3175/4798/6161

vn -0.879584 0.15185 -0.450858
f 3119/4729/6162 3174/4797/6162 3173/4796/6162

vn -0.86247 0.194663 -0.467174
f 3119/4729/6163 3173/4796/6163 3117/4727/6163

vn -0.901021 0.423889 -0.0920822
f 3117/4727/6164 3173/4796/6164 3137/4753/6164

vn -0.904271 0.418657 -0.0837878
f 3173/4796/6165 3139/4795/6165 3137/4753/6165

vn -0.851971 0.510217 -0.117577
f 3117/4727/6166 3137/4753/6166 3115/4725/6166

vn -0.71274 0.622247 0.323743
f 3115/4725/6167 3137/4753/6167 3114/4724/6167

vn -0.7003 -0.536433 0.470977
f 3150/4769/6168 3153/4772/6168 3145/4764/6168

vn -0.692749 -0.534482 0.484177
f 3146/4765/6169 3150/4769/6169 3145/4764/6169

vn -0.87148 -0.48348 -0.082279
f 3105/4714/6170 3106/4715/6170 3107/4716/6170

vn -0.192804 -0.203118 -0.959984
vt 0.011719 0.618606
f 3103/4709/6171 3104/4710/6171 3126/5116/6171

vn -0.188999 -0.200681 -0.961253
f 3103/4709/6172 3126/5116/6172 3102/4708/6172

vn -0.18441 -0.171071 -0.967847
f 3102/4708/6173 3126/5116/6173 3123/4733/6173

vn -0.190237 -0.177246 -0.965605
f 3102/4708/6174 3123/4733/6174 3101/4707/6174

vn -0.75926 0.343433 -0.552792
f 3100/4706/6175 3118/4728/6175 3116/4726/6175

vn -0.707498 0.414135 -0.57266
f 3100/4706/6176 3116/4726/6176 3098/4705/6176

vn -0.746049 0.632103 -0.209421
f 3098/4705/6177 3116/4726/6177 3097/4699/6177

vn 0.239005 0.390299 0.889125
f 1721/2567/6178 1718/2564/6178 1719/2565/6178

vn -0.681816 0.495475 -0.538174
f 1693/2536/6179 3099/4704/6179 1692/2535/6179

vn -0.924794 -0.376402 -0.0554698
vt 0.43825 0.76147
f 1379/2105/6180 1677/2520/6180 1675/5117/6180

vn -0.934069 -0.286323 -0.21339
f 1377/2103/6181 1379/2105/6181 1675/5117/6181

vn 0.712344 0.690972 0.122979
f 1294/1966/6182 1635/2456/6182 1293/1967/6182

vn 0.632648 0.645661 0.427642
v 1.13041 1.61284 0.402872
vt 0.538652 0.405265
f 1293/1967/6183 1635/2456/6183 3368/5118/6183

vn 0.706015 0.587015 0.396178
v 1.11591 1.64011 0.388292
vt 0.542551 0.410095
f 1635/2456/6184 3369/5119/6184 3368/5118/6184

vn 0.625345 0.701977 0.340839
f 1635/2456/6185 1633/2454/6185 3369/5119/6185

vn 0.484368 0.716152 0.502508
f 3369/5119/6186 1633/2454/6186 1631/2452/6186

vn 0.483753 0.662694 0.571682
f 3369/5119/6187 1631/2452/6187 1629/2449/6187

vn 0.53257 0.601412 0.595544
f 3368/5118/6188 3369/5119/6188 1629/2449/6188

vt 0.642413 0.40119
vn -0.438264 -0.870036 -0.225749
v 1.09197 1.63774 0.381566
vt 0.638195 0.400522
vt 0.637111 0.393276
vt 0.640526 0.39654
f 1629/5120/6189 3370/5121/6189 1293/5122/6189 3368/5123/6189 

vt 0.638114 0.400515
vn -0.375553 -0.900322 -0.219953
f 3370/5124/6190 1629/2448/6190 1627/2446/6190

vn -0.375113 -0.921093 -0.104299
v 1.02393 1.67142 0.328855
vt 0.632773 0.406923
f 3370/5124/6191 1627/2446/6191 3371/5125/6191

vn -0.310335 -0.944351 -0.109057
v 0.972046 1.68763 0.336099
vt 0.632773 0.41194
f 1627/2446/6192 3372/5126/6192 3371/5125/6192

vn -0.314969 -0.943419 -0.103709
f 1627/2446/6193 1624/2443/6193 3372/5126/6193

vn -0.280643 -0.95387 -0.106638
f 1624/2443/6194 1278/2439/6194 3372/5126/6194

vn -0.244118 -0.968514 0.0488665
f 3372/5126/6195 1278/2439/6195 1277/1944/6195

vn -0.263159 -0.96221 0.0699926
v 0.966979 1.68516 0.283023
vt 0.627904 0.411653
f 3372/5126/6196 1277/1944/6196 3373/5127/6196

vn -0.26726 -0.961939 0.0569663
f 3373/5127/6197 1277/1944/6197 1279/1946/6197

vn -0.304572 -0.942754 0.135838
vt 0.624217 0.411668
f 3373/5127/6198 1279/1946/6198 1282/5128/6198

v 1.01741 1.66771 0.271143
vt 0.627413 0.406804
vn -0.295421 -0.945821 0.134721
f 3374/5129/6199 3373/5127/6199 1282/5128/6199

vn -0.305278 -0.947481 0.0953171
f 3371/5125/6200 3373/5127/6200 3374/5129/6200

vn -0.288324 -0.954818 0.0720499
f 3371/5125/6201 3372/5126/6201 3373/5127/6201

vn -0.36355 -0.926134 0.100535
f 1289/1959/6202 3371/5125/6202 3374/5129/6202

vn -0.376294 -0.92243 0.0867485
f 1291/1962/6203 3371/5125/6203 1289/1959/6203

vn -0.388514 -0.917539 -0.0847336
f 1291/1962/6204 3370/5124/6204 3371/5125/6204

vn -0.418194 -0.904311 -0.0856482
f 1293/1964/6205 3370/5124/6205 1291/1962/6205

vn -0.347139 -0.911896 0.218954
f 1289/1959/6206 3374/5129/6206 1286/1960/6206

vn -0.332327 -0.913327 0.235357
vt 0.623288 0.406779
f 1286/1960/6207 3374/5129/6207 1284/5130/6207

vn -0.338957 -0.910723 0.235991
f 3374/5129/6208 1282/5128/6208 1284/5130/6208

vn 0.089394 0.246371 -0.965044
vt 0.928052 0.683215
f 1613/2428/6209 1611/2417/6209 1612/5131/6209

vn 0.855837 -0.0591389 -0.513854
f 1272/1933/6210 1273/1934/6210 1542/2316/6210

vn 0.803807 -0.35382 -0.478232
f 1272/1933/6211 1542/2316/6211 1271/1932/6211

vn 0.20406 0.833651 -0.513212
f 1515/2281/6212 1507/2269/6212 1508/2271/6212

vn 0.133218 0.876523 -0.462559
vt 0.644183 0.681595
f 1515/2281/6213 1508/2271/6213 1509/5132/6213

vn 0.134785 0.880421 -0.454634
f 1515/2281/6214 1509/5132/6214 1513/2279/6214

vn 0.0415073 0.916863 -0.397038
vt 0.64473 0.68766
f 1513/2279/6215 1509/5132/6215 1510/5133/6215

vn 0.0448357 0.886893 -0.459794
f 1513/2279/6216 1510/5133/6216 1511/2277/6216

vn 0.631593 0.715122 -0.299483
f 1438/2180/6217 1439/2181/6217 1440/2185/6217

vn 0.239647 0.890606 -0.386509
f 1440/2185/6218 1441/2186/6218 1499/2261/6218

vn 0.234491 0.896693 -0.375441
v 0.686413 0.918554 -0.689733
vt 0.700917 0.579389
f 1499/2261/6219 1441/2186/6219 3375/5134/6219

vt 0.299083 0.579389
vn -0.234491 0.896693 -0.375441
f 3375/5135/6220 1441/2187/6220 1442/2188/6220

vn -0.215411 0.830458 -0.513748
v 0.639937 0.916765 -0.673138
vt 0.307944 0.577847
f 3375/5135/6221 1442/2188/6221 3376/5136/6221

vn -0.354273 0.828561 -0.433564
f 3376/5136/6222 1442/2188/6222 1443/2189/6222

vn -0.388854 0.716904 -0.578655
v 0.60044 0.926326 -0.634751
vt 0.317473 0.581202
f 3376/5136/6223 1443/2189/6223 3377/5137/6223

vn -0.521064 0.71088 -0.472378
f 3377/5137/6224 1443/2189/6224 1444/2190/6224

vn -0.629811 0.518588 -0.578277
v 0.573769 0.949736 -0.58471
vt 0.325377 0.58911
f 3377/5137/6225 1444/2190/6225 3378/5138/6225

vn -0.704827 0.561668 -0.433298
f 1444/2190/6226 1445/2191/6226 3378/5138/6226

vn -0.714686 0.548436 -0.4341
v 0.563876 0.986924 -0.521438
vt 0.331575 0.601441
f 3378/5138/6227 1445/2191/6227 3379/5139/6227

vn -0.71894 0.601809 -0.34778
v 0.571799 1.02474 -0.472373
vt 0.333775 0.613154
f 3379/5139/6228 1445/2191/6228 3380/5140/6228

vn -0.624464 0.63065 -0.460788
f 3380/5140/6229 1445/2191/6229 1446/2192/6229

vn -0.422225 0.794691 -0.43611
f 1466/2217/6230 3380/5140/6230 1446/2192/6230

vn -0.757704 0.642861 -0.112312
vt 0.473633 0.373655
f 1468/2221/6231 3380/5141/6231 1466/2219/6231

v 0.611113 1.03978 -0.557227
vt 0.486086 0.386174
vn -0.773649 0.579737 -0.255682
f 3381/5142/6232 3380/5141/6232 1468/2221/6232

vn -0.802086 0.5286 -0.277921
vt 0.471073 0.38591
f 3381/5142/6233 3379/5143/6233 3380/5141/6233

vt 0.473371 0.400728
vn -0.801856 0.451855 -0.390965
f 3378/5144/6234 3379/5143/6234 3381/5142/6234

v 0.617115 0.997422 -0.609652
vt 0.486647 0.398522
vn -0.764199 0.4561 -0.45604
f 3382/5145/6235 3378/5144/6235 3381/5142/6235

vt 0.479746 0.41199
vn -0.735415 0.372346 -0.566148
f 3377/5146/6236 3378/5144/6236 3382/5145/6236

v 0.633519 0.958358 -0.65208
vt 0.489413 0.409565
vn -0.690197 0.379404 -0.616182
f 3383/5147/6237 3377/5146/6237 3382/5145/6237

vn -0.637499 0.267443 -0.722544
vt 0.489651 0.419089
f 3383/5147/6238 3376/5148/6238 3377/5146/6238

vn -0.273175 0.400628 -0.87457
f 1496/2257/6239 3376/5148/6239 3383/5147/6239

vn -0.318131 0.430826 -0.844501
vt 0.5 0.420939
f 1496/2257/6240 3375/5149/6240 3376/5148/6240

vn 0.318131 0.430826 -0.844501
f 1496/2257/6241 1497/2258/6241 3375/5149/6241

vn 0.215411 0.830458 -0.513748
f 1499/2261/6242 3375/5134/6242 1497/2260/6242

vn -0.30494 0.573252 -0.760522
f 1473/2226/6243 1496/2257/6243 3383/5147/6243

vn -0.374471 0.605477 -0.70226
f 1473/2226/6244 3383/5147/6244 3382/5145/6244

vn -0.386612 0.695186 -0.60601
f 1473/2226/6245 3382/5145/6245 3381/5142/6245

vn -0.378861 0.704804 -0.599763
f 1470/2223/6246 1473/2226/6246 3381/5142/6246

vn -0.383394 0.819257 -0.426412
f 1470/2223/6247 3381/5142/6247 1468/2221/6247

vn -0.443467 0.721769 -0.5314
f 1466/2217/6248 1446/2192/6248 1464/2215/6248

vn 0.261632 0.829074 -0.494152
v 0.755715 1.07767 -0.413131
vt 0.669885 0.630468
f 1491/2247/6249 1478/2248/6249 3384/5150/6249

vn 0.61366 0.789452 -0.0136727
vt 0.516154 0.358773
f 1478/2231/6250 1479/2232/6250 3384/5151/6250

vn 0.433429 0.893782 0.115297
f 3384/5151/6251 1479/2232/6251 1485/2238/6251

vn 0.311357 0.95021 0.0125555
f 1479/2232/6252 1480/2233/6252 1485/2238/6252

vn 0.273553 0.959175 0.0717729
f 1485/2238/6253 1480/2233/6253 1484/2237/6253

vn -0.273553 0.959175 0.0717729
f 1484/2237/6254 1480/2233/6254 1481/2234/6254

vn 0.475517 0.210627 -0.85412
f 1486/2239/6255 3384/5151/6255 1485/2238/6255

vn 0.61872 0.273608 -0.736426
f 1486/2239/6256 1489/2243/6256 3384/5151/6256

vn 0.262075 0.73067 -0.630427
f 1491/2247/6257 3384/5150/6257 1489/2245/6257

vn -0.859614 0.497017 0.118484
f 1224/1875/6258 1365/2081/6258 1223/1874/6258

vn -0.824149 0.541048 0.167464
f 1223/1874/6259 1365/2081/6259 1363/2079/6259

vn -0.889414 0.436413 0.135969
f 1223/1874/6260 1363/2079/6260 1221/1872/6260

vn -0.857559 0.474861 0.197737
f 1221/1872/6261 1363/2079/6261 1169/2078/6261

vn -0.19099 0.969097 0.156119
f 1336/2033/6262 1337/2035/6262 1356/2064/6262

vn -0.217861 0.96351 0.155515
v 0.438167 1.68604 0.482029
vt 0.434434 0.508555
f 1356/2064/6263 1337/2035/6263 3385/5152/6263

vn -0.371943 0.928035 -0.0202263
f 1337/2035/6264 1338/2036/6264 3385/5152/6264

vn -0.453035 0.890364 -0.0448423
v 0.420652 1.67575 0.454757
vt 0.428221 0.508818
f 1338/2036/6265 3386/5153/6265 3385/5152/6265

vn -0.480072 0.870264 -0.110323
f 1338/2036/6266 1339/2038/6266 3386/5153/6266

vn -0.59079 0.785841 -0.182811
v 0.410894 1.66314 0.432066
vt 0.423002 0.509275
f 1339/2038/6267 3387/5154/6267 3386/5153/6267

vn 0.371263 -0.867561 -0.330911
vt 0.352228 0.439813
f 1339/2040/6268 1341/2042/6268 3387/5155/6268

vn 0.369315 -0.869157 -0.328896
v 0.393353 1.63361 0.4904
vt 0.349576 0.434325
f 1341/2042/6269 3388/5156/6269 3387/5155/6269

vt 0.349539 0.434387
vn 0.351458 -0.867239 -0.352666
vt 0.34877 0.440001
vt 0.344097 0.44014
vt 0.344021 0.434399
f 3388/5157/6270 1341/5158/6270 1342/5159/6270 1346/5160/6270 

v 0.3543 1.59256 0.537157
vt 0.34909 0.427726
vn 0.395667 -0.828158 -0.39699
vt 0.349618 0.434319
vt 0.3441 0.434323
v 0.392193 1.59097 0.578186
vt 0.34408 0.427512
f 3389/5161/6271 3388/5162/6271 1346/5163/6271 3390/5164/6271 

vn 0.475231 -0.818837 -0.321964
vt 0.349042 0.427732
v 0.325938 1.59222 0.496155
vt 0.353494 0.428317
f 3388/5156/6272 3389/5165/6272 3391/5166/6272

vn 0.513552 -0.783984 -0.34876
v 0.312769 1.56243 0.543728
vt 0.351249 0.423596
f 3389/5165/6273 3392/5167/6273 3391/5166/6273

vn 0.52401 -0.791137 -0.31546
v 0.314762 1.54467 0.591594
vt 0.348029 0.420346
f 3389/5165/6274 3393/5168/6274 3392/5167/6274

vt 0.344058 0.427597
vn 0.413586 -0.811231 -0.413341
f 3390/5169/6275 3393/5168/6275 3389/5165/6275

vn 0.418207 -0.815259 -0.400569
v 0.339009 1.538 0.630469
vt 0.344058 0.419262
f 3390/5169/6276 3394/5170/6276 3393/5168/6276

vn 0.254818 -0.796726 -0.547992
v 0.380673 1.53739 0.650735
vt 0.339912 0.420418
f 3390/5169/6277 3395/5171/6277 3394/5170/6277

vn 0.268363 -0.794751 -0.544383
f 1347/2052/6278 3395/5171/6278 3390/5169/6278

vn 0.163259 -0.750056 -0.640907
v 0.430429 1.54944 0.649304
vt 0.33665 0.423818
f 1347/2052/6279 3396/5172/6279 3395/5171/6279

vn 0.198343 -0.748316 -0.632995
f 1348/2054/6280 3396/5172/6280 1347/2052/6280

v 0.425725 1.58124 0.635148
vt 0.452651 0.480112
vn 0.0593144 0.413292 0.908665
vt 0.456412 0.475087
f 3397/5173/6281 3396/5174/6281 1348/2057/6281

vn -0.164927 0.380664 0.909887
v 0.394444 1.57672 0.631368
vt 0.447987 0.477096
f 3397/5173/6282 3398/5175/6282 3396/5174/6282

vn -0.177465 0.540765 0.82224
f 1353/2061/6283 3398/5175/6283 3397/5173/6283

v 0.387315 1.62192 0.587686
vt 0.441284 0.485404
vn -0.376917 0.612237 0.695054
f 3399/5176/6284 3398/5175/6284 1353/2061/6284

vn -0.375851 0.612629 0.695285
v 0.359807 1.57698 0.612416
vt 0.441284 0.475651
f 3399/5176/6285 3400/5177/6285 3398/5175/6285

v 0.358639 1.62064 0.557436
vt 0.433739 0.485355
vn -0.57364 0.635487 0.516811
vt 0.441222 0.475712
vt 0.441226 0.485465
f 3401/5178/6286 3400/5179/6286 3399/5180/6286

vn -0.574703 0.634892 0.516361
v 0.337616 1.58297 0.580354
vt 0.434272 0.477173
f 3400/5179/6287 3401/5178/6287 3402/5181/6287

v 0.331357 1.59162 0.550434
vt 0.429512 0.480273
vn -0.726701 0.604312 0.326668
vt 0.434334 0.47711
vt 0.434112 0.485577
f 3403/5182/6288 3402/5183/6288 3401/5184/6288

vt 0.425379 0.475133
vn -0.83308 0.459995 0.307217
f 3392/5185/6289 3402/5183/6289 3403/5182/6289

vn -0.802173 0.548112 0.236837
vt 0.432869 0.468813
f 3392/5185/6290 3393/5186/6290 3402/5183/6290

vn -0.640354 0.541815 0.544411
f 3402/5183/6291 3393/5186/6291 3400/5177/6291

vn -0.645283 0.576481 0.501277
vt 0.441284 0.467163
f 3393/5186/6292 3394/5187/6292 3400/5177/6292

vn -0.360677 0.543513 0.757962
vt 0.449376 0.469072
f 3400/5177/6293 3394/5187/6293 3395/5188/6293

vn -0.408685 0.514328 0.753951
f 3400/5177/6294 3395/5188/6294 3398/5175/6294

vn -0.0871592 0.464454 0.881298
f 3398/5175/6295 3395/5188/6295 3396/5174/6295

vt 0.420485 0.485179
vn -0.849291 0.520095 0.0905826
f 3391/5189/6296 3392/5185/6296 3403/5182/6296

vn -0.803055 0.589558 0.0867406
v 0.341188 1.60834 0.527789
vt 0.427666 0.485416
f 3391/5189/6297 3403/5182/6297 3404/5190/6297

vn -0.738192 0.654616 0.162943
f 3404/5190/6298 3403/5182/6298 3401/5184/6298

v 0.39655 1.65883 0.517116
vt 0.433678 0.497456
vn -0.662951 0.744216 0.0814832
f 3405/5191/6299 3404/5190/6299 3401/5184/6299

vn -0.673145 0.739484 0.0062214
v 0.38022 1.64421 0.487008
vt 0.427061 0.497608
f 3405/5191/6300 3406/5192/6300 3404/5190/6300

vn -0.631264 0.774837 -0.0336521
f 3386/5153/6301 3406/5192/6301 3405/5191/6301

vn -0.668544 0.73385 -0.120472
f 3386/5153/6302 3387/5154/6302 3406/5192/6302

vn -0.645236 0.757501 -0.0993124
v 0.365889 1.62805 0.45685
vt 0.42016 0.497727
f 3387/5154/6303 3407/5193/6303 3406/5192/6303

vn 0.495681 -0.82581 -0.268957
vt 0.353501 0.434342
f 3387/5155/6304 3388/5156/6304 3407/5194/6304

vn 0.488571 -0.832236 -0.262072
f 3388/5156/6305 3391/5166/6305 3407/5194/6305

vn -0.695407 0.716617 -0.0535645
f 3406/5192/6306 3407/5193/6306 3391/5189/6306

vn -0.694146 0.719133 -0.0317817
f 3406/5192/6307 3391/5189/6307 3404/5190/6307

vn -0.533182 0.845674 0.0234847
f 3385/5152/6308 3386/5153/6308 3405/5191/6308

vn -0.35675 0.894213 0.270394
f 3385/5152/6309 3405/5191/6309 1354/2062/6309

vn -0.445664 0.820488 0.358027
f 1354/2062/6310 3405/5191/6310 3401/5184/6310

vn -0.438738 0.813681 0.381355
f 1354/2062/6311 3401/5184/6311 3399/5176/6311

vn -0.234234 0.791052 0.565129
f 1354/2062/6312 3399/5176/6312 1353/2061/6312

vn -0.336979 0.90012 0.276097
f 1356/2064/6313 3385/5152/6313 1354/2062/6313

vn -0.0081495 0.570467 0.82128
f 1353/2061/6314 3397/5173/6314 1351/2059/6314

vn 0.0670027 0.487607 0.870489
f 1351/2059/6315 3397/5173/6315 1348/2057/6315

vn 0.252619 -0.812076 -0.526037
f 1347/2052/6316 3390/5169/6316 1346/2053/6316

vn -0.0283084 0.677192 -0.735262
f 1309/1987/6317 1310/1988/6317 1324/2014/6317

vn -0.0827081 -0.886566 0.455148
vt 0.675981 0.397234
f 1310/1989/6318 1311/1990/6318 1324/5195/6318

vn -0.0915568 -0.886204 0.454158
vt 0.673735 0.402123
f 1324/5195/6319 1311/1990/6319 1321/5196/6319

vn -0.0669135 -0.905956 0.418051
f 1311/1990/6320 1314/2000/6320 1321/5196/6320

vn -0.185134 -0.921226 0.342153
f 1312/1991/6321 1314/2000/6321 1311/1990/6321

vn -0.0632928 -0.906594 0.417231
vt 0.673619 0.40646
f 1314/2000/6322 1320/5197/6322 1321/5196/6322

vn -0.0462578 -0.919705 0.389875
f 1314/2000/6323 1315/2002/6323 1320/5197/6323

vn 0.671875 0.439843 -0.595922
f 1027/1577/6324 1029/1579/6324 1032/1936/6324

vn 0.68479 0.10574 -0.721028
f 1023/1573/6325 1269/1930/6325 1021/1571/6325

vn 0.682322 0.0934603 -0.725053
f 1021/1571/6326 1269/1930/6326 1019/1569/6326

vn -0.274493 0.508699 -0.816014
f 1011/1559/6327 1259/1919/6327 1258/1918/6327

vn -0.334027 0.554319 -0.762336
v 0.61738 1.29736 -0.11149
vt 0.486776 0.288731
f 1011/1559/6328 1258/1918/6328 3408/5198/6328

vn -0.619239 0.383842 -0.684988
vt 0.481095 0.298681
f 3408/5198/6329 1258/1918/6329 1240/5199/6329

vn -0.620761 0.389024 -0.680673
f 1258/1918/6330 1242/1904/6330 1240/5199/6330

vn -0.736929 0.38667 -0.554455
f 1240/5199/6331 1238/1894/6331 3408/5198/6331

vn -0.743166 0.411641 -0.527499
f 3408/5198/6332 1238/1894/6332 1010/1558/6332

vn -0.338079 0.607174 -0.719057
f 1010/1558/6333 1011/1559/6333 3408/5198/6333

vn -0.362248 0.463321 -0.808771
f 988/1530/6334 989/1529/6334 1229/1880/6334

vn -0.462364 0.515193 -0.721662
v 0.528584 1.70584 0.233023
vt 0.42051 0.795282
f 988/1530/6335 1229/1880/6335 3409/5200/6335

vn -0.671875 0.439842 -0.595923
v 0.501181 1.7042 0.26271
vt 0.426097 0.794198
f 1229/1880/6336 3410/5201/6336 3409/5200/6336

vn -0.587832 0.515626 -0.623364
f 3410/5201/6337 1229/1880/6337 1226/1877/6337

vn -0.739981 0.506146 -0.442996
f 1226/1877/6338 1222/1871/6338 3410/5201/6338

vn -0.731326 0.473763 -0.490623
vt 0.429748 0.794662
f 3410/5201/6339 1222/1871/6339 980/5202/6339

vn -0.785197 0.484274 -0.385933
f 1222/1871/6340 1177/1873/6340 980/5202/6340

vt 0.312717 0.418593
vn 0.17651 -0.938471 0.296844
vt 0.310625 0.419846
v 0.47239 1.69031 0.235895
vt 0.3118 0.414765
f 3410/5203/6341 980/5204/6341 3411/5205/6341

vn 0.410599 -0.890529 0.195872
v 0.44992 1.68402 0.254417
vt 0.309032 0.414835
f 980/5204/6342 3412/5206/6342 3411/5205/6342

vn -0.688629 0.596119 0.412835
vt 0.411449 0.467247
f 981/1514/6343 3412/5207/6343 980/1515/6343

v 0.429434 1.68367 0.212932
vt 0.409195 0.45883
vn -0.735079 0.575696 0.358095
f 3413/5208/6344 3412/5207/6344 981/1514/6344

vn -0.598186 0.747415 0.289042
v 0.414867 1.66478 0.231635
vt 0.414895 0.459052
f 3412/5207/6345 3413/5208/6345 3414/5209/6345

vn -0.683439 0.707002 0.181822
v 0.400571 1.66581 0.173881
vt 0.409607 0.449185
f 3413/5208/6346 3415/5210/6346 3414/5209/6346

vn -0.634607 0.763477 0.119903
v 0.423781 1.68916 0.148043
vt 0.402252 0.449305
f 3413/5208/6347 3416/5211/6347 3415/5210/6347

v 0.451709 1.70512 0.188741
vt 0.402115 0.458703
vn -0.618166 0.776894 0.119607
f 3417/5212/6348 3416/5211/6348 3413/5208/6348

v 0.457543 1.69959 0.121981
vt 0.394794 0.449316
vn -0.369009 0.92305 -0.108676
f 3418/5213/6349 3416/5211/6349 3417/5212/6349

vn -0.470646 0.838664 -0.274108
v 0.435229 1.67528 0.0859039
vt 0.394794 0.440671
f 3418/5213/6350 3419/5214/6350 3416/5211/6350

v 0.495661 1.69524 0.100625
vt 0.387138 0.449524
vn -0.168758 0.86258 -0.476944
f 3420/5215/6351 3419/5214/6351 3418/5213/6351

vn -0.17933 0.874787 -0.450099
v 0.472523 1.67195 0.064585
vt 0.387158 0.440842
f 3420/5215/6352 3421/5216/6352 3419/5214/6352

v 0.50481 1.6577 0.0523592
vt 0.380371 0.44073
vn 0.125704 0.794529 -0.594072
f 3422/5217/6353 3421/5216/6353 3420/5215/6353

vn 0.0937512 0.76209 -0.640647
v 0.482791 1.64561 0.0347499
vt 0.382263 0.435353
f 3422/5217/6354 3423/5218/6354 3421/5216/6354

v 0.537565 1.64001 0.0417319
vt 0.373028 0.440481
vn 0.159974 0.708904 -0.686923
f 3424/5219/6355 3423/5218/6355 3422/5217/6355

vn 0.160796 0.671526 -0.723324
v 0.489982 1.62029 0.0128478
vt 0.378188 0.430313
f 3423/5218/6356 3424/5219/6356 3425/5220/6356

vt 0.326265 0.402123
vn 0.0915618 -0.886204 0.454157
v 0.494834 1.64824 0.0663963
vt 0.321742 0.402216
vt 0.324019 0.397234
f 3424/5221/6357 3426/5222/6357 3425/5223/6357

vn 0.0669173 -0.905957 0.418048
v 0.519495 1.66612 0.10121
vt 0.321951 0.406402
f 3424/5221/6358 3427/5224/6358 3426/5222/6358

v 0.562175 1.65854 0.078265
vt 0.326381 0.40646
vn 0.0632972 -0.906595 0.417229
f 3428/5225/6359 3427/5224/6359 3424/5221/6359

v 0.578446 1.67863 0.123713
vt 0.325435 0.411111
vn 0.0462626 -0.919706 0.389873
f 3429/5226/6360 3427/5224/6360 3428/5225/6360

vn 0.0603862 -0.931267 0.359299
v 0.542249 1.68408 0.143931
vt 0.32167 0.41104
f 3429/5226/6361 3430/5227/6361 3427/5224/6361

vn 0.067329 -0.92642 0.370422
f 986/1526/6362 3430/5227/6362 3429/5226/6362

vn 0.108693 -0.949353 0.294815
f 986/1526/6363 987/1525/6363 3430/5227/6363

vn 0.145297 -0.9491 0.27946
v 0.493161 1.68546 0.174142
vt 0.316486 0.410995
f 987/1525/6364 3431/5228/6364 3430/5227/6364

vn 0.146001 -0.950847 0.273083
v 0.512315 1.69739 0.205426
vt 0.316486 0.414579
f 987/1525/6365 3432/5229/6365 3431/5228/6365

vn 0.137543 -0.955881 0.259563
f 988/1527/6366 3432/5229/6366 987/1525/6366

vn 0.143543 -0.966792 0.211445
vt 0.316486 0.417607
f 988/1527/6367 3409/5230/6367 3432/5229/6367

vn 0.270357 -0.95358 0.132638
f 3409/5230/6368 3411/5205/6368 3432/5229/6368

vn 0.270534 -0.942169 0.19781
f 3409/5230/6369 3410/5203/6369 3411/5205/6369

vn 0.299399 -0.938073 0.174297
f 3432/5229/6370 3411/5205/6370 3431/5228/6370

vn 0.316806 -0.931327 0.179623
v 0.446713 1.67599 0.206962
vt 0.311193 0.410972
f 3431/5228/6371 3411/5205/6371 3433/5231/6371

vn 0.365878 -0.921376 0.13115
f 3411/5205/6372 3412/5206/6372 3433/5231/6372

vt 0.308964 0.414722
vn 0.416142 -0.900768 0.124268
v 0.418536 1.65758 0.167817
vt 0.310875 0.406195
vt 0.311147 0.410899
f 3412/5232/6373 3434/5233/6373 3433/5234/6373

vn 0.413476 -0.901817 0.125554
vt 0.308963 0.414722
vt 0.307294 0.410855
f 3434/5233/6374 3412/5235/6374 3414/5236/6374

vt 0.31092 0.406268
vn 0.446735 -0.885798 0.125658
vt 0.307341 0.410929
v 0.38194 1.64328 0.197175
vt 0.306431 0.40621
f 3434/5237/6375 3414/5238/6375 3435/5239/6375

vn -0.66097 0.729321 0.176659
vt 0.41659 0.449114
f 3414/5209/6376 3415/5210/6376 3435/5240/6376

v 0.35961 1.62554 0.159298
vt 0.415879 0.440036
vn -0.715124 0.692175 0.097422
f 3436/5241/6377 3435/5240/6377 3415/5210/6377

vn 0.456823 -0.878159 0.141952
vt 0.306574 0.401881
f 3434/5237/6378 3435/5239/6378 3436/5242/6378

vn 0.455153 -0.877507 0.151054
v 0.397653 1.64034 0.1306
vt 0.31113 0.402072
f 3434/5237/6379 3436/5242/6379 3437/5243/6379

vn 0.48154 -0.853694 0.198307
v 0.35403 1.60924 0.102666
vt 0.308976 0.397041
f 3437/5243/6380 3436/5242/6380 3438/5244/6380

vt 0.410587 0.430138
vn -0.804007 0.587772 -0.0899783
v 0.373716 1.6368 0.106781
vt 0.406769 0.435147
f 3438/5245/6381 3436/5241/6381 3439/5246/6381

vn -0.774726 0.628012 -0.0734901
v 0.379808 1.64761 0.134907
vt 0.408773 0.440426
f 3439/5246/6382 3436/5241/6382 3440/5247/6382

vn -0.709033 0.70346 0.0491547
f 3440/5247/6383 3436/5241/6383 3415/5210/6383

vn -0.69141 0.721788 0.0312048
f 3416/5211/6384 3440/5247/6384 3415/5210/6384

vn -0.677883 0.73341 -0.0508392
v 0.401729 1.66623 0.111336
vt 0.402193 0.440685
f 3416/5211/6385 3441/5248/6385 3440/5247/6385

vn -0.437859 0.856867 -0.272135
f 3419/5214/6386 3441/5248/6386 3416/5211/6386

vn -0.49892 0.778727 -0.380347
v 0.384312 1.63756 0.0754721
vt 0.401803 0.432055
f 3419/5214/6387 3442/5249/6387 3441/5248/6387

vn -0.501094 0.780088 -0.374657
v 0.411522 1.64053 0.0452744
vt 0.394794 0.430599
f 3419/5214/6388 3443/5250/6388 3442/5249/6388

v 0.449998 1.64286 0.0320948
vt 0.387457 0.432106
vn -0.236339 0.802304 -0.548135
f 3444/5251/6389 3443/5250/6389 3419/5214/6389

vn -0.269338 0.698693 -0.662786
v 0.440037 1.60958 0.00105941
vt 0.385831 0.423526
f 3444/5251/6390 3445/5252/6390 3443/5250/6390

vn 0.0283122 0.677191 -0.735263
f 3444/5251/6391 3425/5220/6391 3445/5252/6391

vn 0.00631499 0.655325 -0.755321
f 3423/5218/6392 3425/5220/6392 3444/5251/6392

vn -0.00887318 0.748057 -0.663575
f 3423/5218/6393 3444/5251/6393 3421/5216/6393

vn -0.242239 0.800272 -0.548531
f 3421/5216/6394 3444/5251/6394 3419/5214/6394

vn 0.0827036 -0.886566 0.455149
vt 0.320675 0.393799
f 3426/5222/6395 3445/5253/6395 3425/5223/6395

vn 0.204824 -0.908027 0.365423
v 0.445166 1.64958 0.0975704
vt 0.316486 0.402186
f 3426/5222/6396 3446/5254/6396 3445/5253/6396

vn 0.191109 -0.919294 0.344057
v 0.46745 1.66742 0.132855
vt 0.316486 0.406272
f 3426/5222/6397 3447/5255/6397 3446/5254/6397

vn 0.185134 -0.921226 0.342153
f 3427/5224/6398 3447/5255/6398 3426/5222/6398

vt 0.316471 0.406306
vn 0.163311 -0.93742 0.307528
vt 0.321936 0.406426
vt 0.321663 0.411065
vt 0.316491 0.410982
f 3447/5256/6399 3427/5257/6399 3430/5258/6399 3431/5259/6399 

vt 0.310979 0.406368
vn 0.328252 -0.923453 0.198708
vt 0.316545 0.406375
vt 0.316517 0.41111
vt 0.311249 0.411072
f 3434/5260/6400 3447/5261/6400 3431/5262/6400 3433/5263/6400 

vn 0.34584 -0.910278 0.22757
f 3447/5255/6401 3434/5237/6401 3437/5243/6401

vn 0.344256 -0.90734 0.241293
f 3447/5255/6402 3437/5243/6402 3446/5254/6402

vn 0.358241 -0.895296 0.26478
v 0.363878 1.60339 0.0513738
vt 0.312346 0.393705
f 3446/5254/6403 3437/5243/6403 3448/5264/6403

vn 0.485953 -0.852951 0.190589
f 3437/5243/6404 3438/5244/6404 3448/5264/6404

vt 0.403293 0.423769
vn -0.763312 0.608849 -0.216005
f 3448/5265/6405 3438/5245/6405 3442/5249/6405

vn -0.77078 0.587431 -0.246625
f 3442/5249/6406 3438/5245/6406 3439/5246/6406

vn -0.690167 0.690397 -0.216842
f 3441/5248/6407 3442/5249/6407 3439/5246/6407

vn -0.710997 0.694106 -0.112693
f 3439/5246/6408 3440/5247/6408 3441/5248/6408

vn -0.582184 0.6715 -0.458421
f 3443/5250/6409 3448/5265/6409 3442/5249/6409

vn -0.584843 0.67676 -0.447163
v 0.394626 1.60594 0.0150142
vt 0.394794 0.421647
f 3443/5250/6410 3449/5266/6410 3448/5265/6410

vn -0.259534 0.704511 -0.660535
f 3445/5252/6411 3449/5266/6411 3443/5250/6411

vn 0.186131 -0.911126 0.367701
vt 0.316486 0.392654
f 3446/5254/6412 3449/5267/6412 3445/5253/6412

vn 0.36797 -0.896042 0.248407
f 3446/5254/6413 3448/5264/6413 3449/5267/6413

vn 0.409833 0.821647 -0.396149
vt 0.374474 0.4597
v 0.554671 1.69378 0.130549
vt 0.379996 0.459297
f 986/1523/6414 3429/5268/6414 3450/5269/6414

vn 0.354546 0.785218 -0.507671
v 0.531019 1.67684 0.087826
vt 0.379583 0.449615
f 3429/5268/6415 3451/5270/6415 3450/5269/6415

vn 0.331063 0.813552 -0.478048
vt 0.372472 0.449729
f 3429/5268/6416 3428/5271/6416 3451/5270/6416

vn 0.27531 0.769756 -0.575918
f 3428/5271/6417 3424/5219/6417 3451/5270/6417

vn 0.228494 0.776158 -0.587681
f 3424/5219/6418 3422/5217/6418 3451/5270/6418

vn 0.20287 0.791234 -0.576882
f 3451/5270/6419 3422/5217/6419 3420/5215/6419

vn 0.271173 0.843604 -0.463463
v 0.520412 1.71082 0.143471
vt 0.38737 0.458936
f 3451/5270/6420 3420/5215/6420 3452/5272/6420

vn -0.0655277 0.949319 -0.307408
v 0.48394 1.71494 0.163963
vt 0.394794 0.459046
f 3452/5272/6421 3420/5215/6421 3453/5273/6421

vn -0.063693 0.949532 -0.307134
f 3420/5215/6422 3418/5213/6422 3453/5273/6422

vn -0.365151 0.924608 -0.108467
f 3453/5273/6423 3418/5213/6423 3417/5212/6423

vn -0.319485 0.946734 -0.0402936
f 983/1518/6424 3453/5273/6424 3417/5212/6424

vn -0.0385524 0.973097 -0.227146
f 984/1520/6425 3453/5273/6425 983/1518/6425

vn -0.0313673 0.967661 -0.250295
f 984/1520/6426 3452/5272/6426 3453/5273/6426

vn 0.213443 0.907874 -0.360842
f 985/1522/6427 3452/5272/6427 984/1520/6427

vn 0.251098 0.852551 -0.458373
f 985/1522/6428 3450/5269/6428 3452/5272/6428

vn 0.563373 0.636571 -0.526677
f 986/1523/6429 3450/5269/6429 985/1522/6429

vn 0.243851 0.847673 -0.471156
f 3450/5269/6430 3451/5270/6430 3452/5272/6430

vn -0.315403 0.946857 -0.0631035
f 983/1518/6431 3417/5212/6431 982/1516/6431

vn -0.545532 0.826185 0.14076
f 982/1516/6432 3417/5212/6432 981/1514/6432

vn -0.603201 0.785089 0.140652
f 981/1514/6433 3417/5212/6433 3413/5208/6433

vn 0.958018 0.27058 0.0947988
vt 0.545599 0.815264
f 1154/1765/6434 1064/1766/6434 1065/5274/6434

v 0.750103 1.64073 0.0743529
vt 0.552164 0.829943
vn 0.995656 0.0928972 -0.00622364
f 3454/5275/6435 1154/1765/6435 1065/5274/6435

vn 0.994813 0.0978494 -0.0278115
f 1151/1761/6436 1154/1765/6436 3454/5275/6436

vn 0.844712 0.534944 0.0172361
f 1151/1761/6437 1152/1762/6437 1154/1765/6437

v 0.739104 1.64946 -0.00231404
vt 0.555343 0.845005
vn 0.9868 -0.0638254 -0.148839
f 3455/5276/6438 1151/1761/6438 3454/5275/6438

vn 0.991278 -0.0699228 -0.111712
f 1150/1760/6439 1151/1761/6439 3455/5276/6439

v 0.727566 1.66422 -0.0913559
vt 0.55647 0.861789
vn 0.982885 -0.112362 -0.145985
f 3456/5277/6440 1150/1760/6440 3455/5276/6440

vn 0.97476 -0.0963466 -0.201396
f 1149/1759/6441 1150/1760/6441 3456/5277/6441

vn 0.520439 -0.686863 -0.50731
v 0.686413 1.69032 -0.168919
vt 0.559387 0.877388
f 3456/5277/6442 3457/5278/6442 1149/1759/6442

vn 0.463669 -0.73575 -0.493642
v 0.686413 1.63998 -0.0938862
vt 0.564519 0.862665
f 3456/5277/6443 3458/5279/6443 3457/5278/6443

vn 0.463201 -0.734755 -0.49556
v 0.708014 1.61365 -0.0346558
vt 0.565033 0.850493
f 3456/5277/6444 3459/5280/6444 3458/5279/6444

vn 0.821008 -0.536464 -0.195326
f 3456/5277/6445 3455/5276/6445 3459/5280/6445

vn 0.795798 -0.164615 -0.582759
v 0.72871 1.60789 -0.00476628
vt 0.563864 0.843242
f 3459/5280/6446 3455/5276/6446 3460/5281/6446

vn 0.908493 -0.205716 -0.363761
v 0.753053 1.59475 0.0634623
vt 0.561477 0.828792
f 3460/5281/6447 3455/5276/6447 3461/5282/6447

vn 0.986907 0.0942849 -0.130865
f 3455/5276/6448 3454/5275/6448 3461/5282/6448

vn 0.996203 0.0745398 -0.0449715
vt 0.556233 0.816277
f 3461/5282/6449 3454/5275/6449 1066/5283/6449

vn 0.992368 0.123044 -0.00814984
f 3454/5275/6450 1065/5274/6450 1066/5283/6450

vn 0.996148 -0.0776873 -0.0406652
vt 0.565467 0.816637
f 3461/5282/6451 1066/5283/6451 1067/5284/6451

v 0.754562 1.55416 0.0543931
vt 0.569601 0.827356
vn 0.998558 0.0267185 0.0465722
f 3462/5285/6452 3461/5282/6452 1067/5284/6452

v 0.741347 1.59126 -0.00540603
vt 0.567512 0.841026
vn 0.982477 0.0746845 -0.170768
f 3463/5286/6453 3461/5282/6453 3462/5285/6453

vn 0.782384 0.600986 -0.163375
f 3463/5286/6454 3460/5281/6454 3461/5282/6454

vn 0.724801 0.566043 -0.392758
f 3459/5280/6455 3460/5281/6455 3463/5286/6455

vn 0.670576 0.707667 -0.222566
f 3463/5286/6456 1117/1711/6456 3459/5280/6456

vn 0.848597 0.463609 -0.254852
f 1115/1709/6457 1117/1711/6457 3463/5286/6457

vn 0.941303 0.290681 -0.171619
v 0.752119 1.55578 -0.00643357
vt 0.574051 0.838226
f 1115/1709/6458 3463/5286/6458 3464/5287/6458

vn 0.956195 0.29112 -0.0306643
f 3464/5287/6459 3463/5286/6459 3462/5285/6459

vn 0.922018 -0.384256 -0.0472286
f 3464/5287/6460 3462/5285/6460 1074/1645/6460

vn 0.962226 -0.202792 -0.181648
f 1074/1645/6461 3462/5285/6461 1071/1639/6461

vn 0.952772 -0.277069 0.124335
vt 0.575398 0.816674
f 1071/1639/6462 3462/5285/6462 1068/5288/6462

vn 0.938109 -0.344749 0.0331732
f 3462/5285/6463 1067/5284/6463 1068/5288/6463

vn 0.838376 -0.541119 0.0656922
f 1071/1639/6464 1068/5288/6464 1069/1637/6464

vn 0.898644 -0.406115 -0.165861
f 1075/1647/6465 3464/5287/6465 1074/1645/6465

vn 0.889346 -0.432036 -0.149694
f 1115/1709/6466 3464/5287/6466 1075/1647/6466

vn 0.511203 0.794326 -0.328205
v 0.686413 1.61807 -0.0575954
vt 0.566739 0.855801
f 1117/1711/6467 3465/5289/6467 3459/5280/6467

vn 0.535324 0.794642 -0.286308
f 1117/1711/6468 1118/1712/6468 3465/5289/6468

vt 0.433261 0.855801
vn -0.535324 0.794642 -0.286308
vt 0.428173 0.859969
v 0.650785 1.58677 -0.0778711
vt 0.425841 0.853271
f 3465/5290/6469 1118/5291/6469 3466/5292/6469

vn -0.548027 0.769986 -0.326785
f 1118/5291/6470 1125/1722/6470 3466/5292/6470

vn -0.565648 0.763472 -0.311695
vt 0.421545 0.865416
f 1118/5291/6471 1119/5293/6471 1125/1722/6471

vn -0.563806 0.73262 -0.381301
f 1119/5293/6472 1124/1720/6472 1125/1722/6472

vn -0.600472 0.714827 -0.358407
f 1123/1721/6473 1124/1720/6473 1119/5293/6473

vn 0.600472 0.714827 -0.358407
f 1120/1714/6474 1123/1719/6474 1119/1713/6474

vn -0.839646 0.460452 -0.288058
f 1125/1722/6475 1126/1723/6475 3466/5292/6475

vn -0.848597 0.463609 -0.254852
f 1126/1723/6476 1127/1724/6476 3466/5292/6476

v 0.664812 1.61365 -0.0346558
vt 0.434967 0.850493
vn -0.670576 0.707667 -0.222566
f 3467/5294/6477 3466/5292/6477 1127/1724/6477

vn -0.511203 0.794326 -0.328205
f 3465/5290/6478 3466/5292/6478 3467/5294/6478

vt 0.435481 0.862665
vn -0.349923 -0.801978 -0.484133
f 3458/5295/6479 3465/5290/6479 3467/5294/6479

vn 0.349923 -0.801978 -0.484133
f 3459/5280/6480 3465/5289/6480 3458/5279/6480

vn -0.463201 -0.734755 -0.49556
v 0.645259 1.66422 -0.0913559
vt 0.44353 0.861789
f 3458/5295/6481 3467/5294/6481 3468/5296/6481

vn -0.821008 -0.536464 -0.195326
f 3468/5296/6482 3467/5294/6482 1129/1726/6482

vn -0.795798 -0.164615 -0.582759
f 3467/5294/6483 1128/1725/6483 1129/1726/6483

vn -0.724801 0.566043 -0.392758
f 3467/5294/6484 1127/1724/6484 1128/1725/6484

vn -0.982885 -0.112362 -0.145985
v 0.637917 1.71193 -0.0786434
vt 0.452335 0.861918
f 3468/5296/6485 1129/1726/6485 3469/5297/6485

vn -0.991278 -0.0699228 -0.111712
f 3469/5297/6486 1129/1726/6486 1130/1727/6486

vn -0.836477 0.546495 0.0406017
f 3469/5297/6487 1130/1727/6487 1134/1731/6487

vn -0.845876 0.532636 0.0281756
f 1134/1731/6488 1130/1727/6488 1131/1728/6488

v 0.648869 1.73744 -0.151197
vt 0.452381 0.875834
vn -0.838324 0.541426 0.063804
f 3470/5298/6489 3469/5297/6489 1134/1731/6489

v 0.655312 1.70801 -0.160958
vt 0.446798 0.875776
vn -0.969215 -0.146578 -0.197832
f 3471/5299/6490 3469/5297/6490 3470/5298/6490

vn -0.97476 -0.0963466 -0.201396
f 3471/5299/6491 3468/5296/6491 3469/5297/6491

vt 0.440613 0.877388
vn -0.520439 -0.686863 -0.50731
f 3457/5300/6492 3468/5296/6492 3471/5299/6492

vn -0.463669 -0.73575 -0.493642
f 3457/5300/6493 3458/5295/6493 3468/5296/6493

vn -0.509777 -0.635393 -0.580003
f 1147/1756/6494 3457/5300/6494 3471/5299/6494

vn 0.509777 -0.635393 -0.580003
f 1149/1759/6495 3457/5278/6495 1147/1758/6495

vn 0.536152 -0.61448 -0.578753
f 1149/1759/6496 1147/1758/6496 1148/1757/6496

vn -0.536152 -0.61448 -0.578753
f 1147/1756/6497 3471/5299/6497 1146/1755/6497

vn -0.957432 -0.123 -0.26114
f 1146/1755/6498 3471/5299/6498 3470/5298/6498

vn -0.955018 -0.13457 -0.264257
f 1146/1755/6499 3470/5298/6499 1145/1754/6499

vn -0.841203 0.521254 0.143775
f 1145/1754/6500 3470/5298/6500 1135/1732/6500

vn -0.835385 0.546016 0.0632351
f 3470/5298/6501 1134/1731/6501 1135/1732/6501

vn -0.809328 0.566879 0.153744
f 1145/1754/6502 1135/1732/6502 1138/1752/6502

vn 0.763312 0.608849 -0.216005
f 1047/1601/6503 1045/1599/6503 1051/1609/6503

vn -0.952193 -0.156395 0.26243
f 939/1456/6504 972/1504/6504 938/1454/6504

vn -0.951969 -0.154727 0.264223
v 0.56364 2.02303 0.494834
vt 0.457659 0.982977
f 938/1454/6505 972/1504/6505 3472/5301/6505

vn -0.638183 -0.259501 0.724832
v 0.617189 2.01385 0.538697
vt 0.469494 0.982987
f 3472/5301/6506 972/1504/6506 3473/5302/6506

vn -0.681775 -0.165349 0.71263
f 3473/5302/6507 972/1504/6507 970/1500/6507

vn -0.250651 -0.212431 0.944482
f 3473/5302/6508 970/1500/6508 875/1502/6508

vn -0.24837 -0.208725 0.94591
vt 0.481372 0.983843
f 3473/5302/6509 875/1502/6509 876/5303/6509

v 0.630737 2.03831 0.549712
vt 0.471859 0.987382
vn -0.244849 -0.28215 0.927599
f 3474/5304/6510 3473/5302/6510 876/5303/6510

vt 0.466087 0.987384
vn -0.33824 -0.224266 0.913947
f 935/5305/6511 3473/5302/6511 3474/5304/6511

vn -0.611756 -0.445505 0.653666
f 935/5305/6512 3472/5301/6512 3473/5302/6512

vt 0.457784 0.987387
vn -0.643759 -0.39255 0.656871
f 936/5306/6513 3472/5301/6513 935/5305/6513

vn -0.930547 -0.288682 0.225267
f 937/1455/6514 3472/5301/6514 936/5306/6514

vn -0.930859 -0.285952 0.227451
f 938/1454/6515 3472/5301/6515 937/1455/6515

vt 0.274361 0.844692
vn -0.0163249 -0.991714 -0.127428
f 3474/5307/6516 934/1450/6516 935/1451/6516

vt 0.269343 0.836002
vn 0.0154769 -0.992025 -0.125089
f 877/5308/6517 934/1450/6517 3474/5307/6517

vn -0.00954339 -0.98414 -0.177137
f 877/5308/6518 878/1449/6518 934/1450/6518

vn -0.225945 -0.236346 0.945034
vt 0.481236 0.988045
f 3474/5304/6519 876/5303/6519 877/5309/6519

vn 0.452423 0.271417 -0.849498
f 865/1368/6520 869/1374/6520 963/1488/6520

vn 0.162546 0.287607 -0.943854
f 865/1368/6521 963/1488/6521 863/1369/6521

vn 0.162374 0.310088 -0.936739
v 0.686413 1.85612 0.24514
vt 0.59397 0.950598
f 863/1369/6522 963/1488/6522 3475/5310/6522

vn 0.136621 0.33479 -0.932336
f 963/1488/6523 960/1483/6523 3475/5310/6523

vn 0.136624 0.316835 -0.938589
f 3475/5310/6524 960/1483/6524 958/1480/6524

vt 0.40603 0.950598
vn -0.136624 0.316835 -0.938589
v 0.636889 1.85388 0.251593
vt 0.413593 0.948503
f 3475/5311/6525 958/1479/6525 3476/5312/6525

vn -0.0994318 0.354559 -0.929732
f 3476/5312/6526 958/1479/6526 957/1477/6526

vt 0.411776 0.940197
vn -0.429308 0.340482 -0.83652
v 0.589001 1.8455 0.272758
vt 0.42203 0.945831
vt 0.424011 0.95485
vt 0.413589 0.948443
f 957/5313/6527 3477/5314/6527 859/5315/6527 3476/5316/6527 

vt 0.422034 0.945892
vn -0.385779 0.392006 -0.835168
v 0.581327 1.80015 0.255017
vt 0.420335 0.937654
f 3477/5317/6528 957/1477/6528 3478/5318/6528

vn -0.38583 0.390032 -0.836068
f 957/1477/6529 953/1471/6529 3478/5318/6529

vn -0.307733 0.472603 -0.825801
f 3478/5318/6530 953/1471/6530 950/1468/6530

vn -0.648169 0.443395 -0.619095
f 950/1468/6531 947/1465/6531 3478/5318/6531

vn -0.714112 0.540602 -0.444739
f 3478/5318/6532 947/1465/6532 944/1462/6532

vn -0.748985 0.374386 -0.546677
f 3478/5318/6533 944/1462/6533 942/1460/6533

vn -0.768459 0.341689 -0.541035
f 3478/5318/6534 942/1460/6534 3477/5317/6534

vn -0.773657 0.276826 -0.569931
f 3477/5317/6535 942/1460/6535 860/1459/6535

vn -0.783069 0.261187 -0.564433
f 3477/5317/6536 860/1459/6536 859/1363/6536

vn -0.448654 0.318005 -0.835214
f 861/1362/6537 3476/5312/6537 859/1363/6537

vn -0.136621 0.33479 -0.932336
f 861/1362/6538 3475/5311/6538 3476/5312/6538

vn -0.162374 0.310088 -0.936739
f 863/1365/6539 3475/5311/6539 861/1362/6539

vn -0.29408 -0.866774 -0.402766
f 852/1349/6540 913/1425/6540 851/1348/6540

vn -0.379524 -0.807928 -0.450792
f 851/1348/6541 913/1425/6541 912/1424/6541

vn -0.414525 -0.704835 -0.575654
f 851/1348/6542 912/1424/6542 850/1347/6542

v 0.465061 2.15177 0.375435
vt 0.265287 0.890625
vn -0.587723 -0.426551 -0.687486
f 3479/5319/6543 850/1347/6543 912/1424/6543

vn -0.592809 -0.447064 -0.669859
f 849/1346/6544 850/1347/6544 3479/5319/6544

v 0.457619 2.20128 0.371913
vt 0.229718 0.913736
vn -0.678813 -0.153112 -0.718171
vt 0.230131 0.90625
f 3480/5320/6545 849/1345/6545 3479/5321/6545

vn -0.672081 -0.134843 -0.728097
f 848/1344/6546 849/1345/6546 3480/5320/6546

v 0.45309 2.26439 0.373436
vt 0.230117 0.922739
vn -0.68401 -0.0315106 -0.728792
f 3481/5322/6547 848/1344/6547 3480/5320/6547

vn -0.656094 0.0155616 -0.754519
f 847/1343/6548 848/1344/6548 3481/5322/6548

vn -0.657755 0.0532204 -0.751349
f 846/1342/6549 847/1343/6549 3481/5322/6549

vn -0.756564 0.0433119 -0.652484
v 0.414559 2.3122 0.421287
vt 0.238451 0.928943
f 3481/5322/6550 3482/5323/6550 846/1342/6550

vn -0.753589 0.0487627 -0.655535
v 0.413081 2.25708 0.418885
vt 0.238369 0.921883
f 3481/5322/6551 3483/5324/6551 3482/5323/6551

vn -0.747064 -0.0376074 -0.663687
f 3480/5320/6552 3483/5324/6552 3481/5322/6552

vn -0.738533 -0.0222412 -0.67385
v 0.416692 2.19488 0.41698
vt 0.238411 0.913535
f 3480/5320/6553 3484/5325/6553 3483/5324/6553

vn -0.720041 -0.156316 -0.676096
f 3480/5320/6554 3479/5321/6554 3484/5325/6554

vn -0.741216 -0.220691 -0.633951
vt 0.238648 0.90625
f 3479/5321/6555 911/5326/6555 3484/5325/6555

vn -0.66552 -0.433602 -0.607513
f 3479/5319/6556 912/1424/6556 911/1423/6556

vn -0.940227 -0.247693 -0.233714
v 0.403588 2.18757 0.477448
vt 0.24693 0.913101
f 3484/5325/6557 911/5326/6557 3485/5327/6557

vn -0.941846 -0.203098 -0.267727
v 0.413745 2.14101 0.477034
vt 0.247183 0.90625
f 911/5326/6558 3486/5328/6558 3485/5327/6558

vn -0.858349 -0.442364 -0.259908
vt 0.282339 0.890625
f 911/1423/6559 908/1420/6559 3486/5329/6559

vn -0.910192 -0.389711 0.140272
f 3486/5329/6560 908/1420/6560 905/1415/6560

vn -0.956227 -0.164868 0.241761
f 3486/5329/6561 905/1415/6561 824/1417/6561

vn -0.958739 -0.148673 0.242314
v 0.422457 2.1763 0.533155
vt 0.255573 0.912032
f 3486/5328/6562 824/1309/6562 3487/5330/6562

vn -0.881742 -0.157103 0.444802
f 824/1309/6563 825/1310/6563 3487/5330/6563

vn -0.882414 -0.14338 0.448094
f 3487/5330/6564 825/1310/6564 826/1311/6564

vn -0.894217 -0.114735 0.43268
v 0.416622 2.23699 0.537189
vt 0.254455 0.920784
f 3487/5330/6565 826/1311/6565 3488/5331/6565

usemtl _auto_14
vt 0.033931 1.80631
vn -0.88231 -0.0695991 0.465494
v 0.436718 2.28138 0.581918
vt 0.056656 1.84232
f 3488/5332/6566 826/1312/6566 3489/5333/6566

vn -0.897272 -0.0668131 0.436393
f 826/1312/6567 827/1314/6567 3489/5333/6567

vn -0.891853 -0.0331612 0.451109
f 3489/5333/6568 827/1314/6568 828/1315/6568

vt 0.0968544 1.87051
vn -0.904897 0.0599652 0.421386
vt 0.0528099 1.88194
v 0.418947 2.30267 0.540797
vt 0.0250373 1.84773
vt 0.0564822 1.84224
f 828/5334/6569 834/5335/6569 3490/5336/6569 3489/5337/6569 

vt 0.052982 1.88202
vn -0.886481 0.115497 0.44812
f 834/5338/6570 828/1315/6570 829/1317/6570

vt 0.02519 1.8478
vn -0.911449 0.0897842 0.401496
f 3490/5339/6571 834/5338/6571 833/1327/6571

usemtl _auto_15
v 0.407504 2.3741 0.502485
vt 0.24842 0.936661
vn -0.899142 0.0860995 0.429104
vt 0.253899 0.928764
vt 0.254079 0.936586
f 3491/5340/6572 3490/5341/6572 833/5342/6572

v 0.399033 2.31329 0.490583
vt 0.247293 0.929397
vn -0.924149 0.0547334 0.37809
f 3492/5343/6573 3490/5341/6573 3491/5340/6573

v 0.398107 2.24704 0.482091
vt 0.246861 0.921139
vn -0.931449 -0.0334135 0.362334
f 3493/5344/6574 3490/5341/6574 3492/5343/6574

vn -0.946911 0.0158876 0.321103
f 3493/5344/6575 3488/5331/6575 3490/5341/6575

vt 0.254453 0.920778
vn -0.94795 -0.110833 0.298507
vt 0.245936 0.921677
vt 0.246928 0.913095
vt 0.255571 0.912026
f 3488/5345/6576 3493/5346/6576 3485/5347/6576 3487/5348/6576 

vn -0.972888 -0.0725219 -0.21961
f 3484/5325/6577 3485/5327/6577 3493/5344/6577

vn -0.970119 -0.0490522 -0.23762
f 3484/5325/6578 3493/5344/6578 3483/5324/6578

vn -0.973702 0.0359104 -0.224977
f 3483/5324/6579 3493/5344/6579 3482/5323/6579

vn -0.974819 0.0417098 -0.219063
f 3482/5323/6580 3493/5344/6580 3492/5343/6580

vn -0.973043 -0.0787323 -0.216768
v 0.403128 2.34699 0.459961
vt 0.243439 0.933319
f 3482/5323/6581 3492/5343/6581 3494/5349/6581

vn -0.990733 0.134884 0.0159557
f 3494/5349/6582 3492/5343/6582 3491/5340/6582

vn -0.994198 0.100552 0.0381988
v 0.408315 2.39393 0.471416
vt 0.244786 0.938859
f 3494/5349/6583 3491/5340/6583 3495/5350/6583

vn -0.983747 0.161914 0.0776244
v 0.416002 2.42441 0.505262
vt 0.248571 0.942321
f 3495/5350/6584 3491/5340/6584 3496/5351/6584

vn -0.966969 0.152071 0.20456
v 0.41664 2.40858 0.520041
vt 0.250333 0.940726
f 3491/5340/6585 3497/5352/6585 3496/5351/6585

vn -0.90524 0.023848 0.42423
f 3491/5340/6586 833/5342/6586 3497/5352/6586

vn -0.826158 0.126249 0.549112
vt 0.254583 0.945716
f 3497/5352/6587 833/5342/6587 835/5353/6587

v 0.434128 2.46171 0.515606
vt 0.249585 0.946749
vn -0.868886 0.317665 0.379639
f 3498/5354/6588 3497/5352/6588 835/5353/6588

vn -0.869661 0.317764 0.377777
f 3496/5351/6589 3497/5352/6589 3498/5354/6589

v 0.429482 2.45807 0.496995
vt 0.247607 0.946052
vn -0.905076 0.398715 0.147865
f 3499/5355/6590 3496/5351/6590 3498/5354/6590

v 0.418754 2.43267 0.492515
vt 0.247202 0.943231
vn -0.923149 0.381433 0.0480124
f 3500/5356/6591 3496/5351/6591 3499/5355/6591

v 0.414419 2.41416 0.475084
vt 0.245226 0.94122
vn -0.964311 0.261983 -0.0383367
f 3501/5357/6592 3496/5351/6592 3500/5356/6592

vn -0.953574 0.296856 -0.0507371
f 3495/5350/6593 3496/5351/6593 3501/5357/6593

v 0.416177 2.4093 0.461541
vt 0.243616 0.940812
vn -0.918294 0.319423 -0.23389
f 3502/5358/6594 3495/5350/6594 3501/5357/6594

v 0.41614 2.39379 0.449839
vt 0.242081 0.939093
vn -0.909191 0.252153 -0.331347
f 3503/5359/6595 3495/5350/6595 3502/5358/6595

vn -0.928699 0.153028 -0.337788
v 0.410041 2.36493 0.453533
vt 0.242493 0.935539
f 3503/5359/6596 3504/5360/6596 3495/5350/6596

v 0.41705 2.37701 0.440695
vt 0.24078 0.937139
vn -0.919933 0.147937 -0.363095
f 3505/5361/6597 3504/5360/6597 3503/5359/6597

v 0.423906 2.36732 0.424333
vt 0.238421 0.935996
vn -0.903169 0.07484 -0.422712
f 3506/5362/6598 3504/5360/6598 3505/5361/6598

v 0.417584 2.34652 0.424039
vt 0.238646 0.933269
vn -0.877667 0.272281 -0.394416
f 3507/5363/6599 3504/5360/6599 3506/5362/6599

vn -0.904563 0.217164 -0.366886
f 3507/5363/6600 3494/5349/6600 3504/5360/6600

vn -0.921453 0.111073 -0.372273
f 3482/5323/6601 3494/5349/6601 3507/5363/6601

v 0.441074 2.35188 0.393038
vt 0.233741 0.934134
vn -0.801184 0.117671 -0.586735
f 3508/5364/6602 3482/5323/6602 3507/5363/6602

vn -0.756371 0.0406319 -0.65288
f 846/1342/6603 3482/5323/6603 3508/5364/6603

vn -0.655211 0.122158 -0.745504
f 845/1341/6604 846/1342/6604 3508/5364/6604

v 0.443422 2.3829 0.391567
vt 0.233758 0.937862
vn -0.564937 0.00364946 -0.825126
f 3509/5365/6605 845/1341/6605 3508/5364/6605

v 0.450556 2.40412 0.390627
vt 0.233522 0.940286
vn -0.516257 0.136049 -0.845559
f 3510/5366/6606 845/1341/6606 3509/5365/6606

vn -0.627536 0.0742924 -0.775035
f 3510/5366/6607 844/1340/6607 845/1341/6607

vn -0.601202 0.247306 -0.759866
f 843/1339/6608 844/1340/6608 3510/5366/6608

v 0.44166 2.42854 0.388834
vt 0.127489 0.850726
vn 0.846877 0.275118 -0.455093
vt 0.127558 0.847856
vt 0.132182 0.848003
f 3511/5367/6609 843/5368/6609 3510/5369/6609

vn 0.588096 0.808393 -0.0253915
v 0.430843 2.43706 0.409503
vt 0.122333 0.849422
f 843/5368/6610 3511/5367/6610 3512/5370/6610

vn 0.637588 0.770206 0.016247
v 0.409792 2.455 0.385499
vt 0.121515 0.85727
f 3511/5367/6611 3513/5371/6611 3512/5370/6611

vn 0.641469 0.763789 -0.0717202
v 0.423101 2.4417 0.362968
vt 0.127412 0.857665
f 3511/5367/6612 3514/5372/6612 3513/5371/6612

vn 0.842188 0.266659 -0.468628
v 0.441561 2.40896 0.377515
vt 0.132182 0.851463
f 3514/5372/6613 3511/5367/6613 3515/5373/6613

vn 0.837548 0.27027 -0.474835
f 3515/5373/6614 3511/5367/6614 3510/5369/6614

v 0.432693 2.38587 0.377149
vt 0.137035 0.851607
vn 0.742302 -0.27541 -0.610849
f 3516/5374/6615 3515/5373/6615 3510/5369/6615

v 0.422776 2.41939 0.349805
vt 0.132182 0.858142
vn 0.744101 -0.276141 -0.608326
f 3517/5375/6616 3515/5373/6616 3516/5374/6616

vn 0.841487 0.265384 -0.470608
f 3517/5375/6617 3514/5372/6617 3515/5373/6617

v 0.392481 2.45668 0.333962
vt 0.127796 0.865916
vn 0.729077 0.339858 -0.594091
f 3518/5376/6618 3514/5372/6618 3517/5375/6618

vn 0.564092 0.806048 -0.179127
v 0.380755 2.46896 0.352288
vt 0.123427 0.866608
f 3514/5372/6619 3518/5376/6619 3519/5377/6619

vn 0.396496 0.859614 -0.322265
v 0.351127 2.47337 0.327584
vt 0.125432 0.873558
f 3518/5376/6620 3520/5378/6620 3519/5377/6620

vn 0.396503 0.857585 -0.327618
v 0.359589 2.46372 0.312573
vt 0.128864 0.872751
f 3518/5376/6621 3521/5379/6621 3520/5378/6621

vt 0.127777 0.865948
vn 0.555238 0.428241 -0.712966
v 0.359422 2.44687 0.302322
vt 0.132177 0.872835
vt 0.128846 0.872783
f 3518/5380/6622 3522/5381/6622 3521/5382/6622

vn 0.5547 0.429316 -0.712738
vt 0.127776 0.865948
v 0.392156 2.43455 0.32038
vt 0.132163 0.866041
f 3522/5381/6623 3518/5383/6623 3523/5384/6623

vt 0.132182 0.86601
vn 0.733481 0.347703 -0.584045
f 3523/5385/6624 3518/5376/6624 3517/5375/6624

vt 0.132252 0.858155
vn 0.609792 -0.2365 -0.756453
v 0.380515 2.41135 0.31825
vt 0.136806 0.866532
vt 0.132251 0.866023
f 3517/5386/6625 3524/5387/6625 3523/5388/6625

vn 0.609827 -0.235173 -0.756838
v 0.411073 2.39569 0.347739
vt 0.13689 0.85864
f 3524/5387/6626 3517/5386/6626 3525/5389/6626

vt 0.13682 0.858626
vn 0.718114 -0.299881 -0.628
f 3525/5390/6627 3517/5375/6627 3516/5374/6627

vn 0.359064 -0.773579 -0.522158
v 0.392302 2.37999 0.358093
vt 0.141634 0.859042
f 3516/5374/6628 3526/5391/6628 3525/5390/6628

vn 0.356971 -0.778537 -0.51619
v 0.418629 2.372 0.388349
vt 0.141361 0.851229
f 3516/5374/6629 3527/5392/6629 3526/5391/6629

vt 0.136971 0.848075
vn 0.406171 -0.786829 -0.464677
f 3509/5393/6630 3527/5392/6630 3516/5374/6630

vn 0.404832 -0.780168 -0.476917
v 0.432507 2.36951 0.404198
vt 0.141048 0.847064
f 3509/5393/6631 3528/5394/6631 3527/5392/6631

vn -0.770892 0.028191 -0.636342
vt 0.235619 0.936222
f 3509/5365/6632 3508/5364/6632 3528/5395/6632

vn -0.796643 -0.00452257 -0.604434
f 3508/5364/6633 3507/5363/6633 3528/5395/6633

vn -0.894204 0.276705 -0.351899
f 3528/5395/6634 3507/5363/6634 3506/5362/6634

vt 0.164057 0.847064
vn -0.0398241 -0.991396 -0.124692
vt 0.168341 0.845616
v 0.404526 2.37041 0.405961
vt 0.168031 0.850993
f 3528/5396/6635 3506/5397/6635 3529/5398/6635

vn -0.431214 -0.846382 0.312559
v 0.396368 2.38122 0.423976
vt 0.172446 0.850481
f 3506/5397/6636 3530/5399/6636 3529/5398/6636

vn -0.430256 -0.844308 0.319412
vt 0.172446 0.844862
f 3506/5397/6637 3505/5400/6637 3530/5399/6637

vt 0.173196 0.845364
vn -0.625597 -0.388675 0.676432
v 0.396426 2.40116 0.435485
vt 0.177097 0.850079
v 0.361929 2.41308 0.410441
vt 0.177018 0.858489
vt 0.172466 0.850462
f 3505/5401/6638 3531/5402/6638 3532/5403/6638 3530/5404/6638 

vt 0.177077 0.850098
vn -0.632566 -0.396712 0.665192
vt 0.176842 0.844654
f 3531/5405/6639 3505/5400/6639 3503/5406/6639

v 0.417935 2.40562 0.452124
vt 0.179554 0.844763
vn -0.602563 -0.0622747 0.795638
f 3533/5407/6640 3531/5405/6640 3503/5406/6640

v 0.403148 2.41717 0.43837
vt 0.180663 0.849703
vn -0.623029 0.122378 0.772566
f 3534/5408/6641 3531/5405/6641 3533/5407/6641

v 0.37276 2.43791 0.411337
vt 0.182099 0.8587
vn -0.614187 0.117255 0.780401
f 3535/5409/6642 3531/5405/6642 3534/5408/6642

vn -0.529077 0.200978 0.82443
vt 0.176997 0.858508
f 3535/5409/6643 3532/5410/6643 3531/5405/6643

vn -0.627848 0.247174 0.738046
v 0.332879 2.42896 0.38041
vt 0.176732 0.866142
f 3535/5409/6644 3536/5411/6644 3532/5410/6644

v 0.343453 2.45153 0.381264
vt 0.181061 0.866778
vn -0.627318 0.266211 0.73185
f 3537/5412/6645 3536/5411/6645 3535/5409/6645

v 0.314425 2.44272 0.347775
vt 0.175828 0.872773
vn -0.754277 0.331946 0.566461
f 3538/5413/6646 3536/5411/6646 3537/5412/6646

vt 0.176746 0.866095
vn -0.88533 -0.234553 0.401468
vt 0.175843 0.872726
v 0.314254 2.42587 0.337527
vt 0.172586 0.872761
v 0.332569 2.40684 0.366824
vt 0.17246 0.866164
f 3536/5414/6647 3538/5415/6647 3539/5416/6647 3540/5417/6647 

v 0.307644 2.45048 0.327863
vt 0.174978 0.876575
vn -0.952204 -0.151615 0.26518
vt 0.172446 0.872624
f 3541/5418/6648 3539/5419/6648 3538/5413/6648

v 0.307566 2.4386 0.320691
vt 0.172446 0.876394
vn -0.952654 -0.152596 0.26299
f 3542/5420/6649 3539/5419/6649 3541/5418/6649

vn -0.819265 -0.564362 -0.101489
v 0.322743 2.41624 0.322511
vt 0.169087 0.873084
f 3542/5420/6650 3543/5421/6650 3539/5419/6650

v 0.313564 2.43181 0.310162
vt 0.169945 0.876765
vn -0.819133 -0.56436 -0.102564
f 3544/5422/6651 3543/5421/6651 3542/5420/6651

vt 0.169947 0.876755
vn -0.473257 -0.701554 -0.532776
v 0.323349 2.4327 0.300299
vt 0.167557 0.877445
v 0.336649 2.41753 0.308464
vt 0.165689 0.87406
vt 0.169088 0.873074
f 3544/5423/6652 3545/5424/6652 3546/5425/6652 3543/5426/6652 

v 0.307173 2.44577 0.300565
vt 0.170914 0.88005
vn -0.520449 -0.632514 -0.573637
v 0.312865 2.44629 0.294831
vt 0.169496 0.880636
vt 0.167507 0.877773
vt 0.169945 0.876764
f 3547/5427/6653 3548/5428/6653 3545/5429/6653 3544/5430/6653 

v 0.303818 2.4622 0.292603
vt 0.172446 0.883669
vn -0.616422 -0.441851 -0.65176
vt 0.169488 0.880874
vt 0.170914 0.880051
f 3549/5431/6654 3548/5432/6654 3547/5433/6654

vt 0.132182 0.883644
vn -0.271167 -0.283073 -0.919966
v 0.318581 2.45108 0.291672
vt 0.133707 0.880057
vt 0.135111 0.880851
f 3549/5434/6655 3550/5435/6655 3548/5436/6655

vn 0.0012805 0.085094 -0.996372
v 0.322138 2.45831 0.292295
vt 0.132182 0.879769
f 3549/5434/6656 3551/5437/6656 3550/5435/6656

v 0.322177 2.46523 0.29646
vt 0.130646 0.879941
vn 0.0945405 0.513381 -0.852937
f 3552/5438/6657 3551/5437/6657 3549/5434/6657

v 0.339308 2.45336 0.29595
vt 0.132146 0.876481
vn 0.314212 0.488965 -0.813747
vt 0.132048 0.879832
vt 0.13061 0.879954
v 0.339389 2.46524 0.30312
vt 0.129674 0.876688
f 3553/5439/6658 3551/5440/6658 3552/5441/6658 3554/5442/6658 

v 0.333182 2.44094 0.29487
vt 0.134669 0.876831
vn 0.203746 -0.0155505 -0.9789
vt 0.133635 0.879979
vt 0.132195 0.87977
vt 0.132195 0.876469
f 3555/5443/6659 3550/5444/6659 3551/5445/6659 3553/5446/6659 

vt 0.137105 0.877731
vn -0.115986 -0.446606 -0.887181
vt 0.135133 0.88058
vt 0.13371 0.880056
vt 0.134659 0.876829
f 3545/5447/6660 3548/5448/6660 3550/5449/6660 3555/5450/6660 

vt 0.13892 0.874031
vn -0.0502909 -0.507118 -0.860408
vt 0.137071 0.877478
vt 0.134679 0.876822
v 0.350659 2.42923 0.300752
vt 0.135518 0.873093
f 3546/5451/6661 3545/5452/6661 3555/5453/6661 3556/5454/6661 

vt 0.134527 0.876806
vn 0.284502 -0.0560995 -0.957033
vt 0.132196 0.872645
vt 0.135509 0.873116
f 3555/5455/6662 3522/5456/6662 3556/5457/6662

vn 0.284719 -0.0572229 -0.956902
vt 0.132196 0.876483
f 3522/5456/6663 3555/5455/6663 3553/5458/6663

vt 0.12971 0.876675
vn 0.401057 0.471429 -0.785435
vt 0.132182 0.87263
vt 0.132182 0.876468
f 3554/5459/6664 3522/5460/6664 3553/5461/6664

vn 0.402452 0.472881 -0.783847
f 3554/5459/6665 3521/5379/6665 3522/5460/6665

vn 0.260268 0.871365 -0.415913
v 0.333414 2.47204 0.313632
vt 0.127226 0.877483
f 3521/5379/6666 3554/5459/6666 3557/5462/6666

v 0.318684 2.46918 0.302576
vt 0.129384 0.880635
vn 0.177395 0.869289 -0.461376
vt 0.127392 0.877463
vt 0.129876 0.876655
vt 0.130829 0.880161
f 3558/5463/6667 3557/5464/6667 3554/5465/6667 3552/5466/6667 

v 0.31299 2.46866 0.30831
vt 0.128057 0.881929
vn -0.148371 0.987204 -0.058432
v 0.323608 2.47116 0.323527
vt 0.124875 0.879057
vt 0.127291 0.877508
vt 0.129457 0.881029
f 3559/5467/6668 3560/5468/6668 3557/5469/6668 3558/5470/6668 

v 0.307272 2.46387 0.31147
vt 0.175218 0.880978
vn -0.539803 0.805494 0.244525
v 0.313747 2.4629 0.328961
vt 0.177422 0.877415
vt 0.179813 0.879012
vt 0.176604 0.881906
f 3561/5471/6669 3562/5472/6669 3560/5473/6669 3559/5474/6669 

vt 0.177402 0.877425
vn -0.855815 0.390898 0.338792
vt 0.175369 0.880627
v 0.303717 2.45664 0.310849
vt 0.173897 0.880122
vt 0.174872 0.876563
f 3562/5475/6670 3561/5476/6670 3563/5477/6670 3541/5478/6670 

vn -0.894502 0.429025 0.125711
vt 0.174014 0.879902
vt 0.175474 0.88064
f 3549/5431/6671 3563/5479/6671 3561/5480/6671

vn -0.999966 0.00753944 -0.00324418
v 0.303678 2.44973 0.306683
vt 0.172446 0.879702
f 3549/5431/6672 3564/5481/6672 3563/5479/6672

vn -0.895855 -0.32819 -0.299558
f 3549/5431/6673 3547/5433/6673 3564/5481/6673

vt 0.172459 0.876375
vn -0.850446 -0.500594 -0.161701
vt 0.17246 0.879683
vt 0.171005 0.879898
vt 0.169959 0.876747
f 3542/5482/6674 3564/5483/6674 3547/5484/6674 3544/5485/6674 

vt 0.174997 0.876553
vn -0.976633 -0.106515 0.186663
vt 0.174033 0.87988
vt 0.17256 0.879773
vt 0.172465 0.876372
f 3541/5486/6675 3563/5487/6675 3564/5488/6675 3542/5489/6675 

vt 0.176689 0.881929
vn -0.62644 0.778131 0.045673
f 3559/5490/6676 3549/5431/6676 3561/5480/6676

vt 0.129218 0.880655
vn -0.296471 0.931631 -0.210164
vt 0.127987 0.881904
f 3558/5491/6677 3549/5434/6677 3559/5492/6677

vn -0.0216936 0.833968 -0.551386
f 3552/5438/6678 3549/5434/6678 3558/5491/6678

vn -0.826608 0.368642 0.425232
vt 0.177508 0.877438
f 3541/5418/6679 3538/5413/6679 3562/5493/6679

vn -0.825095 0.370182 0.426829
v 0.323169 2.46036 0.349373
vt 0.179223 0.873517
f 3562/5493/6680 3538/5413/6680 3565/5494/6680

vn -0.755583 0.322782 0.570005
f 3538/5413/6681 3537/5412/6681 3565/5494/6681

v 0.35876 2.46804 0.366746
vt 0.185552 0.869053
vn -0.399835 0.78572 0.471992
f 3566/5495/6682 3565/5494/6682 3537/5412/6682

vn -0.400565 0.783984 0.474255
v 0.337219 2.47217 0.341728
vt 0.182784 0.87508
f 3566/5495/6683 3567/5496/6683 3565/5494/6683

vt 0.118955 0.869045
vn 0.0430451 0.991038 0.126453
vt 0.121922 0.875093
f 3566/5497/6684 3520/5378/6684 3567/5498/6684

vn 0.0416618 0.991063 0.126726
f 3519/5377/6685 3520/5378/6685 3566/5497/6685

vn 0.119299 0.962657 0.243023
v 0.372354 2.46234 0.382638
vt 0.117366 0.864576
f 3519/5377/6686 3566/5497/6686 3568/5499/6686

vt 0.186422 0.864704
vn -0.315886 0.774624 0.547881
f 3568/5500/6687 3566/5495/6687 3537/5412/6687

vn -0.300481 0.724202 0.620679
f 3535/5409/6688 3568/5500/6688 3537/5412/6688

vt 0.017298 0.85881
vn -0.580355 -0.624177 -0.523059
v 0.350605 2.45784 0.412144
vt 0.019963 0.863532
vt 0.01352 0.864576
f 3535/5501/6689 3569/5502/6689 3568/5503/6689

vn -0.667798 -0.738961 -0.0893491
v 0.369627 2.4388 0.427401
vt 0.020309 0.858009
f 3535/5501/6690 3570/5504/6690 3569/5502/6690

vt 0.019333 0.849888
vn -0.528355 -0.847165 -0.056152
f 3534/5505/6691 3570/5504/6691 3535/5501/6691

vn -0.557096 -0.827443 0.070582
v 0.398477 2.42118 0.448557
vt 0.021848 0.850295
f 3534/5505/6692 3571/5506/6692 3570/5504/6692

vt 0.020537 0.844875
vn -0.626712 -0.779005 0.0195784
f 3533/5507/6693 3571/5506/6693 3534/5505/6693

vn -0.634371 -0.752823 0.175588
vt 0.022903 0.844845
f 3533/5507/6694 3502/5508/6694 3571/5506/6694

vn -0.948301 0.192575 -0.252269
vt 0.242444 0.940489
f 3503/5359/6695 3502/5358/6695 3533/5509/6695

vn -0.632225 -0.75595 0.169801
v 0.396406 2.42741 0.468563
vt 0.026255 0.850015
f 3502/5508/6696 3572/5510/6696 3571/5506/6696

vn -0.625487 -0.756621 0.190503
vt 0.026339 0.844844
f 3502/5508/6697 3501/5511/6697 3572/5510/6697

vt 0.032238 0.845854
vn -0.587689 -0.477475 0.653176
f 3500/5512/6698 3572/5510/6698 3501/5511/6698

v 0.400972 2.44845 0.487645
vt 0.032238 0.851009
vn -0.59338 -0.466371 0.656047
f 3573/5513/6699 3572/5510/6699 3500/5512/6699

v 0.363106 2.44915 0.457532
vt 0.02615 0.857888
vn -0.546637 -0.494443 0.675806
f 3574/5514/6700 3572/5510/6700 3573/5513/6700

vn -0.579662 -0.793152 0.186821
f 3571/5506/6701 3572/5510/6701 3574/5514/6701

vn -0.59082 -0.793731 0.144651
f 3571/5506/6702 3574/5514/6702 3570/5504/6702

vn -0.703176 -0.7053 0.0899761
v 0.341352 2.46935 0.445874
vt 0.026206 0.863248
f 3570/5504/6703 3574/5514/6703 3575/5515/6703

v 0.370686 2.47386 0.481966
vt 0.0322366 0.858423
vn -0.689603 -0.391349 0.609339
v 0.349389 2.49515 0.471554
vt 0.032236 0.863573
vt 0.0262041 0.863281
vt 0.0264844 0.858121
f 3576/5516/6704 3577/5517/6704 3575/5518/6704 3574/5519/6704 

v 0.391743 2.49957 0.487983
vt 0.037962 0.858529
vn -0.368012 0.0846612 0.925959
vt 0.032238 0.86354
vt 0.032238 0.85839
f 3578/5520/6705 3577/5521/6705 3576/5522/6705

v 0.371714 2.52122 0.477579
vt 0.037915 0.86374
vn -0.36902 0.102538 0.923748
f 3579/5523/6706 3577/5521/6706 3578/5520/6706

vn -0.37877 0.112059 0.918682
v 0.331613 2.51341 0.461998
vt 0.032238 0.867656
f 3579/5523/6707 3580/5524/6707 3577/5521/6707

v 0.354444 2.53996 0.467979
vt 0.037749 0.868061
vn -0.379765 0.119977 0.91727
f 3581/5525/6708 3580/5524/6708 3579/5523/6708

v 0.309282 2.54348 0.43924
vt 0.032238 0.874315
vn -0.506024 0.249189 0.825739
f 3582/5526/6709 3580/5524/6709 3581/5525/6709

vt 0.0322219 0.867682
vn -0.83212 -0.23993 0.50001
vt 0.0321308 0.87451
v 0.301942 2.52008 0.41582
vt 0.0269513 0.874401
v 0.323418 2.4869 0.435618
vt 0.0263739 0.867537
f 3580/5527/6710 3582/5528/6710 3583/5529/6710 3584/5530/6710 

vt 0.032222 0.874327
vn -0.889828 -0.151458 0.430425
v 0.293007 2.57043 0.415065
vt 0.0319263 0.880803
v 0.287184 2.55198 0.396552
vt 0.0277647 0.880857
vt 0.026952 0.874387
f 3582/5531/6711 3585/5532/6711 3586/5533/6711 3583/5534/6711 

vt 0.032238 0.880682
vn -0.604792 0.297396 0.738771
v 0.3299 2.56858 0.446013
vt 0.037473 0.8749
f 3585/5535/6712 3582/5526/6712 3587/5536/6712

vn -0.515175 0.198141 0.833867
f 3587/5536/6713 3582/5526/6713 3581/5525/6713

vt 0.0376207 0.867899
vn -0.050284 0.580771 0.812513
v 0.384067 2.56072 0.454984
vt 0.0438898 0.86851
v 0.35615 2.58692 0.434512
vt 0.0428955 0.875273
vt 0.0373453 0.874738
f 3581/5537/6714 3588/5538/6714 3589/5539/6714 3587/5540/6714 

vt 0.0382672 0.863616
vn 0.0416457 0.486294 0.872802
v 0.40061 2.54148 0.464929
vt 0.0443808 0.864211
vt 0.0441399 0.868875
vt 0.0378709 0.868263
f 3579/5541/6715 3590/5542/6715 3588/5543/6715 3581/5544/6715 

vt 0.044259 0.864009
vn 0.0516144 0.475061 0.878438
v 0.419146 2.51941 0.475772
vt 0.044243 0.858513
f 3590/5545/6716 3579/5523/6716 3591/5546/6716

vn 0.0515407 0.470895 0.880682
f 3579/5523/6717 3578/5520/6717 3591/5546/6717

vn 0.164387 0.342347 0.925081
v 0.434008 2.49673 0.481524
vt 0.043637 0.853453
f 3591/5546/6718 3578/5520/6718 3592/5547/6718

vt 0.0379454 0.858485
vn 0.164457 0.34952 0.922383
v 0.445379 2.4796 0.485987
vt 0.0429163 0.84966
vt 0.0436209 0.85341
f 3578/5548/6719 3593/5549/6719 3592/5550/6719

vn 0.163926 0.348029 0.923041
v 0.414295 2.47563 0.493005
vt 0.0379179 0.852511
f 3593/5549/6720 3578/5548/6720 3594/5551/6720

vn -0.244295 -0.0267924 0.969331
vt 0.037934 0.852555
f 3578/5520/6721 3576/5522/6721 3594/5552/6721

vn -0.242007 -0.0721667 0.967587
f 3594/5552/6722 3576/5522/6722 3573/5513/6722

vn -0.545054 -0.499033 0.673708
f 3576/5522/6723 3574/5514/6723 3573/5513/6723

vt 0.0327631 0.846256
vn -0.298544 -0.0418576 0.953478
vt 0.0378278 0.847962
vt 0.0379437 0.852588
vt 0.0322478 0.851042
f 3500/5553/6724 3499/5554/6724 3594/5555/6724 3573/5556/6724 

vt 0.043199 0.849527
vn 0.163359 0.350792 0.922095
vt 0.037818 0.847929
f 3593/5557/6725 3594/5552/6725 3499/5558/6725

vt 0.246088 0.94872
vn -0.783595 0.616747 0.0748468
f 3593/5559/6726 3499/5355/6726 3498/5354/6726

vn -0.771723 0.629935 0.0873208
f 3593/5559/6727 3498/5354/6727 837/1333/6727

vn -0.646165 0.610349 0.458198
f 837/1333/6728 3498/5354/6728 835/5353/6728

vn -0.81413 0.501955 0.291948
f 837/1333/6729 835/5353/6729 836/1332/6729

vn -0.62831 0.775908 -0.0565077
f 838/1334/6730 3593/5559/6730 837/1333/6730

v 0.460968 2.4868 0.462766
vt 0.242939 0.950096
vn -0.697828 0.666694 -0.26183
f 3595/5560/6731 3593/5559/6731 838/1334/6731

vt 0.069487 0.84988
vn 0.603804 0.550926 0.576108
vt 0.063843 0.853453
vt 0.063966 0.849527
f 3595/5561/6732 3592/5562/6732 3593/5563/6732

vt 0.0638666 0.853559
vn 0.604864 0.543705 0.581828
vt 0.0693932 0.850256
v 0.452188 2.50324 0.456541
vt 0.0697255 0.853818
vt 0.0636007 0.858619
f 3592/5564/6733 3595/5565/6733 3596/5566/6733 3591/5567/6733 

v 0.465573 2.48219 0.434078
vt 0.075885 0.85015
vn 0.870626 0.488102 0.0613696
vt 0.069702 0.853711
f 3597/5568/6734 3596/5569/6734 3595/5561/6734

v 0.459553 2.49482 0.42738
vt 0.075885 0.853404
vn 0.880349 0.466141 0.087741
f 3598/5570/6735 3596/5569/6735 3597/5568/6735

vn 0.878458 0.469988 0.0861528
v 0.442 2.52381 0.448233
vt 0.06993 0.858144
f 3598/5570/6736 3599/5571/6736 3596/5569/6736

v 0.45177 2.51322 0.417539
vt 0.075885 0.857627
vn 0.886638 0.444104 0.129018
f 3600/5572/6737 3599/5571/6737 3598/5570/6737

v 0.43489 2.53491 0.404917
vt 0.075885 0.862878
vn 0.779583 0.625462 0.0323791
f 3601/5573/6738 3599/5571/6738 3600/5572/6738

vn 0.773588 0.63271 0.0352212
v 0.424556 2.5458 0.436396
vt 0.070076 0.863418
f 3601/5573/6739 3602/5574/6739 3599/5571/6739

v 0.4193 2.55419 0.393652
vt 0.075885 0.867357
vn 0.768196 0.639457 0.0311186
f 3603/5575/6740 3602/5574/6740 3601/5573/6740

vn 0.763089 0.645454 0.0329242
v 0.408638 2.56516 0.425738
vt 0.070292 0.867871
f 3603/5575/6741 3604/5576/6741 3602/5574/6741

vn 0.63155 0.773415 -0.0545331
v 0.386917 2.57958 0.378729
vt 0.075885 0.874315
f 3603/5575/6742 3605/5577/6742 3604/5576/6742

vt 0.0758918 0.867337
vn 0.635994 0.437232 -0.635877
v 0.411024 2.52775 0.367198
vt 0.0818868 0.867056
v 0.379574 2.55619 0.355294
vt 0.0812424 0.874278
vt 0.075935 0.874522
f 3603/5578/6743 3606/5579/6743 3607/5580/6743 3605/5581/6743 

vt 0.08188 0.867076
vn 0.776835 0.306925 -0.54984
f 3606/5582/6744 3603/5575/6744 3601/5573/6744

vn 0.776156 0.308775 -0.549763
v 0.426782 2.50926 0.379064
vt 0.082169 0.862453
f 3606/5582/6745 3601/5573/6745 3608/5583/6745

vt 0.0758818 0.85759
vn 0.786429 0.297441 -0.541349
v 0.443981 2.48857 0.392658
vt 0.0819254 0.857184
vt 0.0821652 0.862417
vt 0.0758812 0.862841
f 3600/5584/6746 3609/5585/6746 3608/5586/6746 3601/5587/6746 

vt 0.082273 0.856905
vn 0.891946 0.149014 -0.426882
f 3609/5588/6747 3600/5572/6747 3598/5570/6747

vn 0.891466 0.151302 -0.427079
v 0.453216 2.47204 0.406082
vt 0.082299 0.852289
f 3609/5588/6748 3598/5570/6748 3610/5589/6748

vn 0.874789 0.177964 -0.450635
f 3610/5589/6749 3598/5570/6749 3597/5568/6749

vn 0.879247 0.163596 -0.447393
vt 0.082376 0.849352
f 3610/5589/6750 3597/5568/6750 841/5590/6750

vn -0.758856 0.578271 -0.299567
vt 0.239329 0.949414
f 841/1337/6751 3597/5591/6751 839/1335/6751

vn -0.73123 0.650642 -0.204859
f 839/1335/6752 3597/5591/6752 838/1334/6752

vn -0.709235 0.669326 -0.221333
f 3597/5591/6753 3595/5560/6753 838/1334/6753

vn 0.604022 -0.226611 -0.764071
v 0.440552 2.44816 0.403154
vt 0.087976 0.850517
f 3610/5589/6754 841/5590/6754 3611/5592/6754

vn 0.605581 -0.230258 -0.761743
vt 0.087729 0.848155
f 841/5590/6755 842/5593/6755 3611/5592/6755

vn 0.230201 -0.627168 -0.744089
vt 0.091219 0.849422
f 3611/5592/6756 842/5593/6756 3512/5594/6756

vn 0.215159 -0.576611 -0.788179
v 0.438482 2.43163 0.415561
vt 0.090837 0.847132
f 842/5593/6757 3612/5595/6757 3512/5594/6757

vn -0.753879 0.299724 -0.584664
vt 0.237359 0.942491
f 843/1339/6758 3612/5596/6758 842/1338/6758

vn 0.590014 0.807127 -0.0207158
vt 0.122877 0.847132
f 843/5368/6759 3512/5370/6759 3612/5597/6759

vt 0.092092 0.85727
vn 0.267948 -0.644294 -0.716303
f 3513/5598/6760 3611/5592/6760 3512/5594/6760

v 0.423149 2.46406 0.383786
vt 0.088731 0.856637
vn 0.301392 -0.58615 -0.752058
f 3613/5599/6761 3611/5592/6761 3513/5598/6761

vn 0.618465 -0.236054 -0.74952
f 3610/5589/6762 3611/5592/6762 3613/5599/6762

vn 0.61873 -0.257214 -0.742303
f 3609/5588/6763 3610/5589/6763 3613/5599/6763

vn 0.513946 -0.129893 -0.847931
f 3608/5583/6764 3609/5588/6764 3613/5599/6764

vn 0.459758 -0.128747 -0.878662
v 0.403544 2.48229 0.370857
vt 0.08871 0.862644
f 3608/5583/6765 3613/5599/6765 3614/5600/6765

vn 0.180334 -0.432603 -0.883365
f 3614/5600/6766 3613/5599/6766 3513/5598/6766

vn -0.026549 -0.477272 -0.878355
vt 0.09598 0.864576
f 3614/5600/6767 3513/5598/6767 3568/5601/6767

vn 0.167522 0.952542 0.254165
f 3513/5371/6768 3519/5377/6768 3568/5499/6768

vn 0.561518 0.814016 -0.14858
f 3514/5372/6769 3519/5377/6769 3513/5371/6769

v 0.386196 2.49846 0.360184
vt 0.0884 0.867498
vn 0.0222666 -0.534011 -0.845184
f 3615/5602/6770 3614/5600/6770 3568/5601/6770

vn 0.443372 -0.111365 -0.889392
f 3608/5583/6771 3614/5600/6771 3615/5602/6771

vn 0.453155 -0.174789 -0.874128
f 3606/5582/6772 3608/5583/6772 3615/5602/6772

v 0.358721 2.53042 0.347843
vt 0.086758 0.874991
vn 0.343289 -0.0666298 -0.936863
f 3616/5603/6773 3606/5582/6773 3615/5602/6773

vt 0.081236 0.874298
vn 0.346627 -0.0092874 -0.937957
f 3607/5604/6774 3606/5582/6774 3616/5603/6774

vt 0.0867732 0.874981
vn 0.256901 0.0704437 -0.963867
v 0.332067 2.56012 0.34292
vt 0.0849302 0.881777
v 0.348485 2.58049 0.348773
vt 0.0805714 0.88124
vt 0.0812512 0.874288
f 3616/5605/6775 3617/5606/6775 3618/5607/6775 3607/5608/6775 

vt 0.084915 0.881787
vn -0.184296 -0.319508 -0.929489
v 0.331958 2.51288 0.35918
vt 0.092503 0.876683
f 3617/5609/6776 3616/5603/6776 3619/5610/6776

vn -0.097872 -0.430525 -0.897257
f 3616/5603/6777 3615/5602/6777 3619/5610/6777

vn -0.102576 -0.447593 -0.888335
v 0.358017 2.47909 0.373196
vt 0.094796 0.868843
f 3619/5610/6778 3615/5602/6778 3620/5611/6778

vn -0.0400084 -0.516474 -0.855368
f 3615/5602/6779 3568/5601/6779 3620/5611/6779

vn -0.469422 -0.703017 -0.534238
v 0.3349 2.47465 0.399356
vt 0.020022 0.868005
vt 0.014012 0.868843
f 3568/5503/6780 3621/5612/6780 3620/5613/6780

vn -0.453977 -0.767945 -0.451847
f 3568/5503/6781 3569/5502/6781 3621/5612/6781

vn -0.730461 -0.682955 -0.000600441
vt 0.02639 0.867511
f 3621/5612/6782 3569/5502/6782 3584/5614/6782

vn -0.711446 -0.70135 0.0441921
f 3569/5502/6783 3575/5515/6783 3584/5614/6783

vn -0.721836 -0.69103 0.0378199
f 3569/5502/6784 3570/5504/6784 3575/5515/6784

vn -0.708511 -0.374557 0.598097
f 3584/5614/6785 3575/5515/6785 3577/5521/6785

vn -0.707783 -0.376175 0.597943
f 3584/5614/6786 3577/5521/6786 3580/5524/6786

v 0.310689 2.50813 0.385228
vt 0.021496 0.875075
vn -0.799065 -0.599107 -0.0506471
f 3622/5615/6787 3621/5612/6787 3584/5614/6787

vn -0.542917 -0.627841 -0.557725
vt 0.015779 0.876683
f 3621/5612/6788 3622/5615/6788 3619/5616/6788

vn -0.614559 -0.516824 -0.595995
v 0.294181 2.5425 0.372449
vt 0.02323 0.881757
f 3619/5616/6789 3622/5615/6789 3623/5617/6789

vn -0.887412 -0.454629 -0.076242
vt 0.026968 0.874375
f 3623/5617/6790 3622/5615/6790 3583/5618/6790

vn -0.83312 -0.552636 -0.0224585
f 3622/5615/6791 3584/5614/6791 3583/5618/6791

vn -0.886202 -0.456761 -0.0775607
vt 0.027781 0.880845
f 3623/5617/6792 3583/5618/6792 3586/5619/6792

vn -0.923181 -0.363472 -0.124998
v 0.278912 2.57849 0.380572
vt 0.0285647 0.886752
v 0.283863 2.57178 0.36352
vt 0.025345 0.887397
f 3586/5619/6793 3624/5620/6793 3625/5621/6793 3623/5617/6793 

vt 0.0322387 0.880682
vn -0.929063 -0.0710693 0.36303
v 0.283032 2.59154 0.39367
vt 0.031948 0.88628
vt 0.0287947 0.886396
vt 0.0277817 0.880845
f 3585/5622/6794 3626/5623/6794 3624/5624/6794 3586/5625/6794 

v 0.309425 2.5908 0.420917
vt 0.0367159 0.881274
vn -0.668156 0.349836 0.656645
v 0.294647 2.60595 0.39781
vt 0.0354061 0.886588
vt 0.0322379 0.886169
vt 0.0322379 0.880682
f 3627/5626/6795 3628/5627/6795 3626/5628/6795 3585/5629/6795 

vt 0.0357077 0.886726
vn -0.237976 0.735485 0.634373
vt 0.0367167 0.881275
v 0.330167 2.60532 0.411874
vt 0.0412837 0.882462
v 0.309322 2.61622 0.391412
vt 0.0389388 0.887566
f 3628/5630/6796 3627/5631/6796 3629/5632/6796 3630/5633/6796 

vt 0.041283 0.882461
vn -0.154754 0.672324 0.7239
vt 0.036716 0.881274
vt 0.043029 0.875868
f 3629/5634/6797 3627/5635/6797 3589/5636/6797

vn -0.154242 0.673859 0.722581
f 3627/5635/6798 3587/5536/6798 3589/5636/6798

vn -0.609208 0.277565 0.742848
f 3627/5635/6799 3585/5535/6799 3587/5536/6799

vt 0.065009 0.875868
vn 0.292467 0.878388 0.378019
v 0.34731 2.60842 0.391388
vt 0.071381 0.881325
vt 0.06679 0.882461
f 3589/5637/6800 3631/5638/6800 3629/5639/6800

v 0.377882 2.5909 0.408615
vt 0.070606 0.874927
vn 0.290524 0.878777 0.378611
f 3632/5640/6801 3631/5638/6801 3589/5637/6801

vn 0.556988 0.815156 -0.159013
v 0.354307 2.59894 0.367286
vt 0.075885 0.880806
f 3632/5640/6802 3633/5641/6802 3631/5638/6802

vn 0.542909 0.826509 -0.148771
f 3605/5577/6803 3633/5641/6803 3632/5640/6803

vt 0.0812445 0.874292
vn 0.537417 0.506721 -0.674104
vt 0.0803535 0.880898
vt 0.0761284 0.880906
vt 0.0758935 0.874309
f 3607/5642/6804 3618/5643/6804 3633/5644/6804 3605/5645/6804 

vt 0.0803479 0.880902
vn 0.442809 0.561588 -0.698956
v 0.322282 2.59866 0.346768
vt 0.0793169 0.886458
v 0.326401 2.61171 0.359867
vt 0.0761616 0.886389
vt 0.0758879 0.880804
f 3618/5646/6805 3634/5647/6805 3635/5648/6805 3633/5649/6805 

vn 0.172405 0.141111 -0.974866
v 0.310667 2.58424 0.342628
vt 0.082744 0.887417
vt 0.0795106 0.886792
vt 0.080345 0.880904
f 3617/5609/6806 3636/5650/6806 3634/5651/6806 3618/5652/6806 

v 0.311324 2.54561 0.351964
vt 0.0895844 0.883564
vn -0.248146 -0.231528 -0.940648
v 0.295992 2.57398 0.349026
vt 0.0861304 0.889295
vt 0.0828273 0.888037
vt 0.0849154 0.881787
f 3637/5653/6807 3638/5654/6807 3636/5655/6807 3617/5656/6807 

vn -0.662644 -0.422194 -0.618592
vt 0.0252787 0.888017
vt 0.0219689 0.889295
vt 0.018552 0.883564
f 3623/5617/6808 3625/5657/6808 3638/5658/6808 3637/5659/6808 

vn -0.691945 -0.348978 -0.632001
v 0.276241 2.60042 0.356048
vt 0.0284002 0.893452
v 0.28272 2.6016 0.348307
vt 0.026597 0.894466
vt 0.021969 0.889295
f 3625/5621/6809 3639/5660/6809 3640/5661/6809 3638/5662/6809 

vt 0.0287939 0.886396
vn -0.943047 -0.292335 -0.15875
v 0.273597 2.604 0.365156
vt 0.0301261 0.892438
vt 0.0282838 0.892972
vt 0.0253449 0.887397
f 3624/5663/6810 3641/5664/6810 3639/5665/6810 3625/5666/6810 

vt 0.0322381 0.886169
vn -0.950733 -0.0108576 0.309822
v 0.275798 2.61098 0.372152
vt 0.0320566 0.892034
vt 0.0302171 0.892155
vt 0.0287941 0.886396
f 3626/5667/6811 3642/5668/6811 3641/5669/6811 3624/5670/6811 

vt 0.0357092 0.886726
vn -0.701685 0.395176 0.592853
v 0.282002 2.61868 0.374364
vt 0.0340932 0.892283
vt 0.0322402 0.891986
vt 0.0322402 0.88617
f 3628/5671/6812 3643/5672/6812 3642/5673/6812 3626/5674/6812 

vt 0.0342577 0.892373
vn -0.287934 0.768045 0.572015
vt 0.0357016 0.88672
vt 0.0391396 0.887956
v 0.28984 2.62416 0.370946
vt 0.0360939 0.893033
f 3643/5675/6813 3628/5676/6813 3630/5677/6813 3644/5678/6813 

vt 0.072023 0.892986
vn 0.126679 0.959507 0.251591
vt 0.0689642 0.887954
v 0.321451 2.61842 0.376919
vt 0.0724143 0.886765
v 0.296319 2.62533 0.363205
vt 0.0738659 0.892351
f 3644/5679/6814 3630/5680/6814 3645/5681/6814 3646/5682/6814 

vt 0.0691728 0.887577
vn 0.191826 0.933746 0.302194
vt 0.0667909 0.882462
vt 0.0713818 0.881326
vt 0.0724209 0.886773
f 3630/5683/6815 3629/5684/6815 3631/5685/6815 3645/5686/6815 

vt 0.0726958 0.886624
vn 0.452389 0.866814 -0.209708
vt 0.0713783 0.881329
vt 0.0758823 0.88081
vt 0.0758823 0.886257
f 3645/5687/6816 3631/5688/6816 3633/5689/6816 3635/5690/6816 

vt 0.0740259 0.892224
vn 0.377865 0.89369 -0.241943
vt 0.0724118 0.886781
vt 0.0758768 0.886263
v 0.298963 2.62175 0.354097
vt 0.0758768 0.891947
f 3646/5691/6817 3645/5692/6817 3635/5693/6817 3647/5694/6817 

vt 0.0793129 0.886461
vn 0.368459 0.597966 -0.711811
v 0.296762 2.61478 0.3471
vt 0.0778919 0.892129
vt 0.0760604 0.892018
vt 0.0758839 0.886254
f 3634/5695/6818 3648/5696/6818 3647/5697/6818 3635/5698/6818 

vn 0.108858 0.192428 -0.975254
v 0.290558 2.60708 0.344889
vt 0.079789 0.892954
vt 0.077957 0.892443
vt 0.079314 0.88646
f 3636/5650/6819 3649/5699/6819 3648/5700/6819 3634/5701/6819 

vt 0.0861301 0.889295
vn -0.294278 -0.165938 -0.941204
vt 0.0815071 0.894466
vt 0.0796986 0.893463
vt 0.0827441 0.887417
f 3638/5702/6820 3640/5703/6820 3649/5704/6820 3636/5705/6820 

v 0.274504 2.62566 0.35201
vt 0.075885 0.897534
vn -0.401838 0.003721 -0.915703
vt 0.081507 0.894466
f 3650/5706/6821 3649/5699/6821 3640/5707/6821

vn -0.0544194 0.315952 -0.947213
vt 0.077893 0.892128
f 3650/5706/6822 3648/5708/6822 3649/5699/6822

vn 0.168908 0.671061 -0.721905
vt 0.075885 0.891937
f 3650/5706/6823 3647/5709/6823 3648/5708/6823

vn 0.176037 0.932355 -0.315791
vt 0.073872 0.892358
f 3647/5709/6824 3650/5706/6824 3646/5710/6824

vn -0.0436675 0.992513 0.114069
vt 0.071949 0.893373
f 3646/5710/6825 3650/5706/6825 3644/5711/6825

vt 0.03617 0.893373
vn -0.405436 0.824968 0.393763
vt 0.032238 0.897534
vt 0.034263 0.892378
f 3644/5712/6826 3650/5713/6826 3643/5714/6826

vn -0.763769 0.497271 0.411556
vt 0.032238 0.891985
f 3650/5713/6827 3642/5715/6827 3643/5714/6827

vn -0.97594 0.141544 0.165852
vt 0.030217 0.892155
f 3650/5713/6828 3641/5716/6828 3642/5715/6828

vn -0.965351 -0.104686 -0.239035
vt 0.028284 0.892972
f 3650/5713/6829 3639/5717/6829 3641/5716/6829

vn -0.74593 -0.154978 -0.647743
f 3640/5661/6830 3639/5717/6830 3650/5713/6830

vn -0.615246 -0.518782 -0.593581
f 3637/5659/6831 3619/5616/6831 3623/5617/6831

vn -0.181808 -0.319663 -0.929925
vt 0.089584 0.883564
f 3617/5609/6832 3619/5610/6832 3637/5718/6832

vn 0.665457 0.74216 -0.0797876
f 3604/5576/6833 3605/5577/6833 3632/5640/6833

vt 0.0649202 0.875453
vn 0.404603 0.790216 0.460277
vt 0.0638829 0.868494
vt 0.0702445 0.867698
vt 0.0705524 0.874754
f 3589/5719/6834 3588/5720/6834 3604/5721/6834 3632/5722/6834 

vt 0.0639817 0.868906
vn 0.495423 0.69479 0.521367
vt 0.0637149 0.864243
vt 0.0699176 0.863458
vt 0.0703423 0.8681
f 3588/5723/6835 3590/5724/6835 3602/5725/6835 3604/5726/6835 

vt 0.0636238 0.863739
vn 0.504518 0.683609 0.52739
vt 0.0635388 0.858242
vt 0.0697038 0.857735
vt 0.0700331 0.863153
f 3590/5727/6836 3591/5728/6836 3599/5729/6836 3602/5730/6836 

vn 0.604943 0.537136 0.587817
vt 0.063578 0.858513
f 3599/5571/6837 3591/5731/6837 3596/5569/6837

vn -0.520593 -0.637214 -0.568279
f 3620/5613/6838 3621/5612/6838 3619/5616/6838

vn -0.0808214 0.996715 0.00513478
vt 0.124808 0.879029
f 3520/5378/6839 3560/5732/6839 3567/5498/6839

vn -0.0813447 0.996648 0.00872088
f 3520/5378/6840 3557/5462/6840 3560/5732/6840

vn 0.260661 0.872316 -0.413667
f 3521/5379/6841 3557/5462/6841 3520/5378/6841

vn -0.497122 0.803643 0.327152
vt 0.179899 0.879035
f 3567/5496/6842 3560/5733/6842 3565/5494/6842

vn -0.493846 0.805348 0.327919
f 3560/5733/6843 3562/5493/6843 3565/5494/6843

vt 0.136453 0.866524
vn 0.437929 -0.138255 -0.888315
vt 0.135428 0.873004
vt 0.132197 0.872628
vt 0.132197 0.866008
f 3524/5734/6844 3556/5735/6844 3522/5736/6844 3523/5737/6844 

v 0.362002 2.39595 0.3284
vt 0.140927 0.867407
vn 0.0870058 -0.618878 -0.780653
vt 0.138898 0.873763
vt 0.135489 0.873103
vt 0.136432 0.866528
f 3651/5738/6845 3546/5739/6845 3556/5740/6845 3524/5741/6845 

vt 0.169086 0.873087
vn -0.36169 -0.825349 -0.433566
vt 0.16566 0.873658
vt 0.16363 0.867411
v 0.343688 2.39422 0.346954
vt 0.168147 0.866651
f 3543/5742/6846 3546/5743/6846 3651/5744/6846 3652/5745/6846 

vt 0.168159 0.866555
vn -0.207024 -0.934214 -0.29049
vt 0.163397 0.866697
vt 0.162934 0.858985
v 0.373635 2.37828 0.376913
vt 0.167776 0.858854
f 3652/5746/6847 3651/5747/6847 3526/5748/6847 3653/5749/6847 

vt 0.141292 0.866956
vn 0.249804 -0.723555 -0.643479
vt 0.136558 0.866531
vt 0.136946 0.858632
vt 0.14176 0.859051
f 3651/5750/6848 3524/5751/6848 3525/5752/6848 3526/5753/6848 

vt 0.163616 0.85126
vn -0.0912658 -0.979561 -0.17925
vt 0.167781 0.858947
vt 0.162938 0.85907
f 3527/5754/6849 3653/5755/6849 3526/5756/6849

vn -0.0952773 -0.981737 -0.164663
f 3527/5754/6850 3529/5398/6850 3653/5755/6850

vn -0.0396064 -0.991862 -0.120999
f 3528/5396/6851 3529/5398/6851 3527/5754/6851

vn -0.470367 -0.839236 0.272833
v 0.362201 2.39122 0.397009
vt 0.172446 0.858696
f 3529/5398/6852 3654/5757/6852 3653/5755/6852

vn -0.470896 -0.83412 0.287229
f 3529/5398/6853 3530/5399/6853 3654/5757/6853

vn -0.636038 -0.409759 0.653875
f 3532/5410/6854 3654/5757/6854 3530/5399/6854

vn -0.759045 -0.347699 0.550414
f 3536/5411/6855 3654/5757/6855 3532/5410/6855

vt 0.172446 0.86621
vn -0.753156 -0.336623 0.56519
f 3540/5758/6856 3654/5757/6856 3536/5411/6856

vn -0.590565 -0.788498 0.171768
f 3653/5755/6857 3654/5757/6857 3540/5758/6857

vn -0.590487 -0.788827 0.17052
vt 0.168147 0.866648
f 3653/5755/6858 3540/5758/6858 3652/5759/6858

vt 0.172446 0.866189
vn -0.734902 -0.677902 0.0191521
vt 0.172447 0.872603
vt 0.169183 0.872921
vt 0.168147 0.866627
f 3540/5760/6859 3539/5761/6859 3543/5762/6859 3652/5763/6859 

vn 0.742726 -0.276604 -0.609794
f 3516/5374/6860 3510/5369/6860 3509/5393/6860

vn -0.891764 0.197873 -0.406943
f 3504/5360/6861 3494/5349/6861 3495/5350/6861

vn -0.938558 -0.207216 0.27599
f 3486/5328/6862 3487/5330/6862 3485/5327/6862

usemtl _auto_14
vn -0.915926 0.0103907 0.401212
f 3488/5332/6863 3489/5333/6863 3490/5339/6863

usemtl _auto_15
vn -0.127228 -0.681421 -0.720749
f 881/1387/6864 882/1388/6864 933/1447/6864

vn -0.12762 -0.522966 -0.842746
v 0.771973 1.93087 0.743399
vt 0.690202 0.817239
f 933/1447/6865 882/1388/6865 3655/5764/6865

vn 0.625317 -0.752586 -0.206383
v 0.780496 1.93418 0.75715
vt 0.6867 0.817566
f 882/1388/6866 3656/5765/6866 3655/5764/6866

vn 0.710084 -0.691857 -0.130822
f 882/1388/6867 883/1389/6867 3656/5765/6867

vn 0.808137 -0.452734 0.376757
f 883/1389/6868 884/1390/6868 3656/5765/6868

vn 0.875279 -0.412668 0.252174
v 0.778606 1.95744 0.801782
vt 0.676211 0.816258
f 3656/5765/6869 884/1390/6869 3657/5766/6869

vn 0.868426 -0.333157 0.367209
v 0.790671 2.01161 0.822399
vt 0.665831 0.823313
f 884/1390/6870 3658/5767/6870 3657/5766/6870

vn 0.887225 -0.30095 0.34966
f 884/1390/6871 885/1391/6871 3658/5767/6871

vn 0.879301 -0.245158 0.408322
v 0.803268 2.05878 0.823592
vt 0.659391 0.831651
f 885/1391/6872 3659/5768/6872 3658/5767/6872

vn 0.913978 -0.171451 0.367763
f 886/1392/6873 3659/5768/6873 885/1391/6873

vn 0.324193 0.687578 0.64972
f 886/1392/6874 889/1395/6874 3659/5768/6874

vn 0.340039 0.68061 0.648955
v 0.796492 2.06238 0.823369
vt 0.657732 0.831859
f 889/1395/6875 3660/5769/6875 3659/5768/6875

vn -0.611965 0.75258 0.243152
vt 0.818454 0.964001
f 889/1397/6876 891/1399/6876 3660/5770/6876

vn -0.926216 0.374822 -0.040391
f 893/1401/6877 3660/5770/6877 891/1399/6877

vn -0.725281 0.688382 -0.0098296
v 0.78271 2.04777 0.816905
vt 0.819031 0.967472
f 893/1401/6878 3661/5771/6878 3660/5770/6878

v 0.774971 2.03958 0.760733
vt 0.828342 0.971043
vn -0.71703 0.697036 -0.00284587
f 3662/5772/6879 3661/5771/6879 893/1401/6879

vn -0.795788 0.605198 0.0213949
v 0.762354 2.02162 0.799325
vt 0.82097 0.973601
f 3662/5772/6880 3663/5773/6880 3661/5771/6880

vn -0.400028 0.874004 0.275851
v 0.73396 2.02452 0.748963
vt 0.829501 0.979168
f 3662/5772/6881 3664/5774/6881 3663/5773/6881

vn -0.408517 0.847147 0.339787
f 3662/5772/6882 895/1403/6882 3664/5774/6882

vn -0.277164 0.921615 0.271671
f 894/1402/6883 895/1403/6883 3662/5772/6883

vn -0.730113 0.681832 0.0451713
f 894/1402/6884 3662/5772/6884 893/1401/6884

vn -0.0747529 0.906289 0.415995
f 895/1403/6885 896/1404/6885 3664/5774/6885

vn -0.101192 0.893915 0.436665
v 0.686413 2.02112 0.744911
vt 0.829996 0.987803
f 3664/5774/6886 896/1404/6886 3665/5775/6886

vn 0.101192 0.893915 0.436665
v 0.638866 2.02452 0.748963
vt 0.170499 0.979168
vt 0.170004 0.987803
f 896/1406/6887 3666/5776/6887 3665/5777/6887

vn 0.0747529 0.906289 0.415995
f 896/1406/6888 897/1405/6888 3666/5776/6888

vn 0.408517 0.847147 0.339787
v 0.597855 2.03958 0.760733
vt 0.171658 0.971043
f 3666/5776/6889 897/1405/6889 3667/5778/6889

vn 0.277164 0.921615 0.271671
f 897/1405/6890 898/1407/6890 3667/5778/6890

vn 0.730113 0.681832 0.0451713
v 0.573178 2.06502 0.775513
vt 0.173307 0.964336
f 898/1407/6891 3668/5779/6891 3667/5778/6891

vn 0.580698 0.814064 0.00942832
v 0.557039 2.07715 0.722452
vt 0.163251 0.961848
f 898/1407/6892 3669/5780/6892 3668/5779/6892

vn 0.605971 0.78819 0.107496
f 898/1407/6893 899/1408/6893 3669/5780/6893

vn 0.298882 0.950088 0.0894529
f 899/1408/6894 900/1409/6894 3669/5780/6894

vn 0.777685 0.607965 -0.159953
v 0.543034 2.096 0.725992
vt 0.163541 0.957461
f 900/1409/6895 3670/5781/6895 3669/5780/6895

vn 0.575201 0.803896 -0.151313
f 3670/5781/6896 900/1409/6896 901/1410/6896

vn 0.871173 0.283931 -0.400551
v 0.521728 2.12557 0.700615
vt 0.158992 0.950783
f 901/1410/6897 3671/5782/6897 3670/5781/6897

vn 0.587919 0.638437 -0.496739
v 0.51611 2.12929 0.698748
vt 0.158454 0.949746
f 3671/5782/6898 901/1410/6898 3672/5783/6898

vn 0.156598 0.82011 -0.550361
v 0.50075 2.10981 0.665343
vt 0.151896 0.950445
f 3672/5783/6899 901/1410/6899 3673/5784/6899

v 0.482236 2.15051 0.643172
vt 0.14747 0.942567
vn 0.195981 0.536334 0.820937
f 3674/5785/6900 3673/5784/6900 901/1410/6900

vn 0.689988 0.562199 0.455904
v 0.479408 2.15014 0.647898
vt 0.148444 0.942344
f 3674/5785/6901 3675/5786/6901 3673/5784/6901

v 0.467011 2.1787 0.632956
vt 0.14608 0.936682
vn 0.70032 0.545187 0.460784
f 3676/5787/6902 3675/5786/6902 3674/5785/6902

vt 0.320503 0.884701
vn 0.00920786 0.466782 0.884324
v 0.472361 2.15141 0.647305
vt 0.319279 0.877722
vt 0.32056 0.87677
f 3676/5788/6903 3677/5789/6903 3675/5790/6903

v 0.463296 2.17872 0.63209
vt 0.31968 0.885044
vn -0.202924 0.424251 0.882515
f 3678/5791/6904 3677/5789/6904 3676/5788/6904

vn -0.639546 0.20107 0.741992
v 0.461719 2.15312 0.637668
vt 0.316981 0.879862
f 3678/5791/6905 3679/5792/6905 3677/5789/6905

v 0.459614 2.17968 0.628775
vt 0.318811 0.885828
vn -0.625506 0.202698 0.753429
f 3680/5793/6906 3679/5792/6906 3678/5791/6906

v 0.448857 2.15647 0.616374
vt 0.312974 0.883499
vn -0.843115 0.109443 0.526479
f 3681/5794/6907 3679/5792/6907 3680/5793/6907

v 0.453698 2.11141 0.604462
vt 0.305986 0.876225
vn -0.850163 -0.218006 0.479267
f 3682/5795/6908 3679/5792/6908 3681/5794/6908

vn -0.859264 -0.207082 0.467742
v 0.476914 2.10439 0.644006
vt 0.31336 0.869131
f 3682/5795/6909 3683/5796/6909 3679/5792/6909

v 0.468003 2.07475 0.592793
vt 0.30042 0.869629
vn -0.806149 -0.440434 0.395148
f 3684/5797/6910 3683/5796/6910 3682/5795/6910

vn -0.860507 -0.361514 0.358937
v 0.499306 2.05814 0.651099
vt 0.3096 0.858331
f 3684/5797/6911 3685/5798/6911 3683/5796/6911

v 0.482017 2.04719 0.584675
vt 0.296368 0.86449
vn -0.814122 -0.500526 0.294413
f 3686/5799/6912 3685/5798/6912 3684/5797/6912

vn -0.906493 -0.309683 0.286995
v 0.505747 2.02639 0.637195
vt 0.303382 0.854005
f 3686/5799/6913 3687/5800/6913 3685/5798/6913

vn -0.607336 -0.793453 -0.0396948
f 918/1430/6914 3687/5800/6914 3686/5799/6914

vn -0.705163 -0.707858 -0.0410193
f 920/1432/6915 3687/5800/6915 918/1430/6915

v 0.526719 2.00788 0.679049
vt 0.30843 0.844499
vn -0.692925 -0.720445 0.0285153
f 3688/5801/6916 3687/5800/6916 920/1432/6916

vn -0.896611 -0.317276 0.308908
f 3687/5800/6917 3688/5801/6917 3685/5798/6917

vn -0.881794 -0.263414 0.39122
v 0.53162 2.04054 0.712089
vt 0.31854 0.845526
f 3685/5798/6918 3688/5801/6918 3689/5802/6918

vn -0.896119 -0.241912 0.372088
v 0.548472 1.98455 0.716273
vt 0.31206 0.834495
f 3688/5801/6919 3690/5803/6919 3689/5802/6919

vn -0.720814 -0.693006 -0.0130232
v 0.558496 1.97441 0.701046
vt 0.30764 0.833401
f 3688/5801/6920 3691/5804/6920 3690/5803/6920

v 0.539231 1.9939 0.666699
vt 0.304122 0.842273
vn -0.733394 -0.679307 0.0259918
f 3692/5805/6921 3691/5804/6921 3688/5801/6921

vn 0.197144 -0.801155 -0.565053
f 923/1435/6922 3691/5804/6922 3692/5805/6922

vn 0.177166 -0.799049 -0.574571
f 925/1437/6923 3691/5804/6923 923/1435/6923

vn 0.17103 -0.687512 -0.705745
v 0.578519 1.95435 0.725446
vt 0.309365 0.825328
f 925/1437/6924 3693/5806/6924 3691/5804/6924

vn 0.127228 -0.681421 -0.720749
f 925/1437/6925 927/1439/6925 3693/5806/6925

vn 0.12762 -0.522966 -0.842746
v 0.600853 1.93087 0.743399
vt 0.309798 0.817239
f 927/1439/6926 3694/5807/6926 3693/5806/6926

vn 0.112492 -0.522394 -0.845252
v 0.619427 1.93385 0.744027
vt 0.306389 0.815246
f 927/1439/6927 3695/5808/6927 3694/5807/6927

vn 0.0490557 -0.55461 -0.830663
f 928/1440/6928 3695/5808/6928 927/1439/6928

vn 0.0334123 -0.542062 -0.839674
v 0.651554 1.93261 0.746108
vt 0.301575 0.810979
f 928/1440/6929 3696/5809/6929 3695/5808/6929

vn -0.010069 -0.54787 -0.836503
v 0.686413 1.95773 0.729234
vt 0.292867 0.811483
f 928/1440/6930 3697/5810/6930 3696/5809/6930

vn -0.00958704 -0.660308 -0.750933
f 929/1441/6931 3697/5810/6931 928/1440/6931

vn 0.00958704 -0.660308 -0.750933
vt 0.707133 0.811483
f 929/1444/6932 932/1446/6932 3697/5811/6932

vn 0.010069 -0.54787 -0.836503
v 0.721272 1.93261 0.746108
vt 0.698425 0.810979
f 932/1446/6933 3698/5812/6933 3697/5811/6933

vn -0.0334123 -0.542062 -0.839674
v 0.753398 1.93385 0.744027
vt 0.693611 0.815246
f 932/1446/6934 3699/5813/6934 3698/5812/6934

vn -0.0490557 -0.55461 -0.830663
f 932/1446/6935 933/1447/6935 3699/5813/6935

vn -0.112492 -0.522394 -0.845252
f 933/1447/6936 3655/5764/6936 3699/5813/6936

vn -0.0842678 -0.326531 -0.941422
v 0.749028 1.9082 0.753314
vt 0.691035 0.810261
f 3699/5813/6937 3655/5764/6937 3700/5814/6937

vn 0.585328 -0.738765 -0.334093
v 0.754668 1.90635 0.767284
vt 0.688081 0.809571
f 3655/5764/6938 3701/5815/6938 3700/5814/6938

vn 0.665413 -0.706006 -0.24245
f 3656/5765/6939 3701/5815/6939 3655/5764/6939

vn 0.752752 -0.600707 0.269285
v 0.753943 1.92698 0.815309
vt 0.677612 0.807779
f 3656/5765/6940 3702/5816/6940 3701/5815/6940

vn 0.802071 -0.515001 0.302417
f 3656/5765/6941 3657/5766/6941 3702/5816/6941

vn 0.797856 -0.489839 0.351404
v 0.749335 1.94925 0.856824
vt 0.668013 0.805999
f 3657/5766/6942 3703/5817/6942 3702/5816/6942

vn 0.832483 -0.400202 0.383159
v 0.773202 1.98239 0.839584
vt 0.66666 0.815207
f 3657/5766/6943 3704/5818/6943 3703/5817/6943

vn 0.88151 -0.326227 0.341345
f 3657/5766/6944 3658/5767/6944 3704/5818/6944

vn 0.875378 -0.300674 0.378562
v 0.784167 2.03031 0.852291
vt 0.658198 0.822036
f 3658/5767/6945 3705/5819/6945 3704/5818/6945

vn 0.90187 -0.249773 0.352483
f 3658/5767/6946 3659/5768/6946 3705/5819/6946

vn 0.282917 0.580152 0.763794
f 3660/5769/6947 3705/5819/6947 3659/5768/6947

vn 0.494593 0.469548 0.73137
v 0.778536 2.03488 0.853164
vt 0.656612 0.82218
f 3660/5769/6948 3706/5820/6948 3705/5819/6948

vn -0.750779 0.644947 0.142738
vt 0.812746 0.968414
f 3661/5771/6949 3706/5821/6949 3660/5770/6949

vn -0.651466 0.735443 0.186324
v 0.764972 2.02444 0.846971
vt 0.813313 0.971291
f 3661/5771/6950 3707/5822/6950 3706/5821/6950

vn -0.791421 0.611227 0.00737142
f 3663/5773/6951 3707/5822/6951 3661/5771/6951

vn -0.852812 0.521973 0.0160201
v 0.74763 1.99634 0.839437
vt 0.813328 0.976793
f 3663/5773/6952 3708/5823/6952 3707/5822/6952

vn -0.525027 0.793572 0.307556
v 0.728508 2.00375 0.787651
vt 0.821915 0.980483
f 3663/5773/6953 3709/5824/6953 3708/5823/6953

vn -0.528294 0.776882 0.342577
f 3663/5773/6954 3664/5774/6954 3709/5824/6954

vn -0.102293 0.882399 0.459247
f 3664/5774/6955 3665/5775/6955 3709/5824/6955

vn -0.114563 0.875901 0.468692
v 0.686413 2.00072 0.783039
vt 0.822633 0.987803
f 3709/5824/6956 3665/5775/6956 3710/5825/6956

vn 0.114563 0.875901 0.468692
v 0.644318 2.00375 0.787651
vt 0.178085 0.980483
vt 0.177367 0.987803
f 3665/5777/6957 3711/5826/6957 3710/5827/6957

vn 0.102293 0.882399 0.459247
f 3665/5777/6958 3666/5776/6958 3711/5826/6958

vn 0.528294 0.776882 0.342577
v 0.610472 2.02162 0.799325
vt 0.17903 0.973601
f 3711/5826/6959 3666/5776/6959 3712/5828/6959

vn 0.400028 0.874004 0.275851
f 3666/5776/6960 3667/5778/6960 3712/5828/6960

vn 0.795788 0.605198 0.0213949
v 0.590116 2.04777 0.816905
vt 0.180969 0.967472
f 3667/5778/6961 3713/5829/6961 3712/5828/6961

vn 0.71703 0.697036 -0.00284587
f 3667/5778/6962 3668/5779/6962 3713/5829/6962

vn 0.725281 0.688382 -0.0098296
v 0.576334 2.06238 0.823369
vt 0.181546 0.964001
f 3668/5779/6963 3714/5830/6963 3713/5829/6963

vn 0.926216 0.374822 -0.040391
v 0.564377 2.08697 0.777359
vt 0.173292 0.960144
f 3668/5779/6964 3715/5831/6964 3714/5830/6964

vn 0.905857 0.379147 -0.188865
f 3669/5780/6965 3715/5831/6965 3668/5779/6965

vn 0.76517 0.608259 -0.211037
f 3669/5780/6966 3670/5781/6966 3715/5831/6966

vn 0.901459 0.286884 -0.324144
v 0.548218 2.11719 0.75917
vt 0.169893 0.95421
f 3670/5781/6967 3716/5832/6967 3715/5831/6967

vt 0.169871 0.954456
vn 0.876374 0.33192 -0.348995
v 0.536199 2.12099 0.732603
vt 0.164935 0.95279
f 3716/5833/6968 3670/5781/6968 3671/5782/6968 3717/5834/6968 

vn 0.910996 0.117434 -0.395341
v 0.529512 2.13956 0.722707
vt 0.163477 0.949156
f 3671/5782/6969 3718/5835/6969 3717/5834/6969

vn 0.389676 0.70983 -0.586765
v 0.525756 2.14034 0.721154
vt 0.162939 0.948675
f 3718/5835/6970 3671/5782/6970 3719/5836/6970

vn 0.580934 0.602586 -0.54718
f 3719/5836/6971 3671/5782/6971 3672/5783/6971

vt 0.334442 0.86197
vn -0.335647 0.894175 -0.296297
vt 0.328842 0.863952
v 0.524185 2.14033 0.722929
vt 0.334448 0.861444
f 3719/5837/6972 3672/5838/6972 3720/5839/6972

vn -0.458991 0.856054 -0.237695
v 0.511413 2.12744 0.701148
vt 0.328363 0.862842
f 3720/5839/6973 3672/5838/6973 3721/5840/6973

vn -0.470418 0.839109 -0.273134
vt 0.320282 0.866351
f 3672/5838/6974 3673/5841/6974 3721/5840/6974

vn -0.300927 0.888006 -0.347691
v 0.494087 2.1075 0.665227
vt 0.318901 0.865942
f 3721/5840/6975 3673/5841/6975 3722/5842/6975

vn -0.131705 0.333943 0.933347
f 3675/5790/6976 3722/5842/6976 3673/5841/6976

vn -0.0112231 0.373128 0.927712
f 3677/5789/6977 3722/5842/6977 3675/5790/6977

vn -0.763309 -0.118496 0.635074
f 3683/5796/6978 3722/5842/6978 3677/5789/6978

vn -0.773211 0.225739 0.59261
v 0.498882 2.09552 0.676046
vt 0.319009 0.861951
f 3683/5796/6979 3723/5843/6979 3722/5842/6979

vn -0.819656 -0.324374 0.472171
f 3683/5796/6980 3685/5798/6980 3723/5843/6980

vn -0.880924 -0.269559 0.388987
f 3685/5798/6981 3689/5802/6981 3723/5843/6981

vn -0.883786 -0.281027 0.374093
v 0.525958 2.08549 0.732475
vt 0.328012 0.850929
f 3723/5843/6982 3689/5802/6982 3724/5844/6982

vn -0.894001 -0.273583 0.354844
v 0.540759 2.08188 0.766983
vt 0.33375 0.844865
f 3689/5802/6983 3725/5845/6983 3724/5844/6983

vn -0.910378 -0.243246 0.334728
v 0.555524 2.01249 0.756713
vt 0.322805 0.833599
f 3689/5802/6984 3726/5846/6984 3725/5845/6984

vn -0.910175 -0.249224 0.330861
f 3689/5802/6985 3690/5803/6985 3726/5846/6985

vn -0.848103 -0.355136 0.393192
v 0.569504 1.96081 0.740194
vt 0.313383 0.825937
f 3690/5803/6986 3727/5847/6986 3726/5846/6986

vn -0.733013 -0.679553 -0.0300134
f 3691/5804/6987 3727/5847/6987 3690/5803/6987

vn -0.658963 -0.74845 -0.0747754
f 3693/5806/6988 3727/5847/6988 3691/5804/6988

vn -0.710084 -0.691857 -0.130822
v 0.59233 1.93418 0.75715
vt 0.3133 0.817566
f 3693/5806/6989 3728/5848/6989 3727/5847/6989

vn -0.625317 -0.752586 -0.206383
f 3694/5807/6990 3728/5848/6990 3693/5806/6990

v 0.618158 1.90635 0.767284
vt 0.311919 0.809571
vn -0.665413 -0.706006 -0.24245
f 3729/5849/6991 3728/5848/6991 3694/5807/6991

vn -0.752752 -0.600707 0.269285
v 0.618883 1.92698 0.815309
vt 0.322388 0.807779
f 3728/5848/6992 3729/5849/6992 3730/5850/6992

vn -0.70121 -0.651222 0.290197
v 0.650658 1.8971 0.825051
vt 0.320267 0.798956
f 3729/5849/6993 3731/5851/6993 3730/5850/6993

vn -0.677798 -0.683118 0.271917
v 0.650186 1.87781 0.775418
vt 0.30982 0.801126
f 3731/5851/6994 3729/5849/6994 3732/5852/6994

v 0.650268 1.88559 0.761748
vt 0.307512 0.803226
vn -0.543106 -0.728472 -0.417569
f 3733/5853/6995 3732/5852/6995 3729/5849/6995

v 0.686413 1.85926 0.767281
vt 0.304704 0.794679
vn -0.485907 -0.758477 -0.434288
f 3734/5854/6996 3732/5852/6996 3733/5853/6996

v 0.686413 1.85159 0.779002
vt 0.306745 0.792716
vn -0.482881 -0.732729 -0.479514
f 3735/5855/6997 3732/5852/6997 3734/5854/6997

v 0.686413 1.87492 0.828803
vt 0.317724 0.790769
vn -0.572021 -0.742776 0.347959
f 3736/5856/6998 3732/5852/6998 3735/5855/6998

vn -0.524152 -0.792097 0.312805
f 3736/5856/6999 3731/5851/6999 3732/5852/6999

v 0.686413 1.90957 0.880467
vt 0.330483 0.78978
vn -0.49758 -0.720451 0.483079
f 3737/5857/7000 3731/5851/7000 3736/5856/7000

vn -0.44712 -0.766588 0.460898
v 0.65184 1.92375 0.870521
vt 0.330929 0.797721
f 3737/5857/7001 3738/5858/7001 3731/5851/7001

vn -0.447758 -0.712742 0.539918
v 0.65269 1.95054 0.906587
vt 0.34017 0.797254
f 3737/5857/7002 3739/5859/7002 3738/5858/7002

v 0.686413 1.93914 0.918935
vt 0.340591 0.789479
vn -0.440749 -0.711589 0.547158
f 3740/5860/7003 3739/5859/7003 3737/5857/7003

vn -0.392646 -0.18609 0.900666
v 0.686413 1.94918 0.921007
vt 0.342654 0.790093
f 3739/5859/7004 3740/5860/7004 3741/5861/7004

v 0.720136 1.95054 0.906587
vt 0.65983 0.797254
vn 0.392646 -0.18609 0.900666
vt 0.657346 0.790093
vt 0.659409 0.789479
f 3742/5862/7005 3741/5863/7005 3740/5864/7005

v 0.718167 1.95952 0.910513
vt 0.65775 0.797425
vn 0.385529 -0.29716 0.873535
f 3743/5865/7006 3741/5863/7006 3742/5862/7006

vt 0.800393 0.982212
vn -0.376017 0.889091 -0.261013
v 0.686413 1.94141 0.894564
vt 0.802383 0.987803
vt 0.798401 0.987803
f 3743/5866/7007 3744/5867/7007 3741/5868/7007

vn -0.461927 0.883019 -0.0830728
v 0.714296 1.95539 0.888132
vt 0.803935 0.98337
f 3743/5866/7008 3745/5869/7008 3744/5867/7008

v 0.741501 1.9764 0.896852
vt 0.803389 0.977774
vn -0.601987 0.797345 -0.0430368
f 3746/5870/7009 3745/5869/7009 3743/5866/7009

vn -0.631328 0.76523 0.125886
v 0.733219 1.97243 0.87947
vt 0.805983 0.979672
f 3746/5870/7010 3747/5871/7010 3745/5869/7010

v 0.75276 2.00182 0.862922
vt 0.809854 0.974726
vn -0.752439 0.622134 0.2163
f 3748/5872/7011 3747/5871/7011 3746/5870/7011

vn -0.819754 0.570882 0.0457966
f 3708/5823/7012 3747/5871/7012 3748/5872/7012

vn -0.604155 0.760855 0.236847
v 0.722219 1.97897 0.830404
vt 0.813848 0.981979
f 3708/5823/7013 3749/5873/7013 3747/5871/7013

vn -0.609724 0.721343 0.328484
f 3708/5823/7014 3709/5824/7014 3749/5873/7014

vn -0.11572 0.866619 0.485366
f 3709/5824/7015 3710/5825/7015 3749/5873/7015

vn -0.127663 0.86123 0.49192
v 0.686413 1.9752 0.827707
vt 0.814215 0.987803
f 3749/5873/7016 3710/5825/7016 3750/5874/7016

vt 0.185785 0.987803
vn 0.127663 0.86123 0.49192
v 0.650606 1.97897 0.830404
vt 0.186152 0.981979
f 3750/5875/7017 3710/5827/7017 3751/5876/7017

vn 0.11572 0.866619 0.485366
f 3710/5827/7018 3711/5826/7018 3751/5876/7018

vn 0.609724 0.721343 0.328484
v 0.625196 1.99634 0.839437
vt 0.186672 0.976793
f 3751/5876/7019 3711/5826/7019 3752/5877/7019

vn 0.525027 0.793572 0.307556
f 3711/5826/7020 3712/5828/7020 3752/5877/7020

vn 0.852812 0.521973 0.0160201
v 0.607854 2.02444 0.846971
vt 0.186687 0.971291
f 3712/5828/7021 3753/5878/7021 3752/5877/7021

vn 0.791421 0.611227 0.00737142
f 3712/5828/7022 3713/5829/7022 3753/5878/7022

vn 0.651466 0.735443 0.186324
v 0.59429 2.03488 0.853164
vt 0.187254 0.968414
f 3753/5878/7023 3713/5829/7023 3754/5879/7023

vn 0.750779 0.644947 0.142738
f 3713/5829/7024 3714/5830/7024 3754/5879/7024

vt 0.342268 0.831859
vn -0.494593 0.469548 0.73137
v 0.588659 2.03031 0.852291
vt 0.341802 0.822036
vt 0.343388 0.82218
f 3714/5880/7025 3755/5881/7025 3754/5882/7025

vn -0.282917 0.580152 0.763794
v 0.569558 2.05878 0.823592
vt 0.340609 0.831651
f 3714/5880/7026 3756/5883/7026 3755/5881/7026

vn -0.340039 0.68061 0.648955
v 0.557664 2.09012 0.78449
vt 0.339741 0.842919
f 3714/5880/7027 3757/5884/7027 3756/5883/7027

vn 0.611965 0.75258 0.243152
vt 0.17456 0.958906
f 3714/5830/7028 3715/5831/7028 3757/5885/7028

vn 0.695687 0.605024 0.387254
f 3716/5832/7029 3757/5885/7029 3715/5831/7029

vn 0.666691 0.61984 0.41391
v 0.544837 2.11848 0.762683
vt 0.170594 0.953688
f 3716/5832/7030 3758/5886/7030 3757/5885/7030

v 0.538262 2.13585 0.747686
vt 0.168064 0.950442
vn 0.66906 0.614387 0.418195
f 3759/5887/7031 3758/5886/7031 3716/5832/7031

vt 0.338919 0.856626
vn -0.208693 0.592726 0.777897
v 0.537889 2.11675 0.762136
vt 0.337781 0.85148
vt 0.339351 0.851308
f 3759/5888/7032 3760/5889/7032 3758/5890/7032

vn -0.188407 0.594954 0.781366
v 0.535056 2.13513 0.747459
vt 0.338183 0.85666
f 3759/5888/7033 3761/5891/7033 3760/5889/7033

v 0.534371 2.14817 0.737048
vt 0.338571 0.860387
vn -0.190322 0.606476 0.771987
f 3762/5892/7034 3761/5891/7034 3759/5888/7034

vt 0.33817 0.856673
vn -0.725408 0.405833 0.555951
vt 0.338568 0.860388
v 0.529132 2.1375 0.738003
vt 0.336597 0.858626
v 0.532428 2.13618 0.743264
vt 0.337472 0.857539
f 3761/5893/7035 3762/5894/7035 3763/5895/7035 3764/5896/7035 

vt 0.3366 0.858625
vn -0.826784 0.437483 0.353605
vt 0.334457 0.861441
v 0.525558 2.13955 0.727113
vt 0.335052 0.860659
f 3763/5897/7036 3762/5892/7036 3720/5898/7036 3765/5899/7036 

vn -0.314221 0.907945 -0.277312
f 3762/5892/7037 3719/5837/7037 3720/5839/7037

vt 0.166328 0.948121
vn 0.385403 0.72756 -0.567558
f 3762/5900/7038 3718/5835/7038 3719/5836/7038

vn 0.90895 0.140666 -0.392458
v 0.539639 2.13542 0.744678
vt 0.167506 0.95062
f 3718/5835/7039 3762/5900/7039 3766/5901/7039

vn 0.80738 0.510502 0.295849
vt 0.167506 0.950599
f 3762/5900/7040 3759/5887/7040 3766/5902/7040

vn 0.770836 0.577201 0.269539
f 3766/5902/7041 3759/5887/7041 3716/5832/7041

vn 0.911175 0.114141 -0.395894
f 3717/5834/7042 3766/5902/7042 3716/5832/7042

vn 0.910172 0.115885 -0.397691
vt 0.167506 0.950621
f 3718/5835/7043 3766/5903/7043 3717/5834/7043

v 0.515444 2.12581 0.711224
vt 0.329923 0.861012
vn -0.900653 0.263908 0.34522
f 3767/5904/7044 3765/5899/7044 3720/5839/7044

vn -0.896451 0.206744 0.39196
v 0.525933 2.12158 0.737447
vt 0.333977 0.856239
f 3767/5904/7045 3768/5905/7045 3765/5899/7045

vn -0.930071 -0.0507543 0.363857
f 3767/5904/7046 3724/5844/7046 3768/5905/7046

vn -0.902099 -0.0078366 0.431457
f 3723/5843/7047 3724/5844/7047 3767/5904/7047

vn -0.922978 0.0639083 0.379509
f 3723/5843/7048 3767/5904/7048 3721/5840/7048

vn -0.892739 0.220845 0.39274
f 3721/5840/7049 3767/5904/7049 3720/5839/7049

vn -0.905081 0.021339 0.424703
f 3722/5842/7050 3723/5843/7050 3721/5840/7050

vn -0.902967 -0.0592413 0.425608
v 0.532672 2.1189 0.75137
vt 0.336131 0.853566
f 3724/5844/7051 3769/5906/7051 3768/5905/7051

vn -0.91979 -0.0361416 0.390743
f 3724/5844/7052 3725/5845/7052 3769/5906/7052

vn -0.900912 -0.0138661 0.433781
f 3769/5906/7053 3725/5845/7053 3760/5889/7053

vn -0.909719 -0.0172193 0.414868
v 0.54816 2.08666 0.78341
vt 0.337474 0.842998
f 3760/5889/7054 3725/5845/7054 3770/5907/7054

vn -0.886602 -0.141 0.440518
v 0.562316 2.04088 0.797247
vt 0.33361 0.832691
f 3725/5845/7055 3771/5908/7055 3770/5907/7055

vn -0.914768 -0.242463 0.323126
f 3726/5846/7056 3771/5908/7056 3725/5845/7056

vn -0.882639 -0.30249 0.359788
v 0.575283 1.98617 0.783057
vt 0.32409 0.82457
f 3726/5846/7057 3772/5909/7057 3771/5908/7057

vn -0.883263 -0.341622 0.321157
f 3727/5847/7058 3772/5909/7058 3726/5846/7058

vn -0.808137 -0.452734 0.376757
f 3727/5847/7059 3728/5848/7059 3772/5909/7059

vn -0.875279 -0.412668 0.252174
v 0.594219 1.95744 0.801782
vt 0.323789 0.816258
f 3728/5848/7060 3773/5910/7060 3772/5909/7060

vn -0.802071 -0.515001 0.302417
f 3728/5848/7061 3730/5850/7061 3773/5910/7061

vn -0.797856 -0.489839 0.351404
v 0.623491 1.94925 0.856824
vt 0.331987 0.805999
f 3773/5910/7062 3730/5850/7062 3774/5911/7062

vn -0.71272 -0.582068 0.391442
f 3730/5850/7063 3738/5858/7063 3774/5911/7063

vn -0.69304 -0.613953 0.377832
f 3730/5850/7064 3731/5851/7064 3738/5858/7064

vn -0.712253 -0.577489 0.399001
v 0.628017 1.96873 0.893092
vt 0.340433 0.804197
f 3774/5911/7065 3738/5858/7065 3775/5912/7065

vn -0.676192 -0.583721 0.449481
f 3738/5858/7066 3739/5859/7066 3775/5912/7066

vn -0.585255 -0.213521 0.782231
v 0.654659 1.95952 0.910513
vt 0.34225 0.797425
f 3775/5912/7067 3739/5859/7067 3776/5913/7067

vn -0.385529 -0.29716 0.873535
f 3776/5913/7068 3739/5859/7068 3741/5861/7068

vt 0.201599 0.987803
vn 0.376017 0.889091 -0.261013
vt 0.197617 0.987803
vt 0.199607 0.982212
f 3741/5914/7069 3744/5915/7069 3776/5916/7069

vn 0.461927 0.883019 -0.0830728
v 0.65853 1.95539 0.888132
vt 0.196065 0.98337
f 3744/5915/7070 3777/5917/7070 3776/5916/7070

vn 0.324837 0.844087 0.426612
f 3744/5915/7071 3750/5875/7071 3777/5917/7071

vn -0.324837 0.844087 0.426612
f 3745/5869/7072 3750/5874/7072 3744/5867/7072

vn -0.12441 0.924438 0.360467
f 3749/5873/7073 3750/5874/7073 3745/5869/7073

vn -0.588715 0.773409 0.235059
f 3747/5871/7074 3749/5873/7074 3745/5869/7074

vn 0.12441 0.924438 0.360467
f 3750/5875/7075 3751/5876/7075 3777/5917/7075

vn 0.588715 0.773409 0.235059
v 0.639607 1.97243 0.87947
vt 0.194017 0.979672
f 3777/5917/7076 3751/5876/7076 3778/5918/7076

vn 0.604155 0.760855 0.236847
f 3751/5876/7077 3752/5877/7077 3778/5918/7077

vn 0.819754 0.570882 0.0457966
v 0.620066 2.00182 0.862922
vt 0.190146 0.974726
f 3752/5877/7078 3779/5919/7078 3778/5918/7078

vn 0.857083 0.51067 0.0680054
f 3752/5877/7079 3753/5878/7079 3779/5919/7079

vn 0.678391 0.631277 0.375866
v 0.607149 2.00925 0.873757
vt 0.191566 0.972089
f 3753/5878/7080 3780/5920/7080 3779/5919/7080

vn 0.667031 0.640396 0.380739
f 3753/5878/7081 3754/5879/7081 3780/5920/7081

vn -0.454198 0.408217 0.791873
vt 0.343121 0.814417
f 3754/5882/7082 3755/5881/7082 3780/5921/7082

vn -0.612192 0.232688 0.755696
v 0.602506 2.00355 0.87175
vt 0.341493 0.814317
f 3755/5881/7083 3781/5922/7083 3780/5921/7083

v 0.599624 1.98239 0.839584
vt 0.33334 0.815207
vn -0.92129 -0.281845 0.267933
f 3782/5923/7084 3781/5922/7084 3755/5881/7084

vn -0.836834 -0.419956 0.351207
f 3782/5923/7085 3774/5911/7085 3781/5922/7085

vn -0.832483 -0.400202 0.383159
f 3773/5910/7086 3774/5911/7086 3782/5923/7086

vn -0.88151 -0.326227 0.341345
v 0.582155 2.01161 0.822399
vt 0.334169 0.823313
f 3773/5910/7087 3782/5923/7087 3783/5924/7087

vn -0.875378 -0.300674 0.378562
f 3783/5924/7088 3782/5923/7088 3755/5881/7088

vn -0.90187 -0.249773 0.352483
f 3783/5924/7089 3755/5881/7089 3756/5883/7089

vn -0.879301 -0.245158 0.408322
f 3771/5908/7090 3783/5924/7090 3756/5883/7090

vn -0.887225 -0.30095 0.34966
f 3772/5909/7091 3783/5924/7091 3771/5908/7091

vn -0.868426 -0.333157 0.367209
f 3772/5909/7092 3773/5910/7092 3783/5924/7092

vn -0.913978 -0.171451 0.367763
f 3770/5907/7093 3771/5908/7093 3756/5883/7093

vn -0.324193 0.687578 0.64972
f 3756/5883/7094 3757/5884/7094 3770/5907/7094

vn -0.27653 0.504081 0.818189
f 3758/5890/7095 3770/5907/7095 3757/5884/7095

vn -0.195011 0.520948 0.831014
f 3758/5890/7096 3760/5889/7096 3770/5907/7096

vn -0.846458 -0.41785 0.330017
f 3774/5911/7097 3775/5912/7097 3781/5922/7097

vn -0.686678 -0.0589713 0.724566
v 0.631325 1.9764 0.896852
vt 0.342371 0.804328
f 3781/5922/7098 3775/5912/7098 3784/5925/7098

vn -0.576189 -0.145618 0.80424
f 3784/5925/7099 3775/5912/7099 3776/5913/7099

vn 0.601987 0.797345 -0.0430368
vt 0.196611 0.977774
f 3777/5917/7100 3784/5926/7100 3776/5916/7100

vn 0.631328 0.76523 0.125886
f 3777/5917/7101 3778/5918/7101 3784/5926/7101

vn 0.752439 0.622134 0.2163
f 3779/5919/7102 3784/5926/7102 3778/5918/7102

vn 0.653245 0.693891 0.302961
f 3784/5926/7103 3779/5919/7103 3780/5920/7103

vn -0.554886 0.16495 0.81541
f 3780/5921/7104 3781/5922/7104 3784/5925/7104

vn -0.855037 0.236685 0.461402
f 3761/5891/7105 3769/5906/7105 3760/5889/7105

vt 0.337475 0.857538
vn -0.790965 0.250593 0.558192
f 3764/5927/7106 3769/5906/7106 3761/5891/7106

vn -0.865582 0.202545 0.457977
f 3768/5905/7107 3769/5906/7107 3764/5927/7107

vn -0.821575 0.14586 0.551126
f 3768/5905/7108 3764/5927/7108 3763/5897/7108

vn -0.925432 0.174229 0.336481
f 3765/5899/7109 3768/5905/7109 3763/5897/7109

vn -0.857083 0.51067 0.0680054
f 3708/5823/7110 3748/5872/7110 3707/5822/7110

vn -0.678391 0.631277 0.375866
v 0.765676 2.00925 0.873757
vt 0.808434 0.972089
f 3707/5822/7111 3748/5872/7111 3785/5928/7111

vn -0.653245 0.693891 0.302961
f 3785/5928/7112 3748/5872/7112 3746/5870/7112

vt 0.656879 0.814417
vn 0.554886 0.16495 0.81541
vt 0.657629 0.804328
v 0.77032 2.00355 0.87175
vt 0.658507 0.814317
f 3785/5929/7113 3746/5930/7113 3786/5931/7113

vn 0.686678 -0.0589713 0.724566
v 0.744809 1.96873 0.893092
vt 0.659567 0.804197
f 3786/5931/7114 3746/5930/7114 3787/5932/7114

vn 0.576189 -0.145618 0.80424
f 3746/5930/7115 3743/5865/7115 3787/5932/7115

vn 0.585255 -0.213521 0.782231
f 3787/5932/7116 3743/5865/7116 3742/5862/7116

v 0.720986 1.92375 0.870521
vt 0.669071 0.797721
vn 0.676192 -0.583721 0.449481
f 3788/5933/7117 3787/5932/7117 3742/5862/7117

vn 0.712253 -0.577489 0.399001
f 3703/5817/7118 3787/5932/7118 3788/5933/7118

vn 0.846458 -0.41785 0.330017
f 3703/5817/7119 3786/5931/7119 3787/5932/7119

vn 0.836834 -0.419956 0.351207
f 3704/5818/7120 3786/5931/7120 3703/5817/7120

vn 0.92129 -0.281845 0.267933
f 3704/5818/7121 3705/5819/7121 3786/5931/7121

vn 0.612192 0.232688 0.755696
f 3705/5819/7122 3785/5929/7122 3786/5931/7122

vn 0.454198 0.408217 0.791873
f 3706/5820/7123 3785/5929/7123 3705/5819/7123

vn -0.667031 0.640396 0.380739
f 3707/5822/7124 3785/5928/7124 3706/5821/7124

vn 0.71272 -0.582068 0.391442
f 3702/5816/7125 3703/5817/7125 3788/5933/7125

vn 0.69304 -0.613953 0.377832
v 0.722168 1.8971 0.825051
vt 0.679733 0.798956
f 3702/5816/7126 3788/5933/7126 3789/5934/7126

vn 0.44712 -0.766588 0.460898
vt 0.669517 0.78978
f 3789/5934/7127 3788/5933/7127 3737/5935/7127

vn 0.447758 -0.712742 0.539918
f 3788/5933/7128 3742/5862/7128 3737/5935/7128

vn 0.440749 -0.711589 0.547158
f 3742/5862/7129 3740/5864/7129 3737/5935/7129

vn 0.49758 -0.720451 0.483079
vt 0.682276 0.790769
f 3789/5934/7130 3737/5935/7130 3736/5936/7130

v 0.72264 1.87781 0.775418
vt 0.69018 0.801126
vn 0.524152 -0.792097 0.312805
f 3790/5937/7131 3789/5934/7131 3736/5936/7131

vn 0.677798 -0.683118 0.271917
f 3701/5815/7132 3789/5934/7132 3790/5937/7132

vn 0.70121 -0.651222 0.290197
f 3701/5815/7133 3702/5816/7133 3789/5934/7133

vn 0.543106 -0.728472 -0.417569
v 0.722558 1.88559 0.761748
vt 0.692488 0.803226
f 3701/5815/7134 3790/5937/7134 3791/5938/7134

vn 0.485907 -0.758477 -0.434288
vt 0.695296 0.794679
f 3790/5937/7135 3734/5939/7135 3791/5938/7135

vn 0.482881 -0.732729 -0.479514
vt 0.693255 0.792716
f 3790/5937/7136 3735/5940/7136 3734/5939/7136

vn 0.572021 -0.742776 0.347959
f 3790/5937/7137 3736/5936/7137 3735/5940/7137

vn -0.0480514 -0.141838 -0.988723
v 0.686413 1.88156 0.764083
vt 0.697813 0.798398
f 3791/5938/7138 3734/5939/7138 3792/5941/7138

vn 0.0480514 -0.141838 -0.988723
vt 0.302187 0.798398
f 3733/5853/7139 3792/5942/7139 3734/5854/7139

v 0.652528 1.89883 0.758105
vt 0.305563 0.805182
vn 0.0320225 -0.270259 -0.962255
f 3793/5943/7140 3792/5942/7140 3733/5853/7140

v 0.686413 1.93209 0.746223
vt 0.296265 0.806909
vn -0.00349618 -0.333227 -0.94284
f 3794/5944/7141 3792/5942/7141 3793/5943/7141

vt 0.703735 0.806909
vn 0.00349618 -0.333227 -0.94284
v 0.720298 1.89883 0.758105
vt 0.694437 0.805182
f 3794/5945/7142 3795/5946/7142 3792/5941/7142

vt 0.69445 0.805197
vn 0.00178139 -0.334735 -0.942311
vt 0.703748 0.806924
vt 0.698438 0.810994
v 0.737254 1.91424 0.75266
vt 0.693724 0.809728
f 3795/5947/7143 3794/5948/7143 3698/5949/7143 3796/5950/7143 

vn 0.00543267 -0.55235 -0.833595
f 3697/5811/7144 3698/5812/7144 3794/5945/7144

vn -0.00543267 -0.55235 -0.833595
f 3697/5810/7145 3794/5944/7145 3696/5809/7145

vt 0.30555 0.805197
vn -0.00178139 -0.334735 -0.942311
v 0.635572 1.91424 0.75266
vt 0.306276 0.809728
vt 0.301562 0.810994
vt 0.296252 0.806924
f 3793/5951/7146 3797/5952/7146 3696/5953/7146 3794/5954/7146 

vt 0.30637 0.809798
vn 0.0773749 -0.255375 -0.963741
v 0.623798 1.9082 0.753314
vt 0.308965 0.810261
f 3797/5955/7147 3793/5943/7147 3798/5956/7147

vn 0.0698864 -0.275741 -0.958688
f 3798/5956/7148 3793/5943/7148 3733/5853/7148

vn -0.552465 -0.767712 -0.324655
f 3733/5853/7149 3729/5849/7149 3798/5956/7149

vn -0.585328 -0.738765 -0.334093
f 3798/5956/7150 3729/5849/7150 3694/5807/7150

vn 0.0842678 -0.326531 -0.941422
f 3695/5808/7151 3798/5956/7151 3694/5807/7151

vn 0.112478 -0.321308 -0.940271
f 3695/5808/7152 3797/5955/7152 3798/5956/7152

vn 0.0457427 -0.370678 -0.927634
f 3695/5808/7153 3696/5809/7153 3797/5955/7153

vn -0.0457427 -0.370678 -0.927634
vt 0.69363 0.809798
f 3699/5813/7154 3796/5957/7154 3698/5812/7154

vn -0.112478 -0.321308 -0.940271
f 3699/5813/7155 3700/5814/7155 3796/5957/7155

vn -0.0773749 -0.255375 -0.963741
f 3796/5957/7156 3700/5814/7156 3795/5946/7156

vn -0.0698864 -0.275741 -0.958688
f 3700/5814/7157 3791/5938/7157 3795/5946/7157

vn 0.552465 -0.767712 -0.324655
f 3701/5815/7158 3791/5938/7158 3700/5814/7158

vn -0.0320225 -0.270259 -0.962255
f 3795/5946/7159 3791/5938/7159 3792/5941/7159

vn -0.676977 -0.116565 0.726715
f 3679/5792/7160 3683/5796/7160 3677/5789/7160

vn 0.189219 -0.896077 -0.401551
f 923/1435/7161 3692/5805/7161 921/1433/7161

vn 0.134812 -0.890583 -0.434381
f 921/1433/7162 3692/5805/7162 920/1432/7162

vn -0.730639 -0.682021 0.0318548
f 920/1432/7163 3692/5805/7163 3688/5801/7163

vn -0.615163 -0.781885 -0.101143
f 918/1430/7164 3686/5799/7164 917/1429/7164

vn -0.506888 -0.85749 -0.0881854
f 917/1429/7165 3686/5799/7165 909/1421/7165

vn -0.864682 -0.481588 0.142822
f 909/1421/7166 3686/5799/7166 3684/5797/7166

vn -0.807795 -0.570975 0.146478
f 909/1421/7167 3684/5797/7167 907/1419/7167

vn -0.851335 -0.490556 0.185965
f 907/1419/7168 3684/5797/7168 906/1418/7168

vn -0.861225 -0.4249 0.278838
f 906/1418/7169 3684/5797/7169 3682/5795/7169

vn -0.922597 -0.127608 0.364049
v 0.442467 2.15728 0.592079
vt 0.308386 0.88659
f 906/1418/7170 3682/5795/7170 3799/5958/7170

vn -0.954799 -0.167474 0.245583
f 3799/5958/7171 3682/5795/7171 3681/5794/7171

vn -0.945916 0.199992 0.255432
v 0.453511 2.18107 0.614348
vt 0.315986 0.888172
f 3799/5958/7172 3681/5794/7172 3800/5959/7172

vn -0.958202 0.198264 0.206251
v 0.455031 2.18073 0.621736
vt 0.317338 0.887078
f 3800/5959/7173 3681/5794/7173 3801/5960/7173

vn -0.828645 0.0887284 0.552698
f 3681/5794/7174 3680/5793/7174 3801/5960/7174

vn -0.784237 0.282075 0.552636
v 0.460557 2.19161 0.624026
vt 0.319718 0.888753
f 3801/5960/7175 3680/5793/7175 3802/5961/7175

vn -0.578449 0.340825 0.741104
f 3802/5961/7176 3680/5793/7176 3678/5791/7176

vn -0.19481 0.490194 0.849564
f 3802/5961/7177 3678/5791/7177 3676/5788/7177

vt 0.144652 0.934072
vn 0.744684 0.589132 0.313638
v 0.468235 2.17838 0.630638
vt 0.145638 0.936807
f 3802/5962/7178 3676/5787/7178 3803/5963/7178

vn 0.772806 0.538851 0.335275
f 3803/5963/7179 3676/5787/7179 3674/5785/7179

v 0.468933 2.15509 0.611855
vt 0.141686 0.940385
vn 0.893567 0.297698 -0.336027
f 3804/5964/7180 3803/5963/7180 3674/5785/7180

vn 0.876703 0.317572 -0.361304
v 0.4632 2.17985 0.619706
vt 0.143652 0.936067
f 3804/5964/7181 3805/5965/7181 3803/5963/7181

v 0.457585 2.18114 0.607418
vt 0.141445 0.93527
vn 0.874426 0.31852 -0.365957
f 3806/5966/7182 3805/5965/7182 3804/5964/7182

vn 0.871478 0.329255 -0.363478
f 3806/5966/7183 3802/5962/7183 3805/5965/7183

vn -0.165556 0.847462 -0.50438
v 0.453568 2.18092 0.608362
vt 0.141205 0.934588
f 3802/5962/7184 3806/5966/7184 3807/5967/7184

vn -0.169351 0.835065 -0.523438
v 0.450656 2.15819 0.573033
vt 0.134594 0.937677
f 3806/5966/7185 3808/5968/7185 3807/5967/7185

vn 0.868686 0.31295 -0.383989
f 3808/5968/7186 3806/5966/7186 3804/5964/7186

vn 0.845207 0.388602 -0.366897
f 3808/5968/7187 3804/5964/7187 902/1411/7187

vn 0.869945 0.380344 -0.313902
f 902/1411/7188 3804/5964/7188 3674/5785/7188

vn 0.852013 0.404864 -0.331903
f 902/1411/7189 3674/5785/7189 901/1410/7189

vn 0.817186 0.269164 -0.509665
f 903/1412/7190 3808/5968/7190 902/1411/7190

vn -0.252046 0.791053 -0.557411
v 0.44278 2.15762 0.575785
vt 0.134161 0.936275
f 3808/5968/7191 903/1412/7191 3809/5969/7191

vn 0.256662 0.764432 -0.591412
f 3809/5969/7192 903/1412/7192 904/1413/7192

vn -0.970401 0.146637 0.191883
vt 0.305414 0.888754
f 904/1416/7193 906/1418/7193 3809/5970/7193

vn -0.967052 0.254234 -0.0132854
f 906/1418/7194 3799/5958/7194 3809/5970/7194

vn -0.902935 0.429695 -0.00840536
vt 0.314907 0.889048
f 3809/5970/7195 3799/5958/7195 3807/5971/7195

vn -0.899863 0.435746 -0.0192869
f 3799/5958/7196 3800/5959/7196 3807/5971/7196

vn -0.821758 0.569419 -0.0218265
f 3807/5971/7197 3800/5959/7197 3802/5961/7197

vn -0.889705 0.409503 0.201822
f 3800/5959/7198 3801/5960/7198 3802/5961/7198

vn -0.238522 0.825474 -0.511566
f 3807/5967/7199 3808/5968/7199 3809/5969/7199

vn 0.873944 0.32803 -0.358633
f 3805/5965/7200 3802/5962/7200 3803/5963/7200

vn -0.527008 -0.797449 -0.293832
f 914/1426/7201 917/1429/7201 909/1421/7201

vn -0.411385 -0.883292 -0.224852
f 914/1426/7202 909/1421/7202 910/1422/7202

vt 0.830129 0.954456
vn -0.876374 0.33192 -0.348995
v 0.836627 2.12099 0.732603
vt 0.835065 0.95279
f 890/5972/7203 3810/5973/7203 811/1292/7203 812/1293/7203 

vn -0.911175 0.114141 -0.395894
v 0.833187 2.13542 0.744678
vt 0.832494 0.950599
f 3810/5973/7204 890/1396/7204 3811/5974/7204

vn -0.770836 0.577201 0.269539
v 0.834563 2.13585 0.747686
vt 0.831936 0.950442
f 3811/5974/7205 890/1396/7205 3812/5975/7205

vn -0.66906 0.614387 0.418195
f 3812/5975/7206 890/1396/7206 888/1398/7206

vt 0.661081 0.856626
vn 0.208693 0.592726 0.777897
f 3812/5976/7207 888/1394/7207 887/1393/7207

vn 0.188407 0.594954 0.781366
v 0.83777 2.13513 0.747459
vt 0.661817 0.85666
f 3812/5976/7208 887/1393/7208 3813/5977/7208

vn 0.855037 0.236685 0.461402
v 0.840154 2.1189 0.75137
vt 0.663869 0.853566
f 3813/5977/7209 887/1393/7209 3814/5978/7209

vn 0.900912 -0.0138661 0.433781
f 3814/5978/7210 887/1393/7210 804/1283/7210

vn 0.91979 -0.0361416 0.390743
f 805/1284/7211 3814/5978/7211 804/1283/7211

vn 0.902967 -0.0592413 0.425608
v 0.846893 2.12158 0.737447
vt 0.666023 0.856239
f 805/1284/7212 3815/5979/7212 3814/5978/7212

vn 0.930071 -0.0507543 0.363857
f 806/1285/7213 3815/5979/7213 805/1284/7213

vn 0.896451 0.206744 0.39196
v 0.847268 2.13955 0.727113
vt 0.664948 0.860659
f 806/1285/7214 3816/5980/7214 3815/5979/7214

vn 0.900653 0.263908 0.34522
v 0.848641 2.14033 0.722929
vt 0.665552 0.861444
f 806/1285/7215 3817/5981/7215 3816/5980/7215

vn 0.892739 0.220845 0.39274
f 807/1286/7216 3817/5981/7216 806/1285/7216

vn 0.458991 0.856054 -0.237695
vt 0.671158 0.863952
f 807/1286/7217 810/5982/7217 3817/5981/7217

vn 0.470416 0.839114 -0.273125
f 808/1287/7218 810/5982/7218 807/1286/7218

vn 0.335647 0.894175 -0.296297
v 0.847069 2.14034 0.721154
vt 0.665558 0.86197
f 810/5982/7219 3818/5983/7219 3817/5981/7219

vn -0.580934 0.602586 -0.54718
vt 0.837061 0.948675
f 810/1291/7220 811/1292/7220 3818/5984/7220

vn -0.389676 0.70983 -0.586765
v 0.843314 2.13956 0.722707
vt 0.836523 0.949156
f 811/1292/7221 3819/5985/7221 3818/5984/7221

vn -0.910996 0.117434 -0.395341
f 811/1292/7222 3810/5973/7222 3819/5985/7222

vn -0.910172 0.115885 -0.397691
vt 0.832494 0.95062
f 3819/5985/7223 3810/5973/7223 3811/5986/7223

vn -0.90895 0.140666 -0.392458
vt 0.832494 0.950621
v 0.838455 2.14817 0.737048
vt 0.833672 0.948121
f 3819/5985/7224 3811/5987/7224 3820/5988/7224

vn -0.80738 0.510502 0.295849
f 3820/5988/7225 3811/5974/7225 3812/5975/7225

vt 0.661429 0.860387
vn 0.190322 0.606476 0.771987
f 3820/5989/7226 3812/5976/7226 3813/5977/7226

vt 0.66183 0.856673
vn 0.725408 0.405833 0.555951
v 0.840398 2.13618 0.743264
vt 0.662528 0.857539
v 0.843694 2.1375 0.738003
vt 0.663403 0.858626
vt 0.661432 0.860388
f 3813/5990/7227 3821/5991/7227 3822/5992/7227 3820/5993/7227 

vt 0.662525 0.857538
vn 0.790965 0.250593 0.558192
f 3821/5994/7228 3813/5977/7228 3814/5978/7228

vn 0.865582 0.202545 0.457977
f 3815/5979/7229 3821/5994/7229 3814/5978/7229

vn 0.821575 0.14586 0.551126
vt 0.6634 0.858625
f 3815/5979/7230 3822/5995/7230 3821/5994/7230

vn 0.925432 0.174229 0.336481
f 3816/5980/7231 3822/5995/7231 3815/5979/7231

vn 0.826784 0.437483 0.353605
vt 0.665543 0.861441
f 3822/5995/7232 3816/5980/7232 3817/5996/7232 3820/5989/7232 

vn 0.314221 0.907945 -0.277312
f 3817/5981/7233 3818/5983/7233 3820/5989/7233

vn -0.385403 0.72756 -0.567558
f 3818/5984/7234 3819/5985/7234 3820/5988/7234

vn -0.628407 0.50688 -0.590065
f 777/1249/7235 840/1336/7235 776/1248/7235

vn 0.016184 -0.984448 -0.174928
f 486/844/7236 732/1187/7236 485/843/7236

vn -0.700324 0.545184 0.460783
f 468/825/7237 473/828/7237 809/1290/7237

vn -0.772834 0.538843 0.335224
f 470/824/7238 473/828/7238 468/825/7238

vn -0.00922525 0.466785 0.884323
f 468/821/7239 809/1288/7239 465/818/7239

vn 0.0112091 0.37313 0.927711
f 465/818/7240 809/1288/7240 464/817/7240

vn 0.643759 -0.39255 0.656871
f 456/808/7241 457/1272/7241 455/807/7241

vn -0.485621 -0.518675 -0.703668
f 348/643/7242 500/859/7242 344/637/7242

vn -0.392597 -0.397864 -0.829199
f 344/637/7243 500/859/7243 343/636/7243

vn 0.211219 -0.969924 -0.120973
f 326/617/7244 484/840/7244 482/842/7244

vn 0.210108 -0.970315 -0.119762
f 326/617/7245 482/842/7245 324/615/7245

vn 0.032755 0.30038 0.953257
f 324/613/7246 482/838/7246 323/611/7246

vn -0.817185 0.269162 -0.509667
v 0.92217 2.15819 0.573033
vt 0.865406 0.937677
f 314/600/7247 474/829/7247 3823/5997/7247

vn -0.845208 0.3886 -0.366897
f 3823/5997/7248 474/829/7248 472/827/7248

vn -0.868685 0.312952 -0.383988
v 0.915241 2.18114 0.607418
vt 0.858555 0.93527
f 3823/5997/7249 472/827/7249 3824/5998/7249

vn -0.874423 0.318521 -0.365962
f 3824/5998/7250 472/827/7250 471/826/7250

vn -0.871476 0.329257 -0.363483
f 3824/5998/7251 471/826/7251 469/823/7251

v 0.919258 2.18092 0.608362
vt 0.858795 0.934588
vn 0.165456 0.847463 -0.504411
f 3825/5999/7252 3824/5998/7252 469/823/7252

vn 0.16925 0.835073 -0.523457
f 3823/5997/7253 3824/5998/7253 3825/5999/7253

vn 0.238521 0.825472 -0.51157
f 313/601/7254 3823/5997/7254 3825/5999/7254

vn 0.252047 0.791048 -0.557419
f 314/600/7255 3823/5997/7255 313/601/7255

vn 0.902933 0.4297 -0.0084119
vt 0.685093 0.889048
v 0.930359 2.15728 0.592079
vt 0.691614 0.88659
f 313/599/7256 3825/6000/7256 3826/6001/7256

vn 0.899871 0.435731 -0.0192573
v 0.919315 2.18107 0.614348
vt 0.684014 0.888172
f 3826/6001/7257 3825/6000/7257 3827/6002/7257

vn 0.821781 0.569386 -0.0217846
f 3825/6000/7258 469/822/7258 3827/6002/7258

vn 0.889706 0.409503 0.201818
v 0.917795 2.18073 0.621736
vt 0.682662 0.887078
f 3827/6002/7259 469/822/7259 3828/6003/7259

vn 0.784241 0.282076 0.55263
v 0.913212 2.17968 0.628775
vt 0.681189 0.885828
f 3828/6003/7260 469/822/7260 3829/6004/7260

vn 0.578433 0.34083 0.741114
f 469/822/7261 467/820/7261 3829/6004/7261

vn 0.625497 0.2027 0.753436
f 3829/6004/7262 467/820/7262 466/819/7262

v 0.923969 2.15647 0.616374
vt 0.687026 0.883499
vn 0.843115 0.109442 0.526478
f 3830/6005/7263 3829/6004/7263 466/819/7263

vn 0.828649 0.0887315 0.552692
f 3830/6005/7264 3828/6003/7264 3829/6004/7264

vn 0.958202 0.198265 0.206254
f 3827/6002/7265 3828/6003/7265 3830/6005/7265

vn 0.945915 0.199992 0.255436
f 3826/6001/7266 3827/6002/7266 3830/6005/7266

vn 0.954799 -0.167473 0.245583
v 0.919128 2.11141 0.604462
vt 0.694014 0.876225
f 3826/6001/7267 3830/6005/7267 3831/6006/7267

vn 0.850163 -0.218004 0.479267
f 3831/6006/7268 3830/6005/7268 466/819/7268

vn 0.859265 -0.20708 0.467741
f 3831/6006/7269 466/819/7269 463/816/7269

vn 0.806151 -0.440432 0.395147
f 311/597/7270 3831/6006/7270 463/816/7270

vn 0.861225 -0.424899 0.278841
f 312/598/7271 3831/6006/7271 311/597/7271

vn 0.922596 -0.127608 0.36405
f 312/598/7272 3826/6001/7272 3831/6006/7272

vn 0.967052 0.254232 -0.0132894
f 312/598/7273 313/599/7273 3826/6001/7273

vn 0.860507 -0.361515 0.358937
f 311/597/7274 463/816/7274 310/596/7274

vn 0.320923 -0.924532 -0.205546
f 304/590/7275 305/591/7275 303/589/7275

v 0.8113 2.48989 0.645718
vt 0.729916 0.966516
vn 0.250237 0.856237 0.451929
f 3832/6007/7276 287/566/7276 434/771/7276

vn 0.217798 0.848226 0.48278
f 286/564/7277 287/566/7277 3832/6007/7277

vn 0.409373 0.784838 0.465233
f 285/565/7278 286/564/7278 3832/6007/7278

vn 0.40874 0.672253 0.617258
vt 0.717665 0.956581
f 285/565/7279 3832/6007/7279 284/6008/7279

vn 0.434668 0.67333 0.598073
v 0.804249 2.44313 0.703484
vt 0.716238 0.965513
f 284/6008/7280 3832/6007/7280 3833/6009/7280

vn 0.251995 0.736923 0.627251
f 3832/6007/7281 434/771/7281 3833/6009/7281

vn 0.269808 0.74234 0.613299
v 0.748182 2.45601 0.712553
vt 0.714705 0.976509
f 3833/6009/7282 434/771/7282 3834/6010/7282

vn 0.122121 0.765353 0.631918
f 434/771/7283 432/773/7283 3834/6010/7283

vn 0.12082 0.710006 0.693754
v 0.686413 2.41746 0.762762
vt 0.700204 0.986591
f 3834/6010/7284 432/773/7284 3835/6011/7284

vt 0.299796 0.986591
vn -0.12082 0.710006 0.693754
f 3835/6012/7285 432/769/7285 429/766/7285

vn -0.143745 0.691605 0.707828
f 429/766/7286 427/764/7286 3835/6012/7286

vn -0.138364 0.595822 0.791108
f 3835/6012/7287 427/764/7287 425/762/7287

vn 0.138364 0.595822 0.791108
vt 0.688984 0.984068
v 0.745619 2.41001 0.758018
vt 0.70207 0.974631
f 3835/6011/7288 425/6013/7288 3836/6014/7288

vn 0.18175 0.550629 0.814723
v 0.741076 2.36275 0.790975
vt 0.690422 0.972685
f 3836/6014/7289 425/6013/7289 3837/6015/7289

vn 0.16012 0.390457 0.90659
f 425/6013/7290 421/756/7290 3837/6015/7290

vn 0.172048 0.400497 0.900001
f 425/6013/7291 423/758/7291 421/756/7291

vn 0.197951 0.376355 0.905082
v 0.79477 2.35019 0.784453
vt 0.692161 0.961253
f 3837/6015/7292 421/756/7292 3838/6016/7292

vn 0.196491 0.379749 0.903981
v 0.787774 2.30263 0.805954
vt 0.680863 0.958308
f 3838/6016/7293 421/756/7293 3839/6017/7293

vn 0.24272 0.483717 0.840895
f 421/756/7294 418/753/7294 3839/6017/7294

vn 0.217702 0.558477 0.800443
f 3839/6017/7295 418/753/7295 413/748/7295

vn 0.460679 0.577946 0.673613
f 418/753/7296 415/750/7296 413/748/7296

vn 0.423907 0.490535 0.761366
vt 0.681513 0.952219
f 3839/6017/7297 413/748/7297 281/6018/7297

vn 0.457265 0.448944 0.767697
f 281/6018/7298 413/748/7298 280/556/7298

vt 0.693178 0.955507
vn 0.345295 0.358888 0.867163
f 282/6019/7299 3839/6017/7299 281/6018/7299

vn 0.368827 0.337293 0.866141
f 3838/6016/7300 3839/6017/7300 282/6019/7300

vt 0.704798 0.956218
vn 0.407218 0.521172 0.750036
f 283/6020/7301 3838/6016/7301 282/6019/7301

v 0.799095 2.39821 0.75046
vt 0.703773 0.963826
vn 0.433665 0.494281 0.753406
f 3840/6021/7302 3838/6016/7302 283/6020/7302

vn 0.226157 0.549162 0.804534
f 3840/6021/7303 3837/6015/7303 3838/6016/7303

vn 0.233584 0.54094 0.807974
f 3836/6014/7304 3837/6015/7304 3840/6021/7304

vn 0.247161 0.674158 0.696005
f 3834/6010/7305 3836/6014/7305 3840/6021/7305

vn 0.143745 0.691605 0.707828
f 3834/6010/7306 3835/6011/7306 3836/6014/7306

vn 0.266864 0.681773 0.681153
f 3833/6009/7307 3834/6010/7307 3840/6021/7307

vn 0.454785 0.618255 0.641039
f 3833/6009/7308 3840/6021/7308 283/6020/7308

vn 0.429887 0.617066 0.659111
f 3833/6009/7309 283/6020/7309 284/6008/7309

vn 0.234646 0.062736 0.970054
v 0.843106 2.12263 0.800613
vt 0.709267 0.625289
f 407/738/7310 355/654/7310 3841/6022/7310

vn 0.236824 0.015367 0.971431
f 3841/6022/7311 355/654/7311 356/655/7311

vn 0.676313 0.00514762 0.736596
f 3841/6022/7312 356/655/7312 363/668/7312

v 0.855637 2.12781 0.788298
vt 0.71492 0.62511
vn 0.694694 0.0281836 0.718753
f 3842/6023/7313 3841/6022/7313 363/668/7313

vn 0.669864 0.121048 0.73255
f 406/737/7314 3841/6022/7314 3842/6023/7314

vn 0.357604 0.0971287 0.928809
f 406/737/7315 407/738/7315 3841/6022/7315

vn 0.703313 0.146466 0.695628
f 3842/6023/7316 405/736/7316 406/737/7316

vn 0.858793 0.208331 0.468052
f 404/735/7317 405/736/7317 3842/6023/7317

v 0.864521 2.13463 0.770794
vt 0.721225 0.625203
vn 0.836716 0.20912 0.506138
f 3843/6024/7318 404/735/7318 3842/6023/7318

vn 0.912492 0.338911 0.229122
f 3843/6024/7319 403/734/7319 404/735/7319

vn 0.922402 0.34737 0.168848
f 402/733/7320 403/734/7320 3843/6024/7320

vn 0.940882 0.302655 0.152123
f 402/733/7321 3843/6024/7321 366/671/7321

vn 0.841772 0.119568 0.526425
f 366/671/7322 3843/6024/7322 363/668/7322

vn 0.869059 0.107383 0.482913
f 3843/6024/7323 3842/6023/7323 363/668/7323

vn 0.951482 0.297632 0.0780857
f 368/673/7324 402/733/7324 366/671/7324

vn 0.506888 -0.85749 -0.0881854
f 263/529/7325 308/594/7325 306/592/7325

vn 0.527008 -0.797449 -0.293832
f 263/529/7326 306/592/7326 262/528/7326

vn -0.870626 0.488104 0.061365
vt 0.930513 0.84988
f 77/116/7327 74/6025/7327 73/113/7327

vn -0.603795 0.550935 0.57611
vt 0.936034 0.849527
vt 0.936157 0.853453
f 74/6025/7328 70/6026/7328 71/6027/7328

vn 0.771724 0.629935 0.0873201
v 0.938698 2.46171 0.515606
vt 0.750415 0.946749
f 70/269/7329 168/267/7329 3844/6028/7329

vn 0.646165 0.610349 0.458198
v 0.928738 2.44405 0.553183
vt 0.745417 0.945716
f 168/267/7330 3845/6029/7330 3844/6028/7330

vn 0.81413 0.501955 0.291948
f 168/267/7331 165/264/7331 3845/6029/7331

usemtl _auto_14
vt 0.485849 1.94005
vn 0.773973 0.344329 0.531417
f 3845/6030/7332 165/261/7332 55/259/7332

vn 0.884923 0.149771 0.440998
f 54/79/7333 3845/6030/7333 55/259/7333

usemtl _auto_15
vn 0.826158 0.126249 0.549112
f 57/82/7334 3845/6029/7334 54/81/7334

vn 0.868886 0.317665 0.379639
f 3844/6028/7335 3845/6029/7335 57/82/7335

vn 0.869661 0.317764 0.377777
f 58/83/7336 3844/6028/7336 57/82/7336

vn 0.905076 0.398715 0.147865
f 64/92/7337 3844/6028/7337 58/83/7337

vn 0.783594 0.616748 0.0748466
f 70/269/7338 3844/6028/7338 64/92/7338

vt 0.956801 0.849527
vn -0.163349 0.350799 0.922094
vt 0.962182 0.847929
f 70/6031/7339 64/6032/7339 66/100/7339

g Mesh2 Component_3_1 skp5E7F1 Model

v 1.10648 1.72379 0.334744
vt 0.722439 0.344049
vn 0.0332633 0.989582 0.140073
v 1.10675 1.71562 0.392504
vt 0.708978 0.344045
v 1.18579 1.71306 0.391653
vt 0.709129 0.325364
v 1.18767 1.72107 0.334744
vt 0.722392 0.324862
f 3846/6033/7340 3847/6034/7340 3848/6035/7340 3849/6036/7340 

vt 0.709152 0.343696
vn -0.155672 0.977974 0.139046
vt 0.722656 0.343899
v 1.0259 1.70404 0.383409
vt 0.710739 0.363083
f 3847/6037/7341 3846/6038/7341 3850/6039/7341

vn -0.160429 0.978277 0.131292
v 1.0259 1.71057 0.334744
vt 0.722656 0.363038
f 3846/6038/7342 3851/6040/7342 3850/6039/7342

vn -0.160429 0.978277 -0.131291
v 1.0259 1.70404 0.28608
vt 0.734574 0.363082
f 3846/6038/7343 3852/6041/7343 3851/6040/7343

v 1.10675 1.71562 0.276985
vt 0.73616 0.343699
vn -0.155671 0.977974 -0.139046
f 3853/6042/7344 3852/6041/7344 3846/6038/7344

vn -0.175286 0.884497 -0.432365
v 1.0259 1.68416 0.245418
vt 0.745687 0.363607
f 3853/6042/7345 3854/6043/7345 3852/6041/7345

v 1.10775 1.69146 0.228804
vt 0.748853 0.34352
vn -0.168698 0.879748 -0.444505
f 3855/6044/7346 3854/6043/7346 3853/6042/7346

vn -0.191051 0.777048 -0.599746
v 1.0259 1.65974 0.213775
vt 0.755744 0.364329
f 3855/6044/7347 3856/6045/7347 3854/6043/7347

v 1.10873 1.66086 0.190059
vt 0.760861 0.343433
vn -0.185597 0.768778 -0.611991
f 3857/6046/7348 3856/6045/7348 3855/6044/7348

vt 0.857781 0.227625
vn 0.0570043 -0.986644 0.152591
v 1.10813 1.67198 0.262185
vt 0.848751 0.227026
vt 0.855587 0.216918
f 3857/6047/7349 3858/6048/7349 3856/6049/7349

v 1.18923 1.66323 0.192418
vt 0.856628 0.237646
vn 0.0246845 -0.987991 0.15253
f 3859/6050/7350 3858/6048/7350 3857/6047/7350

v 1.19334 1.67464 0.258839
vt 0.848588 0.237714
vn 0.0373006 -0.985276 0.166854
f 3860/6051/7351 3858/6048/7351 3859/6050/7351

v 1.19344 1.6811 0.334744
vt 0.839845 0.238207
vn 0.0344056 -0.995807 0.0847597
f 3861/6052/7352 3858/6048/7352 3860/6051/7352

vn 0.056643 -0.996666 0.0587237
v 1.10796 1.67624 0.334744
vt 0.839844 0.22657
f 3861/6052/7353 3862/6053/7353 3858/6048/7353

vn 0.0566432 -0.996669 -0.0586715
v 1.10813 1.67198 0.407304
vt 0.830938 0.227026
f 3861/6052/7354 3863/6054/7354 3862/6053/7354

vn 0.0340197 -0.995786 -0.0851587
v 1.19334 1.67461 0.41065
vt 0.8311 0.237715
f 3861/6052/7355 3864/6055/7355 3863/6054/7355

v 1.29647 1.68013 0.395655
vt 0.833588 0.248512
vn 0.0409797 -0.995527 -0.0851274
f 3865/6056/7356 3864/6055/7356 3861/6052/7356

vn 0.0176318 -0.971397 -0.236807
v 1.25238 1.66704 0.44608
vt 0.82754 0.244481
f 3865/6056/7357 3866/6057/7357 3864/6055/7357

vt 0.707677 0.297955
vn 0.271546 0.846836 0.457309
v 1.24541 1.70104 0.387271
vt 0.710215 0.310953
vt 0.69384 0.307623
f 3865/6058/7358 3867/6059/7358 3866/6060/7358

vn 0.341505 0.916994 0.206144
v 1.25613 1.70885 0.334744
vt 0.722656 0.308593
f 3865/6058/7359 3868/6061/7359 3867/6059/7359

v 1.3108 1.69251 0.334744
vt 0.722656 0.295747
vn 0.277049 0.926824 0.253459
f 3869/6062/7360 3868/6061/7360 3865/6058/7360

vn 0.277049 0.926824 -0.253459
v 1.29647 1.68013 0.273834
vt 0.737635 0.297952
f 3869/6062/7361 3870/6063/7361 3868/6061/7361

vt 0.839846 0.249121
vn 0.0952123 -0.979666 0.176607
vt 0.846103 0.24851
f 3869/6064/7362 3861/6052/7362 3870/6065/7362

vn 0.0952123 -0.979666 -0.176607
f 3869/6064/7363 3865/6056/7363 3861/6052/7363

vn 0.040745 -0.99557 0.0847312
f 3870/6065/7364 3861/6052/7364 3860/6051/7364

vn 0.0173018 -0.971336 0.23708
v 1.25238 1.66704 0.223408
vt 0.85215 0.244478
f 3870/6065/7365 3860/6051/7365 3871/6066/7365

vn -0.0243401 -0.985035 0.170629
f 3871/6066/7366 3860/6051/7366 3859/6050/7366

vt 0.751475 0.307622
vn 0.228057 0.79481 -0.562376
vt 0.759735 0.323433
v 1.18765 1.69107 0.231126
vt 0.748066 0.324381
f 3871/6067/7367 3859/6068/7367 3872/6069/7367

vn 0.0209015 0.812047 -0.583217
f 3859/6068/7368 3855/6044/7368 3872/6069/7368

vn -0.00498386 0.784645 -0.619926
f 3859/6068/7369 3857/6046/7369 3855/6044/7369

vn 0.0167093 0.905873 -0.42322
v 1.18705 1.71293 0.277876
vt 0.73591 0.324881
f 3872/6069/7370 3855/6044/7370 3873/6070/7370

vn 0.0348896 0.893713 -0.447281
f 3873/6070/7371 3855/6044/7371 3853/6042/7371

vn 0.0346837 0.989573 -0.139796
f 3873/6070/7372 3853/6042/7372 3846/6038/7372

vt 0.722656 0.324712
vn 0.0330638 0.989308 -0.142041
f 3849/6071/7373 3873/6070/7373 3846/6038/7373

v 1.24541 1.70104 0.282218
vt 0.735099 0.310954
vn 0.207738 0.967986 -0.14088
f 3874/6072/7374 3873/6070/7374 3849/6071/7374

vn 0.211835 0.903481 -0.372623
v 1.22313 1.69195 0.24752
vt 0.743973 0.315839
f 3874/6072/7375 3875/6073/7375 3873/6070/7375

vn 0.344905 0.829781 -0.438753
f 3871/6067/7376 3875/6073/7376 3874/6072/7376

vn 0.233158 0.803736 -0.547399
f 3871/6067/7377 3872/6069/7377 3875/6073/7377

vn 0.169995 0.893567 -0.415499
f 3875/6073/7378 3872/6069/7378 3873/6070/7378

vn 0.271544 0.846837 -0.457309
f 3870/6063/7379 3871/6067/7379 3874/6072/7379

vn 0.341504 0.916995 -0.206145
f 3870/6063/7380 3874/6072/7380 3868/6061/7380

vn 0.172897 0.968471 -0.179364
f 3868/6061/7381 3874/6072/7381 3849/6071/7381

vn 0.172897 0.968471 0.179363
f 3868/6061/7382 3849/6071/7382 3867/6059/7382

vn 0.20583 0.968081 0.143013
vt 0.709392 0.32518
f 3867/6059/7383 3849/6071/7383 3848/6074/7383

vn 0.20978 0.904404 0.371546
v 1.22313 1.69195 0.421968
vt 0.701341 0.315842
f 3867/6059/7384 3848/6074/7384 3876/6075/7384

vn 0.170148 0.894487 0.413452
v 1.1883 1.69101 0.438324
vt 0.697253 0.324221
f 3876/6075/7385 3848/6074/7385 3877/6076/7385

vn 0.0175539 0.904391 0.426343
v 1.10775 1.69146 0.440685
vt 0.696461 0.343519
f 3877/6076/7386 3848/6074/7386 3878/6077/7386

vn 0.0336796 0.89374 0.447319
f 3848/6074/7387 3847/6037/7387 3878/6077/7387

vn -0.168699 0.879748 0.444504
v 1.0259 1.68416 0.424071
vt 0.699616 0.363602
f 3878/6077/7388 3847/6037/7388 3879/6078/7388

vn -0.175288 0.884498 0.432362
f 3847/6037/7389 3850/6039/7389 3879/6078/7389

vn -0.372183 0.833866 0.407612
v 0.968451 1.67243 0.39561
vt 0.705833 0.379166
f 3850/6039/7390 3880/6079/7390 3879/6078/7390

vn -0.354325 0.818576 0.452092
v 0.968451 1.68542 0.372102
vt 0.712825 0.378225
f 3850/6039/7391 3881/6080/7391 3880/6079/7391

vn -0.328212 0.93621 0.125647
f 3851/6040/7392 3881/6080/7392 3850/6039/7392

vn -0.329839 0.93599 0.122995
v 0.968451 1.69033 0.334741
vt 0.722657 0.377594
f 3851/6040/7393 3882/6081/7393 3881/6080/7393

vn -0.328977 0.933593 -0.142051
v 0.968451 1.68467 0.297579
vt 0.732493 0.378319
f 3851/6040/7394 3883/6082/7394 3882/6081/7394

vn -0.339348 0.932302 -0.125121
f 3852/6041/7395 3883/6082/7395 3851/6040/7395

vn -0.364015 0.836141 -0.410319
v 0.968451 1.67291 0.273611
vt 0.739475 0.379093
f 3852/6041/7396 3884/6083/7396 3883/6082/7396

vn -0.364553 0.836581 -0.408942
f 3854/6043/7397 3884/6083/7397 3852/6041/7397

vn -0.399806 0.760972 -0.510957
v 0.968451 1.66211 0.25753
vt 0.744703 0.379765
f 3854/6043/7398 3885/6084/7398 3884/6083/7398

vn -0.397091 0.726541 -0.560764
f 3856/6045/7399 3885/6084/7399 3854/6043/7399

v 1.0259 1.6667 0.269867
vt 0.848262 0.216525
vn 0.052776 -0.991 0.12302
vt 0.850169 0.208946
f 3886/6085/7400 3885/6086/7400 3856/6049/7400

vn 0.0709769 -0.996661 0.0403738
v 0.940549 1.66187 0.300669
vt 0.844415 0.205048
f 3886/6085/7401 3887/6087/7401 3885/6086/7401

v 1.0259 1.66886 0.334744
vt 0.839845 0.216332
vn 0.0684081 -0.997105 0.0331859
f 3888/6088/7402 3887/6087/7402 3886/6085/7402

vn 0.0786813 -0.996872 0.00740555
v 0.932469 1.66149 0.334744
vt 0.839846 0.204004
f 3888/6088/7403 3889/6089/7403 3887/6087/7403

vn 0.0786813 -0.996872 -0.0074055
v 0.940549 1.66187 0.36882
vt 0.835277 0.205047
f 3888/6088/7404 3890/6090/7404 3889/6089/7404

v 1.0259 1.6667 0.399622
vt 0.831427 0.216524
vn 0.0683956 -0.997105 -0.033217
f 3891/6091/7405 3890/6090/7405 3888/6088/7405

vn 0.0709462 -0.996664 -0.040354
v 0.968451 1.66211 0.411959
vt 0.829521 0.208944
f 3891/6091/7406 3892/6092/7406 3890/6090/7406

v 1.0259 1.65974 0.455714
vt 0.8241 0.216916
vn 0.052749 -0.991006 -0.122984
f 3893/6093/7407 3892/6092/7407 3891/6091/7407

vn -0.397091 0.726543 0.560763
vt 0.700595 0.379761
vt 0.689563 0.364321
f 3879/6078/7408 3892/6094/7408 3893/6095/7408

vn -0.400517 0.774806 0.489144
f 3879/6078/7409 3880/6079/7409 3892/6094/7409

vn -0.639854 0.649834 0.410248
vt 0.712367 0.388686
f 3880/6079/7410 3890/6096/7410 3892/6094/7410

vn -0.622549 0.685046 0.378344
f 3881/6080/7411 3890/6096/7411 3880/6079/7411

vn -0.648503 0.754724 0.0991758
f 3882/6081/7412 3890/6096/7412 3881/6080/7412

vn -0.619387 0.772837 0.138137
vt 0.722656 0.391753
f 3882/6081/7413 3889/6097/7413 3890/6096/7413

vn -0.619404 0.772823 -0.138142
vt 0.732941 0.38868
f 3882/6081/7414 3887/6098/7414 3889/6097/7414

vn -0.636139 0.762795 -0.116063
f 3883/6082/7415 3887/6098/7415 3882/6081/7415

vn -0.616172 0.707063 -0.346977
f 3884/6083/7416 3887/6098/7416 3883/6082/7416

vn -0.655931 0.626661 -0.420773
f 3885/6084/7417 3887/6098/7417 3884/6083/7417

vn -0.191052 0.777049 0.599745
f 3878/6077/7418 3879/6078/7418 3893/6095/7418

v 1.10873 1.66086 0.47943
vt 0.684452 0.343427
vn -0.185598 0.768778 0.611991
f 3894/6099/7419 3878/6077/7419 3893/6095/7419

v 1.18923 1.66319 0.47707
vt 0.685578 0.32343
vn -0.00454419 0.784652 0.61992
f 3895/6100/7420 3878/6077/7420 3894/6099/7420

vn 0.0216247 0.812318 0.582814
f 3895/6100/7421 3877/6076/7421 3878/6077/7421

vn 0.228503 0.793354 0.564249
f 3866/6060/7422 3877/6076/7422 3895/6100/7422

vn 0.234794 0.804248 0.545946
f 3866/6060/7423 3876/6075/7423 3877/6076/7423

vn 0.344906 0.82978 0.438754
f 3866/6060/7424 3867/6059/7424 3876/6075/7424

vn -0.0237256 -0.98502 -0.170803
vt 0.823059 0.237649
f 3866/6057/7425 3895/6101/7425 3864/6055/7425

vn 0.0369126 -0.985251 -0.167089
f 3864/6055/7426 3895/6101/7426 3863/6054/7426

vn 0.0241308 -0.987997 -0.152578
vt 0.821907 0.227626
f 3895/6101/7427 3894/6102/7427 3863/6054/7427

vn 0.0570188 -0.986635 -0.152641
f 3894/6102/7428 3893/6093/7428 3863/6054/7428

vn 0.0750211 -0.989591 -0.122809
f 3863/6054/7429 3893/6093/7429 3891/6091/7429

vn 0.0694304 -0.995861 -0.0586544
f 3863/6054/7430 3891/6091/7430 3862/6053/7430

vn 0.0895355 -0.995431 -0.0331613
f 3862/6053/7431 3891/6091/7431 3888/6088/7431

vn 0.0895356 -0.995432 0.0331302
f 3862/6053/7432 3888/6088/7432 3886/6085/7432

vn 0.0693646 -0.995862 0.0587067
f 3858/6048/7433 3862/6053/7433 3886/6085/7433

vn 0.0749545 -0.989591 0.122845
f 3858/6048/7434 3886/6085/7434 3856/6049/7434

g Mesh3 Component_3_1 skp5E7F1 Model

v 0.264865 1.67624 0.334744
vt 0.160156 0.22657
vn -0.0566433 -0.996669 -0.0586679
v 0.264693 1.67198 0.407304
vt 0.169062 0.227026
v 0.179386 1.6811 0.334744
vt 0.160155 0.238207
f 3896/6103/7435 3897/6104/7435 3898/6105/7435

v 0.346925 1.6667 0.399622
vt 0.168573 0.216524
vn -0.0694303 -0.995861 -0.0586508
f 3899/6106/7436 3897/6104/7436 3896/6103/7436

v 0.346925 1.65974 0.455714
vt 0.1759 0.216916
vn -0.0750219 -0.98959 -0.122813
f 3900/6107/7437 3897/6104/7437 3899/6106/7437

vn -0.0570199 -0.986635 -0.152645
v 0.264093 1.66086 0.47943
vt 0.178093 0.227626
f 3900/6107/7438 3901/6108/7438 3897/6104/7438

vt 0.310437 0.364321
vn 0.1856 0.768773 0.611997
v 0.26508 1.69146 0.440685
vt 0.303539 0.343519
vt 0.315548 0.343427
f 3900/6109/7439 3902/6110/7439 3901/6111/7439

v 0.346925 1.68416 0.424071
vt 0.300384 0.363602
vn 0.191057 0.777048 0.599744
f 3903/6112/7440 3902/6110/7440 3900/6109/7440

vn 0.168703 0.879751 0.444496
v 0.26608 1.71562 0.392504
vt 0.290848 0.343696
f 3903/6112/7441 3904/6113/7441 3902/6110/7441

v 0.346925 1.70404 0.383409
vt 0.289261 0.363083
vn 0.175284 0.884496 0.432369
f 3905/6114/7442 3904/6113/7442 3903/6112/7442

vn 0.155668 0.977974 0.139046
v 0.26635 1.72378 0.334744
vt 0.277344 0.343899
f 3905/6114/7443 3906/6115/7443 3904/6113/7443

v 0.346925 1.71057 0.334744
vt 0.277344 0.363038
vn 0.160426 0.978277 0.131292
f 3907/6116/7444 3906/6115/7444 3905/6114/7444

v 0.346925 1.70404 0.28608
vt 0.265426 0.363082
vn 0.160426 0.978277 -0.131292
f 3908/6117/7445 3906/6115/7445 3907/6116/7445

vn 0.155668 0.977974 -0.139046
v 0.26608 1.71562 0.276985
vt 0.26384 0.343699
f 3908/6117/7446 3909/6118/7446 3906/6115/7446

v 0.346925 1.68416 0.245418
vt 0.254313 0.363607
vn 0.175284 0.884496 -0.432369
f 3910/6119/7447 3909/6118/7447 3908/6117/7447

vn 0.168702 0.879751 -0.444498
v 0.26508 1.69146 0.228804
vt 0.251147 0.34352
f 3910/6119/7448 3911/6120/7448 3909/6118/7448

v 0.346925 1.65974 0.213775
vt 0.244256 0.364329
vn 0.191056 0.777047 -0.599746
f 3912/6121/7449 3911/6120/7449 3910/6119/7449

vn 0.185599 0.768773 -0.611997
v 0.264093 1.66086 0.190059
vt 0.239139 0.343433
f 3912/6121/7450 3913/6122/7450 3911/6120/7450

vt 0.144413 0.216918
vn -0.0570053 -0.986643 0.152594
v 0.264693 1.67198 0.262185
vt 0.151249 0.227026
vt 0.142219 0.227625
f 3912/6123/7451 3914/6124/7451 3913/6125/7451

v 0.346925 1.6667 0.269867
vt 0.151738 0.216525
vn -0.0749549 -0.989591 0.122849
f 3915/6126/7452 3914/6124/7452 3912/6123/7452

vn -0.0693644 -0.995863 0.0587032
f 3915/6126/7453 3896/6103/7453 3914/6124/7453

v 0.346925 1.66886 0.334744
vt 0.160155 0.216332
vn -0.0895326 -0.995433 0.0331302
f 3916/6127/7454 3896/6103/7454 3915/6126/7454

vn -0.0895325 -0.995432 -0.0331613
f 3899/6106/7455 3896/6103/7455 3916/6127/7455

v 0.432277 1.66187 0.36882
vt 0.164723 0.205047
vn -0.0683956 -0.997105 -0.0332171
f 3917/6128/7456 3899/6106/7456 3916/6127/7456

vn -0.0709462 -0.996664 -0.040354
v 0.404375 1.66211 0.411959
vt 0.170479 0.208944
f 3917/6128/7457 3918/6129/7457 3899/6106/7457

vt 0.287633 0.388686
vn 0.639858 0.649828 0.41025
v 0.404375 1.67243 0.39561
vt 0.294167 0.379166
vt 0.299405 0.379761
f 3917/6130/7458 3919/6131/7458 3918/6132/7458

vn 0.622552 0.685044 0.378343
v 0.404375 1.68542 0.372102
vt 0.287175 0.378225
f 3917/6130/7459 3920/6133/7459 3919/6131/7459

vn 0.648503 0.754724 0.0991751
v 0.404375 1.69033 0.334741
vt 0.277343 0.377594
f 3917/6130/7460 3921/6134/7460 3920/6133/7460

v 0.440356 1.66149 0.334744
vt 0.277344 0.391753
vn 0.619379 0.772842 0.138148
f 3922/6135/7461 3921/6134/7461 3917/6130/7461

vn 0.619396 0.772827 -0.138153
v 0.432277 1.66187 0.300669
vt 0.267059 0.38868
f 3922/6135/7462 3923/6136/7462 3921/6134/7462

vt 0.160154 0.204004
vn -0.0786759 -0.996873 0.00741923
vt 0.155585 0.205048
f 3922/6137/7463 3916/6127/7463 3923/6138/7463

vn -0.0786759 -0.996873 -0.0074192
f 3922/6137/7464 3917/6128/7464 3916/6127/7464

vn -0.0684081 -0.997105 0.0331859
f 3923/6138/7465 3916/6127/7465 3915/6126/7465

vn -0.0709769 -0.996661 0.0403738
v 0.404375 1.66211 0.25753
vt 0.149831 0.208946
f 3923/6138/7466 3915/6126/7466 3924/6139/7466

vn -0.052775 -0.990999 0.123024
f 3924/6139/7467 3915/6126/7467 3912/6123/7467

vt 0.255297 0.379765
vn 0.397089 0.726542 -0.560765
f 3924/6140/7468 3912/6121/7468 3910/6119/7468

vn 0.399803 0.760973 -0.510958
v 0.404375 1.67291 0.273611
vt 0.260525 0.379093
f 3924/6140/7469 3910/6119/7469 3925/6141/7469

vn 0.364551 0.83658 -0.408946
f 3925/6141/7470 3910/6119/7470 3908/6117/7470

vn 0.364015 0.836141 -0.410319
v 0.404375 1.68467 0.297579
vt 0.267507 0.378319
f 3925/6141/7471 3908/6117/7471 3926/6142/7471

vn 0.339347 0.932302 -0.125122
f 3926/6142/7472 3908/6117/7472 3907/6116/7472

vn 0.328977 0.933593 -0.142051
f 3926/6142/7473 3907/6116/7473 3921/6134/7473

vn 0.329839 0.935991 0.122995
f 3921/6134/7474 3907/6116/7474 3920/6133/7474

vn 0.328212 0.936211 0.125646
f 3920/6133/7475 3907/6116/7475 3905/6114/7475

vn 0.354325 0.818576 0.452092
f 3920/6133/7476 3905/6114/7476 3919/6131/7476

vn 0.372181 0.833864 0.407619
f 3919/6131/7477 3905/6114/7477 3903/6112/7477

vn 0.400514 0.774804 0.48915
f 3919/6131/7478 3903/6112/7478 3918/6132/7478

vn 0.397088 0.726543 0.560763
f 3918/6132/7479 3903/6112/7479 3900/6109/7479

vn -0.0527481 -0.991005 -0.122989
f 3918/6129/7480 3900/6107/7480 3899/6106/7480

vn 0.636139 0.762795 -0.116063
f 3923/6136/7481 3926/6142/7481 3921/6134/7481

vn 0.616172 0.707063 -0.346977
f 3923/6136/7482 3925/6141/7482 3926/6142/7482

vn 0.655931 0.626661 -0.420774
f 3924/6140/7483 3925/6141/7483 3923/6136/7483

vn -0.0566432 -0.996666 0.0587202
f 3896/6103/7484 3898/6105/7484 3914/6124/7484

vn -0.0344083 -0.995808 0.0847532
v 0.179486 1.67464 0.258839
vt 0.151412 0.237714
f 3914/6124/7485 3898/6105/7485 3927/6143/7485

vn -0.0407411 -0.995571 0.0847247
v 0.0763587 1.68013 0.273834
vt 0.153897 0.24851
f 3927/6143/7486 3898/6105/7486 3928/6144/7486

vn -0.0952121 -0.979666 0.176607
v 0.0620276 1.69251 0.334744
vt 0.160154 0.249121
f 3898/6105/7487 3929/6145/7487 3928/6144/7487

vn -0.0952121 -0.979666 -0.176607
v 0.0763587 1.68013 0.395655
vt 0.166412 0.248512
f 3898/6105/7488 3930/6146/7488 3929/6145/7488

v 0.179485 1.67461 0.41065
vt 0.1689 0.237715
vn -0.0409797 -0.995527 -0.0851276
f 3931/6147/7489 3930/6146/7489 3898/6105/7489

vn -0.0176326 -0.971398 -0.236801
v 0.120449 1.66704 0.44608
vt 0.17246 0.244481
f 3931/6147/7490 3932/6148/7490 3930/6146/7490

v 0.183597 1.66319 0.47707
vt 0.176941 0.237649
vn 0.0237237 -0.98502 -0.170799
f 3933/6149/7491 3932/6148/7491 3931/6147/7491

v 0.184524 1.69101 0.438324
vt 0.302747 0.324221
vn -0.228501 0.793357 0.564245
vt 0.30616 0.307623
vt 0.314422 0.32343
f 3934/6150/7492 3932/6151/7492 3933/6152/7492

vn -0.234791 0.804251 0.545943
v 0.149696 1.69195 0.421968
vt 0.298659 0.315842
f 3934/6150/7493 3935/6153/7493 3932/6151/7493

v 0.187035 1.71306 0.391653
vt 0.290608 0.32518
vn -0.170148 0.894487 0.413453
f 3936/6154/7494 3935/6153/7494 3934/6150/7494

vn -0.20978 0.904404 0.371546
v 0.12742 1.70104 0.387271
vt 0.289785 0.310953
f 3936/6154/7495 3937/6155/7495 3935/6153/7495

vn -0.205831 0.968081 0.143017
v 0.185159 1.72107 0.334744
vt 0.277344 0.324712
f 3936/6154/7496 3938/6156/7496 3937/6155/7496

vt 0.277903 0.324866
vn -0.0332617 0.989582 0.140075
vt 0.291165 0.32538
vt 0.2913 0.344061
vt 0.277838 0.344052
f 3938/6157/7497 3936/6158/7497 3904/6159/7497 3906/6160/7497 

vn -0.0336796 0.893744 0.447311
f 3904/6113/7498 3936/6154/7498 3902/6110/7498

vn -0.0175596 0.904391 0.426343
f 3902/6110/7499 3936/6154/7499 3934/6150/7499

vn -0.0216298 0.81232 0.582811
f 3902/6110/7500 3934/6150/7500 3933/6152/7500

vn 0.00454634 0.784647 0.619926
f 3902/6110/7501 3933/6152/7501 3901/6111/7501

vn -0.0241337 -0.987996 -0.152582
f 3897/6104/7502 3901/6108/7502 3933/6149/7502

vn -0.036909 -0.985251 -0.167086
f 3897/6104/7503 3933/6149/7503 3931/6147/7503

vn -0.0340165 -0.995787 -0.0851589
f 3897/6104/7504 3931/6147/7504 3898/6105/7504

vn -0.0330607 0.989308 -0.142045
v 0.185776 1.71293 0.277877
vt 0.26409 0.324881
f 3906/6115/7505 3939/6161/7505 3938/6156/7505

vn -0.0346838 0.989573 -0.139796
f 3906/6115/7506 3909/6118/7506 3939/6161/7506

vn -0.0348898 0.893716 -0.447274
f 3909/6118/7507 3911/6120/7507 3939/6161/7507

vn -0.0167121 0.905875 -0.423215
v 0.185175 1.69107 0.231126
vt 0.251934 0.324381
f 3911/6120/7508 3940/6162/7508 3939/6161/7508

vn -0.0209041 0.812047 -0.583217
v 0.183598 1.66323 0.192418
vt 0.240265 0.323433
f 3911/6120/7509 3941/6163/7509 3940/6162/7509

vn 0.00498601 0.78464 -0.619932
f 3911/6120/7510 3913/6122/7510 3941/6163/7510

vn -0.0246875 -0.98799 0.152533
vt 0.143372 0.237646
f 3914/6124/7511 3941/6164/7511 3913/6125/7511

vn -0.0373036 -0.985275 0.166858
f 3914/6124/7512 3927/6143/7512 3941/6164/7512

vn 0.024342 -0.985034 0.170632
v 0.120449 1.66704 0.223408
vt 0.14785 0.244478
f 3941/6164/7513 3927/6143/7513 3942/6165/7513

vn -0.0172972 -0.971336 0.237079
f 3927/6143/7514 3928/6144/7514 3942/6165/7514

v 0.12742 1.70104 0.282218
vt 0.264901 0.310954
vn -0.271545 0.846838 -0.457305
vt 0.248525 0.307622
vt 0.262365 0.297952
f 3943/6166/7515 3942/6167/7515 3928/6168/7515

v 0.149696 1.69195 0.24752
vt 0.256027 0.315839
vn -0.344901 0.829783 -0.438752
f 3944/6169/7516 3942/6167/7516 3943/6166/7516

vn -0.23316 0.803741 -0.547392
f 3940/6162/7517 3942/6167/7517 3944/6169/7517

vn -0.228057 0.79481 -0.562376
f 3940/6162/7518 3941/6163/7518 3942/6167/7518

vn -0.169999 0.893568 -0.415495
f 3939/6161/7519 3940/6162/7519 3944/6169/7519

vn -0.211835 0.903481 -0.372623
f 3939/6161/7520 3944/6169/7520 3943/6166/7520

vn -0.207738 0.967986 -0.140884
f 3939/6161/7521 3943/6166/7521 3938/6156/7521

vn -0.172893 0.96847 -0.179372
v 0.116692 1.70885 0.334744
vt 0.277344 0.308593
f 3938/6156/7522 3943/6166/7522 3945/6170/7522

vn -0.341503 0.916993 -0.206153
f 3943/6166/7523 3928/6168/7523 3945/6170/7523

vn -0.277056 0.926821 -0.25346
vt 0.277344 0.295747
f 3945/6170/7524 3928/6168/7524 3929/6171/7524

vn -0.277056 0.926821 0.25346
vt 0.292323 0.297955
f 3945/6170/7525 3929/6171/7525 3930/6172/7525

vn -0.341503 0.916993 0.206153
f 3937/6155/7526 3945/6170/7526 3930/6172/7526

vn -0.172893 0.96847 0.179372
f 3938/6156/7527 3945/6170/7527 3937/6155/7527

vn -0.271547 0.846837 0.457306
f 3937/6155/7528 3930/6172/7528 3932/6151/7528

vn -0.344902 0.829782 0.438752
f 3935/6153/7529 3937/6155/7529 3932/6151/7529

g Mesh4 Component_3_1 skp5E7F1 Model

v 1.95331 1.6666 0.334745
vt 0.863281 0.145208
vn -0.0252699 -0.996136 -0.0841119
v 1.95259 1.66009 0.412047
vt 0.853891 0.145149
v 1.78907 1.66478 0.405637
vt 0.854651 0.12533
f 3946/6173/7530 3947/6174/7530 3948/6175/7530

v 2.11404 1.64872 0.413427
vt 0.853735 0.164726
vn -0.0692886 -0.994025 -0.0843429
f 3949/6176/7531 3947/6174/7531 3946/6173/7531

vn -0.0679105 -0.984126 -0.163966
v 2.09271 1.63712 0.491871
vt 0.844077 0.162272
f 3949/6176/7532 3950/6177/7532 3947/6174/7532

v 2.20528 1.62817 0.486251
vt 0.844791 0.176013
vn -0.0865078 -0.981866 -0.168689
f 3951/6178/7533 3950/6177/7533 3949/6176/7533

vn -0.0866122 -0.981352 -0.171599
v 2.17758 1.61838 0.556195
vt 0.836119 0.172772
f 3951/6178/7534 3952/6179/7534 3950/6177/7534

vt 0.835933 0.172664
vn -0.155748 -0.967948 -0.197025
vt 0.844601 0.175916
v 2.29002 1.61491 0.484381
vt 0.844755 0.186418
v 2.23858 1.61525 0.523426
vt 0.83995 0.180141
f 3952/6180/7535 3951/6181/7535 3953/6182/7535 3954/6183/7535 

vt 0.844985 0.18645
vn -0.156092 -0.978597 -0.134103
v 2.25358 1.63051 0.412964
vt 0.853763 0.181808
f 3953/6184/7536 3951/6178/7536 3955/6185/7536

vn -0.128911 -0.984802 -0.116388
f 3955/6185/7537 3951/6178/7537 3949/6176/7537

vn -0.129331 -0.989233 -0.0684888
v 2.11805 1.65364 0.334745
vt 0.863281 0.165138
f 3955/6185/7538 3949/6176/7538 3956/6186/7538

vn -0.0782367 -0.994733 -0.0662253
f 3956/6186/7539 3949/6176/7539 3946/6173/7539

vn -0.0782367 -0.994733 0.0662253
v 2.11404 1.64872 0.256063
vt 0.872827 0.164725
f 3956/6186/7540 3946/6173/7540 3957/6187/7540

vn -0.0692918 -0.994025 0.0843365
v 1.95259 1.66009 0.257444
vt 0.872671 0.145152
f 3957/6187/7541 3946/6173/7541 3958/6188/7541

vn -0.0252966 -0.996136 0.0841056
v 1.78907 1.66478 0.263853
vt 0.871912 0.125326
f 3946/6173/7542 3959/6189/7542 3958/6188/7542

vn -0.0211229 -0.997 0.0744585
v 1.78447 1.67017 0.334745
vt 0.863281 0.124746
f 3946/6173/7543 3960/6190/7543 3959/6189/7543

vn -0.0211228 -0.996995 -0.0745263
f 3946/6173/7544 3948/6175/7544 3960/6190/7544

vn -0.00340186 -0.997126 -0.0756868
v 1.63013 1.66597 0.397047
vt 0.855649 0.106039
f 3948/6175/7545 3961/6191/7545 3960/6190/7545

vn 0.00508671 -0.973308 -0.229447
v 1.69168 1.6512 0.461081
vt 0.847666 0.113545
f 3948/6175/7546 3962/6192/7546 3961/6191/7546

v 1.81083 1.64916 0.477602
vt 0.845712 0.12801
vn 0.0132598 -0.97634 -0.215833
f 3963/6193/7547 3962/6192/7547 3948/6175/7547

vn -9.52074e-005 -0.992589 -0.121516
v 1.71364 1.6443 0.517427
vt 0.840782 0.116235
f 3963/6193/7548 3964/6194/7548 3962/6192/7548

v 1.8227 1.63453 0.555624
vt 0.836077 0.129512
vn -0.0247996 -0.983232 -0.180663
f 3965/6195/7549 3964/6194/7549 3963/6193/7549

vt 0.663341 0.254912
vn -0.0718226 0.89772 0.434673
v 1.74021 1.6606 0.488147
vt 0.644939 0.23446
vt 0.653164 0.227549
f 3965/6196/7550 3966/6197/7550 3964/6198/7550

v 1.82519 1.66098 0.511605
vt 0.650578 0.255719
vn -0.14289 0.851892 0.503848
f 3967/6199/7551 3966/6197/7551 3965/6196/7551

vn -0.123363 0.893181 0.432446
v 1.82446 1.68529 0.461194
vt 0.636867 0.25567
f 3967/6199/7552 3968/6200/7552 3966/6197/7552

v 1.94907 1.69145 0.471799
vt 0.63873 0.286302
vn -0.0813148 0.897317 0.433832
f 3969/6201/7553 3968/6200/7553 3967/6199/7553

v 1.95022 1.71038 0.406197
vt 0.622447 0.286386
vn -0.0708705 0.958715 0.275395
f 3970/6202/7554 3968/6200/7554 3969/6201/7554

vn -0.0434542 0.942706 0.330782
v 1.82613 1.70655 0.40082
vt 0.621413 0.256144
f 3970/6202/7555 3971/6203/7555 3968/6200/7555

v 1.95067 1.71694 0.334745
vt 0.605469 0.286348
vn -0.0346944 0.99523 0.0911835
f 3972/6204/7556 3971/6203/7556 3970/6202/7556

vn -0.024686 0.993647 0.109798
v 1.8254 1.71383 0.334745
vt 0.605469 0.255836
f 3972/6204/7557 3973/6205/7557 3971/6203/7557

vn -0.024686 0.993647 -0.109798
v 1.82613 1.70655 0.26867
vt 0.589524 0.256144
f 3972/6204/7558 3974/6206/7558 3973/6205/7558

vn -0.0346943 0.99523 -0.0911835
v 1.95022 1.71038 0.263294
vt 0.58849 0.286386
f 3972/6204/7559 3975/6207/7559 3974/6206/7559

v 2.06789 1.70687 0.262091
vt 0.588392 0.314839
vn 0.0287617 0.995381 -0.0915958
f 3976/6208/7560 3975/6207/7560 3972/6204/7560

vn 0.0260749 0.96426 -0.263671
v 2.05935 1.68905 0.196085
vt 0.572138 0.313094
f 3976/6208/7561 3977/6209/7561 3975/6207/7561

v 2.15522 1.67996 0.202035
vt 0.573797 0.336319
vn 0.107621 0.956243 -0.27206
f 3978/6210/7562 3977/6209/7562 3976/6208/7562

vn 0.112411 0.866153 -0.486973
v 2.15341 1.65319 0.154003
vt 0.560438 0.336932
f 3978/6210/7563 3979/6211/7563 3977/6209/7563

v 2.19919 1.64816 0.172636
vt 0.565143 0.348469
vn 0.284652 0.832768 -0.474838
f 3980/6212/7564 3979/6211/7564 3978/6210/7564

vn 0.297008 0.805686 -0.512501
v 2.17758 1.61838 0.113296
vt 0.547591 0.344422
f 3980/6212/7565 3981/6213/7565 3979/6211/7565

v 2.23858 1.61525 0.146065
vt 0.556607 0.360626
vn 0.317642 0.796049 -0.51518
f 3982/6214/7566 3981/6213/7566 3980/6212/7566

vt 0.890629 0.172738
vn -0.155748 -0.967948 0.197025
vt 0.886613 0.180215
v 2.29002 1.61491 0.185109
vt 0.881809 0.186491
v 2.20528 1.62817 0.183239
vt 0.881962 0.175989
f 3981/6215/7567 3982/6216/7567 3983/6217/7567 3984/6218/7567 

vt 0.568214 0.372926
vn 0.363058 0.803793 -0.471281
v 2.22875 1.65252 0.202057
vt 0.573058 0.355251
f 3983/6219/7568 3982/6214/7568 3985/6220/7568

vn 0.353509 0.806141 -0.474519
f 3982/6214/7569 3980/6212/7569 3985/6220/7569

vn 0.314036 0.841262 -0.440068
f 3985/6220/7570 3980/6212/7570 3978/6210/7570

vn 0.335122 0.897897 -0.285437
v 2.17442 1.69243 0.263807
vt 0.588844 0.340489
f 3985/6220/7571 3978/6210/7571 3986/6221/7571

vn 0.134297 0.962419 -0.236038
f 3986/6221/7572 3978/6210/7572 3976/6208/7572

vn 0.135217 0.987207 -0.0844938
v 2.0728 1.71242 0.334745
vt 0.605469 0.316066
f 3986/6221/7573 3976/6208/7573 3987/6222/7573

vn 0.0369251 0.996227 -0.078542
f 3987/6222/7574 3976/6208/7574 3972/6204/7574

vn 0.0369251 0.996227 0.0785422
v 2.06789 1.70687 0.407399
vt 0.622546 0.314839
f 3987/6222/7575 3972/6204/7575 3988/6223/7575

vn 0.0287619 0.995381 0.0915958
f 3988/6223/7576 3972/6204/7576 3970/6202/7576

vn 0.0260754 0.96426 0.26367
v 2.05935 1.68905 0.473406
vt 0.6388 0.313094
f 3988/6223/7577 3970/6202/7577 3989/6224/7577

vn 0.0168626 0.960588 0.277464
f 3989/6224/7578 3970/6202/7578 3969/6201/7578

vn 0.0123324 0.88205 0.470995
v 1.94727 1.66187 0.527244
vt 0.653974 0.286006
f 3989/6224/7579 3969/6201/7579 3990/6225/7579

vn -0.0663787 0.881231 0.468003
f 3969/6201/7580 3967/6199/7580 3990/6225/7580

vn -0.0716784 0.856724 0.51077
f 3990/6225/7581 3967/6199/7581 3965/6196/7581

vn -0.0515474 0.82261 0.566265
v 1.94515 1.62801 0.576238
vt 0.668691 0.285619
f 3990/6225/7582 3965/6196/7582 3991/6226/7582

vt 0.845686 0.127933
vn -0.0215025 -0.983147 -0.18155
v 1.94974 1.64381 0.490272
vt 0.844167 0.144817
vt 0.833542 0.144312
vt 0.836049 0.129422
f 3963/6227/7583 3992/6228/7583 3991/6229/7583 3965/6230/7583 

vn -0.0190578 -0.978722 -0.204305
vt 0.844215 0.144896
f 3947/6174/7584 3992/6231/7584 3963/6193/7584

vn -0.0434938 -0.977794 -0.205003
f 3950/6177/7585 3992/6231/7585 3947/6174/7585

vn -0.0442874 -0.985253 -0.165274
v 2.06793 1.62376 0.578167
vt 0.833418 0.159387
f 3950/6177/7586 3993/6232/7586 3992/6231/7586

vn -0.0833223 -0.980892 -0.175806
f 3952/6179/7587 3993/6232/7587 3950/6177/7587

vt 0.663346 0.344422
vn 0.15649 0.794675 0.586517
v 2.15341 1.65319 0.515487
vt 0.650499 0.336932
vt 0.668969 0.316423
f 3952/6233/7588 3994/6234/7588 3993/6235/7588

v 2.19919 1.64816 0.496855
vt 0.645794 0.348469
vn 0.297007 0.805686 0.512501
f 3995/6236/7589 3994/6234/7589 3952/6233/7589

vn 0.284651 0.832768 0.474838
v 2.15522 1.67996 0.467456
vt 0.637141 0.336319
f 3995/6236/7590 3996/6237/7590 3994/6234/7590

v 2.22875 1.65252 0.467434
vt 0.63788 0.355251
vn 0.314036 0.841262 0.440069
f 3997/6238/7591 3996/6237/7591 3995/6236/7591

vn 0.335121 0.897897 0.285437
v 2.17442 1.69243 0.405684
vt 0.622094 0.340489
f 3997/6238/7592 3998/6239/7592 3996/6237/7592

v 2.26283 1.65985 0.406332
vt 0.622389 0.362501
vn 0.328914 0.898346 0.291188
f 3999/6240/7593 3998/6239/7593 3997/6238/7593

vn 0.343532 0.934143 0.0967637
v 2.18414 1.6962 0.334745
vt 0.605469 0.343109
f 3999/6240/7594 4000/6241/7594 3998/6239/7594

v 2.27755 1.6631 0.334745
vt 0.605469 0.365719
vn 0.331945 0.936765 0.110832
f 4001/6242/7595 4000/6241/7595 3999/6240/7595

vn 0.331945 0.936765 -0.110832
v 2.26283 1.65985 0.263158
vt 0.588549 0.362501
f 4001/6242/7596 4002/6243/7596 4000/6241/7596

v 2.34065 1.61798 0.255598
vt 0.586919 0.383097
vn 0.459335 0.878042 -0.134361
f 4003/6244/7597 4002/6243/7597 4001/6242/7597

vn 0.420118 0.841997 -0.33844
f 4003/6244/7598 3983/6219/7598 4002/6243/7598

vt 0.872924 0.192499
vn -0.139473 -0.979866 0.14286
v 2.25358 1.63051 0.256526
vt 0.8728 0.181808
vt 0.881577 0.18645
f 4003/6245/7599 4004/6246/7599 3983/6247/7599

vn -0.141499 -0.987975 0.0623094
v 2.26409 1.63393 0.334745
vt 0.863281 0.183022
f 4003/6245/7600 4005/6248/7600 4004/6246/7600

v 2.3602 1.62112 0.334745
vt 0.863281 0.194801
vn -0.131822 -0.988669 0.0718094
f 4006/6249/7601 4005/6248/7601 4003/6245/7601

vn -0.131822 -0.988669 -0.0718094
v 2.34065 1.61798 0.413893
vt 0.853638 0.192499
f 4006/6249/7602 4007/6250/7602 4005/6248/7602

vt 0.605469 0.385673
vn 0.44802 0.882074 0.145682
vt 0.624019 0.383097
f 4006/6251/7603 4001/6242/7603 4007/6252/7603

vn 0.44802 0.882074 -0.145682
f 4006/6251/7604 4003/6244/7604 4001/6242/7604

vn 0.459335 0.878042 0.134361
f 4007/6252/7605 4001/6242/7605 3999/6240/7605

vn 0.420118 0.841997 0.33844
vt 0.642724 0.372926
f 4007/6252/7606 3999/6240/7606 3953/6253/7606

vn 0.423144 0.841109 0.336875
f 3953/6253/7607 3999/6240/7607 3997/6238/7607

vn 0.363059 0.803793 0.471281
vt 0.654331 0.360626
f 3953/6253/7608 3997/6238/7608 3954/6254/7608

vn 0.353509 0.806141 0.47452
f 3954/6254/7609 3997/6238/7609 3995/6236/7609

vn 0.317641 0.796048 0.51518
f 3954/6254/7610 3995/6236/7610 3952/6233/7610

vn -0.139473 -0.979866 -0.14286
f 4007/6250/7611 3953/6184/7611 3955/6185/7611

vn -0.141499 -0.987975 -0.0623095
f 4007/6250/7612 3955/6185/7612 4005/6248/7612

vn -0.133476 -0.989155 -0.0612828
f 4005/6248/7613 3955/6185/7613 3956/6186/7613

vn -0.133476 -0.989155 0.0612827
f 4005/6248/7614 3956/6186/7614 4004/6246/7614

vn -0.129331 -0.989233 0.0684888
f 4004/6246/7615 3956/6186/7615 3957/6187/7615

vn -0.128911 -0.984802 0.116388
vt 0.881772 0.176013
f 4004/6246/7616 3957/6187/7616 3984/6255/7616

vn -0.0865078 -0.981866 0.168689
v 2.09271 1.63712 0.17762
vt 0.882485 0.162273
f 3984/6255/7617 3957/6187/7617 4008/6256/7617

vn -0.0679135 -0.984125 0.163967
f 3957/6187/7618 3958/6188/7618 4008/6256/7618

vn -0.0434954 -0.977794 0.205006
v 1.94974 1.64382 0.179219
vt 0.882348 0.144893
f 4008/6256/7619 3958/6188/7619 4009/6257/7619

vn -0.0190613 -0.978721 0.204307
v 1.81083 1.64917 0.191888
vt 0.88085 0.128013
f 3958/6188/7620 4010/6258/7620 4009/6257/7620

vn -0.0199962 -0.978293 0.206258
f 3958/6188/7621 3959/6189/7621 4010/6258/7621

vn 0.0132507 -0.976329 0.215882
v 1.69168 1.6512 0.20841
vt 0.878897 0.113548
f 4010/6258/7622 3959/6189/7622 4011/6259/7622

vn 0.00496037 -0.973251 0.229692
v 1.63013 1.666 0.272443
vt 0.870913 0.106037
f 3959/6189/7623 4012/6260/7623 4011/6259/7623

vn -0.00354948 -0.997131 0.0756095
f 3959/6189/7624 3960/6190/7624 4012/6260/7624

vn 0.00187431 -0.99806 0.0622348
v 1.61743 1.66986 0.334745
vt 0.863281 0.104486
f 3960/6190/7625 4013/6261/7625 4012/6260/7625

vn 0.00187426 -0.998032 -0.0626769
f 3960/6190/7626 3961/6191/7626 4013/6261/7626

vn -0.0590812 -0.99699 -0.0501947
v 1.55269 1.67077 0.392874
vt 0.856186 0.096587
f 3961/6191/7627 4014/6262/7627 4013/6261/7627

vn -0.0530418 -0.987123 -0.150915
v 1.60242 1.65952 0.448977
vt 0.849239 0.102677
f 3961/6191/7628 4015/6263/7628 4014/6262/7628

vn -0.0701569 -0.984663 -0.15974
f 3962/6192/7629 4015/6263/7629 3961/6191/7629

vn -0.0824346 -0.993737 -0.075441
v 1.65317 1.65264 0.484228
vt 0.844869 0.108856
f 3962/6192/7630 4016/6264/7630 4015/6263/7630

vn -0.089176 -0.992231 -0.0867495
f 3964/6194/7631 4016/6264/7631 3962/6192/7631

vn -0.084217 0.919368 0.384279
v 1.69182 1.66241 0.469323
vt 0.640039 0.2224
vt 0.644027 0.212459
f 3964/6198/7632 4017/6265/7632 4016/6266/7632

vn -0.120569 0.909794 0.397163
f 3966/6197/7633 4017/6265/7633 3964/6198/7633

vn -0.137063 0.888693 0.437538
v 1.7342 1.67965 0.447572
vt 0.633824 0.2333
f 3966/6197/7634 4018/6267/7634 4017/6265/7634

vn -0.121547 0.891442 0.43653
f 3968/6200/7635 4018/6267/7635 3966/6197/7635

vn -0.108048 0.938633 0.327557
f 3971/6203/7636 4018/6267/7636 3968/6200/7636

vn -0.106825 0.938049 0.329626
v 1.70702 1.69553 0.393569
vt 0.61989 0.226928
f 3971/6203/7637 4019/6268/7637 4018/6267/7637

vn -0.098178 0.989059 0.110102
f 3971/6203/7638 3973/6205/7638 4019/6268/7638

vn -0.0816744 0.98642 0.142494
v 1.69335 1.7029 0.334745
vt 0.605469 0.22364
f 3973/6205/7639 4020/6269/7639 4019/6268/7639

vn -0.0816744 0.98642 -0.142494
v 1.70702 1.69553 0.275922
vt 0.591047 0.226928
f 3973/6205/7640 4021/6270/7640 4020/6269/7640

vn -0.0981781 0.98906 -0.110101
f 3974/6206/7641 4021/6270/7641 3973/6205/7641

vn -0.106825 0.938048 -0.329626
v 1.7342 1.67965 0.221918
vt 0.577114 0.233301
f 3974/6206/7642 4022/6271/7642 4021/6270/7642

vn -0.108048 0.938633 -0.327557
v 1.82446 1.68529 0.208296
vt 0.574071 0.25567
f 3974/6206/7643 4023/6272/7643 4022/6271/7643

vn -0.0434538 0.942706 -0.330782
f 3975/6207/7644 4023/6272/7644 3974/6206/7644

vn -0.0708704 0.958715 -0.275394
v 1.94907 1.69145 0.197692
vt 0.572207 0.286302
f 3975/6207/7645 4024/6273/7645 4023/6272/7645

vn 0.0168627 0.960588 -0.277464
f 3977/6209/7646 4024/6273/7646 3975/6207/7646

vn 0.0123325 0.882049 -0.470996
v 1.94727 1.66187 0.142246
vt 0.556964 0.286006
f 3977/6209/7647 4025/6274/7647 4024/6273/7647

vn 0.0138182 0.880728 -0.473421
v 2.05844 1.65928 0.140672
vt 0.556999 0.313407
f 3977/6209/7648 4026/6275/7648 4025/6274/7648

vn 0.122214 0.873467 -0.471294
f 3979/6211/7649 4026/6275/7649 3977/6209/7649

vn 0.131338 0.816369 -0.562398
v 2.06793 1.62376 0.0913237
vt 0.541968 0.316423
f 3979/6211/7650 4027/6276/7650 4026/6275/7650

vn 0.15649 0.794676 -0.586517
f 3981/6213/7651 4027/6276/7651 3979/6211/7651

vt 0.890443 0.172772
vn -0.0833223 -0.980892 0.175806
vt 0.893144 0.159386
f 3981/6277/7652 4008/6256/7652 4027/6278/7652

vn -0.0866122 -0.981352 0.171599
f 3984/6255/7653 4008/6256/7653 3981/6277/7653

vn -0.0442891 -0.985253 0.165274
f 4008/6256/7654 4009/6257/7654 4027/6278/7654

vn -0.0311882 -0.982745 0.182318
v 1.94515 1.62801 0.0932528
vt 0.892986 0.144434
f 4027/6278/7655 4009/6257/7655 4028/6279/7655

vt 0.880883 0.12801
vn -0.0215037 -0.983145 0.181556
v 1.8227 1.63453 0.113866
vt 0.89052 0.129497
vt 0.893028 0.144381
vt 0.882402 0.144888
f 4010/6280/7656 4029/6281/7656 4028/6282/7656 4009/6283/7656 

vt 0.890485 0.129512
vn -0.0247961 -0.983231 0.180673
v 1.71364 1.6443 0.152063
vt 0.885781 0.116234
f 4029/6284/7657 4010/6258/7657 4030/6285/7657

vn -0.000105696 -0.992584 0.12156
f 4010/6258/7658 4011/6259/7658 4030/6285/7658

vn -0.0891411 -0.992229 0.0868117
v 1.65317 1.65264 0.185263
vt 0.881694 0.108856
f 4030/6285/7659 4011/6259/7659 4031/6286/7659

vn -0.0823959 -0.993736 0.0754968
v 1.60242 1.65952 0.220514
vt 0.877323 0.102677
f 4011/6259/7660 4032/6287/7660 4031/6286/7660

vn -0.0700569 -0.984595 0.160203
f 4011/6259/7661 4012/6260/7661 4032/6287/7661

vn -0.0534157 -0.986994 0.151625
v 1.55269 1.67083 0.276617
vt 0.870376 0.096586
f 4012/6260/7662 4033/6288/7662 4032/6287/7662

vn -0.0595345 -0.99699 0.0496594
f 4012/6260/7663 4013/6261/7663 4033/6288/7663

vn -0.0545455 -0.997537 0.0440935
v 1.53364 1.67444 0.334745
vt 0.863281 0.094261
f 4013/6261/7664 4034/6289/7664 4033/6288/7664

vn -0.054543 -0.997491 -0.0451323
f 4013/6261/7665 4014/6262/7665 4034/6289/7665

v 1.59165 1.68549 0.334745
vt 0.605469 0.198808
vn -0.185713 0.974944 0.122451
vt 0.605469 0.184639
vt 0.619681 0.188792
f 4035/6290/7666 4034/6291/7666 4014/6292/7666

vn -0.185736 0.975066 -0.121445
vt 0.591259 0.188793
f 4035/6290/7667 4033/6293/7667 4034/6291/7667

v 1.61178 1.68002 0.279015
vt 0.591665 0.203381
vn -0.146126 0.97802 -0.14874
f 4036/6294/7668 4033/6293/7668 4035/6290/7668

vn -0.133986 0.941704 -0.308613
vt 0.57654 0.200213
f 4036/6294/7669 4032/6295/7669 4033/6293/7669

v 1.65676 1.66858 0.226945
vt 0.578041 0.213903
vn -0.120354 0.94271 -0.311146
f 4037/6296/7670 4032/6295/7670 4036/6294/7670

vn -0.114253 0.931115 -0.346369
vt 0.566911 0.21246
f 4037/6296/7671 4031/6297/7671 4032/6295/7671

v 1.69182 1.66241 0.200168
vt 0.570899 0.2224
vn -0.101481 0.93205 -0.347827
f 4038/6298/7672 4031/6297/7672 4037/6296/7672

vt 0.557774 0.227549
vn -0.0842189 0.919368 -0.384279
f 4030/6299/7673 4031/6297/7673 4038/6298/7673

v 1.74021 1.6606 0.181344
vt 0.565999 0.23446
vn -0.12057 0.909794 -0.397163
f 4039/6300/7674 4030/6299/7674 4038/6298/7674

vt 0.547597 0.254911
vn -0.0718223 0.89772 -0.434673
f 4029/6301/7675 4030/6299/7675 4039/6300/7675

v 1.82519 1.66098 0.157885
vt 0.560359 0.255719
vn -0.14289 0.851891 -0.50385
f 4040/6302/7676 4029/6301/7676 4039/6300/7676

vn -0.0716777 0.856723 -0.510771
f 4025/6274/7677 4029/6301/7677 4040/6302/7677

vn -0.0515477 0.82261 -0.566264
vt 0.542247 0.285619
f 4025/6274/7678 4028/6303/7678 4029/6301/7678

vn 0.0111074 0.822387 -0.568821
f 4026/6275/7679 4028/6303/7679 4025/6274/7679

vn 0.0190374 0.813183 -0.581697
f 4027/6276/7680 4028/6303/7680 4026/6275/7680

vn -0.066378 0.88123 -0.468003
f 4024/6273/7681 4025/6274/7681 4040/6302/7681

vn -0.0813146 0.897317 -0.433832
f 4024/6273/7682 4040/6302/7682 4023/6272/7682

vn -0.123363 0.893181 -0.432445
f 4040/6302/7683 4039/6300/7683 4023/6272/7683

vn -0.121548 0.891442 -0.436528
f 4023/6272/7684 4039/6300/7684 4022/6271/7684

vn -0.137063 0.888693 -0.437536
f 4039/6300/7685 4038/6298/7685 4022/6271/7685

vn -0.15509 0.898659 -0.410316
f 4022/6271/7686 4038/6298/7686 4037/6296/7686

vn -0.154775 0.924016 -0.349629
f 4022/6271/7687 4037/6296/7687 4021/6270/7687

vn -0.161793 0.925256 -0.343109
f 4021/6270/7688 4037/6296/7688 4036/6294/7688

vn -0.163693 0.973461 -0.159932
f 4021/6270/7689 4036/6294/7689 4020/6269/7689

vn -0.166626 0.973647 -0.155714
f 4020/6269/7690 4036/6294/7690 4035/6290/7690

vn -0.166634 0.973693 0.155415
v 1.61178 1.68004 0.390476
vt 0.619272 0.203382
f 4020/6269/7691 4035/6290/7691 4041/6304/7691

vn -0.147386 0.977812 0.148867
f 4041/6304/7692 4035/6290/7692 4014/6292/7692

vn -0.135206 0.941522 0.308635
vt 0.634398 0.200212
f 4041/6304/7693 4014/6292/7693 4015/6305/7693

v 1.65676 1.66858 0.442546
vt 0.632897 0.213903
vn -0.12031 0.94263 0.311407
f 4042/6306/7694 4041/6304/7694 4015/6305/7694

vn -0.161624 0.925227 0.343267
f 4019/6268/7695 4041/6304/7695 4042/6306/7695

vn -0.163518 0.973496 0.159896
f 4019/6268/7696 4020/6269/7696 4041/6304/7696

vn -0.154775 0.924015 0.349629
f 4018/6267/7697 4019/6268/7697 4042/6306/7697

vn -0.15509 0.898659 0.410317
f 4018/6267/7698 4042/6306/7698 4017/6265/7698

vn -0.10148 0.932051 0.347826
f 4017/6265/7699 4042/6306/7699 4016/6266/7699

vn -0.114252 0.931116 0.346367
f 4042/6306/7700 4015/6305/7700 4016/6266/7700

vn -0.156092 -0.978597 0.134103
f 3983/6247/7701 4004/6246/7701 3984/6255/7701

vn 0.423143 0.841109 -0.336875
f 3983/6219/7702 3985/6220/7702 4002/6243/7702

vn 0.328914 0.898346 -0.291189
f 4002/6243/7703 3985/6220/7703 3986/6221/7703

vn 0.343532 0.934143 -0.0967635
f 4002/6243/7704 3986/6221/7704 4000/6241/7704

vn 0.143749 0.986976 -0.0722065
f 4000/6241/7705 3986/6221/7705 3987/6222/7705

vn 0.143749 0.986976 0.0722066
f 4000/6241/7706 3987/6222/7706 3998/6239/7706

vn 0.135217 0.987207 0.084494
f 3998/6239/7707 3987/6222/7707 3988/6223/7707

vn 0.134297 0.962419 0.236038
f 3998/6239/7708 3988/6223/7708 3996/6237/7708

vn 0.107621 0.956243 0.272059
f 3996/6237/7709 3988/6223/7709 3989/6224/7709

vn 0.112411 0.866153 0.486973
f 3996/6237/7710 3989/6224/7710 3994/6234/7710

vn 0.122214 0.873467 0.471294
v 2.05844 1.65928 0.528819
vt 0.653938 0.313407
f 3994/6234/7711 3989/6224/7711 4043/6307/7711

vn 0.0138184 0.880728 0.473421
f 3989/6224/7712 3990/6225/7712 4043/6307/7712

vn 0.0111076 0.822386 0.568822
f 4043/6307/7713 3990/6225/7713 3991/6226/7713

vn 0.0190374 0.813182 0.581698
f 3993/6235/7714 4043/6307/7714 3991/6226/7714

vn 0.131338 0.816368 0.562399
f 3994/6234/7715 4043/6307/7715 3993/6235/7715

vn -0.0311883 -0.982745 -0.182315
vt 0.833577 0.144433
f 3993/6232/7716 3991/6308/7716 3992/6231/7716

vn -0.0199722 -0.978304 -0.206212
f 3947/6174/7717 3963/6193/7717 3948/6175/7717

g Mesh5 Component_3_1 skp5E7F1 Model

v -0.416249 1.66478 0.405637
vt 0.145349 0.12533
vn 0.0252699 -0.996136 -0.0841117
v -0.579767 1.66009 0.412047
vt 0.146109 0.145149
v -0.580484 1.6666 0.334745
vt 0.136719 0.145208
f 4044/6309/7718 4045/6310/7718 4046/6311/7718

vn 0.0199721 -0.978303 -0.206213
v -0.438005 1.64916 0.477602
vt 0.154288 0.12801
f 4044/6309/7719 4047/6312/7719 4045/6310/7719

v -0.318852 1.6512 0.461081
vt 0.152334 0.113545
vn -0.0132595 -0.97634 -0.215833
f 4048/6313/7720 4047/6312/7720 4044/6309/7720

vn 9.54011e-005 -0.992589 -0.121516
v -0.340814 1.6443 0.517427
vt 0.159218 0.116235
f 4048/6313/7721 4049/6314/7721 4047/6312/7721

v -0.280344 1.65264 0.484228
vt 0.155131 0.108856
vn 0.0891812 -0.992231 -0.0867482
f 4050/6315/7722 4049/6314/7722 4048/6313/7722

vt 0.355973 0.212459
vn 0.0842135 0.919368 0.384279
v -0.318996 1.66241 0.469323
vt 0.359961 0.2224
vt 0.346836 0.227549
f 4050/6316/7723 4051/6317/7723 4049/6318/7723

vn 0.101478 0.932052 0.347823
v -0.283936 1.66858 0.442546
vt 0.367103 0.213903
f 4050/6316/7724 4052/6319/7724 4051/6317/7724

v -0.229595 1.65952 0.448977
vt 0.365602 0.200212
vn 0.114254 0.931117 0.346364
f 4053/6320/7725 4052/6319/7725 4050/6316/7725

vn 0.120311 0.94263 0.311407
v -0.238953 1.68004 0.390476
vt 0.380728 0.203382
f 4053/6320/7726 4054/6321/7726 4052/6319/7726

v -0.179865 1.67077 0.392874
vt 0.380319 0.188792
vn 0.135206 0.941522 0.308636
f 4055/6322/7727 4054/6321/7727 4053/6320/7727

vn 0.147385 0.977811 0.148871
v -0.218826 1.68549 0.334745
vt 0.394531 0.198808
f 4055/6322/7728 4056/6323/7728 4054/6321/7728

v -0.160814 1.67444 0.334745
vt 0.394531 0.184639
vn 0.185718 0.974943 0.122452
f 4057/6324/7729 4056/6323/7729 4055/6322/7729

vn 0.185741 0.975065 -0.121446
v -0.179864 1.67083 0.276617
vt 0.408741 0.188793
f 4057/6324/7730 4058/6325/7730 4056/6323/7730

vt 0.136719 0.094261
vn 0.0545457 -0.997537 0.0440937
v -0.244608 1.66986 0.334745
vt 0.136719 0.104486
vt 0.129624 0.096586
f 4057/6326/7731 4059/6327/7731 4058/6328/7731

vn 0.0545432 -0.997491 -0.0451325
vt 0.143814 0.096587
f 4057/6326/7732 4055/6329/7732 4059/6327/7732

vn 0.0590809 -0.99699 -0.0501944
v -0.2573 1.66597 0.397047
vt 0.144351 0.106039
f 4055/6329/7733 4060/6330/7733 4059/6327/7733

vn 0.0530411 -0.987123 -0.150915
vt 0.150761 0.102677
f 4055/6329/7734 4053/6331/7734 4060/6330/7734

vn 0.0701564 -0.984663 -0.15974
f 4053/6331/7735 4048/6313/7735 4060/6330/7735

vn 0.0824356 -0.993738 -0.0754326
f 4053/6331/7736 4050/6315/7736 4048/6313/7736

vn -0.00508671 -0.973308 -0.229447
f 4060/6330/7737 4048/6313/7737 4044/6309/7737

vn 0.00340168 -0.997126 -0.0756901
v -0.411646 1.67017 0.334745
vt 0.136719 0.124746
f 4060/6330/7738 4044/6309/7738 4061/6332/7738

vn 0.0211243 -0.996995 -0.0745295
f 4061/6332/7739 4044/6309/7739 4046/6311/7739

vn 0.0211244 -0.997 0.074462
v -0.416249 1.66478 0.263853
vt 0.128088 0.125326
f 4061/6332/7740 4046/6311/7740 4062/6333/7740

vn 0.0252966 -0.996136 0.0841057
v -0.579766 1.66009 0.257444
vt 0.127329 0.145152
f 4062/6333/7741 4046/6311/7741 4063/6334/7741

vn 0.06929 -0.994025 0.0843367
v -0.74121 1.64872 0.256063
vt 0.127173 0.164725
f 4063/6334/7742 4046/6311/7742 4064/6335/7742

vn 0.0782367 -0.994733 0.0662218
v -0.745226 1.65364 0.334745
vt 0.136719 0.165138
f 4046/6311/7743 4065/6336/7743 4064/6335/7743

vn 0.0782367 -0.994733 -0.0662219
v -0.74121 1.64872 0.413427
vt 0.146265 0.164726
f 4046/6311/7744 4066/6337/7744 4065/6336/7744

vn 0.0692871 -0.994025 -0.0843427
f 4045/6310/7745 4066/6337/7745 4046/6311/7745

vn 0.0679091 -0.984125 -0.163969
v -0.71988 1.63712 0.491871
vt 0.155923 0.162272
f 4045/6310/7746 4067/6338/7746 4066/6337/7746

v -0.576913 1.64381 0.490272
vt 0.155785 0.144896
vn 0.0434938 -0.977794 -0.205003
f 4068/6339/7747 4067/6338/7747 4045/6310/7747

vn 0.0442874 -0.985253 -0.165274
v -0.695103 1.62376 0.578167
vt 0.166582 0.159387
f 4068/6339/7748 4069/6340/7748 4067/6338/7748

v -0.572328 1.62801 0.576238
vt 0.166423 0.144433
vn 0.0311882 -0.982745 -0.182315
f 4070/6341/7749 4069/6340/7749 4068/6339/7749

vt 0.331309 0.285619
vn -0.0190373 0.813182 0.581698
v -0.685615 1.65928 0.528819
vt 0.346062 0.313407
vt 0.331031 0.316423
f 4070/6342/7750 4071/6343/7750 4069/6344/7750

vn -0.0111076 0.822386 0.568822
v -0.574448 1.66187 0.527245
vt 0.346026 0.286006
f 4070/6342/7751 4072/6345/7751 4071/6343/7751

v -0.449878 1.63453 0.555624
vt 0.336659 0.254912
vn 0.051547 0.82261 0.566265
f 4073/6346/7752 4072/6345/7752 4070/6342/7752

vn 0.071679 0.856726 0.510766
v -0.452361 1.66098 0.511605
vt 0.349422 0.255719
f 4073/6346/7753 4074/6347/7753 4072/6345/7753

v -0.367383 1.6606 0.488147
vt 0.355061 0.23446
vn 0.142886 0.851894 0.503845
f 4075/6348/7754 4074/6347/7754 4073/6346/7754

vn 0.123361 0.893179 0.43245
v -0.451632 1.68529 0.461194
vt 0.363133 0.25567
f 4075/6348/7755 4076/6349/7755 4074/6347/7755

v -0.361372 1.67965 0.447573
vt 0.366176 0.2333
vn 0.121546 0.891441 0.436531
f 4077/6350/7756 4076/6349/7756 4075/6348/7756

vn 0.108047 0.938633 0.327558
v -0.453305 1.70655 0.40082
vt 0.378587 0.256144
f 4077/6350/7757 4078/6351/7757 4076/6349/7757

v -0.334197 1.69553 0.393569
vt 0.38011 0.226928
vn 0.106826 0.938049 0.329623
f 4079/6352/7758 4078/6351/7758 4077/6350/7758

vn 0.09818 0.989059 0.110101
v -0.452577 1.71383 0.334745
vt 0.394531 0.255836
f 4079/6352/7759 4080/6353/7759 4078/6351/7759

v -0.320526 1.7029 0.334745
vt 0.394531 0.22364
vn 0.0816763 0.98642 0.142494
f 4081/6354/7760 4080/6353/7760 4079/6352/7760

vn 0.0816763 0.98642 -0.142494
v -0.334197 1.69553 0.275922
vt 0.408953 0.226928
f 4081/6354/7761 4082/6355/7761 4080/6353/7761

v -0.238954 1.68002 0.279015
vt 0.408335 0.203381
vn 0.163693 0.973461 -0.159932
f 4083/6356/7762 4082/6355/7762 4081/6354/7762

vn 0.161793 0.925256 -0.343108
v -0.283936 1.66858 0.226945
vt 0.421959 0.213903
f 4083/6356/7763 4084/6357/7763 4082/6355/7763

v -0.229595 1.65952 0.220514
vt 0.42346 0.200213
vn 0.120354 0.94271 -0.311146
f 4085/6358/7764 4084/6357/7764 4083/6356/7764

vn 0.114253 0.931117 -0.346363
v -0.280344 1.65264 0.185263
vt 0.433089 0.21246
f 4085/6358/7765 4086/6359/7765 4084/6357/7765

vt 0.122677 0.102677
vn 0.0823936 -0.993736 0.075493
v -0.318852 1.6512 0.20841
vt 0.121103 0.113548
vt 0.118306 0.108856
f 4085/6360/7766 4087/6361/7766 4086/6362/7766

vn 0.0700543 -0.984595 0.160202
v -0.257299 1.666 0.272443
vt 0.129087 0.106037
f 4085/6360/7767 4088/6363/7767 4087/6361/7767

vn 0.0534156 -0.986994 0.151625
f 4058/6328/7768 4088/6363/7768 4085/6360/7768

vn 0.0595344 -0.99699 0.0496592
f 4058/6328/7769 4059/6327/7769 4088/6363/7769

vn -0.00187583 -0.99806 0.0622352
f 4059/6327/7770 4061/6332/7770 4088/6363/7770

vn -0.00187578 -0.998032 -0.062677
f 4059/6327/7771 4060/6330/7771 4061/6332/7771

vn 0.00354927 -0.997131 0.0756131
f 4088/6363/7772 4061/6332/7772 4062/6333/7772

vn -0.00496018 -0.973252 0.229688
f 4088/6363/7773 4062/6333/7773 4087/6361/7773

vn -0.0132485 -0.97633 0.215882
v -0.438005 1.64917 0.191888
vt 0.11915 0.128013
f 4087/6361/7774 4062/6333/7774 4089/6364/7774

vn 0.0199963 -0.978293 0.206258
f 4062/6333/7775 4063/6334/7775 4089/6364/7775

vn 0.0190613 -0.978721 0.204307
v -0.576912 1.64382 0.179219
vt 0.117652 0.144893
f 4089/6364/7776 4063/6334/7776 4090/6365/7776

vn 0.0434954 -0.977794 0.205006
v -0.71988 1.63712 0.17762
vt 0.117515 0.162273
f 4090/6365/7777 4063/6334/7777 4091/6366/7777

vn 0.0679117 -0.984125 0.16397
f 4063/6334/7778 4064/6335/7778 4091/6366/7778

vn 0.0865079 -0.981865 0.168692
v -0.832455 1.62817 0.183239
vt 0.118228 0.176013
f 4091/6366/7779 4064/6335/7779 4092/6367/7779

vn 0.128913 -0.984802 0.116389
v -0.880753 1.63051 0.256526
vt 0.1272 0.181808
f 4064/6335/7780 4093/6368/7780 4092/6367/7780

vn 0.129333 -0.989233 0.0684853
f 4064/6335/7781 4065/6336/7781 4093/6368/7781

vn 0.133476 -0.989155 0.0612827
v -0.891267 1.63393 0.334745
vt 0.136719 0.183022
f 4065/6336/7782 4094/6369/7782 4093/6368/7782

vn 0.133476 -0.989155 -0.0612826
v -0.880753 1.63051 0.412964
vt 0.146237 0.181808
f 4065/6336/7783 4095/6370/7783 4094/6369/7783

vn 0.129333 -0.989233 -0.0684853
f 4066/6337/7784 4095/6370/7784 4065/6336/7784

vn 0.128913 -0.984802 -0.116389
v -0.832455 1.62817 0.486251
vt 0.155209 0.176013
f 4066/6337/7785 4096/6371/7785 4095/6370/7785

vn 0.0865079 -0.981865 -0.168692
f 4067/6338/7786 4096/6371/7786 4066/6337/7786

vn 0.0866122 -0.981352 -0.171599
v -0.804756 1.61838 0.556195
vt 0.163881 0.172772
f 4067/6338/7787 4097/6372/7787 4096/6371/7787

vn 0.0833223 -0.980892 -0.175806
f 4069/6340/7788 4097/6372/7788 4067/6338/7788

vn -0.15649 0.794675 0.586517
v -0.780587 1.65319 0.515487
vt 0.349501 0.336932
vt 0.336654 0.344422
f 4069/6344/7789 4098/6373/7789 4097/6374/7789

vn -0.131338 0.816368 0.562399
f 4071/6343/7790 4098/6373/7790 4069/6344/7790

vn -0.122214 0.873467 0.471295
v -0.686522 1.68905 0.473406
vt 0.3612 0.313094
f 4071/6343/7791 4099/6375/7791 4098/6373/7791

vn -0.0138184 0.880728 0.473421
f 4072/6345/7792 4099/6375/7792 4071/6343/7792

vn -0.0123323 0.88205 0.470995
v -0.576249 1.69145 0.471799
vt 0.36127 0.286302
f 4072/6345/7793 4100/6376/7793 4099/6375/7793

vn 0.0663797 0.881231 0.468002
f 4074/6347/7794 4100/6376/7794 4072/6345/7794

vn 0.0813141 0.897315 0.433836
f 4076/6349/7795 4100/6376/7795 4074/6347/7795

vn 0.0708691 0.958715 0.275395
v -0.577392 1.71038 0.406197
vt 0.377553 0.286386
f 4076/6349/7796 4101/6377/7796 4100/6376/7796

vn 0.0434524 0.942706 0.330783
f 4076/6349/7797 4078/6351/7797 4101/6377/7797

vn 0.0346925 0.995229 0.0911867
v -0.57784 1.71694 0.334745
vt 0.394531 0.286348
f 4078/6351/7798 4102/6378/7798 4101/6377/7798

vn 0.024686 0.993647 0.109798
f 4080/6353/7799 4102/6378/7799 4078/6351/7799

vn 0.024686 0.993647 -0.109798
v -0.453305 1.70655 0.26867
vt 0.410476 0.256144
f 4080/6353/7800 4103/6379/7800 4102/6378/7800

vn 0.0981802 0.989059 -0.110101
f 4082/6355/7801 4103/6379/7801 4080/6353/7801

vn 0.106827 0.938049 -0.329623
v -0.361372 1.67965 0.221918
vt 0.422886 0.233301
f 4082/6355/7802 4104/6380/7802 4103/6379/7802

vn 0.154778 0.924016 -0.349626
f 4084/6357/7803 4104/6380/7803 4082/6355/7803

vn 0.155092 0.898657 -0.41032
v -0.318996 1.66241 0.200168
vt 0.429101 0.2224
f 4084/6357/7804 4105/6381/7804 4104/6380/7804

vn 0.101477 0.932053 -0.347822
f 4086/6359/7805 4105/6381/7805 4084/6357/7805

vn 0.0842138 0.919369 -0.384277
v -0.340814 1.6443 0.152063
vt 0.442226 0.227549
f 4086/6359/7806 4106/6382/7806 4105/6381/7806

vn 0.0891435 -0.992228 0.0868156
vt 0.114219 0.116234
f 4086/6362/7807 4087/6361/7807 4106/6383/7807

vn 0.000107305 -0.992584 0.121564
f 4087/6361/7808 4089/6364/7808 4106/6383/7808

vn 0.0247948 -0.983231 0.18067
v -0.449878 1.63453 0.113866
vt 0.109515 0.129512
f 4106/6383/7809 4089/6364/7809 4107/6384/7809

vt 0.117359 0.14491
vn 0.0215048 -0.983146 0.181554
v -0.572328 1.62801 0.0932528
vt 0.106734 0.144394
vt 0.109253 0.129512
vt 0.118892 0.128033
f 4090/6385/7810 4108/6386/7810 4107/6387/7810 4089/6388/7810 

vt 0.107014 0.144434
vn 0.0311882 -0.982745 0.182318
v -0.695103 1.62376 0.0913237
vt 0.106856 0.159386
f 4108/6389/7811 4090/6365/7811 4109/6390/7811

vn 0.0442891 -0.985253 0.165274
f 4090/6365/7812 4091/6366/7812 4109/6390/7812

vn 0.0833223 -0.980892 0.175806
v -0.804756 1.61838 0.113296
vt 0.109557 0.172772
f 4109/6390/7813 4091/6366/7813 4110/6391/7813

vn 0.0866122 -0.981352 0.171599
f 4091/6366/7814 4092/6367/7814 4110/6391/7814

v -0.917193 1.61491 0.185109
vt 0.118186 0.186491
vn 0.155747 -0.967949 0.197023
v -0.865751 1.61525 0.146065
vt 0.113382 0.180214
vt 0.109367 0.172737
vt 0.118033 0.175989
f 4111/6392/7815 4112/6393/7815 4110/6394/7815 4092/6395/7815 

v -0.855923 1.65252 0.202057
vt 0.426942 0.355251
vn -0.36306 0.803795 -0.471276
vt 0.443393 0.360626
vt 0.431786 0.372926
f 4113/6396/7816 4112/6397/7816 4111/6398/7816

v -0.826368 1.64816 0.172636
vt 0.434857 0.348469
vn -0.353508 0.806143 -0.474516
f 4114/6399/7817 4112/6397/7817 4113/6396/7817

vt 0.452409 0.344422
vn -0.317637 0.79605 -0.51518
f 4110/6400/7818 4112/6397/7818 4114/6399/7818

v -0.780587 1.65319 0.154003
vt 0.439562 0.336932
vn -0.297006 0.805686 -0.512501
f 4115/6401/7819 4110/6400/7819 4114/6399/7819

vt 0.458032 0.316423
vn -0.15649 0.794676 -0.586517
f 4109/6402/7820 4110/6400/7820 4115/6401/7820

v -0.685615 1.65928 0.140672
vt 0.443001 0.313407
vn -0.131338 0.816369 -0.562398
f 4116/6403/7821 4109/6402/7821 4115/6401/7821

vt 0.457753 0.285619
vn -0.0190375 0.813183 -0.581697
f 4108/6404/7822 4109/6402/7822 4116/6403/7822

vn -0.0111074 0.822387 -0.56882
v -0.574448 1.66187 0.142246
vt 0.443036 0.286006
f 4108/6404/7823 4116/6403/7823 4117/6405/7823

vn -0.0138182 0.880728 -0.473421
v -0.686522 1.68905 0.196085
vt 0.427862 0.313094
f 4117/6405/7824 4116/6403/7824 4118/6406/7824

vn -0.122214 0.873467 -0.471295
f 4116/6403/7825 4115/6401/7825 4118/6406/7825

vn -0.112411 0.866153 -0.486973
v -0.782392 1.67996 0.202035
vt 0.426203 0.336319
f 4118/6406/7826 4115/6401/7826 4119/6407/7826

vn -0.28465 0.832768 -0.474838
f 4115/6401/7827 4114/6399/7827 4119/6407/7827

vn -0.314037 0.841263 -0.440066
f 4119/6407/7828 4114/6399/7828 4113/6396/7828

vn -0.335122 0.897897 -0.285438
v -0.801593 1.69243 0.263807
vt 0.411156 0.340489
f 4119/6407/7829 4113/6396/7829 4120/6408/7829

vn -0.328914 0.898345 -0.291189
v -0.889999 1.65985 0.263158
vt 0.411451 0.362501
f 4120/6408/7830 4113/6396/7830 4121/6409/7830

vn -0.423143 0.841109 -0.336875
f 4113/6396/7831 4111/6398/7831 4121/6409/7831

vn -0.420118 0.841997 -0.33844
v -0.967825 1.61798 0.255598
vt 0.413081 0.383097
f 4121/6409/7832 4111/6398/7832 4122/6410/7832

vn 0.139473 -0.979866 0.14286
vt 0.127076 0.192499
vt 0.118423 0.18645
f 4093/6368/7833 4122/6411/7833 4111/6412/7833

vn 0.141499 -0.987975 0.0623094
f 4093/6368/7834 4094/6369/7834 4122/6411/7834

vn 0.131822 -0.988669 0.0718094
v -0.987375 1.62112 0.334745
vt 0.136719 0.194801
f 4094/6369/7835 4123/6413/7835 4122/6411/7835

vn 0.131822 -0.988669 -0.0718093
v -0.967825 1.61798 0.413893
vt 0.146362 0.192499
f 4094/6369/7836 4124/6414/7836 4123/6413/7836

vn 0.141499 -0.987976 -0.0623093
f 4095/6370/7837 4124/6414/7837 4094/6369/7837

vn 0.139473 -0.979866 -0.14286
v -0.917193 1.61491 0.484382
vt 0.155015 0.18645
f 4095/6370/7838 4125/6415/7838 4124/6414/7838

vn 0.156092 -0.978597 -0.134103
f 4096/6371/7839 4125/6415/7839 4095/6370/7839

vt 0.15525 0.186416
vn 0.155747 -0.967949 -0.197023
vt 0.155403 0.175914
vt 0.164071 0.172662
v -0.865751 1.61525 0.523426
vt 0.160055 0.180139
f 4125/6416/7840 4096/6417/7840 4097/6418/7840 4126/6419/7840 

vn -0.317637 0.79605 0.515181
v -0.826368 1.64816 0.496855
vt 0.354206 0.348469
vt 0.345669 0.360626
f 4097/6374/7841 4127/6420/7841 4126/6421/7841

vn -0.297006 0.805685 0.512502
f 4098/6373/7842 4127/6420/7842 4097/6374/7842

vn -0.28465 0.832768 0.474839
v -0.782392 1.67996 0.467456
vt 0.362859 0.336319
f 4098/6373/7843 4128/6422/7843 4127/6420/7843

vn -0.112411 0.866153 0.486973
f 4099/6375/7844 4128/6422/7844 4098/6373/7844

vn -0.107622 0.956243 0.272059
v -0.695064 1.70687 0.4074
vt 0.377454 0.314839
f 4099/6375/7845 4129/6423/7845 4128/6422/7845

vn -0.0260753 0.96426 0.26367
f 4101/6377/7846 4129/6423/7846 4099/6375/7846

vn -0.0287618 0.995381 0.091599
f 4101/6377/7847 4102/6378/7847 4129/6423/7847

vn -0.0369271 0.996227 0.078542
v -0.699972 1.71242 0.334745
vt 0.394531 0.316066
f 4102/6378/7848 4130/6424/7848 4129/6423/7848

vn -0.0369271 0.996227 -0.078542
v -0.695064 1.70687 0.262091
vt 0.411608 0.314839
f 4102/6378/7849 4131/6425/7849 4130/6424/7849

v -0.577392 1.71038 0.263294
vt 0.41151 0.286386
vn -0.0287616 0.99538 -0.0915993
f 4132/6426/7850 4131/6425/7850 4102/6378/7850

vn -0.0260749 0.96426 -0.263671
f 4132/6426/7851 4118/6406/7851 4131/6425/7851

v -0.576249 1.69145 0.197692
vt 0.427793 0.286302
vn -0.0168627 0.960588 -0.277464
f 4133/6427/7852 4118/6406/7852 4132/6426/7852

vn -0.0123325 0.882049 -0.470996
f 4117/6405/7853 4118/6406/7853 4133/6427/7853

v -0.452361 1.66098 0.157885
vt 0.439641 0.255719
vn 0.066378 0.88123 -0.468003
f 4134/6428/7854 4117/6405/7854 4133/6427/7854

vt 0.452403 0.254911
vn 0.0716772 0.856726 -0.510767
f 4107/6429/7855 4117/6405/7855 4134/6428/7855

vn 0.0515461 0.822611 -0.566264
f 4107/6429/7856 4108/6404/7856 4117/6405/7856

v -0.367383 1.6606 0.181344
vt 0.434001 0.23446
vn 0.142886 0.851893 -0.503846
f 4135/6430/7857 4107/6429/7857 4134/6428/7857

vn 0.0718256 0.897718 -0.434677
f 4106/6382/7858 4107/6429/7858 4135/6430/7858

vn 0.120576 0.909792 -0.397164
f 4105/6381/7859 4106/6382/7859 4135/6430/7859

vn 0.137068 0.888693 -0.437536
f 4105/6381/7860 4135/6430/7860 4104/6380/7860

vn 0.121547 0.891443 -0.436528
v -0.451632 1.68529 0.208296
vt 0.425929 0.25567
f 4104/6380/7861 4135/6430/7861 4136/6431/7861

vn 0.123361 0.89318 -0.432449
f 4135/6430/7862 4134/6428/7862 4136/6431/7862

vn 0.081313 0.897316 -0.433835
f 4136/6431/7863 4134/6428/7863 4133/6427/7863

vn 0.0708684 0.958716 -0.275394
f 4136/6431/7864 4133/6427/7864 4132/6426/7864

vn 0.0434517 0.942706 -0.330782
f 4136/6431/7865 4132/6426/7865 4103/6379/7865

vn 0.0346924 0.995229 -0.0911871
f 4103/6379/7866 4132/6426/7866 4102/6378/7866

vn 0.108048 0.938633 -0.327557
f 4104/6380/7867 4136/6431/7867 4103/6379/7867

vn -0.107622 0.956243 -0.27206
f 4118/6406/7868 4119/6407/7868 4131/6425/7868

vn -0.134297 0.962419 -0.236039
f 4131/6425/7869 4119/6407/7869 4120/6408/7869

vn -0.135217 0.987207 -0.0844933
f 4131/6425/7870 4120/6408/7870 4130/6424/7870

vn -0.143747 0.986976 -0.0722093
v -0.811311 1.6962 0.334745
vt 0.394531 0.343109
f 4130/6424/7871 4120/6408/7871 4137/6432/7871

vn -0.343533 0.934142 -0.0967657
f 4120/6408/7872 4121/6409/7872 4137/6432/7872

vn -0.331947 0.936764 -0.110832
v -0.904721 1.6631 0.334745
vt 0.394531 0.365719
f 4137/6432/7873 4121/6409/7873 4138/6433/7873

vn -0.459335 0.878042 -0.134361
f 4121/6409/7874 4122/6410/7874 4138/6433/7874

vn -0.44802 0.882074 -0.145682
vt 0.394531 0.385673
f 4138/6433/7875 4122/6410/7875 4123/6434/7875

vn -0.44802 0.882074 0.145681
vt 0.375981 0.383097
f 4138/6433/7876 4123/6434/7876 4124/6435/7876

v -0.889999 1.65985 0.406333
vt 0.377611 0.362501
vn -0.459335 0.878042 0.134361
f 4139/6436/7877 4138/6433/7877 4124/6435/7877

vn -0.331947 0.936764 0.110832
f 4137/6432/7878 4138/6433/7878 4139/6436/7878

v -0.801593 1.69243 0.405684
vt 0.377906 0.340489
vn -0.343533 0.934142 0.0967655
f 4140/6437/7879 4137/6432/7879 4139/6436/7879

vn -0.143747 0.986976 0.0722091
f 4130/6424/7880 4137/6432/7880 4140/6437/7880

vn -0.135217 0.987207 0.0844933
f 4129/6423/7881 4130/6424/7881 4140/6437/7881

vn -0.134297 0.962419 0.236039
f 4129/6423/7882 4140/6437/7882 4128/6422/7882

vn -0.335121 0.897897 0.285438
v -0.855923 1.65252 0.467434
vt 0.36212 0.355251
f 4128/6422/7883 4140/6437/7883 4141/6438/7883

vn -0.328915 0.898345 0.291188
f 4140/6437/7884 4139/6436/7884 4141/6438/7884

vn -0.423144 0.841109 0.336875
vt 0.357276 0.372926
f 4141/6438/7885 4139/6436/7885 4125/6439/7885

vn -0.420118 0.841997 0.33844
f 4139/6436/7886 4124/6435/7886 4125/6439/7886

vn -0.363061 0.803794 0.471276
f 4141/6438/7887 4125/6439/7887 4126/6421/7887

vn -0.353508 0.806143 0.474516
f 4127/6420/7888 4141/6438/7888 4126/6421/7888

vn -0.314036 0.841263 0.440066
f 4128/6422/7889 4141/6438/7889 4127/6420/7889

vn -0.0168625 0.960588 0.277464
f 4100/6376/7890 4101/6377/7890 4099/6375/7890

vn 0.156092 -0.978597 0.134103
f 4092/6367/7891 4093/6368/7891 4111/6412/7891

vn 0.133986 0.941704 -0.308613
f 4058/6325/7892 4085/6358/7892 4083/6356/7892

vn 0.146125 0.97802 -0.148744
f 4058/6325/7893 4083/6356/7893 4056/6323/7893

vn 0.166624 0.973647 -0.155719
f 4056/6323/7894 4083/6356/7894 4081/6354/7894

vn 0.166632 0.973693 0.155419
f 4056/6323/7895 4081/6354/7895 4054/6321/7895

vn 0.163518 0.973496 0.159895
f 4054/6321/7896 4081/6354/7896 4079/6352/7896

vn 0.161624 0.925227 0.343267
f 4054/6321/7897 4079/6352/7897 4052/6319/7897

vn 0.154778 0.924016 0.349626
f 4052/6319/7898 4079/6352/7898 4077/6350/7898

vn 0.155093 0.898657 0.41032
f 4052/6319/7899 4077/6350/7899 4051/6317/7899

vn 0.137067 0.888691 0.437539
f 4051/6317/7900 4077/6350/7900 4075/6348/7900

vn 0.120573 0.909792 0.397166
f 4051/6317/7901 4075/6348/7901 4049/6318/7901

vn 0.071826 0.897718 0.434677
f 4049/6318/7902 4075/6348/7902 4073/6346/7902

vn 0.0247984 -0.983233 -0.18066
vt 0.163923 0.129512
f 4049/6314/7903 4073/6440/7903 4047/6312/7903

vt 0.15608 0.144796
vn 0.0215032 -0.983147 -0.181549
vt 0.154549 0.127913
vt 0.164187 0.129395
vt 0.166705 0.144282
f 4068/6441/7904 4047/6442/7904 4073/6443/7904 4070/6444/7904 

vn 0.0190574 -0.978722 -0.204304
f 4047/6312/7905 4068/6339/7905 4045/6310/7905

g Mesh6 Component_3_1 skp5E7F1 Model

v 0.803541 2.06375 0.704366
vt 0.975508 0.120881
vn 0.918607 0.228984 0.322068
v 0.777077 2.0661 0.778178
vt 0.969176 0.116555
v 0.788236 2.03693 0.76709
vt 0.975508 0.116555
f 4142/6445/7906 4143/6446/7906 4144/6447/7906

vn 0.914476 0.247664 0.319994
v 0.789702 2.0979 0.717481
vt 0.969507 0.120881
f 4142/6445/7907 4145/6448/7907 4143/6446/7907

v 0.796964 2.12276 0.6584
vt 0.970049 0.131404
vn 0.928963 0.286316 0.234631
f 4146/6449/7908 4145/6448/7908 4142/6445/7908

vn 0.467066 0.793058 0.391036
v 0.752304 2.14399 0.668676
vt 0.961677 0.131404
f 4146/6449/7909 4147/6450/7909 4145/6448/7909

vn 0.459031 0.862717 0.212157
v 0.757647 2.16649 0.565619
vt 0.962032 0.143757
f 4146/6449/7910 4148/6451/7910 4147/6450/7910

v 0.803579 2.14857 0.556218
vt 0.970305 0.143757
vn 0.395843 0.883934 0.248935
f 4149/6452/7911 4148/6451/7911 4146/6449/7911

vn 0.348815 0.934071 -0.076415
v 0.780827 2.14851 0.45156
vt 0.968893 0.156316
f 4149/6452/7912 4150/6453/7912 4148/6451/7912

vn 0.878083 0.438665 -0.191164
v 0.818873 2.11298 0.544802
vt 0.975508 0.143757
f 4150/6453/7913 4149/6452/7913 4151/6454/7913

vn 0.924667 0.347221 0.156299
v 0.812324 2.08669 0.641961
vt 0.975508 0.131404
f 4151/6454/7914 4149/6452/7914 4152/6455/7914

vn 0.932426 0.331394 0.144084
f 4149/6452/7915 4146/6449/7915 4152/6455/7915

vn 0.928157 0.287539 0.236316
f 4152/6455/7916 4146/6449/7916 4142/6445/7916

vn 0.564274 -0.797453 -0.213691
v 0.783048 2.06761 0.635864
vt 0.981046 0.131404
f 4152/6455/7917 4142/6445/7917 4153/6456/7917

vn 0.533623 -0.820299 -0.205807
v 0.775957 2.04739 0.698039
vt 0.981046 0.120881
f 4142/6445/7918 4154/6457/7918 4153/6456/7918

vn 0.534331 -0.816466 -0.2188
f 4142/6445/7919 4144/6447/7919 4154/6457/7919

vn 0.497555 -0.840147 -0.215851
v 0.76392 2.02441 0.759744
vt 0.981046 0.116555
f 4144/6447/7920 4155/6458/7920 4154/6457/7920

vn 0.505054 -0.815472 -0.28271
v 0.772862 2.01245 0.810223
vt 0.975508 0.11208
f 4144/6447/7921 4156/6459/7921 4155/6458/7921

vn 0.890253 0.178934 0.418847
v 0.763254 2.03634 0.820438
vt 0.968833 0.11208
f 4144/6447/7922 4157/6460/7922 4156/6459/7922

vn 0.889857 0.18126 0.418687
f 4144/6447/7923 4143/6446/7923 4157/6460/7923

vn 0.373778 0.696421 0.612607
v 0.737631 2.08177 0.78443
vt 0.961078 0.116555
f 4143/6446/7924 4158/6461/7924 4157/6460/7924

vn 0.385395 0.763062 0.518852
v 0.746243 2.1173 0.725776
vt 0.961282 0.120881
f 4143/6446/7925 4159/6462/7925 4158/6461/7925

vn 0.431798 0.758893 0.487475
f 4145/6448/7926 4159/6462/7926 4143/6446/7926

vn 0.435605 0.796828 0.418704
f 4145/6448/7927 4147/6450/7927 4159/6462/7927

vn 0.0664467 0.901188 0.428304
v 0.686413 2.14785 0.670786
vt 0.955838 0.131404
f 4147/6450/7928 4160/6463/7928 4159/6462/7928

vn 0.0636891 0.976969 0.203653
v 0.686413 2.16925 0.568137
vt 0.955838 0.143757
f 4147/6450/7929 4161/6464/7929 4160/6463/7929

vn 0.0453091 0.97549 0.215328
f 4148/6451/7930 4161/6464/7930 4147/6450/7930

vn 0.0354403 0.99567 -0.085933
v 0.686413 2.15867 0.44565
vt 0.955838 0.156316
f 4148/6451/7931 4162/6465/7931 4161/6464/7931

vn 0.114312 0.98463 -0.132045
f 4150/6453/7932 4162/6465/7932 4148/6451/7932

vt 0.044162 0.143757
vn -0.0354403 0.99567 -0.085933
vt 0.044162 0.156316
v 0.615179 2.16649 0.565619
vt 0.037968 0.143757
f 4161/6466/7933 4162/6467/7933 4163/6468/7933

vn -0.114312 0.98463 -0.132045
v 0.591999 2.14851 0.45156
vt 0.031107 0.156316
f 4162/6467/7934 4164/6469/7934 4163/6468/7934

vn -0.348815 0.934071 -0.076415
v 0.569247 2.14857 0.556218
vt 0.029695 0.143757
f 4163/6468/7935 4164/6469/7935 4165/6470/7935

vn -0.878083 0.438665 -0.191164
v 0.553953 2.11298 0.544802
vt 0.024492 0.143757
f 4164/6469/7936 4166/6471/7936 4165/6470/7936

v 0.572845 2.12398 0.442934
vt 0.024492 0.156316
vn -0.772855 0.6301 -0.0752922
f 4167/6472/7937 4166/6471/7937 4164/6469/7937

v 0.584163 2.09233 0.537279
vt 0.018954 0.143757
vn -0.586014 -0.78682 -0.193654
f 4168/6473/7938 4166/6471/7938 4167/6472/7938

vn -0.584902 -0.79202 -0.174913
v 0.560502 2.08669 0.641961
vt 0.024492 0.131404
f 4168/6473/7939 4169/6474/7939 4166/6471/7939

v 0.589778 2.06761 0.635864
vt 0.018954 0.131404
vn -0.562737 -0.808797 -0.170808
f 4170/6475/7940 4169/6474/7940 4168/6473/7940

vn -0.564274 -0.797453 -0.213691
v 0.569285 2.06375 0.704366
vt 0.024492 0.120881
f 4170/6475/7941 4171/6476/7941 4169/6474/7941

v 0.596868 2.04739 0.698039
vt 0.018954 0.120881
vn -0.533623 -0.820299 -0.205807
f 4172/6477/7942 4171/6476/7942 4170/6475/7942

vn -0.534331 -0.816466 -0.2188
v 0.58459 2.03693 0.76709
vt 0.024492 0.116555
f 4172/6477/7943 4173/6478/7943 4171/6476/7943

v 0.608906 2.02441 0.759744
vt 0.018954 0.116555
vn -0.497555 -0.840147 -0.215851
f 4174/6479/7944 4173/6478/7944 4172/6477/7944

vn -0.505054 -0.815472 -0.28271
v 0.599964 2.01245 0.810223
vt 0.024492 0.11208
f 4174/6479/7945 4175/6480/7945 4173/6478/7945

v 0.625933 2.00092 0.808986
vt 0.018954 0.11208
vn -0.400861 -0.87298 -0.277879
f 4176/6481/7946 4175/6480/7946 4174/6479/7946

vn -0.39165 -0.842326 -0.370265
v 0.619808 1.98756 0.845852
vt 0.024492 0.103185
f 4176/6481/7947 4177/6482/7947 4175/6480/7947

v 0.652388 1.9677 0.867718
vt 0.020904 0.095929
vn -0.29114 -0.882952 -0.368285
f 4178/6483/7948 4177/6482/7948 4176/6481/7948

vn -0.640203 -0.25068 0.726154
vt 0.032908 0.095554
v 0.654546 1.97841 0.87332
vt 0.037708 0.097553
f 4177/6482/7949 4178/6484/7949 4179/6485/7949

vn -0.244618 -0.410087 0.87863
v 0.686413 1.97039 0.878446
vt 0.044162 0.095881
f 4179/6485/7950 4178/6484/7950 4180/6486/7950

vn -0.230795 -0.472682 0.850474
v 0.686413 1.96048 0.872941
vt 0.044162 0.093684
f 4180/6486/7951 4178/6484/7951 4181/6487/7951

vt 0.010526 0.093684
vn -0.124012 -0.894909 -0.428672
v 0.686413 1.99242 0.806276
vt 0.010526 0.11208
f 4181/6488/7952 4178/6483/7952 4182/6489/7952

vn -0.144413 -0.887749 -0.437089
f 4182/6489/7953 4178/6483/7953 4176/6481/7953

vn -0.145239 -0.906791 -0.395773
v 0.686413 2.01466 0.755306
vt 0.010526 0.116555
f 4182/6489/7954 4176/6481/7954 4183/6490/7954

vn -0.136881 -0.911613 -0.38759
f 4183/6490/7955 4176/6481/7955 4174/6479/7955

vn -0.136499 -0.931391 -0.337459
v 0.686413 2.03673 0.694393
vt 0.010526 0.120881
f 4183/6490/7956 4174/6479/7956 4184/6491/7956

vn -0.124867 -0.937498 -0.324815
f 4184/6491/7957 4174/6479/7957 4172/6477/7957

vn -0.124849 -0.94433 -0.30439
v 0.686413 2.05675 0.632296
vt 0.010526 0.131404
f 4184/6491/7958 4172/6477/7958 4185/6492/7958

vn -0.117451 -0.94829 -0.294876
f 4185/6492/7959 4172/6477/7959 4170/6475/7959

v 0.686413 2.07885 0.545385
vt 0.010526 0.143757
vn -0.117195 -0.962462 -0.244812
f 4186/6493/7960 4185/6492/7960 4170/6475/7960

vn 0.117195 -0.962462 -0.244812
vt 0.989474 0.131404
vt 0.989474 0.143757
f 4153/6456/7961 4185/6494/7961 4186/6495/7961

vn 0.117451 -0.94829 -0.294876
f 4153/6456/7962 4154/6457/7962 4185/6494/7962

vn 0.124849 -0.94433 -0.30439
vt 0.989474 0.120881
f 4154/6457/7963 4184/6496/7963 4185/6494/7963

vn 0.124867 -0.937498 -0.324815
f 4154/6457/7964 4155/6458/7964 4184/6496/7964

vn 0.136499 -0.931391 -0.337459
vt 0.989474 0.116555
f 4155/6458/7965 4183/6497/7965 4184/6496/7965

vn 0.136881 -0.911613 -0.38759
v 0.746893 2.00092 0.808986
vt 0.981046 0.11208
f 4155/6458/7966 4187/6498/7966 4183/6497/7966

vn 0.400861 -0.87298 -0.277879
f 4156/6459/7967 4187/6498/7967 4155/6458/7967

vn 0.39165 -0.842326 -0.370265
v 0.753018 1.98756 0.845852
vt 0.975508 0.103185
f 4156/6459/7968 4188/6499/7968 4187/6498/7968

vn 0.838265 0.0991695 0.536169
v 0.74668 2.00364 0.852788
vt 0.968149 0.103185
f 4156/6459/7969 4189/6500/7969 4188/6499/7969

vn 0.836832 0.106979 0.536905
f 4156/6459/7970 4157/6460/7970 4189/6500/7970

v 0.729725 2.04786 0.82525
vt 0.960867 0.11208
vn 0.308681 0.585218 0.749824
f 4190/6501/7971 4189/6500/7971 4157/6460/7971

vn 0.37845 0.589452 0.713667
v 0.722669 2.01184 0.858745
vt 0.960405 0.103185
f 4190/6501/7972 4191/6502/7972 4189/6500/7972

v 0.686413 2.04949 0.826558
vt 0.955838 0.11208
vn 0.0475566 0.675157 0.736139
f 4192/6503/7973 4191/6502/7973 4190/6501/7973

vn 0.0757956 0.689125 0.720667
v 0.686413 2.01286 0.861579
vt 0.955838 0.103185
f 4192/6503/7974 4193/6504/7974 4191/6502/7974

vt 0.044162 0.11208
vn -0.0757956 0.689125 0.720667
v 0.650157 2.01184 0.858745
vt 0.039595 0.103185
vt 0.044162 0.103185
f 4192/6505/7975 4194/6506/7975 4193/6507/7975

vn -0.0475566 0.675157 0.736139
v 0.643101 2.04786 0.82525
vt 0.039133 0.11208
f 4192/6505/7976 4195/6508/7976 4194/6506/7976

vn -0.0480815 0.759164 0.649121
v 0.686413 2.0845 0.785608
vt 0.044162 0.116555
f 4192/6505/7977 4196/6509/7977 4195/6508/7977

vn 0.0480815 0.759164 0.649121
vt 0.955838 0.116555
f 4190/6501/7978 4196/6510/7978 4192/6503/7978

vn 0.0555087 0.762743 0.644315
f 4158/6461/7979 4196/6510/7979 4190/6501/7979

vn 0.0573134 0.845427 0.531006
v 0.686413 2.121 0.727496
vt 0.955838 0.120881
f 4158/6461/7980 4197/6511/7980 4196/6510/7980

vn 0.0675558 0.848914 0.524195
f 4159/6462/7981 4197/6511/7981 4158/6461/7981

vn 0.0680249 0.90174 0.426894
f 4159/6462/7982 4160/6463/7982 4197/6511/7982

vt 0.044162 0.120881
vn -0.0680249 0.90174 0.426894
vt 0.044162 0.131404
v 0.626583 2.1173 0.725776
vt 0.038718 0.120881
f 4197/6512/7983 4160/6513/7983 4198/6514/7983

vn -0.0664467 0.901188 0.428304
v 0.620522 2.14399 0.668676
vt 0.038323 0.131404
f 4160/6513/7984 4199/6515/7984 4198/6514/7984

vn -0.0636891 0.976969 0.203653
f 4161/6466/7985 4199/6515/7985 4160/6513/7985

vn -0.0453091 0.97549 0.215328
f 4161/6466/7986 4163/6468/7986 4199/6515/7986

vn -0.459031 0.862717 0.212157
v 0.575862 2.12276 0.6584
vt 0.029951 0.131404
f 4199/6515/7987 4163/6468/7987 4200/6516/7987

vn -0.395843 0.883934 0.248935
f 4163/6468/7988 4165/6470/7988 4200/6516/7988

vn -0.932426 0.331394 0.144084
f 4165/6470/7989 4169/6474/7989 4200/6516/7989

vn -0.924667 0.347221 0.156299
f 4166/6471/7990 4169/6474/7990 4165/6470/7990

vn -0.928157 0.287539 0.236316
f 4169/6474/7991 4171/6476/7991 4200/6516/7991

vn -0.928963 0.286316 0.234631
v 0.583124 2.0979 0.717481
vt 0.030493 0.120881
f 4200/6516/7992 4171/6476/7992 4201/6517/7992

vn -0.914476 0.247664 0.319994
v 0.595749 2.0661 0.778178
vt 0.030824 0.116555
f 4171/6476/7993 4202/6518/7993 4201/6517/7993

vn -0.918607 0.228984 0.322068
f 4171/6476/7994 4173/6478/7994 4202/6518/7994

vn -0.889857 0.18126 0.418687
v 0.609572 2.03634 0.820438
vt 0.031167 0.11208
f 4173/6478/7995 4203/6519/7995 4202/6518/7995

vn -0.890253 0.178934 0.418847
f 4173/6478/7996 4175/6480/7996 4203/6519/7996

vn -0.836832 0.106979 0.536905
v 0.626146 2.00364 0.852788
vt 0.031851 0.103185
f 4175/6480/7997 4204/6520/7997 4203/6519/7997

vn -0.838265 0.0991695 0.536169
f 4175/6480/7998 4177/6482/7998 4204/6520/7998

vn -0.631526 -0.0835915 0.770836
f 4204/6520/7999 4177/6482/7999 4179/6485/7999

vn -0.435814 0.219763 0.872794
v 0.655099 1.99578 0.869222
vt 0.04004 0.099612
f 4204/6520/8000 4179/6485/8000 4205/6521/8000

vn -0.0894182 0.231376 0.968746
v 0.686413 1.99228 0.872948
vt 0.044162 0.098748
f 4205/6521/8001 4179/6485/8001 4206/6522/8001

vn -0.094271 0.242438 0.965576
f 4206/6522/8002 4179/6485/8002 4180/6486/8002

vt 0.955838 0.098748
vn 0.094271 0.242438 0.965576
vt 0.955838 0.095881
v 0.71828 1.97841 0.87332
vt 0.962292 0.097553
f 4206/6523/8003 4180/6524/8003 4207/6525/8003

vn 0.244618 -0.410087 0.87863
v 0.720438 1.9677 0.867718
vt 0.967092 0.095554
f 4207/6525/8004 4180/6524/8004 4208/6526/8004

vn 0.230795 -0.472682 0.850474
vt 0.955838 0.093684
f 4180/6524/8005 4181/6527/8005 4208/6526/8005

vt 0.979096 0.095929
vn 0.124012 -0.894909 -0.428672
vt 0.989474 0.093684
vt 0.989474 0.11208
f 4208/6528/8006 4181/6529/8006 4182/6530/8006

vn 0.144413 -0.887749 -0.437089
f 4187/6498/8007 4208/6528/8007 4182/6530/8007

vn 0.29114 -0.882952 -0.368285
f 4188/6499/8008 4208/6528/8008 4187/6498/8008

vn 0.640203 -0.25068 0.726154
f 4188/6499/8009 4207/6525/8009 4208/6526/8009

vn 0.631526 -0.0835915 0.770836
f 4189/6500/8010 4207/6525/8010 4188/6499/8010

vn 0.435814 0.219763 0.872794
v 0.717727 1.99578 0.869222
vt 0.95996 0.099612
f 4189/6500/8011 4209/6531/8011 4207/6525/8011

vn 0.353532 0.432427 0.829471
f 4191/6502/8012 4209/6531/8012 4189/6500/8012

vn 0.0810168 0.52706 0.845958
f 4193/6504/8013 4209/6531/8013 4191/6502/8013

vn 0.0500706 0.482967 0.874206
f 4193/6504/8014 4206/6523/8014 4209/6531/8014

vn -0.0500706 0.482967 0.874206
f 4193/6507/8015 4205/6521/8015 4206/6522/8015

vn -0.0810168 0.52706 0.845958
f 4193/6507/8016 4194/6506/8016 4205/6521/8016

vn -0.353532 0.432427 0.829471
f 4194/6506/8017 4204/6520/8017 4205/6521/8017

vn -0.37845 0.589452 0.713667
f 4195/6508/8018 4204/6520/8018 4194/6506/8018

vn -0.308681 0.585218 0.749824
f 4195/6508/8019 4203/6519/8019 4204/6520/8019

vn -0.330201 0.693671 0.640147
v 0.635195 2.08177 0.78443
vt 0.038922 0.116555
f 4195/6508/8020 4210/6532/8020 4203/6519/8020

vn -0.0555087 0.762743 0.644315
f 4196/6509/8021 4210/6532/8021 4195/6508/8021

vn -0.0573134 0.845427 0.531006
f 4196/6509/8022 4197/6512/8022 4210/6532/8022

vn -0.0675558 0.848914 0.524195
f 4197/6512/8023 4198/6514/8023 4210/6532/8023

vn -0.385395 0.763062 0.518852
f 4210/6532/8024 4198/6514/8024 4202/6518/8024

vn -0.431798 0.758893 0.487475
f 4198/6514/8025 4201/6517/8025 4202/6518/8025

vn -0.435605 0.796828 0.418704
f 4198/6514/8026 4199/6515/8026 4201/6517/8026

vn -0.467066 0.793058 0.391036
f 4199/6515/8027 4200/6516/8027 4201/6517/8027

vn -0.373778 0.696421 0.612607
f 4210/6532/8028 4202/6518/8028 4203/6519/8028

vn 0.0894182 0.231376 0.968746
f 4209/6531/8029 4206/6523/8029 4207/6525/8029

vn 0.145239 -0.906791 -0.395773
f 4187/6498/8030 4182/6530/8030 4183/6497/8030

vn 0.330201 0.693671 0.640147
f 4157/6460/8031 4158/6461/8031 4190/6501/8031

v 0.788663 2.09233 0.537279
vt 0.981046 0.143757
vn 0.108587 -0.965663 -0.236016
f 4211/6533/8032 4153/6456/8032 4186/6495/8032

vn 0.562737 -0.808797 -0.170808
f 4152/6455/8033 4153/6456/8033 4211/6533/8033

vn 0.584902 -0.79202 -0.174913
f 4151/6454/8034 4152/6455/8034 4211/6533/8034

vn 0.586014 -0.78682 -0.193654
v 0.79998 2.12398 0.442934
vt 0.975508 0.156316
f 4151/6454/8035 4211/6533/8035 4212/6534/8035

vn 0.408482 -0.879024 -0.245883
v 0.771853 2.11017 0.4456
vt 0.981046 0.156316
f 4212/6534/8036 4211/6533/8036 4213/6535/8036

vn 0.125178 -0.969328 -0.211504
v 0.686413 2.09676 0.456491
vt 0.989474 0.156316
f 4211/6533/8037 4214/6536/8037 4213/6535/8037

vn 0.112853 -0.974056 -0.196163
f 4211/6533/8038 4186/6495/8038 4214/6536/8038

vn -0.112853 -0.974056 -0.196163
vt 0.010526 0.156316
f 4186/6493/8039 4168/6473/8039 4214/6537/8039

vn -0.108587 -0.965663 -0.236016
f 4186/6493/8040 4170/6475/8040 4168/6473/8040

vn -0.125178 -0.969328 -0.211504
v 0.600973 2.11017 0.4456
vt 0.018954 0.156316
f 4214/6537/8041 4168/6473/8041 4215/6538/8041

vn -0.408482 -0.879024 -0.245883
f 4215/6538/8042 4168/6473/8042 4167/6472/8042

vn 0.772855 0.6301 -0.0752922
f 4212/6534/8043 4150/6453/8043 4151/6454/8043

g Mesh7 Component_3_1 skp5E7F1 Model

v 1.5296 1.73212 0.334745
vt 0.660155 0.120132
vn -0.00846345 0.994182 0.107377
v 1.44457 1.7314 0.334745
vt 0.660155 0.14078
v 1.52854 1.72559 0.395134
vt 0.645946 0.120831
f 4216/6539/8044 4217/6540/8044 4218/6541/8044

vn -0.00846345 0.994182 -0.107378
v 1.52854 1.72559 0.274357
vt 0.674347 0.120839
f 4216/6539/8045 4219/6542/8045 4217/6540/8045

v 1.59894 1.71101 0.27911
vt 0.673932 0.103538
vn 0.208636 0.971924 -0.108791
f 4220/6543/8046 4219/6542/8046 4216/6539/8046

vn 0.21256 0.911754 -0.351458
v 1.57466 1.70251 0.242359
vt 0.68334 0.109537
f 4220/6543/8047 4221/6544/8047 4219/6542/8047

v 1.60784 1.67841 0.219576
vt 0.691083 0.10053
vn 0.330794 0.847677 -0.414751
f 4222/6545/8048 4221/6544/8048 4220/6543/8048

vn 0.195555 0.802391 -0.56385
v 1.5343 1.7 0.224796
vt 0.687621 0.119594
f 4222/6545/8049 4223/6546/8049 4221/6544/8049

vn 0.179187 0.761047 -0.623458
v 1.53828 1.66651 0.185058
vt 0.700571 0.11864
f 4222/6545/8050 4224/6547/8050 4223/6546/8050

vt 0.911672 0.246705
vn 0.0542968 -0.972649 0.225842
v 1.54136 1.68278 0.25439
vt 0.90811 0.238998
vt 0.917044 0.238736
f 4222/6548/8051 4225/6549/8051 4224/6550/8051

v 1.65599 1.69402 0.27023
vt 0.90537 0.251251
vn 0.0618839 -0.968835 0.239853
f 4226/6551/8052 4225/6549/8052 4222/6548/8052

vn 0.0861151 -0.992937 0.0816075
v 1.54123 1.68937 0.334745
vt 0.898561 0.239936
f 4226/6551/8053 4227/6552/8053 4225/6549/8053

v 1.67121 1.70225 0.334745
vt 0.898577 0.251987
vn 0.0980888 -0.98982 0.10313
f 4228/6553/8054 4227/6552/8054 4226/6551/8054

vn 0.0980888 -0.98982 -0.10313
v 1.65599 1.69402 0.399261
vt 0.891771 0.251311
f 4228/6553/8055 4229/6554/8055 4227/6552/8055

vt 0.660155 0.086116
vn 0.251169 0.950943 0.180613
v 1.61051 1.71829 0.334745
vt 0.660155 0.100719
vt 0.643723 0.088813
f 4228/6555/8056 4230/6556/8056 4229/6557/8056

vn 0.251169 0.950943 -0.180614
vt 0.676589 0.088822
f 4228/6555/8057 4226/6558/8057 4230/6556/8057

vn 0.255407 0.950414 -0.177427
f 4226/6558/8058 4220/6543/8058 4230/6556/8058

vn 0.18993 0.872812 -0.449583
f 4226/6558/8059 4222/6545/8059 4220/6543/8059

vn 0.166321 0.972703 -0.161821
f 4230/6556/8060 4220/6543/8060 4216/6539/8060

vn 0.16632 0.972703 0.161821
v 1.59894 1.71101 0.39038
vt 0.646396 0.103543
f 4230/6556/8061 4216/6539/8061 4231/6559/8061

vn 0.208635 0.971924 0.108791
f 4231/6559/8062 4216/6539/8062 4218/6541/8062

vn 0.212559 0.911754 0.351459
v 1.57466 1.70251 0.427131
vt 0.636927 0.109524
f 4231/6559/8063 4218/6541/8063 4232/6560/8063

vn 0.135143 0.885671 0.444212
v 1.53247 1.7001 0.444758
vt 0.63272 0.120054
f 4232/6560/8064 4218/6541/8064 4233/6561/8064

vn -0.0196436 0.888717 0.458035
v 1.44732 1.69709 0.446956
vt 0.632397 0.140847
f 4233/6561/8065 4218/6541/8065 4234/6562/8065

vn -0.0270319 0.893171 0.448904
v 1.44521 1.72267 0.395924
vt 0.645889 0.140739
f 4218/6541/8066 4235/6563/8066 4234/6562/8066

vn -0.0333165 0.989381 0.141475
f 4218/6541/8067 4217/6540/8067 4235/6563/8067

vn -0.216372 0.966207 0.140095
v 1.35892 1.70449 0.388036
vt 0.647436 0.161934
f 4235/6563/8068 4217/6540/8068 4236/6564/8068

vn -0.224584 0.96616 0.126874
v 1.35953 1.71163 0.334746
vt 0.660155 0.161816
f 4217/6540/8069 4237/6565/8069 4236/6564/8069

vn -0.224633 0.966359 -0.12526
v 1.36049 1.70493 0.28132
vt 0.672913 0.161548
f 4217/6540/8070 4238/6566/8070 4237/6565/8070

v 1.44521 1.72267 0.273567
vt 0.674427 0.14073
vn -0.215223 0.96646 -0.14012
f 4239/6567/8071 4238/6566/8071 4217/6540/8071

vn -0.222708 0.881411 -0.416552
v 1.36301 1.68482 0.237418
vt 0.684605 0.161828
f 4239/6567/8072 4240/6568/8072 4238/6566/8072

v 1.44732 1.69709 0.222535
vt 0.6879 0.140853
vn -0.205454 0.871457 -0.445367
f 4241/6569/8073 4240/6568/8073 4239/6567/8073

vn -0.215564 0.797311 -0.563762
v 1.36064 1.65874 0.20144
vt 0.695673 0.163775
f 4241/6569/8074 4242/6570/8074 4240/6568/8074

v 1.4495 1.66196 0.181497
vt 0.70128 0.141183
vn -0.171944 0.743865 -0.645833
f 4243/6571/8075 4242/6570/8075 4241/6569/8075

vt 0.918279 0.226781
vn 0.077036 -0.979745 0.184839
v 1.44856 1.6763 0.257891
vt 0.90806 0.226698
vt 0.91514 0.214372
f 4243/6572/8076 4244/6573/8076 4242/6574/8076

vn 0.0428829 -0.981838 0.184813
f 4224/6550/8077 4244/6573/8077 4243/6572/8077

vn 0.0763039 -0.971462 0.224585
f 4225/6549/8078 4244/6573/8078 4224/6550/8078

vn 0.0724868 -0.99402 0.081674
f 4225/6549/8079 4227/6552/8079 4244/6573/8079

vn 0.0916402 -0.994067 0.0585885
v 1.4482 1.6808 0.334745
vt 0.898453 0.226981
f 4227/6552/8080 4245/6575/8080 4244/6573/8080

vn 0.0916405 -0.99407 -0.0585358
v 1.44856 1.67631 0.411599
vt 0.888844 0.226754
f 4227/6552/8081 4246/6576/8081 4245/6575/8081

v 1.54136 1.68275 0.415101
vt 0.888937 0.239068
vn 0.0721185 -0.994014 -0.0820644
f 4247/6577/8082 4246/6576/8082 4227/6552/8082

vn 0.075937 -0.971437 -0.224818
v 1.53828 1.66646 0.484432
vt 0.879974 0.238885
f 4247/6577/8083 4248/6578/8083 4246/6576/8083

v 1.60784 1.67841 0.449914
vt 0.885423 0.246806
vn 0.0548577 -0.972576 -0.226022
f 4249/6579/8084 4248/6578/8084 4247/6577/8084

vt 0.629228 0.100511
vn 0.161127 0.786083 0.596751
vt 0.619703 0.118637
f 4249/6580/8085 4232/6560/8085 4248/6581/8085

vn 0.330793 0.847677 0.414753
f 4249/6580/8086 4231/6559/8086 4232/6560/8086

vn 0.18993 0.872812 0.449585
f 4229/6557/8087 4231/6559/8087 4249/6580/8087

vn 0.255408 0.950414 0.177426
f 4229/6557/8088 4230/6556/8088 4231/6559/8088

vn 0.0621946 -0.968884 -0.239573
f 4229/6554/8089 4249/6579/8089 4247/6577/8089

vn 0.086331 -0.992887 -0.0819952
f 4229/6554/8090 4247/6577/8090 4227/6552/8090

vn 0.213039 0.760383 0.613541
f 4232/6560/8091 4233/6561/8091 4248/6581/8091

vn -0.0126329 0.761757 0.64774
v 1.4495 1.66196 0.487994
vt 0.619032 0.141205
f 4248/6581/8092 4233/6561/8092 4250/6582/8092

vn -0.0100987 0.75941 0.650534
f 4233/6561/8093 4234/6562/8093 4250/6582/8093

vn -0.171943 0.743864 0.645835
v 1.36064 1.65874 0.46805
vt 0.62466 0.163774
f 4250/6582/8094 4234/6562/8094 4251/6583/8094

vn -0.216427 0.798305 0.562022
v 1.36102 1.68436 0.431798
vt 0.635746 0.162343
f 4234/6562/8095 4252/6584/8095 4251/6583/8095

vn -0.206675 0.871206 0.445293
f 4234/6562/8096 4235/6563/8096 4252/6584/8096

vn -0.223727 0.88136 0.416114
f 4235/6563/8097 4236/6564/8097 4252/6584/8097

vn -0.345297 0.846235 0.405777
v 1.32098 1.67691 0.41327
vt 0.640349 0.172578
f 4252/6584/8098 4236/6564/8098 4253/6585/8098

v 1.29092 1.65739 0.428126
vt 0.636212 0.180696
vn -0.355451 0.847916 0.39331
vt 0.640435 0.172427
vt 0.647513 0.161777
v 1.29599 1.6817 0.38032
vt 0.649173 0.177769
f 4254/6586/8099 4253/6587/8099 4236/6588/8099 4255/6589/8099 

vn -0.29428 0.822904 0.486034
vt 0.63602 0.181436
f 4251/6583/8100 4253/6585/8100 4254/6590/8100

vn -0.385784 0.755272 0.529844
f 4252/6584/8101 4253/6585/8101 4251/6583/8101

vt 0.886901 0.20481
vn 0.102773 -0.983923 -0.146058
v 1.36058 1.6679 0.406306
vt 0.889618 0.214531
vt 0.888752 0.226713
vt 0.881538 0.214359
f 4254/6591/8102 4256/6592/8102 4246/6593/8102 4251/6594/8102 

vt 0.8897 0.214571
vn 0.126699 -0.989328 -0.071953
vt 0.887797 0.206392
v 1.24195 1.65439 0.383112
vt 0.893504 0.201847
f 4256/6595/8103 4254/6596/8103 4257/6597/8103

vt 0.649082 0.177927
vn -0.401263 0.832931 0.381068
vt 0.648579 0.192465
f 4255/6598/8104 4257/6599/8104 4254/6590/8104

vn -0.443258 0.888898 0.115686
v 1.28444 1.68187 0.334746
vt 0.660155 0.180541
f 4255/6598/8105 4258/6600/8105 4257/6599/8105

vn -0.366728 0.925318 0.0964246
f 4237/6565/8106 4258/6600/8106 4255/6598/8106

vn -0.366728 0.925318 -0.0964204
v 1.29599 1.6817 0.289171
vt 0.67122 0.177925
f 4237/6565/8107 4259/6601/8107 4258/6600/8107

vn -0.349466 0.928865 -0.122813
f 4238/6566/8108 4259/6601/8108 4237/6565/8108

vn -0.353593 0.849459 -0.391652
v 1.32098 1.67691 0.25622
vt 0.679978 0.172587
f 4238/6566/8109 4260/6602/8109 4259/6601/8109

vn -0.341658 0.846864 -0.407543
f 4240/6568/8110 4260/6602/8110 4238/6566/8110

vn -0.378803 0.760992 -0.526686
f 4240/6568/8111 4242/6570/8111 4260/6602/8111

vn -0.294277 0.822906 -0.486032
v 1.29092 1.65739 0.241364
vt 0.684287 0.181439
f 4242/6570/8112 4261/6603/8112 4260/6602/8112

vt 0.909789 0.204892
vn 0.102745 -0.983925 0.146066
vt 0.915179 0.214377
vt 0.908104 0.226706
v 1.36058 1.6679 0.263185
vt 0.907159 0.214582
f 4261/6604/8113 4242/6605/8113 4244/6606/8113 4262/6607/8113 

vn 0.0984224 -0.993419 0.0585827
vt 0.90712 0.214573
f 4244/6573/8114 4245/6575/8114 4262/6608/8114

vn 0.121068 -0.992172 0.030632
v 1.36005 1.67004 0.334745
vt 0.898404 0.213635
f 4245/6575/8115 4263/6609/8115 4262/6608/8115

vn 0.121068 -0.992171 -0.0306602
f 4245/6575/8116 4256/6595/8116 4263/6609/8116

vn 0.098488 -0.993415 -0.0585299
f 4246/6576/8117 4256/6595/8117 4245/6575/8117

vn 0.118977 -0.992424 -0.0306523
f 4256/6595/8118 4257/6597/8118 4263/6609/8118

vn 0.122251 -0.992242 -0.0225976
v 1.22572 1.65349 0.334745
vt 0.898558 0.201138
f 4263/6609/8119 4257/6597/8119 4264/6610/8119

vn -0.43156 0.892921 0.128249
vt 0.660155 0.195134
f 4258/6600/8120 4264/6611/8120 4257/6599/8120

vn -0.431557 0.892923 -0.128247
v 1.24195 1.65439 0.286379
vt 0.671732 0.192467
f 4258/6600/8121 4265/6612/8121 4264/6611/8121

vn -0.443258 0.888898 -0.115681
f 4259/6601/8122 4265/6612/8122 4258/6600/8122

vn -0.401262 0.832932 -0.381068
f 4259/6601/8123 4261/6603/8123 4265/6612/8123

vn -0.356149 0.847617 -0.393322
f 4260/6602/8124 4261/6603/8124 4259/6601/8124

vn 0.12672 -0.989324 0.0719761
vt 0.903494 0.201944
vt 0.909059 0.206489
f 4262/6608/8125 4265/6613/8125 4261/6614/8125

vn 0.118988 -0.992423 0.0306242
f 4262/6608/8126 4263/6609/8126 4265/6613/8126

vn 0.122251 -0.992242 0.0225975
f 4263/6609/8127 4264/6610/8127 4265/6613/8127

vn -0.351064 0.928578 0.120402
f 4237/6565/8128 4255/6598/8128 4236/6564/8128

vt 0.878596 0.226929
vn 0.0770466 -0.979734 -0.18489
vt 0.88162 0.214408
f 4250/6615/8129 4251/6616/8129 4246/6576/8129

vn 0.0423581 -0.981851 -0.184862
f 4248/6578/8130 4250/6615/8130 4246/6576/8130

vn -0.0132517 0.763927 -0.645166
f 4224/6547/8131 4243/6571/8131 4223/6546/8131

vn -0.00852908 0.759464 -0.650494
f 4223/6546/8132 4243/6571/8132 4241/6569/8132

vn -0.0177625 0.887561 -0.460347
f 4223/6546/8133 4241/6569/8133 4219/6542/8133

vn -0.0270328 0.893172 -0.448903
f 4219/6542/8134 4241/6569/8134 4239/6567/8134

vn -0.0333168 0.989381 -0.141475
f 4219/6542/8135 4239/6567/8135 4217/6540/8135

vn 0.137232 0.886541 -0.441829
f 4221/6544/8136 4223/6546/8136 4219/6542/8136

g Mesh8 Component_3_1 skp5E7F1 Model

v -0.0753735 1.6808 0.334745
vt 0.101547 0.226981
vn -0.0916375 -0.99407 -0.0585358
v -0.0757375 1.67631 0.411599
vt 0.111156 0.226754
v -0.168403 1.68937 0.334745
vt 0.101439 0.239936
f 4266/6617/8137 4267/6618/8137 4268/6619/8137

v 0.0122418 1.6679 0.406306
vt 0.1103 0.214571
vn -0.0984909 -0.993415 -0.05853
f 4269/6620/8138 4267/6618/8138 4266/6617/8138

vt 0.111251 0.226712
vn -0.102774 -0.983923 -0.146059
vt 0.110384 0.21453
v 0.0819033 1.65739 0.428126
vt 0.113101 0.204809
v 0.0121864 1.65874 0.46805
vt 0.118463 0.214358
f 4267/6621/8139 4269/6622/8139 4270/6623/8139 4271/6624/8139 

v 0.130875 1.65439 0.383112
vt 0.106496 0.201847
vn -0.126697 -0.989328 -0.071957
vt 0.112203 0.206392
f 4272/6625/8140 4270/6626/8140 4269/6620/8140

vt 0.351421 0.192465
vn 0.401261 0.832931 0.381071
v 0.0768322 1.6817 0.38032
vt 0.350918 0.177927
vt 0.36398 0.181436
f 4272/6627/8141 4273/6628/8141 4270/6629/8141

vn 0.443258 0.888898 0.115681
v 0.0883836 1.68187 0.334746
vt 0.339845 0.180541
f 4272/6627/8142 4274/6630/8142 4273/6628/8142

v 0.147107 1.65349 0.334745
vt 0.339845 0.195134
vn 0.431557 0.892923 0.128247
f 4275/6631/8143 4274/6630/8143 4272/6627/8143

vn 0.431554 0.892925 -0.128246
v 0.130875 1.65439 0.286379
vt 0.328268 0.192467
f 4275/6631/8144 4276/6632/8144 4274/6630/8144

vt 0.101442 0.201138
vn -0.122249 -0.992242 0.0225969
v 0.0127709 1.67004 0.334745
vt 0.101596 0.213635
vt 0.096506 0.201944
f 4275/6633/8145 4277/6634/8145 4276/6635/8145

vn -0.122249 -0.992242 -0.0225969
f 4275/6633/8146 4272/6625/8146 4277/6634/8146

vn -0.118974 -0.992424 -0.0306523
f 4272/6625/8147 4269/6620/8147 4277/6634/8147

vn -0.12107 -0.99217 -0.0306602
f 4277/6634/8148 4269/6620/8148 4266/6617/8148

vn -0.12107 -0.992171 0.0306285
v 0.0122418 1.6679 0.263185
vt 0.09288 0.214573
f 4277/6634/8149 4266/6617/8149 4278/6636/8149

vn -0.0984198 -0.993419 0.058586
v -0.0757377 1.6763 0.257891
vt 0.09194 0.226698
f 4278/6636/8150 4266/6617/8150 4279/6637/8150

vn -0.0916372 -0.994067 0.0585917
f 4266/6617/8151 4268/6619/8151 4279/6637/8151

vn -0.0724894 -0.99402 0.0816707
v -0.168534 1.68278 0.25439
vt 0.09189 0.238998
f 4279/6637/8152 4268/6619/8152 4280/6638/8152

vn -0.0861156 -0.992937 0.0816041
v -0.28316 1.69402 0.27023
vt 0.09463 0.251251
f 4268/6619/8153 4281/6639/8153 4280/6638/8153

vn -0.0980909 -0.989819 0.10313
v -0.298389 1.70226 0.334745
vt 0.101423 0.251987
f 4268/6619/8154 4282/6640/8154 4281/6639/8154

vn -0.0980909 -0.989819 -0.10313
v -0.28316 1.69402 0.399261
vt 0.108229 0.251311
f 4268/6619/8155 4283/6641/8155 4282/6640/8155

vn -0.0863332 -0.992886 -0.0819949
v -0.168536 1.68275 0.415101
vt 0.111063 0.239068
f 4268/6619/8156 4284/6642/8156 4283/6641/8156

vn -0.0721157 -0.994014 -0.0820643
f 4267/6618/8157 4284/6642/8157 4268/6619/8157

vn -0.0759343 -0.971438 -0.224815
v -0.165454 1.66646 0.484432
vt 0.120026 0.238885
f 4267/6618/8158 4285/6643/8158 4284/6642/8158

vn -0.0423575 -0.981851 -0.184862
v -0.0766727 1.66196 0.487994
vt 0.121404 0.226929
f 4267/6618/8159 4286/6644/8159 4285/6643/8159

vt 0.11838 0.214408
vn -0.0770498 -0.979734 -0.184889
f 4271/6645/8160 4286/6644/8160 4267/6618/8160

vt 0.37534 0.163774
vn 0.171947 0.743863 0.645834
v -0.0744901 1.69709 0.446956
vt 0.367603 0.140847
vt 0.380968 0.141205
f 4271/6646/8161 4287/6647/8161 4286/6648/8161

vn 0.216429 0.798302 0.562025
v 0.0118095 1.68436 0.431798
vt 0.364254 0.162343
f 4271/6646/8162 4288/6649/8162 4287/6647/8162

v 0.0518447 1.67691 0.41327
vt 0.359651 0.172578
vn 0.385789 0.755268 0.529846
f 4289/6650/8163 4288/6649/8163 4271/6646/8163

vn 0.345302 0.846234 0.405777
v 0.0139045 1.70449 0.388036
vt 0.352564 0.161934
f 4289/6650/8164 4290/6651/8164 4288/6649/8164

vt 0.352488 0.161778
vn 0.35545 0.847915 0.393314
vt 0.359565 0.172428
vt 0.363789 0.180697
vt 0.350827 0.17777
f 4290/6652/8165 4289/6653/8165 4270/6654/8165 4273/6655/8165 

vn 0.294277 0.822905 0.486033
f 4270/6629/8166 4289/6650/8166 4271/6646/8166

vn 0.351064 0.928579 0.120397
v 0.0132987 1.71163 0.334746
vt 0.339845 0.161816
f 4273/6628/8167 4291/6656/8167 4290/6651/8167

vn 0.366728 0.925318 0.0964196
f 4274/6630/8168 4291/6656/8168 4273/6628/8168

vn 0.366728 0.925319 -0.0964153
v 0.0768322 1.6817 0.289171
vt 0.32878 0.177925
f 4274/6630/8169 4292/6657/8169 4291/6656/8169

vn 0.443258 0.888899 -0.115676
f 4276/6632/8170 4292/6657/8170 4274/6630/8170

vn 0.401261 0.832931 -0.381072
v 0.0819033 1.65739 0.241364
vt 0.315713 0.181439
f 4276/6632/8171 4293/6658/8171 4292/6657/8171

vn -0.126721 -0.989323 0.0719831
vt 0.090941 0.206489
f 4276/6635/8172 4278/6636/8172 4293/6659/8172

vn -0.118987 -0.992424 0.0306207
f 4276/6635/8173 4277/6634/8173 4278/6636/8173

vt 0.091899 0.226706
vn -0.102744 -0.983925 0.146069
v 0.0121864 1.65874 0.201441
vt 0.0848237 0.214377
vt 0.090213 0.204892
vt 0.0928436 0.214581
f 4279/6660/8174 4294/6661/8174 4293/6662/8174 4278/6663/8174 

vt 0.08486 0.214372
vn -0.0770381 -0.979745 0.184835
v -0.0766727 1.66196 0.181497
vt 0.081721 0.226781
f 4294/6664/8175 4279/6637/8175 4295/6665/8175

vn -0.0428831 -0.981838 0.18481
v -0.165451 1.66651 0.185058
vt 0.082956 0.238736
f 4279/6637/8176 4296/6666/8176 4295/6665/8176

vn -0.0763065 -0.971462 0.224585
f 4279/6637/8177 4280/6638/8177 4296/6666/8177

vn -0.0542968 -0.972649 0.225842
v -0.235017 1.67841 0.219577
vt 0.088328 0.246705
f 4296/6666/8178 4280/6638/8178 4297/6667/8178

vn -0.0618839 -0.968835 0.239853
f 4280/6638/8179 4281/6639/8179 4297/6667/8179

v -0.226114 1.71101 0.27911
vt 0.326068 0.103538
vn -0.189927 0.872814 -0.449581
vt 0.308917 0.10053
vt 0.323411 0.088822
f 4298/6668/8180 4297/6669/8180 4281/6670/8180

v -0.201831 1.70251 0.242359
vt 0.31666 0.109537
vn -0.3308 0.847677 -0.414747
f 4299/6671/8181 4297/6669/8181 4298/6668/8181

v -0.16147 1.7 0.224796
vt 0.312379 0.119594
vn -0.195555 0.80239 -0.563851
f 4300/6672/8182 4297/6669/8182 4299/6671/8182

vn -0.179188 0.761046 -0.623459
vt 0.299429 0.11864
f 4300/6672/8183 4296/6673/8183 4297/6669/8183

vt 0.29872 0.141183
vn 0.0132517 0.763928 -0.645166
f 4295/6674/8184 4296/6673/8184 4300/6672/8184

v -0.0744901 1.69709 0.222535
vt 0.3121 0.140853
vn 0.00852906 0.759464 -0.650494
f 4301/6675/8185 4295/6674/8185 4300/6672/8185

vt 0.304327 0.163775
vn 0.171946 0.743864 -0.645833
f 4294/6676/8186 4295/6674/8186 4301/6675/8186

vn 0.215565 0.797308 -0.563766
v 0.00981735 1.68482 0.237418
vt 0.315395 0.161828
f 4294/6676/8187 4301/6675/8187 4302/6677/8187

vn 0.205453 0.871459 -0.445363
v -0.0723877 1.72267 0.273567
vt 0.325573 0.14073
f 4302/6677/8188 4301/6675/8188 4303/6678/8188

vn 0.0270328 0.893173 -0.448899
v -0.155716 1.72559 0.274357
vt 0.325653 0.120839
f 4303/6678/8189 4301/6675/8189 4304/6679/8189

vn 0.0177626 0.887563 -0.460344
f 4301/6675/8190 4300/6672/8190 4304/6679/8190

vn -0.137231 0.886543 -0.441825
f 4304/6679/8191 4300/6672/8191 4299/6671/8191

vn -0.212561 0.911756 -0.351452
f 4304/6679/8192 4299/6671/8192 4298/6668/8192

vn -0.208636 0.971923 -0.108794
v -0.156779 1.73212 0.334745
vt 0.339845 0.120132
f 4304/6679/8193 4298/6668/8193 4305/6680/8193

vn -0.166323 0.972702 -0.161823
v -0.23768 1.71829 0.334745
vt 0.339845 0.100719
f 4305/6680/8194 4298/6668/8194 4306/6681/8194

vn -0.255403 0.950415 -0.177427
f 4298/6668/8195 4281/6670/8195 4306/6681/8195

vn -0.251166 0.950944 -0.180613
vt 0.339845 0.086116
f 4306/6681/8196 4281/6670/8196 4282/6682/8196

vn -0.251166 0.950944 0.180613
vt 0.356277 0.088813
f 4306/6681/8197 4282/6682/8197 4283/6683/8197

v -0.226114 1.71101 0.39038
vt 0.353604 0.103543
vn -0.255404 0.950415 0.177427
f 4307/6684/8198 4306/6681/8198 4283/6683/8198

vn -0.166323 0.972703 0.161822
f 4305/6680/8199 4306/6681/8199 4307/6684/8199

v -0.155716 1.72559 0.395134
vt 0.354054 0.120831
vn -0.208636 0.971923 0.108794
f 4308/6685/8200 4305/6680/8200 4307/6684/8200

v -0.0717441 1.7314 0.334745
vt 0.339845 0.14078
vn 0.00846345 0.994182 0.107382
f 4309/6686/8201 4305/6680/8201 4308/6685/8201

vn 0.00846345 0.994182 -0.107382
f 4309/6686/8202 4304/6679/8202 4305/6680/8202

vn 0.0333166 0.98938 -0.141479
f 4309/6686/8203 4303/6678/8203 4304/6679/8203

v 0.0123335 1.70493 0.28132
vt 0.327087 0.161548
vn 0.21522 0.96646 -0.140124
f 4310/6687/8204 4303/6678/8204 4309/6686/8204

vn 0.222706 0.881412 -0.416552
f 4310/6687/8205 4302/6677/8205 4303/6678/8205

v 0.0518447 1.67691 0.25622
vt 0.320022 0.172587
vn 0.341663 0.846863 -0.407542
f 4311/6688/8206 4302/6677/8206 4310/6687/8206

vn 0.378808 0.760988 -0.526689
f 4311/6688/8207 4294/6676/8207 4302/6677/8207

vn 0.294277 0.822906 -0.486032
f 4293/6658/8208 4294/6676/8208 4311/6688/8208

vn 0.356146 0.847617 -0.393327
f 4293/6658/8209 4311/6688/8209 4292/6657/8209

vn 0.353593 0.849457 -0.391658
f 4292/6657/8210 4311/6688/8210 4310/6687/8210

vn 0.349466 0.928866 -0.122808
f 4292/6657/8211 4310/6687/8211 4291/6656/8211

vn 0.224636 0.966359 -0.125256
f 4291/6656/8212 4310/6687/8212 4309/6686/8212

vn 0.224587 0.96616 0.126869
f 4290/6651/8213 4291/6656/8213 4309/6686/8213

vn 0.21637 0.966207 0.140099
v -0.0723877 1.72267 0.395924
vt 0.354111 0.140739
f 4290/6651/8214 4309/6686/8214 4312/6689/8214

vn 0.0333163 0.98938 0.141479
f 4309/6686/8215 4308/6685/8215 4312/6689/8215

vn 0.027032 0.893174 0.448899
f 4312/6689/8216 4308/6685/8216 4287/6647/8216

vn 0.0196424 0.888719 0.458031
v -0.159646 1.7001 0.444758
vt 0.36728 0.120054
f 4287/6647/8217 4308/6685/8217 4313/6690/8217

vn -0.135141 0.885672 0.444209
v -0.201831 1.70251 0.427131
vt 0.363073 0.109524
f 4308/6685/8218 4314/6691/8218 4313/6690/8218

vn -0.21256 0.911756 0.351453
f 4308/6685/8219 4307/6684/8219 4314/6691/8219

vn -0.330799 0.847677 0.414748
v -0.235017 1.67841 0.449914
vt 0.370772 0.100511
f 4314/6691/8220 4307/6684/8220 4315/6692/8220

vn -0.189927 0.872814 0.449582
f 4307/6684/8221 4283/6683/8221 4315/6692/8221

vn -0.0621971 -0.968885 -0.239571
vt 0.114577 0.246806
f 4284/6642/8222 4315/6693/8222 4283/6641/8222

vn -0.0548596 -0.972577 -0.226019
f 4285/6643/8223 4315/6693/8223 4284/6642/8223

vt 0.380297 0.118637
vn -0.161128 0.786082 0.596752
f 4285/6694/8224 4314/6691/8224 4315/6692/8224

vn -0.213037 0.760384 0.613541
f 4313/6690/8225 4314/6691/8225 4285/6694/8225

vn 0.0126311 0.761757 0.64774
f 4286/6648/8226 4313/6690/8226 4285/6694/8226

vn 0.0100967 0.75941 0.650534
f 4287/6647/8227 4313/6690/8227 4286/6648/8227

vn 0.206676 0.871209 0.445287
f 4288/6649/8228 4312/6689/8228 4287/6647/8228

vn 0.223725 0.88136 0.416114
f 4290/6651/8229 4312/6689/8229 4288/6649/8229

g Mesh9 Component_3_1 skp5E7F1 Model

v 0.686413 2.74765 0.711711
vt 0.5 0.129184
vn 0.0712107 0.444696 0.892846
v 0.764003 2.67456 0.741928
vt 0.51845 0.110072
v 0.765549 2.74529 0.706575
vt 0.518885 0.129147
f 4316/6695/8230 4317/6696/8230 4318/6697/8230

vn 0.0734309 0.446588 0.891721
v 0.686413 2.67728 0.746957
vt 0.5 0.110138
f 4316/6695/8231 4319/6698/8231 4317/6696/8231

vn -0.0734309 0.446588 0.891721
v 0.608823 2.67456 0.741928
vt 0.48155 0.110072
f 4316/6695/8232 4320/6699/8232 4319/6698/8232

vn -0.0712107 0.444696 0.892846
v 0.607277 2.74529 0.706575
vt 0.481115 0.129147
f 4316/6695/8233 4321/6700/8233 4320/6699/8233

v 0.608241 2.82224 0.663869
vt 0.481394 0.150401
vn -0.0710366 0.484755 0.87176
f 4322/6701/8234 4321/6700/8234 4316/6695/8234

vn -0.214386 0.476069 0.852876
v 0.536181 2.8154 0.649571
vt 0.463646 0.150665
f 4322/6701/8235 4323/6702/8235 4321/6700/8235

v 0.542984 2.88818 0.604593
vt 0.465494 0.171479
vn -0.213195 0.527986 0.822057
f 4324/6703/8236 4323/6702/8236 4322/6701/8236

vn -0.365026 0.513906 0.77631
v 0.487467 2.8679 0.591909
vt 0.450848 0.169217
f 4324/6703/8237 4325/6704/8237 4323/6702/8237

v 0.509799 2.91967 0.563833
vt 0.457031 0.183596
vn -0.373737 0.561615 0.73818
f 4326/6705/8238 4325/6704/8238 4324/6703/8238

v 0.43033 2.86859 0.533866
vt 0.432014 0.178331
vn -0.583632 0.567042 0.581238
f 4327/6706/8239 4325/6704/8239 4326/6705/8239

vn -0.626231 0.470027 0.62202
v 0.473699 2.80422 0.626173
vt 0.447091 0.151192
f 4327/6706/8240 4328/6707/8240 4325/6704/8240

vn -0.606588 0.489554 0.626409
v 0.403692 2.78062 0.576818
vt 0.42441 0.152464
f 4327/6706/8241 4329/6708/8241 4328/6707/8241

vt 0.090166 0.169552
vn 0.357057 -0.494932 -0.792182
v 0.497833 2.82365 0.592369
vt 0.080481 0.164103
vt 0.090047 0.15924
f 4327/6709/8242 4330/6710/8242 4329/6711/8242

v 0.509481 2.91563 0.534773
vt 0.081984 0.17664
vn 0.324651 -0.531149 -0.782612
f 4331/6712/8243 4330/6710/8243 4327/6709/8243

vn 0.215608 -0.537689 -0.81511
v 0.591166 2.85101 0.599006
vt 0.069892 0.167613
f 4331/6712/8244 4332/6713/8244 4330/6710/8244

v 0.595379 2.94989 0.530061
vt 0.071284 0.182275
vn 0.1823 -0.567614 -0.802858
f 4333/6714/8245 4332/6713/8245 4331/6712/8245

vn 0.0727335 -0.572552 -0.816636
v 0.686413 2.86046 0.600865
vt 0.058272 0.168765
f 4333/6714/8246 4334/6715/8246 4332/6713/8246

v 0.686413 2.96211 0.527876
vt 0.058272 0.182975
vn 0.0587296 -0.582254 -0.810883
f 4335/6716/8247 4334/6715/8247 4333/6714/8247

vt 0.941728 0.182975
vn -0.0587296 -0.582254 -0.810883
v 0.777446 2.94989 0.530061
vt 0.928716 0.182275
vt 0.941728 0.168765
f 4335/6717/8248 4336/6718/8248 4334/6719/8248

v 0.774671 3.05758 0.441588
vt 0.925575 0.205982
vn -0.0667113 -0.634404 -0.770117
f 4337/6720/8249 4336/6718/8249 4335/6717/8249

vn -0.161958 -0.6289 -0.76043
v 0.853178 3.00822 0.465688
vt 0.914708 0.193434
f 4337/6720/8250 4338/6721/8250 4336/6718/8250

vt 0.540575 0.216152
vn 0.297834 0.757427 0.581033
vt 0.520346 0.22712
v 0.758263 2.99234 0.535042
vt 0.516778 0.201091
f 4338/6722/8251 4337/6723/8251 4339/6724/8251

v 0.686413 3.0748 0.43318
vt 0.500001 0.229647
vn 0.102105 0.807183 0.581404
v 0.686413 3.00365 0.531953
vt 0.500001 0.203825
vt 0.516565 0.202748
vt 0.520347 0.227117
f 4340/6725/8252 4341/6726/8252 4339/6727/8252 4337/6728/8252 

v 0.598155 3.05758 0.441588
vt 0.479653 0.22712
vn -0.102105 0.807183 0.581404
v 0.614563 2.99234 0.535042
vt 0.483436 0.20275
vt 0.499999 0.203828
vt 0.499999 0.22965
f 4342/6729/8253 4343/6730/8253 4341/6731/8253 4340/6732/8253 

vt 0.483222 0.201091
vn -0.297834 0.757427 0.581033
vt 0.479654 0.22712
v 0.519648 3.00822 0.465688
vt 0.459425 0.216152
f 4343/6733/8254 4342/6734/8254 4344/6735/8254

vt 0.074425 0.205982
vn 0.161958 -0.6289 -0.76043
vt 0.085292 0.193434
f 4342/6736/8255 4333/6714/8255 4344/6737/8255

vn 0.0667113 -0.634404 -0.770117
f 4342/6736/8256 4335/6716/8256 4333/6714/8256

vt 0.058272 0.213041
vn 0.0525207 -0.642461 -0.764517
f 4340/6738/8257 4335/6716/8257 4342/6736/8257

vt 0.941728 0.213041
vn -0.0525207 -0.642461 -0.764517
f 4340/6739/8258 4337/6720/8258 4335/6717/8258

vn 0.196776 -0.600131 -0.775321
f 4344/6737/8259 4333/6714/8259 4331/6712/8259

vn 0.289107 -0.592687 -0.751757
v 0.470841 2.94567 0.496229
vt 0.089099 0.181241
f 4344/6737/8260 4331/6712/8260 4345/6740/8260

vn 0.335551 -0.549829 -0.764914
f 4345/6740/8261 4331/6712/8261 4327/6709/8261

vt 0.444667 0.20028
vn -0.586637 0.582843 0.562273
f 4345/6741/8262 4327/6706/8262 4326/6705/8262

v 0.548716 2.96206 0.545135
vt 0.467186 0.194244
vn -0.485326 0.685099 0.543229
f 4346/6742/8263 4345/6741/8263 4326/6705/8263

vn -0.493835 0.661156 0.564801
f 4346/6742/8264 4344/6735/8264 4345/6741/8264

vn -0.275267 0.784096 0.556256
f 4343/6733/8265 4344/6735/8265 4346/6742/8265

vn -0.180103 0.640552 0.746496
v 0.611609 2.90602 0.608394
vt 0.482268 0.174458
f 4343/6733/8266 4346/6742/8266 4347/6743/8266

vn -0.203926 0.623316 0.754912
f 4346/6742/8267 4324/6703/8267 4347/6743/8267

vn -0.314788 0.609767 0.727387
f 4346/6742/8268 4326/6705/8268 4324/6703/8268

vn -0.18756 0.547484 0.815526
f 4347/6743/8269 4324/6703/8269 4322/6701/8269

vn -0.0691744 0.552659 0.830531
v 0.686413 2.8246 0.668808
vt 0.5 0.150462
f 4347/6743/8270 4322/6701/8270 4348/6744/8270

vn -0.0697288 0.485815 0.871276
f 4348/6744/8271 4322/6701/8271 4316/6695/8271

vn 0.0697288 0.485815 0.871276
v 0.764585 2.82224 0.663869
vt 0.518606 0.150401
f 4348/6744/8272 4316/6695/8272 4349/6745/8272

vn 0.0710366 0.484755 0.87176
f 4349/6745/8273 4316/6695/8273 4318/6697/8273

vn 0.214386 0.476069 0.852876
v 0.836645 2.8154 0.649571
vt 0.536354 0.150665
f 4349/6745/8274 4318/6697/8274 4350/6746/8274

vn 0.219837 0.471483 0.854035
v 0.839236 2.73838 0.691425
vt 0.536966 0.12932
f 4350/6746/8275 4318/6697/8275 4351/6747/8275

vn 0.220389 0.425443 0.87774
v 0.835811 2.66657 0.727091
vt 0.536103 0.109812
f 4318/6697/8276 4352/6748/8276 4351/6747/8276

vn 0.228342 0.431267 0.872851
f 4318/6697/8277 4317/6696/8277 4352/6748/8277

vn 0.227452 0.376313 0.898139
v 0.830614 2.59685 0.757619
vt 0.534862 0.091299
f 4317/6696/8278 4353/6749/8278 4352/6748/8278

vn 0.237793 0.383977 0.892197
v 0.761081 2.60668 0.77192
vt 0.517744 0.092159
f 4317/6696/8279 4354/6750/8279 4353/6749/8279

vn 0.0732188 0.400428 0.913398
f 4319/6698/8280 4354/6750/8280 4317/6696/8280

vn 0.0757337 0.402667 0.912208
v 0.686413 2.61139 0.776043
vt 0.5 0.092713
f 4319/6698/8281 4355/6751/8281 4354/6750/8281

vn -0.0757337 0.402667 0.912208
v 0.611745 2.60668 0.77192
vt 0.482256 0.092159
f 4319/6698/8282 4356/6752/8282 4355/6751/8282

vn -0.0732188 0.400428 0.913398
f 4319/6698/8283 4320/6699/8283 4356/6752/8283

vn -0.237793 0.383977 0.892197
v 0.542212 2.59685 0.757619
vt 0.465138 0.091299
f 4320/6699/8284 4357/6753/8284 4356/6752/8284

vn -0.227452 0.376313 0.898139
v 0.537015 2.66657 0.727091
vt 0.463897 0.109812
f 4320/6699/8285 4358/6754/8285 4357/6753/8285

vn -0.228342 0.431267 0.872851
f 4321/6700/8286 4358/6754/8286 4320/6699/8286

vn -0.220389 0.425443 0.87774
v 0.533589 2.73838 0.691425
vt 0.463034 0.12932
f 4321/6700/8287 4359/6755/8287 4358/6754/8287

vn -0.219837 0.471483 0.854035
f 4323/6702/8288 4359/6755/8288 4321/6700/8288

vn -0.382676 0.451028 0.806308
f 4323/6702/8289 4328/6707/8289 4359/6755/8289

vn -0.380744 0.500587 0.777462
f 4325/6704/8290 4328/6707/8290 4323/6702/8290

vn -0.377073 0.45598 0.806163
v 0.465736 2.72687 0.666196
vt 0.445158 0.129582
f 4328/6707/8291 4360/6756/8291 4359/6755/8291

vn -0.613692 0.411779 0.673662
f 4328/6707/8292 4329/6708/8292 4360/6756/8292

vn -0.627406 0.3933 0.672069
v 0.39553 2.70202 0.615197
vt 0.422404 0.129694
f 4329/6708/8293 4361/6757/8293 4360/6756/8293

vn 0.372148 -0.438167 -0.81824
v 0.493306 2.73659 0.641155
vt 0.079551 0.15394
vt 0.089569 0.15131
f 4329/6711/8294 4362/6758/8294 4361/6759/8294

vn 0.349359 -0.471817 -0.809529
f 4330/6710/8295 4362/6758/8295 4329/6711/8295

vn 0.229618 -0.484859 -0.843912
v 0.589486 2.75821 0.654901
vt 0.069145 0.155981
f 4330/6710/8296 4363/6760/8296 4362/6758/8296

vn 0.208229 -0.507414 -0.836165
f 4332/6713/8297 4363/6760/8297 4330/6710/8297

vn 0.0775093 -0.515437 -0.853415
v 0.686413 2.76545 0.659334
vt 0.058272 0.156868
f 4332/6713/8298 4364/6761/8298 4363/6760/8298

vn 0.0684496 -0.522874 -0.849658
f 4334/6715/8299 4364/6761/8299 4332/6713/8299

vn -0.0684496 -0.522874 -0.849658
v 0.78166 2.85101 0.599006
vt 0.930108 0.167613
vt 0.941728 0.156868
f 4334/6719/8300 4365/6762/8300 4364/6763/8300

vn -0.0727335 -0.572552 -0.816636
f 4336/6718/8301 4365/6762/8301 4334/6719/8301

vn -0.1823 -0.567614 -0.802858
v 0.863345 2.91563 0.534773
vt 0.918016 0.17664
f 4336/6718/8302 4366/6764/8302 4365/6762/8302

vn -0.196776 -0.600131 -0.775321
f 4338/6721/8303 4366/6764/8303 4336/6718/8303

vn -0.289107 -0.592687 -0.751757
v 0.901985 2.94567 0.496229
vt 0.910901 0.181241
f 4338/6721/8304 4367/6765/8304 4366/6764/8304

vt 0.555333 0.20028
vn 0.493835 0.661156 0.564801
v 0.824109 2.96206 0.545135
vt 0.532814 0.194244
f 4367/6766/8305 4338/6722/8305 4368/6767/8305

vn 0.275267 0.784096 0.556256
f 4338/6722/8306 4339/6724/8306 4368/6767/8306

vn 0.180103 0.640552 0.746496
v 0.761216 2.90602 0.608394
vt 0.517732 0.174458
f 4339/6724/8307 4369/6768/8307 4368/6767/8307

vn 0.0681403 0.647418 0.759083
v 0.686413 2.91264 0.609463
vt 0.5 0.175877
f 4339/6724/8308 4370/6769/8308 4369/6768/8308

vt 0.5 0.203828
vn 0.0691972 0.646838 0.759482
f 4341/6770/8309 4370/6769/8309 4339/6724/8309

vn -0.0691972 0.646838 0.759482
f 4341/6770/8310 4343/6733/8310 4370/6769/8310

vn -0.0681403 0.647418 0.759083
f 4343/6733/8311 4347/6743/8311 4370/6769/8311

vn -0.0611965 0.557866 0.827671
f 4370/6769/8312 4347/6743/8312 4348/6744/8312

vn 0.0611965 0.557866 0.827671
f 4370/6769/8313 4348/6744/8313 4369/6768/8313

vn 0.0691744 0.552659 0.830531
f 4369/6768/8314 4348/6744/8314 4349/6745/8314

vn 0.18756 0.547484 0.815526
v 0.829842 2.88818 0.604593
vt 0.534506 0.171479
f 4369/6768/8315 4349/6745/8315 4371/6771/8315

vn 0.213195 0.527986 0.822057
f 4371/6771/8316 4349/6745/8316 4350/6746/8316

vn 0.365026 0.513906 0.77631
v 0.885359 2.8679 0.591909
vt 0.549152 0.169217
f 4371/6771/8317 4350/6746/8317 4372/6772/8317

vn 0.380744 0.500587 0.777462
v 0.899127 2.80422 0.626173
vt 0.552909 0.151192
f 4372/6772/8318 4350/6746/8318 4373/6773/8318

vn 0.382676 0.451028 0.806308
f 4350/6746/8319 4351/6747/8319 4373/6773/8319

vn 0.377073 0.45598 0.806163
v 0.90709 2.72687 0.666196
vt 0.554842 0.129582
f 4373/6773/8320 4351/6747/8320 4374/6774/8320

vn 0.378242 0.368731 0.849099
v 0.906031 2.65116 0.699548
vt 0.554876 0.10913
f 4351/6747/8321 4375/6775/8321 4374/6774/8321

vn 0.409174 0.390159 0.824835
f 4351/6747/8322 4352/6748/8322 4375/6775/8322

vn 0.404438 0.296505 0.865167
v 0.90337 2.58162 0.724623
vt 0.554677 0.090852
f 4352/6748/8323 4376/6776/8323 4375/6775/8323

vn 0.44634 0.330807 0.831473
f 4352/6748/8324 4353/6749/8324 4376/6776/8324

vn 0.441818 0.234726 0.865853
v 0.894594 2.51399 0.747436
vt 0.553086 0.072968
f 4353/6749/8325 4377/6777/8325 4376/6776/8325

vn 0.475528 0.264038 0.83914
v 0.821936 2.52109 0.786373
vt 0.532737 0.071604
f 4353/6749/8326 4378/6778/8326 4377/6777/8326

vn 0.234157 0.321439 0.917522
f 4354/6750/8327 4378/6778/8327 4353/6749/8327

vn 0.247353 0.329736 0.911093
v 0.757073 2.5259 0.802243
vt 0.516741 0.071428
f 4354/6750/8328 4379/6779/8328 4378/6778/8328

vn 0.0734973 0.347289 0.934874
f 4355/6751/8329 4379/6779/8329 4354/6750/8329

vn 0.0804065 0.352255 0.932444
v 0.686413 2.52787 0.807594
vt 0.5 0.071232
f 4355/6751/8330 4380/6780/8330 4379/6779/8330

vn -0.0804065 0.352255 0.932444
v 0.615753 2.5259 0.802243
vt 0.483259 0.071428
f 4355/6751/8331 4381/6781/8331 4380/6780/8331

vn -0.0734973 0.347289 0.934874
f 4355/6751/8332 4356/6752/8332 4381/6781/8332

vn -0.247353 0.329736 0.911093
v 0.550889 2.52109 0.786373
vt 0.467263 0.071604
f 4356/6752/8333 4382/6782/8333 4381/6781/8333

vn -0.234157 0.321439 0.917522
f 4356/6752/8334 4357/6753/8334 4382/6782/8334

vn -0.475528 0.264038 0.83914
v 0.478232 2.51399 0.747436
vt 0.446914 0.072968
f 4357/6753/8335 4383/6783/8335 4382/6782/8335

vn -0.441818 0.234726 0.865853
v 0.469456 2.58162 0.724623
vt 0.445323 0.090852
f 4357/6753/8336 4384/6784/8336 4383/6783/8336

vn -0.44634 0.330807 0.831473
f 4358/6754/8337 4384/6784/8337 4357/6753/8337

vn -0.404438 0.296505 0.865167
v 0.466795 2.65116 0.699548
vt 0.445124 0.10913
f 4358/6754/8338 4385/6785/8338 4384/6784/8338

vn -0.409174 0.390159 0.824835
f 4359/6755/8339 4385/6785/8339 4358/6754/8339

vn -0.378242 0.368731 0.849099
f 4359/6755/8340 4360/6756/8340 4385/6785/8340

vn -0.638987 0.302582 0.707206
v 0.40264 2.62554 0.652539
vt 0.424242 0.107937
f 4360/6756/8341 4386/6786/8341 4385/6785/8341

vn -0.627664 0.293677 0.720965
f 4360/6756/8342 4361/6757/8342 4386/6786/8342

vn 0.388205 -0.374961 -0.841844
v 0.497064 2.6533 0.68372
vt 0.078821 0.144788
vt 0.088837 0.143707
f 4361/6759/8343 4387/6787/8343 4386/6788/8343

vn 0.36671 -0.410176 -0.835033
f 4362/6758/8344 4387/6787/8344 4361/6759/8344

vn 0.23722 -0.433553 -0.869344
v 0.59183 2.66917 0.701663
vt 0.068606 0.145695
f 4362/6758/8345 4388/6789/8345 4387/6787/8345

vn 0.224469 -0.448441 -0.865168
f 4363/6760/8346 4388/6789/8346 4362/6758/8346

vn 0.0791014 -0.461854 -0.883421
v 0.686413 2.6741 0.707557
vt 0.058272 0.146218
f 4363/6760/8347 4389/6790/8347 4388/6789/8347

vn 0.075082 -0.465505 -0.881855
f 4364/6761/8348 4389/6790/8348 4363/6760/8348

vn -0.075082 -0.465505 -0.881855
v 0.78334 2.75821 0.654901
vt 0.930855 0.155981
vt 0.941728 0.146218
f 4364/6763/8349 4390/6791/8349 4389/6792/8349

vn -0.0775093 -0.515437 -0.853415
f 4365/6762/8350 4390/6791/8350 4364/6763/8350

vn -0.208229 -0.507414 -0.836165
v 0.874993 2.82365 0.592369
vt 0.919519 0.164103
f 4365/6762/8351 4391/6793/8351 4390/6791/8351

vn -0.215608 -0.537689 -0.81511
f 4366/6764/8352 4391/6793/8352 4365/6762/8352

vn -0.324651 -0.531149 -0.782612
v 0.942496 2.86859 0.533866
vt 0.909834 0.169552
f 4366/6764/8353 4392/6794/8353 4391/6793/8353

vn -0.335551 -0.549829 -0.764914
f 4367/6765/8354 4392/6794/8354 4366/6764/8354

vn 0.586637 0.582843 0.562273
v 0.863027 2.91967 0.563833
vt 0.542969 0.183596
vt 0.567986 0.178331
f 4367/6766/8355 4393/6795/8355 4392/6796/8355

vn 0.485326 0.685099 0.543229
f 4367/6766/8356 4368/6767/8356 4393/6795/8356

vn 0.314788 0.609767 0.727387
f 4368/6767/8357 4371/6771/8357 4393/6795/8357

vn 0.203926 0.623316 0.754912
f 4368/6767/8358 4369/6768/8358 4371/6771/8358

vn 0.373737 0.561615 0.73818
f 4393/6795/8359 4371/6771/8359 4372/6772/8359

vn 0.583632 0.567042 0.581238
f 4392/6796/8360 4393/6795/8360 4372/6772/8360

vn 0.626231 0.470027 0.62202
f 4392/6796/8361 4372/6772/8361 4373/6773/8361

vn 0.606588 0.489554 0.626409
v 0.969134 2.78062 0.576818
vt 0.57559 0.152464
f 4392/6796/8362 4373/6773/8362 4394/6797/8362

vn 0.613692 0.411779 0.673662
f 4373/6773/8363 4374/6774/8363 4394/6797/8363

vn 0.627406 0.3933 0.672069
v 0.977296 2.70202 0.615197
vt 0.577596 0.129694
f 4394/6797/8364 4374/6774/8364 4395/6798/8364

vn 0.627664 0.293677 0.720965
v 0.970186 2.62554 0.652539
vt 0.575758 0.107937
f 4374/6774/8365 4396/6799/8365 4395/6798/8365

vn 0.638987 0.302582 0.707206
f 4374/6774/8366 4375/6775/8366 4396/6799/8366

vn 0.630421 0.204949 0.748709
v 0.952316 2.55541 0.686785
vt 0.571385 0.088004
f 4375/6775/8367 4397/6800/8367 4396/6799/8367

vn 0.669197 0.229275 0.70683
f 4375/6775/8368 4376/6776/8368 4397/6800/8368

vn 0.650344 0.135386 0.747478
v 0.930652 2.49404 0.716748
vt 0.565899 0.070414
f 4376/6776/8369 4398/6801/8369 4397/6800/8369

vn 0.687656 0.150354 0.710298
f 4376/6776/8370 4377/6777/8370 4398/6801/8370

vn 0.652911 0.0152388 0.757281
v 0.892655 2.42407 0.750917
vt 0.556024 0.049849
f 4377/6777/8371 4399/6802/8371 4398/6801/8371

vn 0.694228 0.0128908 0.71964
v 0.867781 2.44253 0.774582
vt 0.546437 0.053512
f 4377/6777/8372 4400/6803/8372 4399/6802/8372

vn 0.478365 0.149254 0.865385
f 4378/6778/8373 4400/6803/8373 4377/6777/8373

vn 0.49007 0.157286 0.857376
v 0.808382 2.44057 0.808893
vt 0.529462 0.051257
f 4378/6778/8374 4401/6804/8374 4400/6803/8374

vn 0.247224 0.222152 0.943148
f 4379/6779/8375 4401/6804/8375 4378/6778/8375

vn 0.249441 0.223417 0.942266
v 0.75049 2.43483 0.825579
vt 0.51511 0.049084
f 4379/6779/8376 4402/6805/8376 4401/6804/8376

vn 0.0799551 0.242 0.966976
f 4380/6780/8377 4402/6805/8377 4379/6779/8377

vn 0.082028 0.24333 0.966469
v 0.686413 2.43179 0.831784
vt 0.5 0.047729
f 4380/6780/8378 4403/6806/8378 4402/6805/8378

vn -0.082028 0.24333 0.966469
v 0.622336 2.43483 0.825579
vt 0.48489 0.049084
f 4380/6780/8379 4404/6807/8379 4403/6806/8379

vn -0.0799551 0.242 0.966976
f 4380/6780/8380 4381/6781/8380 4404/6807/8380

vn -0.249441 0.223417 0.942266
v 0.564444 2.44057 0.808893
vt 0.470538 0.051257
f 4381/6781/8381 4405/6808/8381 4404/6807/8381

vn -0.247224 0.222152 0.943148
f 4381/6781/8382 4382/6782/8382 4405/6808/8382

vn -0.49007 0.157286 0.857376
v 0.505045 2.44253 0.774582
vt 0.453563 0.053512
f 4382/6782/8383 4406/6809/8383 4405/6808/8383

vn -0.478365 0.149254 0.865385
f 4382/6782/8384 4383/6783/8384 4406/6809/8384

vn -0.694228 0.0128908 0.71964
v 0.480171 2.42407 0.750917
vt 0.443976 0.049849
f 4383/6783/8385 4407/6810/8385 4406/6809/8385

vn -0.652911 0.0152388 0.757281
v 0.442173 2.49404 0.716748
vt 0.434101 0.070414
f 4383/6783/8386 4408/6811/8386 4407/6810/8386

vn -0.687656 0.150354 0.710298
f 4384/6784/8387 4408/6811/8387 4383/6783/8387

vn -0.650344 0.135386 0.747478
v 0.42051 2.55541 0.686785
vt 0.428615 0.088004
f 4384/6784/8388 4409/6812/8388 4408/6811/8388

vn -0.669197 0.229275 0.70683
f 4385/6785/8389 4409/6812/8389 4384/6784/8389

vn -0.630421 0.204949 0.748709
f 4385/6785/8390 4386/6786/8390 4409/6812/8390

vn 0.381359 -0.325332 -0.865289
vt 0.087836 0.136208
f 4387/6787/8391 4409/6813/8391 4386/6788/8391

vn 0.402345 -0.341251 -0.849509
v 0.507842 2.57292 0.721114
vt 0.078087 0.13581
f 4387/6787/8392 4410/6814/8392 4409/6813/8392

vn 0.233481 -0.384231 -0.893226
f 4388/6789/8393 4410/6814/8393 4387/6787/8393

vn 0.237829 -0.387506 -0.89066
v 0.596622 2.58156 0.74106
vt 0.068262 0.135776
f 4388/6789/8394 4411/6815/8394 4410/6814/8394

vt 0.0682717 0.135776
vn 0.0778029 -0.405278 -0.910877
vt 0.0686151 0.145695
vt 0.0582811 0.146217
v 0.686413 2.58365 0.747793
vt 0.0584666 0.13598
f 4411/6816/8395 4388/6817/8395 4389/6818/8395 4412/6819/8395 

v 0.776204 2.58156 0.74106
vt 0.931728 0.135776
vn -0.0778029 -0.405278 -0.910877
vt 0.941533 0.13598
vt 0.941719 0.146217
v 0.780995 2.66917 0.701663
vt 0.931385 0.145695
f 4413/6820/8396 4412/6821/8396 4389/6822/8396 4414/6823/8396 

vt 0.941728 0.136475
vn -0.0781874 -0.339184 -0.937465
vt 0.931738 0.135776
v 0.768353 2.49189 0.774159
vt 0.932087 0.124854
f 4412/6824/8397 4413/6825/8397 4415/6826/8397

vn -0.227633 -0.319583 -0.91981
v 0.84994 2.49408 0.753208
vt 0.922666 0.126438
f 4413/6825/8398 4416/6827/8398 4415/6826/8398

vn -0.237349 -0.327064 -0.91471
v 0.864983 2.57292 0.721114
vt 0.921913 0.13581
f 4413/6825/8399 4417/6828/8399 4416/6827/8399

vt 0.931394 0.145695
vn -0.237829 -0.387506 -0.89066
f 4414/6829/8400 4417/6828/8400 4413/6825/8400

vn -0.233481 -0.384231 -0.893226
v 0.875762 2.6533 0.68372
vt 0.921179 0.144788
f 4414/6829/8401 4418/6830/8401 4417/6828/8401

v 0.87952 2.73659 0.641155
vt 0.920449 0.15394
vn -0.23722 -0.433553 -0.869344
f 4419/6831/8402 4418/6830/8402 4414/6829/8402

vn -0.36671 -0.410176 -0.835033
vt 0.910431 0.15131
f 4419/6831/8403 4395/6832/8403 4418/6830/8403

vt 0.909953 0.15924
vn -0.372148 -0.438167 -0.81824
f 4394/6833/8404 4395/6832/8404 4419/6831/8404

vn -0.349359 -0.471817 -0.809529
f 4391/6793/8405 4394/6833/8405 4419/6831/8405

vn -0.357057 -0.494932 -0.792182
f 4392/6794/8406 4394/6833/8406 4391/6793/8406

vn -0.229618 -0.484859 -0.843912
f 4391/6793/8407 4419/6831/8407 4390/6791/8407

vn -0.224469 -0.448441 -0.865168
f 4390/6791/8408 4419/6831/8408 4414/6829/8408

vn -0.0791014 -0.461854 -0.883421
f 4390/6791/8409 4414/6829/8409 4389/6792/8409

vn -0.388205 -0.374961 -0.841844
vt 0.911163 0.143707
f 4395/6832/8410 4396/6834/8410 4418/6830/8410

vn -0.381359 -0.325332 -0.865289
vt 0.912164 0.136208
f 4418/6830/8411 4396/6834/8411 4397/6835/8411

vn -0.402345 -0.341251 -0.849509
f 4418/6830/8412 4397/6835/8412 4417/6828/8412

vn -0.39958 -0.284445 -0.871451
vt 0.913336 0.128934
f 4417/6828/8413 4397/6835/8413 4398/6836/8413

vn -0.395223 -0.28064 -0.874666
f 4417/6828/8414 4398/6836/8414 4416/6827/8414

vn -0.402013 -0.216159 -0.889753
vt 0.916052 0.11961
f 4416/6827/8415 4398/6836/8415 4399/6837/8415

vn -0.384578 -0.205186 -0.899999
v 0.829445 2.4113 0.780837
vt 0.92359 0.115872
f 4416/6827/8416 4399/6837/8416 4420/6838/8416

vn -0.395976 -0.159033 -0.904385
v 0.856641 2.37359 0.77556
vt 0.919048 0.111924
f 4399/6837/8417 4421/6839/8417 4420/6838/8417

vn 0.6056 -0.0441784 0.794542
v 0.839955 2.40742 0.790159
vt 0.539064 0.04367
vt 0.54523 0.034927
f 4399/6802/8418 4422/6840/8418 4421/6841/8418

vn 0.620567 -0.150387 0.769597
f 4400/6803/8419 4422/6840/8419 4399/6802/8419

vn 0.50046 -0.0125587 0.865668
f 4400/6803/8420 4401/6804/8420 4422/6840/8420

vn 0.470532 -0.0497204 0.880981
v 0.801687 2.37474 0.808754
vt 0.528348 0.035191
f 4401/6804/8421 4423/6842/8421 4422/6840/8421

vn 0.279612 -0.03047 0.959629
f 4401/6804/8422 4402/6805/8422 4423/6842/8422

vn 0.303125 -0.00855668 0.952912
v 0.744757 2.3377 0.826531
vt 0.513658 0.026739
f 4402/6805/8423 4424/6843/8423 4423/6842/8423

vn 0.0961812 0.00407317 0.995356
f 4402/6805/8424 4403/6806/8424 4424/6843/8424

vn 0.117707 0.0175578 0.992893
v 0.686413 2.31649 0.833822
vt 0.5 0.022445
f 4403/6806/8425 4425/6844/8425 4424/6843/8425

vn -0.117707 0.0175578 0.992893
v 0.628069 2.3377 0.826531
vt 0.486342 0.026739
f 4403/6806/8426 4426/6845/8426 4425/6844/8426

vn -0.0961812 0.00407317 0.995356
f 4404/6807/8427 4426/6845/8427 4403/6806/8427

vn -0.303125 -0.00855668 0.952912
v 0.571139 2.37474 0.808754
vt 0.471652 0.035191
f 4404/6807/8428 4427/6846/8428 4426/6845/8428

vn -0.279612 -0.03047 0.959629
f 4405/6808/8429 4427/6846/8429 4404/6807/8429

vn -0.470532 -0.0497204 0.880981
v 0.532871 2.40742 0.790159
vt 0.460936 0.04367
f 4405/6808/8430 4428/6847/8430 4427/6846/8430

vn -0.50046 -0.0125587 0.865668
f 4406/6809/8431 4428/6847/8431 4405/6808/8431

vn -0.620567 -0.150387 0.769597
f 4406/6809/8432 4407/6810/8432 4428/6847/8432

vn -0.6056 -0.0441784 0.794542
v 0.516185 2.37359 0.77556
vt 0.45477 0.034927
f 4407/6810/8433 4429/6848/8433 4428/6847/8433

vt 0.083948 0.11961
vn 0.395976 -0.159033 -0.904385
v 0.54338 2.4113 0.780837
vt 0.07641 0.115872
vt 0.080952 0.111924
f 4407/6849/8434 4430/6850/8434 4429/6851/8434

v 0.522886 2.49408 0.753208
vt 0.077334 0.126438
vn 0.384578 -0.205186 -0.899999
f 4431/6852/8435 4430/6850/8435 4407/6849/8435

vn 0.234065 -0.25518 -0.938135
v 0.604473 2.49189 0.774159
vt 0.067913 0.124854
f 4431/6852/8436 4432/6853/8436 4430/6850/8436

vn 0.227633 -0.319583 -0.91981
f 4411/6815/8437 4432/6853/8437 4431/6852/8437

vt 0.058272 0.136475
vn 0.0781874 -0.339184 -0.937465
f 4412/6854/8438 4432/6853/8438 4411/6815/8438

vn 0.0736156 -0.33558 -0.939131
v 0.686413 2.49067 0.781017
vt 0.058272 0.124464
f 4412/6854/8439 4433/6855/8439 4432/6853/8439

vn -0.0736156 -0.33558 -0.939131
vt 0.941728 0.124464
f 4412/6824/8440 4415/6826/8440 4433/6856/8440

vn -0.0768252 -0.256638 -0.963449
v 0.759006 2.39515 0.800673
vt 0.932264 0.112391
f 4415/6826/8441 4434/6857/8441 4433/6856/8441

vn -0.211982 -0.239219 -0.947543
f 4415/6826/8442 4420/6838/8442 4434/6857/8442

vn -0.234065 -0.25518 -0.938135
f 4416/6827/8443 4420/6838/8443 4415/6826/8443

vn -0.237669 -0.143355 -0.960709
v 0.810995 2.32798 0.797835
vt 0.923893 0.104058
f 4420/6838/8444 4435/6858/8444 4434/6857/8444

vn -0.340483 -0.114975 -0.933195
f 4420/6838/8445 4421/6839/8445 4435/6858/8445

vn 0.513104 -0.0969962 0.852828
vt 0.531165 0.023216
f 4423/6842/8446 4435/6859/8446 4421/6841/8446

vn 0.376431 -0.138942 0.915967
f 4423/6842/8447 4424/6843/8447 4435/6859/8447

vn 0.383737 -0.0963388 0.918403
v 0.748584 2.28401 0.819301
vt 0.514011 0.014192
f 4424/6843/8448 4436/6860/8448 4435/6859/8448

vn 0.165937 -0.120001 0.978808
f 4424/6843/8449 4425/6844/8449 4436/6860/8449

vn 0.153256 -0.143768 0.977672
v 0.686413 2.26867 0.826791
vt 0.5 0.012538
f 4425/6844/8450 4437/6861/8450 4436/6860/8450

vn -0.153256 -0.143768 0.977672
v 0.624242 2.28401 0.819301
vt 0.485989 0.014192
f 4425/6844/8451 4438/6862/8451 4437/6861/8451

vn -0.165937 -0.120001 0.978808
f 4426/6845/8452 4438/6862/8452 4425/6844/8452

vn -0.383737 -0.0963388 0.918403
v 0.561831 2.32798 0.797835
vt 0.468835 0.023216
f 4426/6845/8453 4439/6863/8453 4438/6862/8453

vn -0.376431 -0.138942 0.915967
f 4427/6846/8454 4439/6863/8454 4426/6845/8454

vn -0.513104 -0.0969962 0.852828
f 4427/6846/8455 4429/6848/8455 4439/6863/8455

vn -0.511841 -0.114945 0.851356
f 4428/6847/8456 4429/6848/8456 4427/6846/8456

vn 0.340483 -0.114975 -0.933195
vt 0.076107 0.104058
f 4430/6850/8457 4439/6864/8457 4429/6851/8457

vn 0.237669 -0.143355 -0.960709
v 0.61382 2.39515 0.800673
vt 0.067736 0.112391
f 4430/6850/8458 4440/6865/8458 4439/6864/8458

vn 0.211982 -0.239219 -0.947543
f 4432/6853/8459 4440/6865/8459 4430/6850/8459

vn 0.0768252 -0.256638 -0.963449
f 4432/6853/8460 4433/6855/8460 4440/6865/8460

vn 0.0686612 -0.250872 -0.965582
v 0.686413 2.38837 0.807597
vt 0.058272 0.111323
f 4433/6855/8461 4441/6866/8461 4440/6865/8461

vn -0.0686612 -0.250872 -0.965582
vt 0.941728 0.111323
f 4433/6856/8462 4434/6857/8462 4441/6867/8462

vt 0.940135 0.0931892
vn -0.0793688 -0.157698 -0.984293
vt 0.941762 0.111279
vt 0.932298 0.112347
vt 0.932159 0.0955447
f 4437/6868/8463 4441/6869/8463 4434/6870/8463 4436/6871/8463 

vt 0.0598649 0.0931892
vn 0.0793688 -0.157698 -0.984293
vt 0.067841 0.0955447
vt 0.067702 0.112347
vt 0.0582378 0.111279
f 4437/6872/8464 4438/6873/8464 4440/6874/8464 4441/6875/8464 

vn 0.232773 -0.139491 -0.962475
vt 0.067876 0.095589
f 4440/6865/8465 4438/6876/8465 4439/6864/8465

vn -0.232773 -0.139491 -0.962475
vt 0.932124 0.095589
f 4434/6857/8466 4435/6858/8466 4436/6877/8466

vn 0.511841 -0.114945 0.851356
f 4422/6840/8467 4423/6842/8467 4421/6841/8467

vn 0.237349 -0.327064 -0.91471
f 4411/6815/8468 4431/6852/8468 4410/6814/8468

vn 0.395223 -0.28064 -0.874666
vt 0.086664 0.128934
f 4410/6814/8469 4431/6852/8469 4408/6878/8469

vn 0.402013 -0.216159 -0.889753
f 4431/6852/8470 4407/6849/8470 4408/6878/8470

vn 0.39958 -0.284445 -0.871451
f 4410/6814/8471 4408/6878/8471 4409/6813/8471

g Mesh10 Component_3_1 skp5E7F1 Model

v 0.711774 0.262973 -2.11226
vt 0.746041 0.227274
vn 0.998319 -0.0228286 0.0532685
v 0.704746 0.214962 -2.00113
vt 0.765807 0.203871
v 0.708346 0.1755 -2.08551
vt 0.76822 0.227278
f 4442/6879/8472 4443/6880/8472 4444/6881/8472

vn 0.998233 -0.0350288 0.0479924
v 0.708408 0.290216 -2.02237
vt 0.746091 0.202962
f 4442/6879/8473 4445/6882/8473 4443/6880/8473

vn 0.998224 0.0559549 0.0204201
v 0.704746 0.364478 -2.04685
vt 0.726399 0.203917
f 4442/6879/8474 4446/6883/8474 4445/6882/8474

v 0.708346 0.35044 -2.13901
vt 0.723894 0.227289
vn 0.998311 0.0487759 0.0315696
f 4447/6884/8475 4446/6883/8475 4442/6879/8475

vn 0.991005 0.132535 0.0185264
v 0.696797 0.426686 -2.06668
vt 0.709809 0.204835
f 4447/6884/8476 4448/6885/8476 4446/6883/8476

v 0.700235 0.423426 -2.16133
vt 0.705246 0.228131
vn 0.992257 0.120035 0.0319034
f 4449/6886/8477 4448/6885/8477 4447/6884/8477

vn 0.981558 0.188928 0.0291418
v 0.686413 0.482109 -2.07623
vt 0.695223 0.203889
f 4449/6886/8478 4450/6887/8478 4448/6885/8478

v 0.686413 0.482436 -2.17938
vt 0.689803 0.229271
vn 0.973599 0.228263 0.000724005
f 4451/6888/8479 4450/6887/8479 4449/6886/8479

vt 0.310197 0.229271
vn -0.973599 0.228263 0.000724005
v 0.672591 0.423426 -2.16133
vt 0.294754 0.228131
vt 0.304777 0.203889
f 4451/6889/8480 4452/6890/8480 4450/6891/8480

v 0.686413 0.444842 -2.27092
vt 0.305844 0.252936
vn -0.975619 0.20302 -0.0833683
f 4453/6892/8481 4452/6890/8481 4451/6889/8481

vn -0.98384 0.152178 -0.0943406
v 0.675725 0.390103 -2.24776
vt 0.291728 0.250241
f 4453/6892/8482 4454/6893/8482 4452/6890/8482

v 0.686413 0.372486 -2.3297
vt 0.291607 0.270002
vn -0.979895 0.125795 -0.154861
f 4455/6894/8483 4454/6893/8483 4453/6892/8483

vn -0.982461 0.108686 -0.151517
v 0.677479 0.350553 -2.28751
vt 0.284617 0.261402
f 4455/6894/8484 4456/6895/8484 4454/6893/8484

vn -0.982773 0.0777076 -0.167687
v 0.674605 0.2911 -2.29821
vt 0.272008 0.26659
f 4455/6894/8485 4457/6896/8485 4456/6895/8485

v 0.686413 0.285787 -2.36001
vt 0.274065 0.280073
vn -0.978914 0.0674227 -0.192824
f 4458/6897/8486 4457/6896/8486 4455/6894/8486

vn -0.982267 -0.00223754 -0.187476
v 0.672502 0.209714 -2.28622
vt 0.253948 0.268341
f 4458/6897/8487 4459/6898/8487 4457/6896/8487

vn -0.977953 -0.0225491 -0.207602
v 0.686413 0.19033 -2.34965
vt 0.254014 0.28246
f 4458/6897/8488 4460/6899/8488 4459/6898/8488

vt 0.725935 0.280073
vn 0.977953 -0.0225491 -0.207602
v 0.700324 0.209714 -2.28622
vt 0.746052 0.268341
vt 0.745986 0.28246
f 4458/6900/8489 4461/6901/8489 4460/6902/8489

vn 0.982267 -0.00223754 -0.187476
v 0.698221 0.2911 -2.29821
vt 0.727992 0.26659
f 4458/6900/8490 4462/6903/8490 4461/6901/8490

vn 0.978914 0.0674227 -0.192824
vt 0.708393 0.270002
f 4458/6900/8491 4455/6904/8491 4462/6903/8491

vn 0.982773 0.0777076 -0.167687
v 0.695346 0.350553 -2.28751
vt 0.715383 0.261402
f 4455/6904/8492 4463/6905/8492 4462/6903/8492

vn 0.982461 0.108686 -0.151517
v 0.697101 0.390103 -2.24776
vt 0.708272 0.250241
f 4455/6904/8493 4464/6906/8493 4463/6905/8493

vn 0.979895 0.125795 -0.154861
vt 0.694156 0.252936
f 4455/6904/8494 4453/6907/8494 4464/6906/8494

vn 0.98384 0.152178 -0.0943406
f 4453/6907/8495 4449/6886/8495 4464/6906/8495

vn 0.975619 0.20302 -0.0833683
f 4453/6907/8496 4451/6888/8496 4449/6886/8496

vt 0.723862 0.227288
vn 0.993573 0.088624 -0.0704212
v 0.704755 0.319863 -2.22787
vt 0.726094 0.249802
vt 0.708239 0.25024
vt 0.705214 0.22813
f 4447/6908/8497 4465/6909/8497 4464/6910/8497 4449/6911/8497 

vt 0.72557 0.249742
vn 0.99852 0.0242401 -0.0486881
f 4465/6912/8498 4447/6884/8498 4442/6879/8498

vn 0.998478 0.0322097 -0.044764
v 0.708593 0.235056 -2.2033
vt 0.746056 0.250242
f 4465/6912/8499 4442/6879/8499 4466/6913/8499

vn 0.99848 -0.051717 -0.0190287
v 0.704755 0.151011 -2.17624
vt 0.766573 0.249767
f 4466/6913/8500 4442/6879/8500 4467/6914/8500

vn 0.998522 -0.0473075 -0.0267501
f 4467/6914/8501 4442/6879/8501 4444/6881/8501

v 0.700235 0.102518 -2.06319
vt 0.786889 0.228099
vn 0.993579 -0.112808 -0.00865469
v 0.697101 0.0816637 -2.15343
vt 0.783866 0.250265
vt 0.765965 0.249834
vt 0.768194 0.227263
f 4468/6915/8502 4469/6916/8502 4467/6917/8502 4444/6918/8502 

vt 0.783893 0.250279
vn 0.983847 -0.17887 0.00717467
vt 0.786915 0.228113
v 0.686413 0.0233324 -2.14202
vt 0.798069 0.252994
f 4469/6919/8503 4468/6920/8503 4470/6921/8503

vn 0.975593 -0.214953 0.0448684
v 0.686413 0.0435509 -2.04516
vt 0.802384 0.229254
f 4470/6921/8504 4468/6920/8504 4471/6922/8504

vn 0.973637 -0.189296 0.127269
v 0.686413 0.101016 -1.95969
vt 0.797072 0.2038
f 4468/6920/8505 4472/6923/8505 4471/6922/8505

vn 0.981612 -0.140668 0.129039
v 0.696797 0.152302 -1.98277
vt 0.782437 0.204765
f 4468/6920/8506 4473/6924/8506 4472/6923/8506

vn 0.992292 -0.0818259 0.0930696
f 4444/6881/8507 4473/6924/8507 4468/6920/8507

vn 0.99104 -0.0996807 0.0888974
f 4444/6881/8508 4443/6880/8508 4473/6924/8508

vn 0.986581 -0.0841759 0.139898
v 0.69414 0.18865 -1.94216
vt 0.777249 0.191537
f 4443/6880/8509 4474/6925/8509 4473/6924/8509

vn 0.985741 -0.107805 0.129203
v 0.698188 0.240814 -1.92952
vt 0.765382 0.184107
f 4443/6880/8510 4475/6926/8510 4474/6925/8510

vn 0.994918 -0.0205963 0.0985563
f 4445/6882/8511 4475/6926/8511 4443/6880/8511

vn 0.994629 -0.0127004 0.102726
v 0.700057 0.31584 -1.93834
vt 0.746099 0.180146
f 4445/6882/8512 4476/6927/8512 4475/6926/8512

vn 0.994622 0.0680124 0.0781096
v 0.698188 0.382972 -1.973
vt 0.726812 0.184188
f 4445/6882/8513 4477/6928/8513 4476/6927/8513

vn 0.994911 0.0722231 0.0702582
f 4446/6883/8514 4477/6928/8514 4445/6882/8514

vn 0.985702 0.161809 0.0470071
v 0.69414 0.419152 -2.01266
vt 0.714995 0.191635
f 4446/6883/8515 4478/6929/8515 4477/6928/8515

vn 0.986549 0.148112 0.069171
f 4448/6885/8516 4478/6929/8516 4446/6883/8516

vn 0.985264 0.155967 0.0702033
v 0.686413 0.456664 -1.98755
vt 0.70704 0.182707
f 4448/6885/8517 4479/6930/8517 4478/6929/8517

vn 0.979616 0.193088 0.0553998
f 4450/6887/8518 4479/6930/8518 4448/6885/8518

vn -0.979616 0.193088 0.0553998
v 0.676029 0.426686 -2.06668
vt 0.290191 0.204835
vt 0.29296 0.182707
f 4450/6891/8519 4480/6931/8519 4479/6932/8519

vn -0.981558 0.188928 0.0291418
f 4452/6890/8520 4480/6931/8520 4450/6891/8520

vn -0.992257 0.120035 0.0319034
v 0.66448 0.35044 -2.13901
vt 0.276106 0.227289
f 4452/6890/8521 4481/6933/8521 4480/6931/8521

vt 0.276138 0.227288
vn -0.993573 0.088624 -0.0704212
vt 0.294786 0.22813
vt 0.29176 0.25024
v 0.66807 0.319863 -2.22787
vt 0.273906 0.249802
f 4481/6934/8522 4452/6935/8522 4454/6936/8522 4482/6937/8522 

vn -0.990226 0.0745363 -0.117881
vt 0.27443 0.249742
f 4456/6895/8523 4482/6938/8523 4454/6893/8523

vn -0.990279 0.0695648 -0.120448
f 4457/6896/8524 4482/6938/8524 4456/6895/8524

vn -0.994944 0.0163064 -0.0991019
v 0.664233 0.235056 -2.2033
vt 0.253944 0.250242
f 4457/6896/8525 4483/6939/8525 4482/6938/8525

vn -0.994683 0.0106107 -0.102437
f 4457/6896/8526 4459/6898/8526 4483/6939/8526

vn -0.994682 -0.0660948 -0.0789932
v 0.674605 0.135539 -2.25064
vt 0.235895 0.266636
f 4459/6898/8527 4484/6940/8527 4483/6939/8527

v 0.686413 0.105395 -2.30485
vt 0.233867 0.280165
vn -0.982264 -0.103009 -0.156676
f 4485/6941/8528 4484/6940/8528 4459/6898/8528

vn -0.978908 -0.163751 -0.122169
v 0.686413 0.0504635 -2.23122
vt 0.216252 0.270105
f 4485/6941/8529 4486/6942/8529 4484/6940/8529

vt 0.766133 0.280165
vn 0.978908 -0.163751 -0.122169
v 0.698221 0.135539 -2.25064
vt 0.764105 0.266636
vt 0.783748 0.270105
f 4485/6943/8530 4487/6944/8530 4486/6945/8530

vn 0.982264 -0.103009 -0.156676
f 4485/6943/8531 4461/6901/8531 4487/6944/8531

vn 0.977951 -0.0974275 -0.184717
f 4460/6902/8532 4461/6901/8532 4485/6943/8532

vn -0.977951 -0.0974275 -0.184717
f 4460/6899/8533 4485/6941/8533 4459/6898/8533

vn 0.994682 -0.0660948 -0.0789932
f 4461/6901/8534 4466/6913/8534 4487/6944/8534

vn 0.994683 0.0106107 -0.102437
f 4462/6903/8535 4466/6913/8535 4461/6901/8535

vn 0.994944 0.0163064 -0.0991019
f 4462/6903/8536 4465/6912/8536 4466/6913/8536

vn 0.990279 0.0695648 -0.120448
f 4462/6903/8537 4463/6905/8537 4465/6912/8537

vn 0.990226 0.0745363 -0.117881
f 4463/6905/8538 4464/6906/8538 4465/6912/8538

vn 0.994942 -0.068951 -0.0730455
f 4487/6944/8539 4466/6913/8539 4467/6914/8539

vn 0.990276 -0.125044 -0.0609709
v 0.695346 0.0922328 -2.20851
vt 0.776784 0.261473
f 4487/6944/8540 4467/6914/8540 4488/6946/8540

vn 0.990223 -0.127731 -0.0560615
f 4488/6946/8541 4467/6914/8541 4469/6919/8541

vn 0.982455 -0.174858 -0.0648579
f 4486/6945/8542 4488/6946/8542 4469/6919/8542

vn 0.982767 -0.158218 -0.0955832
f 4487/6944/8543 4488/6946/8543 4486/6945/8543

vn 0.979889 -0.190909 -0.0580671
f 4486/6945/8544 4469/6919/8544 4470/6921/8544

vn -0.979889 -0.190909 -0.0580671
vt 0.201931 0.252994
v 0.675725 0.0816637 -2.15343
vt 0.216107 0.250279
f 4486/6942/8545 4470/6947/8545 4489/6948/8545

vn -0.983847 -0.17887 0.00717467
v 0.672591 0.102518 -2.06319
vt 0.213085 0.228113
f 4489/6948/8546 4470/6947/8546 4490/6949/8546

vn -0.975593 -0.214953 0.0448684
vt 0.197616 0.229254
f 4470/6947/8547 4471/6950/8547 4490/6949/8547

vn -0.973637 -0.189296 0.127269
vt 0.202928 0.2038
f 4490/6949/8548 4471/6950/8548 4472/6951/8548

vn -0.981612 -0.140668 0.129039
v 0.676029 0.152302 -1.98277
vt 0.217563 0.204765
f 4490/6949/8549 4472/6951/8549 4491/6952/8549

vn -0.979641 -0.129179 0.153676
v 0.686413 0.171586 -1.90037
vt 0.214792 0.182554
f 4491/6952/8550 4472/6951/8550 4492/6953/8550

vn 0.979641 -0.129179 0.153676
vt 0.785208 0.182554
f 4473/6924/8551 4492/6954/8551 4472/6923/8551

vn 0.985262 -0.0902888 0.145284
f 4473/6924/8552 4474/6925/8552 4492/6954/8552

vn 0.984452 -0.10965 0.13723
f 4474/6925/8553 4475/6926/8553 4492/6954/8553

vn 0.974697 -0.0774802 0.209672
v 0.686413 0.255735 -1.86927
vt 0.766683 0.167706
f 4475/6926/8554 4493/6955/8554 4492/6954/8554

vn 0.981346 -0.00184345 0.192241
f 4476/6927/8555 4493/6955/8555 4475/6926/8555

vn 0.97852 0.0142208 0.205661
v 0.686413 0.33527 -1.87477
vt 0.745986 0.162852
f 4476/6927/8556 4494/6956/8556 4493/6955/8556

vn 0.978517 0.103247 0.178452
v 0.686413 0.404283 -1.9147
vt 0.725437 0.167849
f 4476/6927/8557 4495/6957/8557 4494/6956/8557

vn 0.981343 0.109058 0.158345
f 4477/6928/8558 4495/6957/8558 4476/6927/8558

vn 0.974689 0.181513 0.130514
f 4479/6930/8559 4495/6957/8559 4477/6928/8559

vn -0.974689 0.181513 0.130514
v 0.674638 0.382972 -1.973
vt 0.273188 0.184188
vt 0.274563 0.167849
f 4479/6932/8560 4496/6958/8560 4495/6959/8560

v 0.678686 0.419152 -2.01266
vt 0.285005 0.191635
vn -0.984447 0.167664 0.0524763
f 4497/6960/8561 4496/6958/8561 4479/6932/8561

v 0.66808 0.364478 -2.04685
vt 0.273601 0.203917
vn -0.985702 0.161809 0.0470071
f 4498/6961/8562 4496/6958/8562 4497/6960/8562

vn -0.994911 0.0722231 0.0702582
v 0.664418 0.290216 -2.02237
vt 0.253909 0.202962
f 4498/6961/8563 4499/6962/8563 4496/6958/8563

v 0.661052 0.262973 -2.11226
vt 0.253959 0.227274
vn -0.998224 0.0559549 0.0204201
f 4500/6963/8564 4499/6962/8564 4498/6961/8564

vn -0.998233 -0.0350288 0.0479924
v 0.66808 0.214962 -2.00113
vt 0.234193 0.203871
f 4500/6963/8565 4501/6964/8565 4499/6962/8565

vn -0.998319 -0.0228286 0.0532685
v 0.66448 0.1755 -2.08551
vt 0.23178 0.227278
f 4500/6963/8566 4502/6965/8566 4501/6964/8566

v 0.66807 0.151011 -2.17624
vt 0.233427 0.249767
vn -0.998522 -0.0473075 -0.0267501
f 4503/6966/8567 4502/6965/8567 4500/6963/8567

vt 0.213111 0.228099
vn -0.993579 -0.112808 -0.00865469
vt 0.231806 0.227263
vt 0.234035 0.249834
vt 0.216134 0.250265
f 4490/6967/8568 4502/6968/8568 4503/6969/8568 4489/6970/8568 

vn -0.992292 -0.0818259 0.0930696
f 4502/6965/8569 4490/6949/8569 4491/6952/8569

vn -0.99104 -0.0996807 0.0888974
f 4502/6965/8570 4491/6952/8570 4501/6964/8570

vn -0.986581 -0.0841759 0.139898
v 0.678686 0.18865 -1.94216
vt 0.222751 0.191537
f 4501/6964/8571 4491/6952/8571 4504/6971/8571

vn -0.985262 -0.0902888 0.145284
f 4491/6952/8572 4492/6953/8572 4504/6971/8572

vn -0.984452 -0.10965 0.13723
v 0.674638 0.240814 -1.92952
vt 0.234618 0.184107
f 4504/6971/8573 4492/6953/8573 4505/6972/8573

vn -0.974697 -0.0774802 0.209672
vt 0.233317 0.167706
f 4505/6972/8574 4492/6953/8574 4493/6973/8574

v 0.672769 0.31584 -1.93834
vt 0.253901 0.180146
vn -0.981346 -0.00184345 0.192241
f 4506/6974/8575 4505/6972/8575 4493/6973/8575

vn -0.994629 -0.0127004 0.102726
f 4499/6962/8576 4505/6972/8576 4506/6974/8576

vn -0.994918 -0.0205963 0.0985563
f 4499/6962/8577 4501/6964/8577 4505/6972/8577

vn -0.985741 -0.107805 0.129203
f 4501/6964/8578 4504/6971/8578 4505/6972/8578

vn -0.994622 0.0680124 0.0781096
f 4499/6962/8579 4506/6974/8579 4496/6958/8579

vn -0.981343 0.109058 0.158345
f 4496/6958/8580 4506/6974/8580 4495/6959/8580

vn -0.978517 0.103247 0.178452
vt 0.254014 0.162852
f 4506/6974/8581 4494/6975/8581 4495/6959/8581

vn -0.97852 0.0142208 0.205661
f 4506/6974/8582 4493/6973/8582 4494/6975/8582

v 0.677479 0.0922328 -2.20851
vt 0.223216 0.261473
vn -0.990223 -0.127731 -0.0560615
f 4507/6976/8583 4489/6948/8583 4503/6966/8583

vn -0.982455 -0.174858 -0.0648579
f 4486/6942/8584 4489/6948/8584 4507/6976/8584

vn -0.982767 -0.158218 -0.0955832
f 4484/6940/8585 4486/6942/8585 4507/6976/8585

vn -0.990276 -0.125044 -0.0609709
f 4484/6940/8586 4507/6976/8586 4503/6966/8586

vn -0.994942 -0.068951 -0.0730455
f 4484/6940/8587 4503/6966/8587 4483/6939/8587

vn -0.99848 -0.051717 -0.0190287
f 4483/6939/8588 4503/6966/8588 4500/6963/8588

vn -0.998478 0.0322097 -0.044764
f 4482/6938/8589 4483/6939/8589 4500/6963/8589

vn -0.99852 0.0242401 -0.0486881
f 4482/6938/8590 4500/6963/8590 4481/6933/8590

vn -0.998311 0.0487759 0.0315696
f 4481/6933/8591 4500/6963/8591 4498/6961/8591

vn -0.991005 0.132535 0.0185264
f 4481/6933/8592 4498/6961/8592 4480/6931/8592

vn -0.986549 0.148112 0.069171
f 4480/6931/8593 4498/6961/8593 4497/6960/8593

vn -0.985264 0.155967 0.0702033
f 4480/6931/8594 4497/6960/8594 4479/6932/8594

vn 0.984447 0.167664 0.0524763
f 4478/6929/8595 4479/6930/8595 4477/6928/8595

g Mesh11 Component_3_1 skp5E7F1 Model

v 0.743102 2.01012 0.569518
vt 0.732737 0.136253
vn 0.298552 0.0899008 0.95015
v 0.741857 1.94985 0.575612
vt 0.732347 0.121136
v 0.792211 1.95068 0.559711
vt 0.745315 0.121584
f 4508/6977/8596 4509/6978/8596 4510/6979/8596

v 0.686413 2.01054 0.575062
vt 0.71875 0.136562
vn 0.097582 0.0981175 0.990379
f 4511/6980/8597 4509/6978/8597 4508/6977/8597

vn 0.094267 0.0950946 0.990995
v 0.686413 1.94972 0.580899
vt 0.71875 0.121036
f 4511/6980/8598 4512/6981/8598 4509/6978/8598

vt 0.28125 0.136562
vn -0.094267 0.0950946 0.990995
v 0.630968 1.94985 0.575612
vt 0.267653 0.121136
vt 0.28125 0.121036
f 4511/6982/8599 4513/6983/8599 4512/6984/8599

vn -0.097582 0.0981175 0.990379
v 0.629724 2.01012 0.569518
vt 0.267263 0.136253
f 4511/6982/8600 4514/6985/8600 4513/6983/8600

v 0.631914 2.06432 0.556104
vt 0.267364 0.150149
vn -0.0961979 0.242793 0.965297
f 4515/6986/8601 4514/6985/8601 4511/6982/8601

vn -0.198689 0.243014 0.949456
v 0.596129 2.06366 0.548785
vt 0.258305 0.149977
f 4515/6986/8602 4516/6987/8602 4514/6985/8602

vn -0.276104 0.191494 0.941858
v 0.580573 2.00905 0.555327
vt 0.254663 0.136178
f 4516/6987/8603 4517/6988/8603 4514/6985/8603

vn -0.322431 0.20263 0.924651
v 0.565367 2.06286 0.538232
vt 0.250142 0.150026
f 4516/6987/8604 4518/6989/8604 4517/6988/8604

vn -0.514252 0.124264 0.848589
v 0.544405 2.00741 0.53365
vt 0.244069 0.136323
f 4518/6989/8605 4519/6990/8605 4517/6988/8605

vt 0.162041 0.265777
vn 0.147393 0.0260004 -0.988736
v 0.617275 2.00561 0.544465
vt 0.168329 0.272782
vt 0.159395 0.272512
f 4518/6991/8606 4520/6992/8606 4519/6993/8606

v 0.62589 2.06323 0.543134
vt 0.169379 0.26577
vn 0.0808921 -0.0350997 -0.996105
f 4521/6994/8607 4520/6992/8607 4518/6991/8607

vn 0.0476813 -0.0301874 -0.998406
v 0.686413 2.00495 0.547787
vt 0.176746 0.272882
f 4521/6994/8608 4522/6995/8608 4520/6992/8608

v 0.686413 2.06334 0.54458
vt 0.176746 0.265772
vn 0.0239357 -0.0548282 -0.998209
f 4523/6996/8609 4522/6995/8609 4521/6994/8609

vt 0.823254 0.265772
vn -0.0239357 -0.0548282 -0.998209
v 0.746936 2.06323 0.543134
vt 0.830621 0.26577
vt 0.823254 0.272882
f 4523/6997/8610 4524/6998/8610 4522/6999/8610

vn -0.0476813 -0.0301874 -0.998406
v 0.755551 2.00561 0.544465
vt 0.831671 0.272782
f 4524/6998/8611 4525/7000/8611 4522/6999/8611

vn -0.0808921 -0.0350997 -0.996105
v 0.807459 2.06286 0.538232
vt 0.837959 0.265777
f 4524/6998/8612 4526/7001/8612 4525/7000/8612

vn -0.147393 0.0260004 -0.988736
v 0.828421 2.00741 0.53365
vt 0.840605 0.272512
f 4526/7001/8613 4527/7002/8613 4525/7000/8613

vt 0.749858 0.150026
vn 0.514252 0.124264 0.848589
v 0.792253 2.00905 0.555327
vt 0.745337 0.136178
vt 0.755931 0.136323
f 4526/7003/8614 4528/7004/8614 4527/7005/8614

v 0.776697 2.06366 0.548785
vt 0.741695 0.149977
vn 0.322431 0.20263 0.924651
f 4529/7006/8615 4528/7004/8615 4526/7003/8615

vn 0.276104 0.191494 0.941858
f 4529/7006/8616 4508/6977/8616 4528/7004/8616

v 0.740911 2.06432 0.556104
vt 0.732636 0.150149
vn 0.198689 0.243014 0.949456
f 4530/7007/8617 4508/6977/8617 4529/7006/8617

vn 0.0961979 0.242793 0.965297
f 4530/7007/8618 4511/6980/8618 4508/6977/8618

v 0.686413 2.06483 0.560974
vt 0.71875 0.150704
vn 0.0884785 0.250208 0.964141
f 4531/7008/8619 4511/6980/8619 4530/7007/8619

vt 0.28125 0.150704
vn -0.0884785 0.250208 0.964141
f 4531/7009/8620 4515/6986/8620 4511/6982/8620

vn 0.278114 0.0717421 0.957865
f 4508/6977/8621 4510/6979/8621 4528/7004/8621

vn 0.515179 0.0638237 0.854703
f 4528/7004/8622 4510/6979/8622 4527/7005/8622

vn 0.565324 0.018021 0.824672
v 0.829717 1.9483 0.534052
vt 0.756787 0.121133
f 4527/7005/8623 4510/6979/8623 4532/7010/8623

v 0.812948 1.89364 0.53891
vt 0.752433 0.10696
vn 0.557832 -0.0977583 0.824176
vt 0.756787 0.121116
vt 0.745314 0.121567
v 0.782092 1.90521 0.561177
vt 0.742859 0.109808
f 4533/7011/8624 4532/7012/8624 4510/7013/8624 4534/7014/8624 

vt 0.840808 0.279666
vn -0.170889 -0.0350739 -0.984666
vt 0.838749 0.286291
v 0.756009 1.94309 0.54703
vt 0.831741 0.280389
f 4532/7015/8625 4533/7016/8625 4535/7017/8625

vn -0.184051 -0.0507307 -0.981607
v 0.748549 1.88332 0.551518
vt 0.830832 0.28768
f 4535/7017/8626 4533/7016/8626 4536/7018/8626

vn -0.186976 -0.0327256 -0.981819
v 0.77953 1.84865 0.546773
vt 0.834705 0.291883
f 4533/7016/8627 4537/7019/8627 4536/7018/8627

vt 0.74289 0.110133
vn 0.509736 -0.233925 0.827918
vt 0.743661 0.095317
vt 0.752434 0.106977
f 4534/7020/8628 4537/7021/8628 4533/7022/8628

vn 0.458275 -0.23878 0.856136
v 0.762135 1.87686 0.563953
vt 0.738028 0.10293
f 4534/7020/8629 4538/7023/8629 4537/7021/8629

vn 0.312465 -0.127799 0.941293
v 0.737199 1.90144 0.575568
vt 0.731298 0.109083
f 4534/7020/8630 4539/7024/8630 4538/7023/8630

vn 0.307434 -0.0304448 0.951082
f 4509/6978/8631 4539/7024/8631 4534/7020/8631

vn 0.0949406 -0.0100388 0.995432
f 4509/6978/8632 4512/6981/8632 4539/7024/8632

vn 0.097403 -0.00742464 0.995217
v 0.686413 1.89919 0.580522
vt 0.71875 0.108226
f 4512/6981/8633 4540/7025/8633 4539/7024/8633

vn -0.097403 -0.00742464 0.995217
v 0.635626 1.90144 0.575568
vt 0.268702 0.109083
vt 0.28125 0.108226
f 4512/6984/8634 4541/7026/8634 4540/7027/8634

vn -0.0949406 -0.0100388 0.995432
f 4513/6983/8635 4541/7026/8635 4512/6984/8635

vn -0.307434 -0.0304448 0.951082
v 0.590734 1.90521 0.561177
vt 0.25711 0.110133
f 4513/6983/8636 4542/7028/8636 4541/7026/8636

v 0.580615 1.95068 0.559711
vt 0.254685 0.121584
vn -0.301469 -0.0363701 0.952782
f 4543/7029/8637 4542/7028/8637 4513/6983/8637

v 0.559878 1.89364 0.53891
vt 0.247567 0.10696
vn -0.557832 -0.0977583 0.824176
vt 0.257141 0.109808
vt 0.254686 0.121567
v 0.543109 1.9483 0.534052
vt 0.243213 0.121116
f 4544/7030/8638 4542/7031/8638 4543/7032/8638 4545/7033/8638 

vn -0.509736 -0.233925 0.827918
vt 0.247566 0.106977
v 0.593296 1.84865 0.546773
vt 0.256339 0.095317
f 4542/7028/8639 4544/7034/8639 4546/7035/8639

vt 0.161251 0.286291
vn 0.186976 -0.0327256 -0.981819
v 0.624277 1.88332 0.551518
vt 0.169168 0.28768
vt 0.165295 0.291883
f 4544/7036/8640 4547/7037/8640 4546/7038/8640

v 0.616816 1.94309 0.54703
vt 0.168259 0.280389
vn 0.184051 -0.0507307 -0.981607
f 4548/7039/8641 4547/7037/8641 4544/7036/8641

vn 0.0584679 -0.067489 -0.996005
v 0.686413 1.94107 0.551252
vt 0.176746 0.280657
f 4548/7039/8642 4549/7040/8642 4547/7037/8642

vn 0.058905 -0.054074 -0.996798
f 4522/6995/8643 4549/7040/8643 4548/7039/8643

vn -0.058905 -0.054074 -0.996798
vt 0.823254 0.280657
f 4522/6999/8644 4535/7017/8644 4549/7041/8644

vn -0.0475551 -0.041289 -0.998015
f 4525/7000/8645 4535/7017/8645 4522/6999/8645

vn -0.170395 -0.0416356 -0.984496
f 4525/7000/8646 4532/7015/8646 4535/7017/8646

vn -0.146567 -0.00995612 -0.989151
f 4527/7002/8647 4532/7015/8647 4525/7000/8647

vn -0.0584679 -0.067489 -0.996005
f 4535/7017/8648 4536/7018/8648 4549/7041/8648

vn -0.0630131 -0.0723767 -0.995385
v 0.686413 1.8788 0.55578
vt 0.823254 0.288253
f 4549/7041/8649 4536/7018/8649 4550/7042/8649

vn -0.0638693 -0.0612657 -0.996076
v 0.737121 1.81996 0.556148
vt 0.829444 0.295328
f 4536/7018/8650 4551/7043/8650 4550/7042/8650

vn -0.191698 -0.0370904 -0.980753
f 4536/7018/8651 4537/7019/8651 4551/7043/8651

v 0.730141 1.86188 0.57088
vt 0.729806 0.099001
vn 0.368785 -0.252931 0.89444
vt 0.732386 0.087666
f 4552/7044/8652 4551/7045/8652 4537/7021/8652

vn 0.136806 -0.308086 0.941471
v 0.686413 1.85403 0.574663
vt 0.71875 0.09678
f 4552/7044/8653 4553/7046/8653 4551/7045/8653

vn 0.108274 -0.127876 0.985862
f 4540/7025/8654 4553/7046/8654 4552/7044/8654

vn -0.108274 -0.127876 0.985862
v 0.642685 1.86188 0.57088
vt 0.270194 0.099001
vt 0.28125 0.09678
f 4540/7027/8655 4554/7047/8655 4553/7048/8655

vn -0.10211 -0.135024 0.985567
f 4541/7026/8656 4554/7047/8656 4540/7027/8656

vn -0.280729 -0.162205 0.945982
v 0.610691 1.87686 0.563953
vt 0.261972 0.10293
f 4541/7026/8657 4555/7049/8657 4554/7047/8657

vn -0.312465 -0.127799 0.941293
f 4542/7028/8658 4555/7049/8658 4541/7026/8658

vn -0.458275 -0.23878 0.856136
f 4542/7028/8659 4546/7035/8659 4555/7049/8659

vn -0.342997 -0.325163 0.881262
f 4555/7049/8660 4546/7035/8660 4554/7047/8660

vn -0.368785 -0.252931 0.89444
v 0.635705 1.81996 0.556148
vt 0.267614 0.087666
f 4554/7047/8661 4546/7035/8661 4556/7050/8661

vn 0.191698 -0.0370904 -0.980753
vt 0.170556 0.295328
f 4547/7037/8662 4556/7051/8662 4546/7038/8662

vn 0.0638693 -0.0612657 -0.996076
vt 0.176746 0.288253
f 4547/7037/8663 4550/7052/8663 4556/7051/8663

vn 0.0630131 -0.0723767 -0.995385
f 4549/7040/8664 4550/7052/8664 4547/7037/8664

vn 0.0790663 -0.0743504 -0.994093
v 0.686413 1.80933 0.560976
vt 0.176746 0.29673
f 4550/7052/8665 4557/7053/8665 4556/7051/8665

vn -0.0790663 -0.0743504 -0.994093
vt 0.823254 0.29673
f 4550/7042/8666 4551/7043/8666 4557/7054/8666

vn 0.150678 -0.289488 0.945247
vt 0.71875 0.084717
f 4553/7046/8667 4557/7055/8667 4551/7045/8667

vn -0.150678 -0.289488 0.945247
vt 0.28125 0.084717
f 4553/7048/8668 4556/7050/8668 4557/7056/8668

vn -0.136806 -0.308086 0.941471
f 4554/7047/8669 4556/7050/8669 4553/7048/8669

vn 0.10211 -0.135024 0.985567
f 4539/7024/8670 4540/7025/8670 4552/7044/8670

vn 0.280729 -0.162205 0.945982
f 4539/7024/8671 4552/7044/8671 4538/7023/8671

vn 0.342997 -0.325163 0.881262
f 4538/7023/8672 4552/7044/8672 4537/7021/8672

vn 0.0475551 -0.041289 -0.998015
f 4520/6992/8673 4522/6995/8673 4548/7039/8673

vn 0.170395 -0.0416356 -0.984496
vt 0.159192 0.279666
f 4520/6992/8674 4548/7039/8674 4545/7057/8674

vn 0.170889 -0.0350739 -0.984666
f 4545/7057/8675 4548/7039/8675 4544/7036/8675

vn 0.146567 -0.00995612 -0.989151
f 4519/6993/8676 4520/6992/8676 4545/7057/8676

vn -0.565324 0.018021 0.824672
vt 0.243213 0.121133
f 4519/6990/8677 4545/7058/8677 4543/7029/8677

vn -0.515179 0.0638237 0.854703
f 4517/6988/8678 4519/6990/8678 4543/7029/8678

vn -0.278114 0.0717421 0.957865
f 4514/6985/8679 4517/6988/8679 4543/7029/8679

vn -0.298552 0.0899008 0.95015
f 4514/6985/8680 4543/7029/8680 4513/6983/8680

vn 0.301469 -0.0363701 0.952782
f 4510/6979/8681 4509/6978/8681 4534/7020/8681

g Mesh12 Component_3_1 skp5E7F1 Model

v 0.742013 1.76564 0.563127
vt 0.794398 0.124935
vn 0.352578 0.0245761 0.93546
v 0.780976 1.70647 0.549997
vt 0.804718 0.111109
v 0.78783 1.76466 0.545885
vt 0.805915 0.125212
f 4558/7059/8682 4559/7060/8682 4560/7061/8682

vn 0.412256 0.0698771 0.908385
v 0.738159 1.70579 0.56948
vt 0.793546 0.110509
f 4558/7059/8683 4561/7062/8683 4559/7060/8683

v 0.686413 1.76598 0.568961
vt 0.78125 0.124882
vn 0.104431 0.0983231 0.98966
f 4562/7063/8684 4561/7062/8684 4558/7059/8684

vn 0.103237 0.0972992 0.989886
v 0.686413 1.7043 0.575023
vt 0.78125 0.109863
f 4562/7063/8685 4563/7064/8685 4561/7062/8685

vt 0.21875 0.124882
vn -0.103237 0.0972992 0.989886
v 0.634667 1.70579 0.56948
vt 0.206454 0.110509
vt 0.21875 0.109863
f 4562/7065/8686 4564/7066/8686 4563/7067/8686

vn -0.104431 0.0983231 0.98966
v 0.630813 1.76564 0.563127
vt 0.205602 0.124935
f 4562/7065/8687 4565/7068/8687 4564/7066/8687

v 0.637676 1.82503 0.55132
vt 0.20699 0.139553
vn -0.103346 0.205415 0.973203
f 4566/7069/8688 4565/7068/8688 4562/7065/8688

vn -0.319055 0.220126 0.921818
v 0.597564 1.82482 0.537488
vt 0.196777 0.139939
f 4566/7069/8689 4567/7070/8689 4565/7068/8689

v 0.615048 1.85548 0.53459
vt 0.20091 0.147553
vn -0.315527 0.266006 0.91087
f 4568/7071/8690 4567/7070/8690 4566/7069/8690

v 0.596072 1.87727 0.520571
vt 0.195556 0.153455
vn -0.341748 0.279667 0.897215
f 4569/7072/8691 4567/7070/8691 4568/7071/8691

vn -0.47903 0.257086 0.839308
v 0.565264 1.82686 0.518428
vt 0.187777 0.141123
f 4569/7072/8692 4570/7073/8692 4567/7070/8692

vt 0.122795 0.262873
vn 0.0890984 -0.012119 -0.995949
v 0.628874 1.83607 0.524007
vt 0.126549 0.267959
vt 0.118472 0.269039
f 4569/7074/8693 4571/7075/8693 4570/7076/8693

v 0.642457 1.91279 0.523515
vt 0.128679 0.259242
vn 0.078842 -0.0203459 -0.996679
f 4572/7077/8694 4571/7075/8694 4569/7074/8694

vn 0.0446907 -0.0143142 -0.998898
v 0.686413 1.84103 0.52651
vt 0.133564 0.266902
f 4572/7077/8695 4573/7078/8695 4571/7075/8695

v 0.686413 1.92391 0.525744
vt 0.13358 0.258668
vn 0.0529634 -0.00923235 -0.998554
f 4574/7079/8696 4573/7078/8696 4572/7077/8696

vt 0.86642 0.258668
vn -0.0529634 -0.00923235 -0.998554
v 0.730369 1.91279 0.523515
vt 0.871321 0.259242
vt 0.866436 0.266902
f 4574/7080/8697 4575/7081/8697 4573/7082/8697

vt 0.78125 0.164808
vn 0.130071 0.326408 0.936237
v 0.686413 1.88223 0.540278
vt 0.78125 0.154018
vt 0.792556 0.162346
f 4574/7083/8698 4576/7084/8698 4575/7085/8698

vt 0.21875 0.164808
vn -0.130071 0.326408 0.936237
vt 0.207444 0.162346
vt 0.21875 0.154018
f 4574/7086/8699 4572/7087/8699 4576/7088/8699

vn -0.141596 0.311668 0.939582
v 0.644994 1.87338 0.536969
vt 0.208388 0.15193
f 4572/7087/8700 4577/7089/8700 4576/7088/8700

vn -0.282769 0.293558 0.913162
f 4572/7087/8701 4569/7072/8701 4577/7089/8701

vn -0.274546 0.339714 0.899566
f 4569/7072/8702 4568/7071/8702 4577/7089/8702

vn -0.25836 0.310621 0.914748
f 4577/7089/8703 4568/7071/8703 4566/7069/8703

vn -0.119157 0.299055 0.946767
v 0.686413 1.82578 0.557218
vt 0.21875 0.139717
f 4577/7089/8704 4566/7069/8704 4578/7090/8704

vn -0.12081 0.191264 0.974076
f 4578/7090/8705 4566/7069/8705 4562/7065/8705

vt 0.78125 0.139717
vn 0.12081 0.191264 0.974076
v 0.73515 1.82503 0.55132
vt 0.79301 0.139553
f 4578/7091/8706 4562/7063/8706 4579/7092/8706

vn 0.103346 0.205415 0.973203
f 4579/7092/8707 4562/7063/8707 4558/7059/8707

vn 0.319055 0.220126 0.921818
v 0.775262 1.82482 0.537488
vt 0.803223 0.139939
f 4579/7092/8708 4558/7059/8708 4580/7093/8708

vn 0.348839 0.200634 0.915455
f 4580/7093/8709 4558/7059/8709 4560/7061/8709

v 0.807562 1.82686 0.518428
vt 0.812223 0.141123
vn 0.485489 0.219519 0.846234
f 4581/7094/8710 4580/7093/8710 4560/7061/8710

v 0.776754 1.87727 0.520571
vt 0.804444 0.153455
vn 0.47903 0.257086 0.839308
f 4582/7095/8711 4580/7093/8711 4581/7094/8711

vn 0.341748 0.279667 0.897215
v 0.757778 1.85548 0.53459
vt 0.79909 0.147553
f 4582/7095/8712 4583/7096/8712 4580/7093/8712

vn 0.274546 0.339714 0.899566
v 0.727832 1.87338 0.536969
vt 0.791612 0.15193
f 4582/7095/8713 4584/7097/8713 4583/7096/8713

vn 0.282769 0.293558 0.913162
f 4575/7085/8714 4584/7097/8714 4582/7095/8714

vn 0.141596 0.311668 0.939582
f 4575/7085/8715 4576/7084/8715 4584/7097/8715

vn 0.136589 0.284759 0.948818
f 4576/7084/8716 4578/7091/8716 4584/7097/8716

vn -0.136589 0.284759 0.948818
f 4576/7088/8717 4577/7089/8717 4578/7090/8717

vn 0.119157 0.299055 0.946767
f 4584/7097/8718 4578/7091/8718 4579/7092/8718

vn 0.25836 0.310621 0.914748
f 4584/7097/8719 4579/7092/8719 4583/7096/8719

vn 0.315527 0.266006 0.91087
f 4583/7096/8720 4579/7092/8720 4580/7093/8720

vn -0.078842 -0.0203459 -0.996679
vt 0.877205 0.262873
v 0.743951 1.83607 0.524007
vt 0.873451 0.267959
f 4575/7081/8721 4582/7098/8721 4585/7099/8721

vn -0.0890984 -0.012119 -0.995949
vt 0.881528 0.269039
f 4582/7098/8722 4581/7100/8722 4585/7099/8722

vn -0.0963954 -0.064133 -0.993275
v 0.751608 1.76335 0.527959
vt 0.874584 0.277309
f 4585/7099/8723 4581/7100/8723 4586/7101/8723

vn -0.143379 -0.0221628 -0.98942
v 0.8224 1.76277 0.517714
vt 0.88358 0.277336
f 4581/7100/8724 4587/7102/8724 4586/7101/8724

vn 0.630221 0.137381 0.764165
vt 0.816666 0.125567
f 4581/7094/8725 4560/7061/8725 4587/7103/8725

vn 0.632387 0.0283359 0.774135
v 0.815589 1.69917 0.525606
vt 0.81504 0.109755
f 4560/7061/8726 4588/7104/8726 4587/7103/8726

vn 0.574611 -0.00984996 0.818367
f 4560/7061/8727 4559/7060/8727 4588/7104/8727

vn 0.560845 -0.0904866 0.822961
v 0.7851 1.64976 0.540951
vt 0.807168 0.097135
f 4559/7060/8728 4589/7105/8728 4588/7104/8728

vn 0.529522 -0.0959374 0.842854
v 0.765578 1.67323 0.555887
vt 0.801002 0.102866
f 4559/7060/8729 4590/7106/8729 4589/7105/8729

vn 0.414385 -0.03077 0.909581
f 4559/7060/8730 4561/7062/8730 4590/7106/8730

vn 0.372937 -0.0721256 0.925049
v 0.734086 1.65608 0.567247
vt 0.792953 0.098493
f 4561/7062/8731 4591/7107/8731 4590/7106/8731

vn 0.107878 -0.0534475 0.992726
f 4561/7062/8732 4563/7064/8732 4591/7107/8732

vn 0.115436 -0.0458992 0.992254
v 0.686413 1.64774 0.572407
vt 0.78125 0.096171
f 4563/7064/8733 4592/7108/8733 4591/7107/8733

vn -0.115436 -0.0458992 0.992254
v 0.63874 1.65608 0.567247
vt 0.207047 0.098493
vt 0.21875 0.096171
f 4563/7067/8734 4593/7109/8734 4592/7110/8734

vn -0.107878 -0.0534475 0.992726
f 4564/7066/8735 4593/7109/8735 4563/7067/8735

vn -0.372937 -0.0721256 0.925049
v 0.607248 1.67323 0.555887
vt 0.198998 0.102866
f 4564/7066/8736 4594/7111/8736 4593/7109/8736

v 0.59185 1.70647 0.549997
vt 0.195282 0.111109
vn -0.414385 -0.03077 0.909581
f 4595/7112/8737 4594/7111/8737 4564/7066/8737

vn -0.529522 -0.0959374 0.842854
v 0.587726 1.64976 0.540951
vt 0.192832 0.097135
f 4595/7112/8738 4596/7113/8738 4594/7111/8738

vn -0.560845 -0.0904866 0.822961
v 0.557237 1.69917 0.525606
vt 0.18496 0.109755
f 4595/7112/8739 4597/7114/8739 4596/7113/8739

v 0.584996 1.76466 0.545885
vt 0.194085 0.125212
vn -0.574611 -0.00984996 0.818367
f 4598/7115/8740 4597/7114/8740 4595/7112/8740

vn -0.632387 0.0283359 0.774135
v 0.550426 1.76277 0.517714
vt 0.183334 0.125567
f 4598/7115/8741 4599/7116/8741 4597/7114/8741

vn -0.630221 0.137381 0.764165
f 4570/7073/8742 4599/7116/8742 4598/7115/8742

vn 0.143379 -0.0221628 -0.98942
v 0.621218 1.76335 0.527959
vt 0.125416 0.277309
vt 0.11642 0.277336
f 4570/7076/8743 4600/7117/8743 4599/7118/8743

vn 0.0963954 -0.064133 -0.993275
f 4571/7075/8744 4600/7117/8744 4570/7076/8744

vn 0.0624298 -0.0607158 -0.996201
v 0.686413 1.76353 0.532034
vt 0.133343 0.277337
f 4571/7075/8745 4601/7119/8745 4600/7117/8745

vn 0.049464 -0.0710051 -0.996249
f 4573/7078/8746 4601/7119/8746 4571/7075/8746

vn -0.049464 -0.0710051 -0.996249
vt 0.866657 0.277337
f 4573/7082/8747 4585/7099/8747 4601/7120/8747

vn -0.0446907 -0.0143142 -0.998898
f 4575/7081/8748 4585/7099/8748 4573/7082/8748

vn -0.0624298 -0.0607158 -0.996201
f 4585/7099/8749 4586/7101/8749 4601/7120/8749

vn -0.0621624 -0.137777 -0.988511
v 0.748848 1.69092 0.538227
vt 0.873974 0.286628
f 4601/7120/8750 4586/7101/8750 4602/7121/8750

vn -0.168413 -0.132071 -0.976829
vt 0.882453 0.28553
f 4586/7101/8751 4588/7122/8751 4602/7121/8751

vn -0.143273 -0.106748 -0.983909
f 4586/7101/8752 4587/7102/8752 4588/7122/8752

vn -0.157707 -0.202825 -0.966432
vt 0.878101 0.291667
f 4588/7122/8753 4589/7123/8753 4602/7121/8753

vn -0.153785 -0.199459 -0.967764
v 0.741696 1.61523 0.554964
vt 0.872554 0.29538
f 4602/7121/8754 4589/7123/8754 4603/7124/8754

vn 0.432056 -0.184924 0.882684
vt 0.795664 0.088037
f 4591/7107/8755 4603/7125/8755 4589/7105/8755

vn 0.14866 -0.259251 0.9543
f 4591/7107/8756 4592/7108/8756 4603/7125/8756

vn 0.163955 -0.235232 0.958011
v 0.686413 1.60391 0.561646
vt 0.78125 0.085192
f 4592/7108/8757 4604/7126/8757 4603/7125/8757

vn -0.163955 -0.235232 0.958011
v 0.63113 1.61523 0.554964
vt 0.204336 0.088037
vt 0.21875 0.085192
f 4592/7110/8758 4605/7127/8758 4604/7128/8758

vn -0.14866 -0.259251 0.9543
f 4593/7109/8759 4605/7127/8759 4592/7110/8759

vn -0.432056 -0.184924 0.882684
f 4593/7109/8760 4596/7113/8760 4605/7127/8760

vn -0.428473 -0.203792 0.880272
f 4594/7111/8761 4596/7113/8761 4593/7109/8761

v 0.623978 1.69092 0.538227
vt 0.126026 0.286628
vn 0.153785 -0.199459 -0.967764
vt 0.127446 0.29538
vt 0.121899 0.291667
f 4606/7129/8762 4605/7130/8762 4596/7131/8762

vn 0.0583671 -0.210274 -0.975899
v 0.686413 1.68625 0.542969
vt 0.133578 0.28774
f 4606/7129/8763 4607/7132/8763 4605/7130/8763

vn 0.0645702 -0.13981 -0.988071
f 4601/7119/8764 4607/7132/8764 4606/7129/8764

vn -0.0645702 -0.13981 -0.988071
vt 0.866422 0.28774
f 4601/7120/8765 4602/7121/8765 4607/7133/8765

vn -0.0583671 -0.210274 -0.975899
f 4602/7121/8766 4603/7124/8766 4607/7133/8766

vn -0.0723905 -0.220645 -0.972664
vt 0.866456 0.296019
f 4607/7133/8767 4603/7124/8767 4604/7134/8767

vn 0.0723905 -0.220645 -0.972664
vt 0.133544 0.296019
f 4607/7132/8768 4604/7135/8768 4605/7130/8768

vn 0.0621624 -0.137777 -0.988511
f 4601/7119/8769 4606/7129/8769 4600/7117/8769

vn 0.168413 -0.132071 -0.976829
vt 0.117547 0.28553
f 4600/7117/8770 4606/7129/8770 4597/7136/8770

vn 0.157707 -0.202825 -0.966432
f 4597/7136/8771 4606/7129/8771 4596/7131/8771

vn 0.143273 -0.106748 -0.983909
f 4600/7117/8772 4597/7136/8772 4599/7118/8772

vn 0.428473 -0.203792 0.880272
f 4590/7106/8773 4591/7107/8773 4589/7105/8773

vn -0.485489 0.219519 0.846234
f 4570/7073/8774 4598/7115/8774 4567/7070/8774

vn -0.348839 0.200634 0.915455
f 4567/7070/8775 4598/7115/8775 4565/7068/8775

vn -0.352578 0.0245761 0.93546
f 4565/7068/8776 4598/7115/8776 4595/7112/8776

vn -0.412256 0.0698771 0.908385
f 4565/7068/8777 4595/7112/8777 4564/7066/8777

g Mesh13 Component_3_1 skp5E7F1 Model

usemtl _auto_16
v 0.889304 2.23045 0.680051
vt 0.531344 3.31931
vn 0.890474 -0.11332 0.440697
v 0.863354 2.24894 0.73724
vt 0.674508 3.4082
v 0.864748 2.20692 0.723619
vt 0.671932 3.29579
f 4608/7137/8778 4609/7138/8778 4610/7139/8778

vn 0.898816 -0.0745356 0.431942
v 0.888 2.27824 0.691011
vt 0.524028 3.44415
f 4608/7137/8779 4611/7140/8779 4609/7138/8779

v 0.912355 2.25298 0.638047
vt 0.39706 3.34161
vn 0.891077 -0.0782139 0.447061
f 4612/7141/8780 4611/7140/8780 4608/7137/8780

vn 0.903158 -0.027511 0.428426
v 0.908794 2.30707 0.649026
vt 0.388108 3.48237
f 4612/7141/8781 4613/7142/8781 4611/7140/8781

v 0.940687 2.28136 0.584116
vt 0.226624 3.36929
vn 0.891814 -0.0328812 0.451207
f 4614/7143/8782 4613/7142/8782 4612/7141/8782

vn 0.905085 0.059839 0.420999
v 0.93269 2.34272 0.592587
vt 0.211928 3.52809
f 4614/7143/8783 4615/7144/8783 4613/7142/8783

v 0.958482 2.30284 0.542938
vt 0.10076 3.3912
vn 0.904613 0.0596336 0.422041
f 4616/7145/8784 4615/7144/8784 4614/7143/8784

vn 0.911483 0.0897425 0.401428
v 0.949738 2.36938 0.547917
vt 0.075144 3.56152
f 4616/7145/8785 4617/7146/8785 4615/7144/8785

v 0.893545 2.3648 0.664314
vt 0.398539 3.6391
vn 0.886324 0.160896 0.434215
vt 0.21185 3.52806
vt 0.0750334 3.56172
v 0.913702 2.41059 0.606199
vt 0.214904 3.71114
f 4618/7147/8786 4615/7148/8786 4617/7149/8786 4619/7150/8786 

vn 0.886434 0.115445 0.448226
vt 0.398616 3.63914
f 4615/7144/8787 4618/7151/8787 4613/7142/8787

vn 0.878745 0.109061 0.464665
v 0.875862 2.32268 0.707642
vt 0.543468 3.56734
f 4613/7142/8788 4618/7151/8788 4620/7152/8788

vn 0.86573 0.132911 0.482541
v 0.860139 2.35643 0.726555
vt 0.579204 3.66641
f 4618/7151/8789 4621/7153/8789 4620/7152/8789

vn 0.84381 0.231669 0.48406
v 0.875559 2.39905 0.679274
vt 0.427936 3.7391
f 4618/7151/8790 4622/7154/8790 4621/7153/8790

vt 0.21498 3.71118
vn 0.845928 0.235141 0.478658
f 4619/7155/8791 4622/7154/8791 4618/7151/8791

vn 0.829188 0.289054 0.478429
v 0.893044 2.44567 0.620807
vt 0.246304 3.81512
f 4619/7155/8792 4623/7156/8792 4622/7154/8792

v 0.907149 2.47785 0.572242
vt 0.100632 3.86442
vn 0.839465 0.307863 0.447793
f 4624/7157/8793 4623/7156/8793 4619/7155/8793

vn 0.626804 0.553279 0.548634
v 0.874709 2.50445 0.58248
vt 0.141436 3.96611
f 4624/7157/8794 4625/7158/8794 4623/7156/8794

vn 0.743921 0.512058 0.429392
v 0.865501 2.47388 0.63488
vt 0.288796 3.91252
f 4625/7158/8795 4626/7159/8795 4623/7156/8795

vn 0.725814 0.44832 0.521731
v 0.851443 2.428 0.693861
vt 0.466896 3.83378
f 4623/7156/8796 4626/7159/8796 4627/7160/8796

vn 0.764901 0.372359 0.52562
f 4623/7156/8797 4627/7160/8797 4622/7154/8797

vn 0.76247 0.366509 0.533208
v 0.837825 2.3846 0.743171
vt 0.621624 3.7573
f 4622/7154/8798 4627/7160/8798 4628/7161/8798

vn 0.786996 0.308157 0.534487
f 4622/7154/8799 4628/7161/8799 4621/7153/8799

vn 0.769197 0.266831 0.580635
v 0.824905 2.34118 0.780241
vt 0.748504 3.67579
f 4621/7153/8800 4628/7161/8800 4629/7162/8800

vn 0.78999 0.206751 0.577209
v 0.844268 2.30965 0.765034
vt 0.713552 3.57997
f 4621/7153/8801 4629/7162/8801 4630/7163/8801

vn 0.760972 0.164654 0.627543
v 0.815058 2.28748 0.806269
vt 0.854236 3.56199
f 4630/7163/8802 4629/7162/8802 4631/7164/8802

vn 0.780221 0.115482 0.614751
v 0.830515 2.26519 0.79084
vt 0.8181 3.49088
f 4630/7163/8803 4631/7164/8803 4632/7165/8803

vn 0.827275 0.214085 0.519407
v 0.809004 2.25181 0.830614
vt 0.940236 3.48871
f 4632/7165/8804 4631/7164/8804 4633/7166/8804

vn 0.838792 0.17951 0.514008
v 0.821305 2.23119 0.817744
vt 0.912212 3.42503
f 4632/7165/8805 4633/7166/8805 4634/7167/8805

v 0.842498 2.24557 0.776074
vt 0.786096 3.42938
vn 0.85785 0.15526 0.489885
f 4635/7168/8806 4632/7165/8806 4634/7167/8806

v 0.856781 2.28004 0.747984
vt 0.683472 3.49276
vn 0.832818 0.0987436 0.544669
f 4636/7169/8807 4632/7165/8807 4635/7168/8807

vn 0.84391 0.0490437 0.534239
f 4636/7169/8808 4630/7163/8808 4632/7165/8808

vn 0.865292 0.0808554 0.494703
f 4620/7152/8809 4630/7163/8809 4636/7169/8809

vn 0.857981 0.119787 0.49952
f 4620/7152/8810 4621/7153/8810 4630/7163/8810

vn 0.876175 0.0603676 0.478198
f 4611/7140/8811 4620/7152/8811 4636/7169/8811

vn 0.877064 0.0612646 0.47645
f 4613/7142/8812 4620/7152/8812 4611/7140/8812

vn 0.877064 0.0195336 0.479975
f 4611/7140/8813 4636/7169/8813 4609/7138/8813

vn 0.879978 0.0220399 0.474503
f 4609/7138/8814 4636/7169/8814 4635/7168/8814

vn 0.87922 0.0344269 0.475171
v 0.850413 2.22544 0.762888
vt 0.762764 3.37042
f 4609/7138/8815 4635/7168/8815 4637/7170/8815

vn 0.902278 0.0768579 0.424249
v 0.835226 2.20868 0.798223
vt 0.869692 3.35396
f 4637/7170/8816 4635/7168/8816 4638/7171/8816

vn 0.867934 0.118512 0.482333
f 4635/7168/8817 4634/7167/8817 4638/7171/8817

v 0.849685 2.19527 0.753822
vt 0.76422 3.2907
vn 0.93166 -0.124981 0.34116
f 4639/7172/8818 4637/7170/8818 4638/7171/8818

v 0.855581 2.21072 0.746072
vt 0.729844 3.32256
vn 0.904034 -0.142861 0.402882
f 4640/7173/8819 4637/7170/8819 4639/7172/8819

vn 0.922494 -0.101565 0.37241
f 4609/7138/8820 4637/7170/8820 4640/7173/8820

vn 0.91573 -0.0960928 0.390134
f 4610/7139/8821 4609/7138/8821 4640/7173/8821

vn 0.90665 -0.147724 0.395175
f 4610/7139/8822 4640/7173/8822 4639/7172/8822

v 0.863651 2.18398 0.715111
vt 0.670112 3.23286
vn 0.906098 -0.184494 0.380721
f 4641/7174/8823 4610/7139/8823 4639/7172/8823

v 0.887842 2.18498 0.670879
vt 0.544088 3.20076
vn 0.859162 -0.213511 0.465031
f 4642/7175/8824 4610/7139/8824 4641/7174/8824

vn 0.890888 -0.117174 0.438849
f 4642/7175/8825 4608/7137/8825 4610/7139/8825

v 0.912122 2.18776 0.625202
vt 0.413956 3.1717
vn 0.879538 -0.121107 0.460158
f 4643/7176/8826 4608/7137/8826 4642/7175/8826

vn 0.892698 -0.0901589 0.441544
f 4643/7176/8827 4612/7141/8827 4608/7137/8827

v 0.938945 2.20438 0.575936
vt 0.263436 3.17406
vn 0.887259 -0.092192 0.451965
f 4644/7177/8828 4612/7141/8828 4643/7176/8828

vn 0.897321 -0.0666797 0.436313
f 4644/7177/8829 4614/7143/8829 4612/7141/8829

v 0.960772 2.23682 0.539405
vt 0.135724 3.22524
vn 0.882311 -0.0694436 0.465516
f 4645/7178/8830 4614/7143/8830 4644/7177/8830

vn 0.915935 0.0103028 0.401194
f 4645/7178/8831 4616/7145/8831 4614/7143/8831

v 0.933033 2.44533 0.555575
vt 0.056604 3.76021
vn 0.774133 0.34378 0.531539
f 4646/7179/8832 4624/7157/8832 4619/7155/8832

vn 0.884879 0.150169 0.440952
f 4617/7146/8833 4646/7179/8833 4619/7155/8833

g Mesh14 Component_3_1 skp5E7F1 Model

usemtl _auto_17
v 0.483522 2.23045 0.680051
vn -0.898816 -0.0745356 0.431942
v 0.509472 2.24894 0.73724
v 0.484826 2.27824 0.691011
f 4647/7137/8834 4648/7138/8834 4649/7140/8834

vn -0.890474 -0.11332 0.440697
v 0.508078 2.20692 0.723619
f 4647/7137/8835 4650/7139/8835 4648/7138/8835

v 0.484984 2.18498 0.670879
vn -0.890888 -0.117174 0.438849
f 4651/7175/8836 4650/7139/8836 4647/7137/8836

vn -0.859162 -0.213511 0.465031
v 0.509175 2.18398 0.715111
f 4651/7175/8837 4652/7174/8837 4650/7139/8837

vn -0.906098 -0.184494 0.380721
v 0.52314 2.19527 0.753822
f 4652/7174/8838 4653/7172/8838 4650/7139/8838

vn -0.90665 -0.147724 0.395175
v 0.517245 2.21072 0.746072
f 4650/7139/8839 4653/7172/8839 4654/7173/8839

vn -0.904034 -0.142861 0.402882
v 0.522413 2.22544 0.762888
f 4654/7173/8840 4653/7172/8840 4655/7170/8840

vn -0.93166 -0.124981 0.34116
v 0.5376 2.20868 0.798223
f 4653/7172/8841 4656/7171/8841 4655/7170/8841

vn -0.902278 0.0768579 0.424249
v 0.530327 2.24557 0.776074
f 4655/7170/8842 4656/7171/8842 4657/7168/8842

vn -0.867934 0.118512 0.482333
v 0.551521 2.23119 0.817744
f 4657/7168/8843 4656/7171/8843 4658/7167/8843

vn -0.85785 0.155259 0.489885
v 0.542311 2.26519 0.79084
f 4657/7168/8844 4658/7167/8844 4659/7165/8844

vn -0.838789 0.179513 0.514012
v 0.563822 2.25181 0.830614
f 4659/7165/8845 4658/7167/8845 4660/7166/8845

vn -0.827274 0.214083 0.519409
v 0.557768 2.28748 0.806269
f 4659/7165/8846 4660/7166/8846 4661/7164/8846

v 0.528558 2.30965 0.765034
vn -0.780221 0.115482 0.614751
f 4662/7163/8847 4659/7165/8847 4661/7164/8847

v 0.516045 2.28004 0.747984
vn -0.84391 0.049044 0.534239
f 4663/7169/8848 4659/7165/8848 4662/7163/8848

vn -0.832818 0.0987431 0.544668
f 4663/7169/8849 4657/7168/8849 4659/7165/8849

vn -0.879978 0.0220399 0.474503
f 4648/7138/8850 4657/7168/8850 4663/7169/8850

vn -0.87922 0.0344269 0.475171
f 4648/7138/8851 4655/7170/8851 4657/7168/8851

vn -0.922494 -0.101565 0.37241
f 4648/7138/8852 4654/7173/8852 4655/7170/8852

vn -0.91573 -0.0960928 0.390134
f 4650/7139/8853 4654/7173/8853 4648/7138/8853

vn -0.877064 0.0195336 0.479975
f 4649/7140/8854 4648/7138/8854 4663/7169/8854

vn -0.876175 0.0603676 0.478198
v 0.496964 2.32268 0.707642
f 4649/7140/8855 4663/7169/8855 4664/7152/8855

vn -0.865292 0.0808554 0.494703
f 4664/7152/8856 4663/7169/8856 4662/7163/8856

vn -0.857981 0.119787 0.49952
v 0.512687 2.35643 0.726555
f 4664/7152/8857 4662/7163/8857 4665/7153/8857

vn -0.78999 0.206751 0.577209
v 0.547921 2.34118 0.780241
f 4665/7153/8858 4662/7163/8858 4666/7162/8858

vn -0.760972 0.164654 0.627543
f 4662/7163/8859 4661/7164/8859 4666/7162/8859

vn -0.769197 0.266831 0.580635
v 0.535 2.3846 0.743171
f 4665/7153/8860 4666/7162/8860 4667/7161/8860

v 0.497267 2.39905 0.679274
vn -0.786996 0.308157 0.534487
f 4668/7154/8861 4665/7153/8861 4667/7161/8861

v 0.479281 2.3648 0.664314
vn -0.84381 0.231669 0.48406
f 4669/7151/8862 4665/7153/8862 4668/7154/8862

vn -0.86573 0.132911 0.482541
f 4669/7151/8863 4664/7152/8863 4665/7153/8863

v 0.464031 2.30707 0.649026
vn -0.878745 0.109061 0.464665
f 4670/7142/8864 4664/7152/8864 4669/7151/8864

vn -0.877064 0.0612646 0.47645
f 4670/7142/8865 4649/7140/8865 4664/7152/8865

v 0.460471 2.25298 0.638047
vn -0.903158 -0.027511 0.428426
f 4671/7141/8866 4649/7140/8866 4670/7142/8866

vn -0.891077 -0.0782139 0.447061
f 4671/7141/8867 4647/7137/8867 4649/7140/8867

v 0.460704 2.18776 0.625202
vn -0.892698 -0.0901589 0.441544
f 4672/7176/8868 4647/7137/8868 4671/7141/8868

vn -0.879538 -0.121107 0.460158
f 4672/7176/8869 4651/7175/8869 4647/7137/8869

v 0.433881 2.20438 0.575936
vn -0.887259 -0.092192 0.451965
f 4673/7177/8870 4672/7176/8870 4671/7141/8870

vn -0.897321 -0.0666797 0.436313
v 0.432139 2.28136 0.584116
f 4673/7177/8871 4671/7141/8871 4674/7143/8871

vn -0.891814 -0.0328812 0.451207
f 4674/7143/8872 4671/7141/8872 4670/7142/8872

vn -0.905085 0.059839 0.420999
v 0.440136 2.34272 0.592587
f 4674/7143/8873 4670/7142/8873 4675/7144/8873

vn -0.886434 0.115445 0.448226
f 4675/7144/8874 4670/7142/8874 4669/7151/8874

vn -0.886324 0.160896 0.434215
v 0.459124 2.41059 0.606199
v 0.423088 2.36938 0.547917
f 4669/7147/8875 4676/7150/8875 4677/7149/8875 4675/7148/8875 

vn -0.845928 0.235141 0.478658
f 4676/7155/8876 4669/7151/8876 4668/7154/8876

vn -0.829188 0.289054 0.478429
v 0.479782 2.44567 0.620807
f 4676/7155/8877 4668/7154/8877 4678/7156/8877

vn -0.764901 0.372359 0.52562
v 0.521382 2.428 0.693861
f 4678/7156/8878 4668/7154/8878 4679/7160/8878

vn -0.76247 0.366509 0.533208
f 4668/7154/8879 4667/7161/8879 4679/7160/8879

vn -0.725814 0.44832 0.521731
v 0.507325 2.47388 0.63488
f 4678/7156/8880 4679/7160/8880 4680/7159/8880

v 0.498117 2.50445 0.58248
vn -0.743921 0.512058 0.429392
f 4681/7158/8881 4678/7156/8881 4680/7159/8881

v 0.465677 2.47785 0.572242
vn -0.626804 0.553279 0.548634
f 4682/7157/8882 4678/7156/8882 4681/7158/8882

vn -0.839465 0.307863 0.447793
f 4682/7157/8883 4676/7155/8883 4678/7156/8883

v 0.439793 2.44533 0.555575
vn -0.774133 0.34378 0.531539
f 4683/7179/8884 4676/7155/8884 4682/7157/8884

vn -0.884879 0.150169 0.440952
f 4677/7146/8885 4676/7155/8885 4683/7179/8885

v 0.414344 2.30284 0.542938
vn -0.911483 0.0897425 0.401428
f 4684/7145/8886 4675/7144/8886 4677/7146/8886

vn -0.904613 0.0596336 0.422041
f 4684/7145/8887 4674/7143/8887 4675/7144/8887

v 0.412054 2.23682 0.539405
vn -0.915935 0.0103028 0.401194
f 4685/7178/8888 4674/7143/8888 4684/7145/8888

vn -0.882311 -0.0694436 0.465516
f 4685/7178/8889 4673/7177/8889 4674/7143/8889

