# Alias OBJ Model File
# Exported from SketchUp, (c) 2000-2012 Trimble Navigation Limited
# File units = meters

mtllib ivy.mtl

g Mesh1 Component_4_1 skp7E49_1 Model

usemtl _auto_18
v -0.510949 0 0.127612
vt 0.105508 0.173854
vn 0.703876 -0.444279 -0.554233
v -0.42908 0.055261 0.187288
vt 0.081978 0.183564
v -0.448854 0 0.206473
vt 0.081978 0.173854
f 1/1/1 2/2/1 3/3/1

v -0.501007 0.0494698 0.0910768
vt 0.107522 0.186871
vn 0.704331 -0.507849 -0.49599
f 4/4/2 2/2/2 1/1/2

vn 0.747075 -0.394874 -0.534746
v -0.414228 0.106358 0.170305
vt 0.081978 0.193704
f 4/4/3 5/5/3 2/2/3

v -0.498897 0.109956 0.0633799
vt 0.108837 0.199066
vn 0.742945 -0.299935 -0.598391
f 6/6/4 5/5/4 4/4/4

vn 0.744702 -0.293176 -0.599555
v -0.40543 0.156827 0.156554
vt 0.081978 0.20325
f 6/6/5 7/7/5 5/5/5

v -0.501863 0.181662 0.044938
vt 0.109446 0.2122
vn 0.733472 -0.140683 -0.665002
f 8/8/6 7/7/6 6/6/6

vn 0.670561 -0.345859 -0.6563
v -0.395684 0.204151 0.141574
vt 0.081978 0.212276
f 8/8/7 9/9/7 7/7/7

v -0.506755 0.241304 0.0290094
vt 0.110347 0.222908
vn 0.682431 -0.13584 -0.718217
f 10/10/8 9/9/8 8/8/8

v -0.388148 0.248882 0.129343
vt 0.081978 0.220563
vn 0.626859 -0.301996 -0.718224
f 11/11/9 9/9/9 10/10/9

vt 0.414451 0.220648
vn 0.965535 -0.206124 -0.158919
v -0.361335 0.256431 0.282453
vt 0.390482 0.223887
vt 0.414451 0.212353
f 11/12/10 12/13/10 9/14/10

vn 0.972443 -0.167636 -0.162027
v -0.354043 0.307058 0.27384
vt 0.39256 0.232798
f 11/12/11 13/15/11 12/13/11

v -0.382928 0.291262 0.120753
vt 0.414451 0.228382
vn 0.97372 -0.153947 -0.167839
f 14/16/12 13/15/12 11/12/12

v -0.37924 0.319441 0.117153
vt 0.414451 0.233478
vn 0.974373 -0.149051 -0.168467
f 15/17/13 13/15/13 14/16/13

vn 0.986342 -0.0335186 -0.161262
v -0.352974 0.339148 0.27371
vt 0.39302 0.238399
f 15/17/14 16/18/14 13/15/14

v -0.310934 0.324627 0.254615
vt 0.315466 0.529516
vn -0.255257 -0.953069 0.1628
vt 0.308326 0.533018
vt 0.304225 0.507429
f 17/19/15 16/20/15 15/21/15

vn -0.175707 -0.930672 0.320901
v -0.333527 0.378643 0.398899
vt 0.310517 0.554877
f 17/19/16 18/22/16 16/20/16

v -0.239766 0.341119 0.38431
vt 0.327013 0.551159
vn -0.31668 -0.90354 0.288669
f 19/23/17 18/22/17 17/19/17

vn -0.301062 -0.887711 0.348327
v -0.242787 0.383441 0.489555
vt 0.325959 0.57027
f 19/23/18 20/24/18 18/22/18

v -0.134312 0.363855 0.493253
vt 0.34416 0.570105
vn -0.177543 -0.91481 0.36277
f 21/25/19 20/24/19 19/23/19

v -0.134122 0.418102 0.578688
vt 0.343643 0.58735
vn -0.168246 -0.832 0.528649
f 22/26/20 20/24/20 21/25/20

vn -0.191546 -0.813102 0.549705
v -0.250743 0.440306 0.570895
vt 0.323448 0.587296
f 22/26/21 23/27/21 20/24/21

v -0.130775 0.466001 0.638866
vt 0.343701 0.600728
vn -0.186688 -0.763566 0.618154
f 24/28/22 23/27/22 22/26/22

vn -0.163676 -0.791933 0.588262
v -0.251636 0.484586 0.630258
vt 0.322394 0.600442
f 24/28/23 25/29/23 23/27/23

vn -0.134875 -0.970243 -0.201091
v -0.253686 0.472961 0.687725
vt 0.323388 0.610739
f 24/28/24 26/30/24 25/29/24

vn -0.138348 -0.967827 -0.21017
v -0.130814 0.453733 0.695386
vt 0.344356 0.610739
f 24/28/25 27/31/25 26/30/25

v 0 0.456992 0.64264
vt 0.366181 0.600808
vn -0.0610861 -0.97541 -0.211763
f 28/32/26 27/31/26 24/28/26

v 0 0.445958 0.699991
vt 0.366181 0.610739
vn -0.051645 -0.980681 -0.188674
f 29/33/27 27/31/27 28/32/27

vt 0.5 0.005142
vn -0.0521183 -0.982573 -0.178424
v -0.132994 0.437213 0.786999
vt 0.475819 0.022403
vt 0.475047 0.005142
f 29/34/28 30/35/28 27/36/28

v 0 0.430502 0.793288
vt 0.5 0.022817
vn -0.0420144 -0.985683 -0.163292
f 31/37/29 30/35/29 29/34/29

vn -0.043486 -0.989692 -0.136451
v -0.135205 0.423619 0.886303
vt 0.476615 0.040168
f 31/37/30 32/38/30 30/35/30

v 0 0.415026 0.891705
vt 0.5 0.040463
vn -0.0564848 -0.986284 -0.155094
f 33/39/31 32/38/31 31/37/31

vn -0.0602909 -0.995408 -0.0743525
v -0.138171 0.417373 0.972325
vt 0.477031 0.054814
f 33/39/32 34/40/32 32/38/32

v 0 0.410251 0.976826
vt 0.5 0.0549
vn -0.0495795 -0.997202 -0.0559424
f 35/41/33 34/40/33 33/39/33

vn -0.0542333 -0.99433 0.091467
v -0.1413 0.428404 1.09039
vt 0.477443 0.074175
f 35/41/34 36/42/34 34/40/34

v 0 0.420964 1.09648
vt 0.5 0.074473
vn -0.0562002 -0.994441 0.0890374
f 37/43/35 36/42/35 35/41/35

vn -0.0617637 -0.965369 0.253473
v -0.146374 0.456933 1.19781
vt 0.477219 0.091752
f 37/43/36 38/44/36 36/42/36

v 0 0.452244 1.20678
vt 0.5 0.092566
vn -0.0474869 -0.960973 0.272537
f 39/45/37 38/44/37 37/43/37

vn -0.0513085 -0.936138 0.34787
v -0.153287 0.508848 1.33649
vt 0.476756 0.114571
f 39/45/38 40/46/38 38/44/38

v 0 0.50543 1.34729
vt 0.5 0.115725
vn -0.0457523 -0.934269 0.353621
f 41/47/39 40/46/39 39/45/39

vn -0.0561479 -0.846864 0.528837
v -0.157553 0.584302 1.45687
vt 0.476277 0.136032
f 41/47/40 42/48/40 40/46/40

v 0 0.58054 1.46497
vt 0.5 0.136909
vn -0.0477406 -0.841972 0.537405
f 43/49/41 42/48/41 41/47/41

v -0.159791 0.666064 1.52524
vt 0.475398 0.152177
vn -0.0546699 -0.641385 0.765269
f 44/50/42 42/48/42 43/49/42

v -0.30799 0.683224 1.48127
vt 0.45147 0.148679
vn -0.288424 -0.618838 0.730651
f 45/51/43 42/48/43 44/50/43

vn -0.279308 -0.608055 0.743139
v -0.302923 0.597091 1.4127
vt 0.45358 0.131699
f 45/51/44 46/52/44 42/48/44

v -0.440022 0.692401 1.40547
vt 0.428661 0.140004
vn -0.436774 -0.575876 0.691083
f 47/53/45 46/52/45 45/51/45

vn -0.464984 -0.621012 0.630978
v -0.426733 0.61211 1.33624
vt 0.432398 0.12328
f 47/53/46 48/54/46 46/52/46

vn -0.553589 -0.594485 0.583204
v -0.542712 0.703826 1.31964
vt 0.409055 0.129681
f 48/54/47 47/53/47 49/55/47

v -0.561277 0.780887 1.35451
vt 0.402206 0.142784
vn -0.602966 -0.444895 0.662193
f 50/56/48 49/55/48 47/53/48

v -0.637855 0.783519 1.27451
vt 0.386834 0.131385
vn -0.65708 -0.436416 0.614643
f 51/57/49 49/55/49 50/56/49

v -0.616461 0.720291 1.2498
vt 0.393767 0.121391
vn -0.663449 -0.456277 0.592998
f 52/58/50 49/55/50 51/57/50

vn -0.624968 -0.57921 0.523384
v -0.527091 0.635561 1.26275
vt 0.413552 0.115415
f 52/58/51 53/59/51 49/55/51

v -0.603392 0.660537 1.20395
vt 0.398233 0.109219
vn -0.612607 -0.561083 0.556685
f 54/60/52 53/59/52 52/58/52

v -0.519748 0.586011 1.18492
vt 0.414794 0.100307
vn -0.553119 -0.725416 0.409672
f 55/61/53 53/59/53 54/60/53

v -0.416336 0.550448 1.24352
vt 0.434018 0.105634
vn -0.50188 -0.750283 0.430339
f 56/62/54 53/59/54 55/61/54

vn -0.497505 -0.746998 0.441002
f 56/62/55 48/54/55 53/59/55

v -0.29275 0.523403 1.29911
vt 0.454918 0.110902
vn -0.388008 -0.786907 0.47982
f 57/63/56 48/54/56 56/62/56

vn -0.389777 -0.788132 0.476363
f 57/63/57 46/52/57 48/54/57

vn -0.224617 -0.826562 0.516084
f 40/46/58 46/52/58 57/63/58

vn -0.228249 -0.828559 0.511266
f 40/46/59 42/48/59 46/52/59

vn -0.186484 -0.923121 0.336259
f 38/44/60 40/46/60 57/63/60

vn -0.193576 -0.924919 0.327191
v -0.282194 0.476136 1.17174
vt 0.455457 0.089665
f 38/44/61 57/63/61 58/64/61

vn -0.332079 -0.89297 0.303856
f 58/64/62 57/63/62 56/62/62

vn -0.327274 -0.891996 0.311825
v -0.406654 0.50895 1.13498
vt 0.434317 0.087018
f 58/64/63 56/62/63 59/65/63

vn -0.451476 -0.846143 0.283217
f 59/65/64 56/62/64 55/61/64

vn -0.450686 -0.846025 0.284824
v -0.515399 0.552087 1.09104
vt 0.4142 0.08389
f 59/65/65 55/61/65 60/66/65

vn -0.52777 -0.806358 0.26692
v -0.603374 0.625165 1.13785
vt 0.398016 0.096614
f 60/66/66 55/61/66 61/67/66

vn -0.561361 -0.72973 0.390343
f 55/61/67 54/60/67 61/67/67

vn -0.61547 -0.694988 0.371737
v -0.652036 0.68041 1.16057
vt 0.387558 0.104565
f 61/67/68 54/60/68 62/68/68

vn -0.685814 -0.475023 0.551373
v -0.673252 0.721449 1.16954
vt 0.38109 0.109711
f 62/68/69 54/60/69 63/69/69

vn -0.697956 -0.52573 0.486277
f 63/69/70 54/60/70 52/58/70

vn -0.784557 -0.284299 0.551039
v -0.685853 0.789104 1.1865
vt 0.372982 0.119908
f 63/69/71 52/58/71 64/70/71

vn -0.802964 -0.432145 0.410486
f 64/70/72 52/58/72 51/57/72

v -0.606351 0.791586 1.26245
vt 0.384445 0.137021
vn -0.185799 0.969003 0.162825
f 65/71/73 64/70/73 51/57/73

vn -0.183632 0.969799 0.160531
v -0.6636 0.797535 1.16103
vt 0.367425 0.123336
f 65/71/74 66/72/74 64/70/74

v -0.599839 0.781055 1.21899
vt 0.368526 0.645372
vn 0.383074 0.90924 -0.162898
vt 0.352799 0.657216
vt 0.367246 0.635836
f 67/73/75 66/74/75 65/75/75

vn -0.337538 0.740037 0.581733
v -0.65531 0.81537 1.14315
vt 0.353797 0.66253
f 67/73/76 68/76/76 66/74/76

vn 0.816138 0.402108 -0.415003
v -0.590136 0.753943 1.2118
vt 0.373954 0.64838
f 68/76/77 67/73/77 69/77/77

vn 0.650554 0.403419 -0.643454
v -0.518577 0.740501 1.27572
vt 0.38976 0.634357
f 69/77/78 67/73/78 70/78/78

vn 0.648343 0.516018 -0.559801
v -0.521617 0.786575 1.31467
vt 0.384812 0.622345
f 67/73/79 71/79/79 70/78/79

vn 0.18345 0.961325 -0.205428
f 71/79/80 67/73/80 65/75/80

vn 0.250328 0.914284 -0.318467
v -0.536915 0.798431 1.33669
vt 0.380974 0.617423
f 71/79/81 65/75/81 72/80/81

vt 0.399701 0.148489
vn -0.40427 0.864586 0.298425
f 72/81/82 65/71/82 50/56/82

vn -0.172001 0.965319 0.196404
f 50/56/83 65/71/83 51/57/83

v -0.453878 0.779772 1.44732
vt 0.423195 0.155255
vn -0.330555 0.858148 0.392829
f 73/82/84 72/81/84 50/56/84

v -0.435092 0.802498 1.43002
vt 0.42141 0.16087
vn -0.465505 0.746588 0.475302
f 74/83/85 72/81/85 73/82/85

v -0.418666 0.792112 1.41003
vt 0.406521 0.599657
vn 0.230917 0.928015 -0.292345
vt 0.402616 0.595142
f 75/84/86 72/80/86 74/85/86

vn 0.247591 0.914352 -0.320405
f 75/84/87 71/79/87 72/80/87

vn 0.676495 0.0609972 -0.733916
v -0.454607 0.743334 1.37284
vt 0.40423 0.614291
f 75/84/88 76/86/88 71/79/88

vn 0.498445 0.262544 -0.82621
v -0.329326 0.751294 1.45095
vt 0.429298 0.595953
f 75/84/89 77/87/89 76/86/89

v -0.284907 0.795244 1.48784
vt 0.435966 0.581919
vn 0.486966 0.217728 -0.845848
f 78/88/90 77/87/90 75/84/90

vn 0.272714 0.441705 -0.854707
v -0.17035 0.750603 1.50132
vt 0.462912 0.583054
f 78/88/91 79/89/91 77/87/91

vn 0.282053 0.471447 -0.835574
v -0.148178 0.793458 1.53299
vt 0.466591 0.571462
f 78/88/92 80/90/92 79/89/92

vn 0.113664 0.944941 -0.306866
v -0.154981 0.80361 1.56173
vt 0.464939 0.564985
f 80/90/93 78/88/93 81/91/93

vn 0.0700416 0.969953 -0.232993
v -0.297815 0.802142 1.51268
vt 0.433034 0.576469
f 81/91/94 78/88/94 82/92/94

vn 0.103 0.970916 -0.216133
f 78/88/95 75/84/95 82/92/95

vn 0.195536 0.926758 -0.320759
f 82/92/96 75/84/96 74/85/96

vt 0.447493 0.171798
vn -0.337879 0.753194 0.564391
v -0.312087 0.779676 1.53412
vt 0.448711 0.166178
f 82/93/97 74/83/97 83/94/97

vn -0.354249 0.733942 0.579514
f 83/94/98 74/83/98 73/82/98

vn -0.469161 -0.439593 0.765928
f 73/82/99 45/51/99 83/94/99

vn -0.46974 -0.440844 0.764854
f 73/82/100 47/53/100 45/51/100

vn -0.595296 -0.421936 0.683808
f 50/56/101 47/53/101 73/82/101

vn -0.300723 -0.468065 0.830952
f 83/94/102 45/51/102 44/50/102

v -0.164851 0.782003 1.58576
vt 0.473329 0.17263
vn -0.288692 -0.45292 0.843517
f 84/95/103 83/94/103 44/50/103

vn -0.231395 0.74453 0.626204
f 84/95/104 82/93/104 83/94/104

vt 0.473257 0.178191
vn -0.214891 0.768438 0.602764
f 81/96/105 82/93/105 84/95/105

v 0 0.778144 1.60135
vt 0.5 0.17415
vn -0.0446037 0.751867 0.657804
f 85/97/106 81/96/106 84/95/106

v 0 0.79755 1.57567
vt 0.5 0.179277
vn -0.0230271 0.797576 0.602778
f 86/98/107 81/96/107 85/97/107

vt 0.5 0.561539
vn 0.0656249 0.945653 -0.318487
f 86/99/108 80/90/108 81/91/108

v 0 0.79025 1.54545
vt 0.5 0.568579
vn 0.0407674 0.971227 -0.234642
f 87/100/109 80/90/109 86/99/109

vn 0.0814279 0.561685 -0.823335
v 0 0.752221 1.51951
vt 0.5 0.57881
f 80/90/110 87/100/110 88/101/110

v 0.148178 0.793458 1.53299
vt 0.533409 0.571462
vn -0.0814279 0.561685 -0.823335
f 89/102/111 88/101/111 87/100/111

vn -0.0823359 0.564326 -0.821436
v 0.17035 0.750603 1.50132
vt 0.537088 0.583054
f 89/102/112 90/103/112 88/101/112

v 0.284907 0.795244 1.48784
vt 0.564034 0.581919
vn -0.282053 0.471447 -0.835574
f 91/104/113 90/103/113 89/102/113

vn -0.272714 0.441705 -0.854707
v 0.329326 0.751294 1.45095
vt 0.570702 0.595953
f 91/104/114 92/105/114 90/103/114

vn -0.486966 0.217728 -0.845848
v 0.418666 0.792112 1.41003
vt 0.593479 0.599657
f 91/104/115 93/106/115 92/105/115

vn -0.103 0.970916 -0.216133
v 0.297815 0.802142 1.51268
vt 0.566966 0.576469
f 93/106/116 91/104/116 94/107/116

vn -0.0700416 0.969953 -0.232993
v 0.154981 0.80361 1.56173
vt 0.535061 0.564985
f 94/107/117 91/104/117 95/108/117

vn -0.113664 0.944941 -0.306866
f 91/104/118 89/102/118 95/108/118

vn -0.0656249 0.945653 -0.318487
f 95/108/119 89/102/119 86/99/119

vn -0.0407674 0.971227 -0.234642
f 89/102/120 87/100/120 86/99/120

vt 0.526744 0.178191
vn 0.0230271 0.797576 0.602778
f 95/109/121 86/98/121 85/97/121

v 0.164851 0.782003 1.58576
vt 0.526671 0.17263
vn 0.0446037 0.751867 0.657804
f 96/110/122 95/109/122 85/97/122

vt 0.552507 0.171797
vn 0.214891 0.768438 0.602764
f 94/111/123 95/109/123 96/110/123

v 0.312087 0.779676 1.53412
vt 0.55129 0.166178
vn 0.231395 0.74453 0.626204
f 97/112/124 94/111/124 96/110/124

v 0.435092 0.802498 1.43002
vt 0.57859 0.16087
vn 0.337879 0.753194 0.564391
f 98/113/125 94/111/125 97/112/125

vt 0.597384 0.595142
vn -0.195536 0.926758 -0.320759
f 98/114/126 93/106/126 94/107/126

v 0.536915 0.798431 1.33669
vt 0.619026 0.617423
vn -0.230917 0.928015 -0.292345
f 99/115/127 93/106/127 98/114/127

vn -0.247591 0.914352 -0.320405
v 0.521617 0.786575 1.31467
vt 0.615188 0.622345
f 99/115/128 100/116/128 93/106/128

v 0.606351 0.791586 1.26245
vt 0.632754 0.635836
vn -0.250328 0.914284 -0.318467
f 101/117/129 100/116/129 99/115/129

vn -0.18345 0.961325 -0.205428
v 0.599839 0.781055 1.21899
vt 0.631474 0.645372
f 101/117/130 102/118/130 100/116/130

v 0.6636 0.797535 1.16103
vt 0.647201 0.657216
vn -0.383074 0.90924 -0.162898
f 103/119/131 102/118/131 101/117/131

vn 0.337538 0.740037 0.581733
v 0.65531 0.81537 1.14315
vt 0.646203 0.66253
f 103/119/132 104/120/132 102/118/132

vt 0.633572 0.902751
vn -0.845964 -0.51841 -0.124882
vt 0.637262 0.907563
v 0.645038 0.824182 1.17615
vt 0.630386 0.909604
f 104/121/133 103/122/133 105/123/133

vn -0.838566 -0.34464 -0.421936
v 0.647784 0.79758 1.19243
vt 0.634129 0.915009
f 103/122/134 106/124/134 105/123/134

v 0.685853 0.789104 1.1865
vt 0.801664 0.903349
vn -0.233016 -0.965532 -0.115979
vt 0.804748 0.915452
vt 0.794415 0.911605
f 107/125/135 106/126/135 103/127/135

v 0.691505 0.778746 1.22332
vt 0.812747 0.901169
vn -0.245217 -0.942398 -0.227498
f 108/128/136 106/126/136 107/125/136

vn -0.240188 -0.942007 -0.234377
v 0.567258 0.796793 1.27811
vt 0.822975 0.932998
f 108/128/137 109/129/137 106/126/137

vn -0.197621 -0.971884 -0.128013
v 0.618076 0.780138 1.32611
vt 0.832844 0.917901
f 108/128/138 110/130/138 109/129/138

vn 0.469254 -0.812362 0.34622
v 0.640779 0.80026 1.34255
vt 0.836828 0.909759
f 108/128/139 111/131/139 110/130/139

v 0.720816 0.799775 1.24337
vt 0.818945 0.891786
vn 0.395515 -0.859647 0.323381
f 112/132/140 111/131/140 108/128/140

vn 0.754778 -0.240586 0.610269
v 0.729828 0.843562 1.24949
vt 0.825547 0.88235
f 112/132/141 113/133/141 111/131/141

v 0.770552 0.828459 1.17068
vt 0.805812 0.871658
vn 0.842702 -0.240705 0.481574
f 114/134/142 113/133/142 112/132/142

v 0.770804 0.884087 1.16117
vt 0.812793 0.859652
vn 0.891662 0.0723246 0.446886
f 115/135/143 113/133/143 114/134/143

vn 0.850682 0.199642 0.486295
v 0.721474 0.906549 1.23824
vt 0.833844 0.868731
f 115/135/144 116/136/144 113/133/144

usemtl _auto_19
v 0.754583 0.919914 1.14757
vt 0.46839 1.80612
vn 0.790141 0.494992 0.361469
vt 0.44081 1.79707
vt 0.46846 1.79374
f 117/137/145 116/138/145 115/139/145

vn 0.828428 0.42475 0.365096
v 0.711515 0.935695 1.22693
vt 0.44079 1.80685
f 117/137/146 118/140/146 116/138/146

v 0.754347 0.958446 1.13208
vt 0.47069 1.81834
vn 0.878919 0.18255 0.440655
f 119/141/147 118/140/147 117/137/147

vn 0.850743 0.2724 0.449482
v 0.700446 0.983046 1.21919
vt 0.43916 1.82155
f 119/141/148 120/142/148 118/140/148

vn 0.858254 0.0936404 0.50461
v 0.731357 1.09779 1.14532
vt 0.45831 1.85878
f 119/141/149 121/143/149 120/142/149

v 0.765607 1.09847 1.07556
vt 0.4811 1.8625
vn 0.89223 0.105473 0.439091
f 122/144/150 121/143/150 119/141/150

vn 0.86739 0.253295 0.428342
v 0.722539 1.21947 1.09122
vt 0.46542 1.89794
f 122/144/151 123/145/151 121/143/151

usemtl _auto_18
v 0.751703 1.22247 1.00474
vt 0.847164 0.789192
vn 0.906194 0.28173 0.315342
vt 0.858209 0.802997
vt 0.835593 0.81603
f 124/146/152 123/147/152 122/148/152

vn 0.860012 0.409689 0.304195
v 0.689158 1.333 1.0327
vt 0.869971 0.781592
f 124/146/153 125/149/153 123/147/153

v 0.733476 1.30864 0.931619
vt 0.854021 0.768383
vn 0.864451 0.41881 0.278071
f 126/150/154 125/149/154 124/146/154

v 0.692716 1.36947 0.918068
vt 0.865157 0.760218
vn 0.790612 0.575972 0.207821
f 127/151/155 125/149/155 126/150/155

vn 0.8028 0.560525 0.203284
v 0.632386 1.40664 1.05384
vt 0.886055 0.777353
f 127/151/156 128/152/156 125/149/156

v 0.648513 1.42161 0.884504
vt 0.87419 0.749678
vn 0.713939 0.688254 0.12883
f 129/153/157 128/152/157 127/151/157

vn 0.749878 0.648922 0.128776
v 0.588368 1.4618 1.03223
vt 0.895353 0.76891
f 129/153/158 130/154/158 128/152/158

vt 0.715321 0.626182
vn 0.639822 0.766768 0.0519132
v 0.566735 1.48249 0.993135
vt 0.688448 0.638702
vt 0.681021 0.633262
f 129/155/159 131/156/159 130/157/159

vn 0.665715 0.741269 0.0856965
v 0.61799 1.45233 0.855922
vt 0.717525 0.637541
f 129/155/160 132/158/160 131/156/160

v 0.658482 1.42074 0.752038
vt 0.743145 0.637865
vn 0.6864 0.725711 0.0468875
f 133/159/161 132/158/161 129/155/161

vn 0.808759 -0.395333 0.435453
v 0.68567 1.4832 0.758248
vt 0.739597 0.652223
f 133/159/162 134/160/162 132/158/162

v 0.722114 1.44772 0.661634
vt 0.761461 0.652367
vn 0.802833 -0.393952 0.447506
f 135/161/163 134/160/163 133/159/163

v 0.712094 1.55468 0.769448
vt 0.735127 0.667225
vn 0.815522 -0.37119 0.444008
vt 0.73962 0.652229
vt 0.761484 0.652372
v 0.748218 1.56415 0.711043
vt 0.747447 0.674205
f 136/162/164 134/163/164 135/164/164 137/165/164 

vn 0.823379 -0.371585 0.42892
vt 0.735062 0.667604
v 0.649839 1.51006 0.850303
vt 0.718134 0.651798
f 134/160/165 136/166/165 138/167/165

v 0.678881 1.61675 0.886216
vt 0.708106 0.673853
vn 0.823642 -0.369165 0.430501
vt 0.717993 0.651722
vt 0.734853 0.66721
v 0.688457 1.57254 0.830029
vt 0.72125 0.667369
f 139/168/166 138/169/166 136/170/166 140/171/166 

vn 0.836205 -0.365325 0.409023
vt 0.708253 0.673932
v 0.607588 1.53214 0.956396
vt 0.694606 0.650639
f 138/167/167 139/172/167 141/173/167

v 0.703623 1.61423 0.915027
vt 0.701295 0.677805
vn 0.455412 -0.763514 -0.45787
f 142/174/168 141/173/168 139/172/168

vn 0.466329 -0.767346 -0.440133
v 0.635615 1.53302 0.98455
vt 0.687332 0.654423
f 142/174/169 143/175/169 141/173/169

vn 0.748559 -0.0616986 0.660191
v 0.683108 1.62925 0.939693
vt 0.69372 0.678931
f 142/174/170 144/176/170 143/175/170

v 0.741429 1.68777 0.871024
vt 0.709419 0.696811
vn 0.766026 -0.00920934 0.642743
f 145/177/171 144/176/171 142/174/171

vt 0.679768 0.91473
vn 0.126358 0.699472 0.703401
v 0.631922 1.67696 0.901451
vt 0.670968 0.938001
vt 0.658558 0.927093
f 145/178/172 146/179/172 144/180/172

vn 0.105538 0.754322 0.647966
v 0.703524 1.71078 0.850417
vt 0.684842 0.923417
f 145/178/173 147/181/173 146/179/173

v 0.757809 1.72961 0.79897
vt 0.698217 0.913997
vn 0.213333 0.823038 0.5264
f 148/182/174 147/181/174 145/178/174

vn -0.117151 0.966099 0.230062
v 0.699907 1.72715 0.77981
vt 0.699394 0.926319
f 148/182/175 149/183/175 147/181/175

v 0.773471 1.71803 0.758513
vt 0.707471 0.912714
vn 0.0446703 0.964892 -0.258822
f 150/184/176 149/183/176 148/182/176

vn 0.0648911 0.978678 -0.194881
v 0.716603 1.71699 0.73436
vt 0.709418 0.92524
f 150/184/177 151/185/177 149/183/177

vn 0.261485 0.716708 -0.646495
v 0.763471 1.67228 0.70374
vt 0.721926 0.917581
f 150/184/178 152/186/178 151/185/178

vn 0.672313 0.503092 -0.543042
v 0.799658 1.64405 0.722396
vt 0.725683 0.908109
f 152/186/179 150/184/179 153/187/179

vn 0.559265 0.515074 -0.649555
v 0.799059 1.70918 0.773527
vt 0.706395 0.906506
f 150/184/180 154/188/180 153/187/180

vn 0.383671 0.91644 -0.113725
f 154/188/181 150/184/181 148/182/181

vn 0.389869 0.915134 -0.102627
v 0.78344 1.72035 0.813783
vt 0.69672 0.907922
f 154/188/182 148/182/182 155/189/182

vn 0.0195458 0.862684 0.505366
f 155/189/183 148/182/183 145/178/183

vt 0.723341 0.706106
vn 0.800097 0.0215452 0.599484
v 0.779569 1.68367 0.820268
vt 0.723231 0.698255
f 155/190/184 145/177/184 156/191/184

vn 0.798765 -0.0152028 0.601451
v 0.750014 1.65892 0.858893
vt 0.713852 0.691271
f 156/191/185 145/177/185 157/192/185

vn 0.78181 -0.0292362 0.622831
f 157/192/186 145/177/186 142/174/186

vn 0.358236 -0.851842 -0.382142
f 157/192/187 142/174/187 139/172/187

vn 0.350834 -0.848482 -0.396225
v 0.724327 1.65851 0.837014
vt 0.718557 0.68613
f 157/192/188 139/172/188 158/193/188

v 0.713006 1.6103 0.815315
vt 0.723857 0.676828
vn 0.817531 -0.38479 0.428462
f 159/194/189 158/193/189 139/172/189

v 0.755754 1.63449 0.748051
vt 0.736977 0.686201
vn 0.837444 -0.375395 0.397198
f 160/195/190 158/193/190 159/194/190

vn 0.871407 -0.299326 0.388656
v 0.741837 1.67098 0.807352
vt 0.724288 0.690022
f 160/195/191 161/196/191 158/193/191

vn 0.808023 -0.397934 0.434449
v 0.756275 1.66256 0.772792
vt 0.731358 0.690389
f 160/195/192 162/197/192 161/196/192

vn -0.0259331 -0.660747 0.75016
v 0.796125 1.63331 0.748404
vt 0.742146 0.692668
f 162/197/193 160/195/193 163/198/193

vn -0.0213422 -0.463731 0.885719
vt 0.747423 0.674199
f 160/195/194 137/199/194 163/198/194

vn 0.838834 -0.321151 0.439566
v 0.727131 1.59955 0.777143
vt 0.732094 0.67689
f 137/199/195 160/195/195 164/200/195

vn 0.842693 -0.348865 0.410075
f 160/195/196 159/194/196 164/200/196

vn 0.828669 -0.377777 0.413028
vt 0.721395 0.667444
f 164/200/197 159/194/197 140/201/197

vn 0.824236 -0.368211 0.430181
f 159/194/198 139/172/198 140/201/198

vn 0.832029 -0.35231 0.428493
f 136/166/199 164/200/199 140/201/199

vn 0.820473 -0.352182 0.450325
f 137/199/200 164/200/200 136/166/200

vn -0.104809 -0.415527 0.903522
v 0.788871 1.55074 0.709587
vt 0.755128 0.678372
f 163/198/201 137/199/201 165/202/201

vn -0.089695 -0.371949 0.92391
f 137/199/202 135/161/202 165/202/202

vn -0.154031 -0.333183 0.930195
v 0.763681 1.43516 0.66402
vt 0.769268 0.656194
f 165/202/203 135/161/203 166/203/203

vn -0.106713 -0.167069 0.980153
v 0.705587 1.37341 0.647169
vt 0.768049 0.639472
f 135/161/204 167/204/204 166/203/204

vn 0.822446 -0.27939 0.495504
f 167/204/205 135/161/205 133/159/205

vn 0.706515 0.707695 -0.00202099
v 0.694974 1.38435 0.766321
vt 0.746577 0.62613
f 167/204/206 133/159/206 168/205/206

vn 0.695903 0.716552 0.0476629
f 168/205/207 133/159/207 129/155/207

vt 0.856111 0.732674
vn 0.735512 0.67313 0.0769248
f 168/206/208 129/153/208 127/151/208

vn 0.781088 0.620208 0.0724156
v 0.738284 1.32491 0.8082
vt 0.845967 0.745799
f 168/206/209 127/151/209 169/207/209

vn 0.805823 0.584105 0.0973171
v 0.759005 1.28905 0.851853
vt 0.842215 0.756968
f 169/207/210 127/151/210 170/208/210

vn 0.81225 0.570869 0.119827
f 170/208/211 127/151/211 126/150/211

vn 0.893732 0.408311 0.18581
v 0.777585 1.21929 0.915792
vt 0.83587 0.774909
f 170/208/212 126/150/212 171/209/212

vn 0.886078 0.394268 0.243758
f 171/209/213 126/150/213 124/146/213

vn 0.916826 0.306555 0.255839
v 0.795477 1.10324 0.990727
vt 0.824265 0.800814
f 171/209/214 124/146/214 172/210/214

vn 0.89735 0.29042 0.332294
f 172/210/215 124/146/215 122/148/215

v 0.821339 0.962419 0.977572
vt 0.797383 0.816316
vn 0.931501 0.139699 0.335843
f 173/211/216 172/210/216 122/148/216

v 0.815208 1.11014 0.901736
vt 0.814313 0.78445
vn 0.961785 0.155587 0.225303
f 174/212/217 172/210/217 173/211/217

vn 0.929085 0.290815 0.228536
f 174/212/218 171/209/218 172/210/218

v 0.79215 1.22388 0.803135
vt 0.824888 0.754683
vn 0.942047 0.307415 0.134326
f 175/213/219 171/209/219 174/212/219

vn 0.920188 0.367842 0.133965
f 175/213/220 170/208/220 171/209/220

vn 0.881343 0.471455 -0.0310714
f 175/213/221 169/207/221 170/208/221

v 0.78548 1.24399 0.677217
vt 0.817669 0.728855
vn 0.882652 0.469183 0.0281745
f 176/214/222 169/207/222 175/213/222

v 0.743163 1.33367 0.636778
vt 0.83374 0.713067
vn 0.894765 0.443936 0.0481366
f 177/215/223 169/207/223 176/214/223

vn 0.788622 0.612527 0.0537239
f 177/215/224 168/206/224 169/207/224

vt 0.778291 0.634506
vn 0.72688 0.686762 0.0017138
f 177/216/225 167/204/225 168/205/225

vn -0.0058601 -0.258116 0.966096
f 166/203/226 167/204/226 177/216/226

v 0.769978 1.43388 0.62276
vt 0.777698 0.657647
vn 0.959683 -0.235283 0.153786
f 178/217/227 166/203/227 177/216/227

vn 0.963979 -0.21695 0.153871
v 0.787552 1.54758 0.672968
vt 0.762747 0.679564
f 178/217/228 179/218/228 166/203/228

vt 0.749775 0.913652
vn 0.596635 0.245213 -0.764132
vt 0.775889 0.921757
v 0.682902 1.51595 0.581106
vt 0.759643 0.942691
f 179/219/229 178/220/229 180/221/229

vn 0.573438 0.205984 -0.792931
v 0.639856 1.42199 0.525569
vt 0.780013 0.956262
f 180/221/230 178/220/230 181/222/230

vn 0.588399 0.109358 -0.801142
v 0.7409 1.31648 0.585379
vt 0.800665 0.930704
f 178/220/231 182/223/231 181/222/231

vt 0.790912 0.633128
vn 0.966613 -0.252781 0.0419593
f 182/224/232 178/217/232 177/216/232

vt 0.827188 0.703612
vn 0.918611 0.360835 -0.161095
f 182/225/233 177/215/233 176/214/233

v 0.76565 1.22343 0.574716
vt 0.805702 0.708023
vn 0.93218 0.274929 -0.235487
f 183/226/234 182/225/234 176/214/234

v 0.693758 1.26037 0.484838
vt 0.810865 0.677673
vn 0.802801 0.274204 -0.529455
f 184/227/235 182/225/235 183/226/235

vn 0.73378 0.385676 -0.559303
vt 0.85423 0.677213
f 184/227/236 181/228/236 182/225/236

vn 0.610699 0.378908 -0.695324
v 0.614109 1.35307 0.465399
vt 0.838217 0.660084
f 181/228/237 184/227/237 185/229/237

v 0.601015 1.30239 0.405503
vt 0.885494 0.597256
vn 0.686453 0.474198 -0.551288
vt 0.888297 0.610739
vt 0.868288 0.610739
f 186/230/238 185/231/238 184/232/238

v 0.504312 1.38523 0.391978
vt 0.907512 0.597272
vn 0.566847 0.563646 -0.600823
f 187/233/239 185/231/239 186/230/239

v 0.518721 1.44481 0.444553
vt 0.910006 0.610739
vn 0.583385 0.453501 -0.673794
f 188/234/240 185/231/240 187/233/240

vt 0.870089 0.644477
vn 0.558191 0.417478 -0.717032
f 188/235/241 181/228/241 185/229/241

v 0.531147 1.50512 0.493837
vt 0.880682 0.659625
vn 0.552485 0.456206 -0.697594
f 189/236/242 181/228/242 188/235/242

v 0.590547 1.58708 0.55814
vt 0.745062 0.962215
vn 0.474058 0.304579 -0.826136
vt 0.762118 0.979824
f 190/237/243 181/222/243 189/238/243

vn 0.440537 0.298607 -0.846617
f 190/237/244 180/221/244 181/222/244

v 0.672414 1.64762 0.636115
vt 0.730799 0.940433
vn 0.482473 0.370077 -0.793891
f 191/239/245 180/221/245 190/237/245

vn 0.431248 0.376812 -0.819779
v 0.728162 1.59984 0.643479
vt 0.740318 0.928567
f 191/239/246 192/240/246 180/221/246

v 0.720126 1.67803 0.688295
vt 0.721596 0.927328
vn 0.498395 0.469133 -0.729052
f 193/241/247 192/240/247 191/239/247

vn 0.349364 0.492742 -0.796963
f 193/241/248 152/186/248 192/240/248

vn 0.311496 0.737094 -0.599719
f 152/186/249 193/241/249 151/185/249

vn 0.142284 0.761036 -0.632914
v 0.619171 1.68868 0.678411
vt 0.716721 0.947918
f 193/241/250 194/242/250 151/185/250

vn 0.14169 0.793484 -0.591867
f 193/241/251 191/239/251 194/242/251

vn 0.0224693 0.73135 -0.681632
v 0.516334 1.64294 0.625945
vt 0.724253 0.971683
f 191/239/252 195/243/252 194/242/252

vn 0.0172553 0.78089 -0.62443
f 191/239/253 190/237/253 195/243/253

vn -0.134376 0.687605 -0.713542
v 0.422425 1.57611 0.579232
vt 0.733485 0.995479
f 195/243/254 190/237/254 196/244/254

vn -0.135263 0.670409 -0.729558
f 190/237/255 189/238/255 196/244/255

vn 0.225016 0.870681 -0.437358
v 0.405602 1.50985 0.438661
vt 0.902553 0.63693
vt 0.910711 0.671057
f 189/236/256 197/245/256 196/246/256

vn 0.354015 0.546962 -0.758621
f 197/245/257 189/236/257 188/235/257

vt 0.931292 0.610739
vn 0.387612 0.611639 -0.689677
v 0.381094 1.46082 0.381409
vt 0.932559 0.597574
f 197/247/258 188/234/258 198/248/258

vn 0.400304 0.550005 -0.732974
f 198/248/259 188/234/259 187/233/259

v 0.51165 1.39129 0.275097
vt 0.909576 0.576906
vn 0.516616 0.852781 0.0766358
f 199/249/260 198/248/260 187/233/260

vn 0.47074 0.882271 0.00100757
v 0.390063 1.45617 0.268021
vt 0.932607 0.577855
f 199/249/261 200/250/261 198/248/261

vn 0.472933 0.876895 -0.0859597
v 0.504086 1.38033 0.1217
vt 0.91269 0.550716
f 199/249/262 201/251/262 200/250/262

v 0.612811 1.28355 0.13825
vt 0.888531 0.550277
vn 0.669673 0.737693 -0.0857175
f 202/252/263 201/251/263 199/249/263

vn 0.669998 0.73552 -0.100559
v 0.610105 1.26546 -0.0121071
vt 0.890648 0.524203
f 202/252/264 203/253/264 201/251/264

vn 0.785417 0.6127 -0.0878563
v 0.699138 1.15374 0.00472082
vt 0.866885 0.522826
f 203/253/265 202/252/265 204/254/265

vn 0.786657 0.6114 -0.085791
v 0.699991 1.174 0.156871
vt 0.865034 0.549798
f 204/254/266 202/252/266 205/255/266

vn 0.785994 0.615397 -0.0591695
v 0.614835 1.29555 0.289885
vt 0.885928 0.576674
f 202/252/267 206/256/267 205/255/267

vn 0.68377 0.726652 -0.0666047
f 206/256/268 202/252/268 199/249/268

vn 0.671757 0.736402 0.0803437
f 206/256/269 199/249/269 187/233/269

vn 0.647597 0.761297 0.0323205
f 206/256/270 187/233/270 186/230/270

vn 0.777703 0.626143 0.055877
v 0.688246 1.19298 0.417487
vt 0.861311 0.596551
f 206/256/271 186/230/271 207/257/271

vn 0.684695 0.486427 -0.542754
f 186/230/272 184/232/272 207/257/272

vn 0.771702 0.416887 -0.480292
v 0.73152 1.19694 0.490456
vt 0.856776 0.610739
f 207/257/273 184/232/273 208/258/273

vn 0.78368 0.426564 -0.45154
vt 0.793494 0.6876
f 184/227/274 183/226/274 208/259/274

vn 0.88029 0.213492 -0.423687
v 0.790278 1.11847 0.572996
vt 0.782193 0.718096
f 208/259/275 183/226/275 209/260/275

vn 0.925226 0.222134 -0.307593
v 0.816196 1.13337 0.661713
vt 0.793615 0.736616
f 209/260/276 183/226/276 210/261/276

vn 0.926858 0.290648 -0.23761
f 183/226/277 176/214/277 210/261/277

vn 0.960084 0.274268 -0.054909
v 0.825533 1.12349 0.775655
vt 0.802829 0.759996
f 210/261/278 176/214/278 211/262/278

vn 0.948921 0.315513 0.000122696
f 176/214/279 175/213/279 211/262/279

vn 0.951828 0.28686 0.108328
f 211/262/280 175/213/280 174/212/280

v 0.851695 1.00103 0.765178
vt 0.778307 0.771683
vn 0.974665 0.19959 0.100956
f 212/263/281 211/262/281 174/212/281

v 0.83914 1.00601 0.662424
vt 0.76819 0.750737
vn 0.970275 0.216536 -0.10807
f 213/264/282 211/262/282 212/263/282

vn 0.982127 0.176572 -0.0651809
f 210/261/283 211/262/283 213/264/283

vn 0.938418 0.167373 -0.302253
f 209/260/284 210/261/284 213/264/284

vn 0.935196 0.151969 -0.319865
v 0.809803 1.00254 0.575
vt 0.757688 0.731855
f 209/260/285 213/264/285 214/265/285

vn 0.943333 -0.112857 -0.312069
v 0.798518 0.875792 0.586722
vt 0.731802 0.7485
f 214/265/286 213/264/286 215/266/286

vn 0.938973 -0.101919 -0.328544
v 0.828114 0.873397 0.672051
vt 0.742292 0.767534
f 215/266/287 213/264/287 216/267/287

vn 0.987937 -0.0912237 -0.125132
f 213/264/288 212/263/288 216/267/288

vn 0.987455 -0.0856475 -0.132652
v 0.840692 0.863851 0.771843
vt 0.752362 0.789203
f 216/267/289 212/263/289 217/268/289

vn 0.995408 -0.0770835 0.0567487
v 0.842896 0.979615 0.890415
vt 0.788917 0.797807
f 212/263/290 218/269/290 217/268/290

vn 0.974861 0.197922 0.10234
f 212/263/291 174/212/291 218/269/291

vn 0.94661 0.177462 0.269141
f 218/269/292 174/212/292 173/211/292

v 0.838802 0.845147 0.889173
vt 0.763536 0.815018
vn 0.971701 -0.0317499 0.23407
f 219/270/293 218/269/293 173/211/293

vn 0.999471 -0.0305371 0.0112296
f 217/268/294 218/269/294 219/270/294

vn 0.912243 -0.406572 -0.050123
v 0.792706 0.753547 0.793234
vt 0.729509 0.808779
f 217/268/295 219/270/295 220/271/295

vn 0.876386 -0.480157 0.0373619
v 0.783321 0.74536 0.908174
vt 0.743197 0.835666
f 220/271/296 219/270/296 221/272/296

vn 0.877625 -0.471088 0.0886047
v 0.821413 0.828332 0.97201
vt 0.771654 0.834193
f 219/270/297 222/273/297 221/272/297

vn 0.978961 -0.0079207 0.203892
f 219/270/298 173/211/298 222/273/298

vn 0.943105 -0.0132646 0.332231
v 0.791213 0.936348 1.06205
vt 0.805461 0.835829
f 222/273/299 173/211/299 223/274/299

vn 0.923787 0.115486 0.365075
f 173/211/300 122/148/300 223/274/300

usemtl _auto_19
vt 0.49504 1.81536
vn 0.893234 0.104647 0.437245
f 223/275/301 122/144/301 119/141/301

vn 0.892988 0.172592 0.415673
f 223/275/302 119/141/302 117/137/302

vn 0.902573 0.127721 0.411156
v 0.792996 0.87472 1.07728
vt 0.4942 1.79661
f 223/275/303 117/137/303 224/276/303

vn 0.892278 0.380535 0.242965
v 0.793504 0.852208 1.11068
vt 0.48641 1.7876
f 224/276/304 117/137/304 225/277/304

vn 0.887239 0.446184 0.117163
f 225/277/305 117/137/305 115/139/305

usemtl _auto_18
vt 0.798059 0.856948
vn 0.924102 0.0602985 0.377359
f 225/278/306 115/135/306 114/134/306

v 0.799668 0.80944 1.09571
vt 0.788487 0.861574
vn 0.93285 0.00840771 0.360166
f 226/279/307 225/278/307 114/134/307

v 0.796054 0.80854 1.05958
vt 0.781819 0.855645
vn 0.978892 0.176912 -0.102333
f 227/280/308 225/278/308 226/279/308

vn 0.999003 0.0425549 0.0134911
vt 0.796454 0.847969
f 227/280/309 224/281/309 225/278/309

v 0.800687 0.810595 1.03755
vt 0.778426 0.85074
vn 0.978732 -0.00959037 0.204917
f 228/282/310 224/281/310 227/280/310

vn 0.993055 0.0544983 0.104264
f 228/282/311 223/274/311 224/281/311

vn 0.952412 0.0124035 0.304561
f 222/273/312 223/274/312 228/282/312

vn 0.830762 -0.544544 0.115358
v 0.758355 0.738119 1.00028
vt 0.755048 0.858862
f 222/273/313 228/282/313 229/283/313

vn 0.80882 -0.561783 0.173809
v 0.759104 0.759887 1.06715
vt 0.771807 0.869925
f 229/283/314 228/282/314 230/284/314

vn 0.799666 -0.589685 0.113158
f 228/282/315 227/280/315 230/284/315

vn 0.792978 -0.608083 -0.0376971
v 0.768614 0.77086 1.09019
vt 0.779794 0.870738
f 227/280/316 231/285/316 230/284/316

vn 0.781821 -0.620335 -0.0627765
f 227/280/317 226/279/317 231/285/317

vn 0.782072 -0.616364 -0.0919745
v 0.781299 0.783692 1.11206
vt 0.787374 0.870126
f 231/285/318 226/279/318 232/286/318

vn 0.844534 -0.339499 0.41413
f 226/279/319 114/134/319 232/286/319

vn 0.883573 -0.279682 0.375603
v 0.759704 0.789333 1.16706
vt 0.799343 0.879933
f 232/286/320 114/134/320 233/287/320

vn 0.840533 -0.27611 0.466119
f 233/287/321 114/134/321 112/132/321

vn 0.397706 -0.859782 0.32032
f 233/287/322 112/132/322 108/128/322

vn 0.338309 -0.910226 0.238822
v 0.733453 0.774906 1.14926
vt 0.792309 0.886807
f 233/287/323 108/128/323 234/288/323

vn -0.412577 -0.891424 -0.187467
f 234/288/324 108/128/324 107/125/324

vn -0.0332848 -0.947297 0.318622
v 0.717647 0.769892 1.1327
vt 0.785904 0.890027
f 234/288/325 107/125/325 235/289/325

vt 0.63279 0.108607
vn 0.776993 -0.28541 0.561091
vt 0.627018 0.119907
v 0.673252 0.721449 1.16954
vt 0.61891 0.10971
f 235/290/326 107/291/326 236/292/326

vn 0.784557 -0.284299 0.551039
v 0.616461 0.720291 1.2498
vt 0.606233 0.121391
f 236/292/327 107/291/327 237/293/327

vn 0.802964 -0.432145 0.410486
v 0.637855 0.783519 1.27451
vt 0.613166 0.131385
f 107/291/328 238/294/328 237/293/328

vn 0.185799 0.969003 0.162825
vt 0.615555 0.137021
f 107/291/329 101/295/329 238/294/329

vn 0.183632 0.969799 0.160531
vt 0.632575 0.123335
f 107/291/330 103/296/330 101/295/330

vn 0.172001 0.965319 0.196404
v 0.561277 0.780887 1.35451
vt 0.597794 0.142783
f 238/294/331 101/295/331 239/297/331

vn 0.40427 0.864586 0.298425
vt 0.600299 0.148488
f 101/295/332 99/298/332 239/297/332

vn 0.330555 0.858148 0.392829
v 0.453878 0.779772 1.44732
vt 0.576805 0.155255
f 239/297/333 99/298/333 240/299/333

vn 0.465505 0.746588 0.475302
f 99/298/334 98/113/334 240/299/334

vn 0.354249 0.733942 0.579514
f 240/299/335 98/113/335 97/112/335

vn 0.469161 -0.439593 0.765928
v 0.30799 0.683224 1.48127
vt 0.548531 0.148679
f 240/299/336 97/112/336 241/300/336

vn 0.300723 -0.468065 0.830952
v 0.159791 0.666064 1.52524
vt 0.524602 0.152177
f 97/112/337 242/301/337 241/300/337

vn 0.288692 -0.45292 0.843517
f 96/110/338 242/301/338 97/112/338

vn 0.0941503 -0.463923 0.880858
f 96/110/339 85/97/339 242/301/339

vn 0.0785785 -0.48094 0.873225
v 0 0.659432 1.53596
vt 0.5 0.153053
f 85/97/340 243/302/340 242/301/340

vn -0.0785785 -0.48094 0.873225
f 85/97/341 44/50/341 243/302/341

vn -0.0941503 -0.463923 0.880858
f 84/95/342 44/50/342 85/97/342

vn -0.0774283 -0.666891 0.741122
f 44/50/343 43/49/343 243/302/343

vn 0.0774283 -0.666891 0.741122
f 242/301/344 243/302/344 43/49/344

vn 0.0546699 -0.641385 0.765269
v 0.157553 0.584302 1.45687
vt 0.523723 0.136032
f 242/301/345 43/49/345 244/303/345

vn 0.0477406 -0.841972 0.537405
f 244/303/346 43/49/346 41/47/346

vn 0.0561479 -0.846864 0.528837
v 0.153287 0.508848 1.33649
vt 0.523244 0.114571
f 244/303/347 41/47/347 245/304/347

vn 0.0457523 -0.934269 0.353621
f 245/304/348 41/47/348 39/45/348

vn 0.0513085 -0.936138 0.34787
v 0.146374 0.456933 1.19781
vt 0.522781 0.091752
f 245/304/349 39/45/349 246/305/349

vn 0.0474869 -0.960973 0.272537
f 246/305/350 39/45/350 37/43/350

vn 0.0617637 -0.965369 0.253473
v 0.1413 0.428404 1.09039
vt 0.522557 0.074175
f 246/305/351 37/43/351 247/306/351

vn 0.0562002 -0.994441 0.0890374
f 247/306/352 37/43/352 35/41/352

vn 0.0542333 -0.99433 0.091467
v 0.138171 0.417373 0.972325
vt 0.522969 0.054814
f 247/306/353 35/41/353 248/307/353

vn 0.0495795 -0.997202 -0.0559424
f 248/307/354 35/41/354 33/39/354

vn 0.0602909 -0.995408 -0.0743525
v 0.135205 0.423619 0.886303
vt 0.523385 0.040168
f 248/307/355 33/39/355 249/308/355

vn 0.0564848 -0.986284 -0.155094
f 249/308/356 33/39/356 31/37/356

vn 0.043486 -0.989692 -0.136451
v 0.132994 0.437213 0.786999
vt 0.52418 0.022403
f 249/308/357 31/37/357 250/309/357

vn 0.0420144 -0.985683 -0.163292
f 250/309/358 31/37/358 29/34/358

vn 0.0521183 -0.982573 -0.178424
v 0.130814 0.453733 0.695386
vt 0.524953 0.005142
f 250/309/359 29/34/359 251/310/359

vt 0.655644 0.610739
vn 0.051645 -0.980681 -0.188674
vt 0.633819 0.610739
vt 0.633819 0.600808
f 251/311/360 29/312/360 28/313/360

vn 0.0610861 -0.97541 -0.211763
v 0.130775 0.466001 0.638866
vt 0.656299 0.600728
f 251/311/361 28/313/361 252/314/361

v 0.134122 0.418102 0.578688
vt 0.656357 0.58735
vn 0.0716277 -0.778452 0.623604
f 253/315/362 252/314/362 28/313/362

v 0.250743 0.440306 0.570895
vt 0.676552 0.587296
vn 0.186688 -0.763566 0.618154
f 254/316/363 252/314/363 253/315/363

v 0.251636 0.484586 0.630258
vt 0.677606 0.600442
vn 0.163676 -0.791933 0.588262
f 255/317/364 252/314/364 254/316/364

v 0.253686 0.472961 0.687725
vt 0.676612 0.610739
vn 0.134875 -0.970243 -0.201091
f 256/318/365 252/314/365 255/317/365

vn 0.138348 -0.967827 -0.21017
f 256/318/366 251/311/366 252/314/366

v 0.259108 0.456791 0.775785
vt 0.547592 0.022114
vn 0.140471 -0.972232 -0.187172
vt 0.54889 0.005142
f 257/319/367 251/310/367 256/320/367

vn 0.135372 -0.974501 -0.178949
f 257/319/368 250/309/368 251/310/368

v 0.263876 0.442468 0.874662
vt 0.546027 0.039978
vn 0.138794 -0.97912 -0.148525
f 258/321/369 250/309/369 257/319/369

vn 0.131399 -0.981772 -0.137325
f 258/321/370 249/308/370 250/309/370

v 0.269634 0.437131 0.961647
vt 0.545187 0.054875
vn 0.138411 -0.987914 -0.0697712
f 259/322/371 249/308/371 258/321/371

vn 0.142109 -0.986886 -0.0765543
f 259/322/372 248/307/372 249/308/372

v 0.275222 0.449359 1.07367
vt 0.544439 0.073402
vn 0.15579 -0.982766 0.0995011
f 260/323/373 248/307/373 259/322/373

vn 0.164645 -0.98247 0.0874329
f 260/323/374 247/306/374 248/307/374

v 0.282194 0.476136 1.17174
vt 0.544543 0.089665
vn 0.179844 -0.952131 0.247188
f 261/324/375 247/306/375 260/323/375

vn 0.181586 -0.95252 0.2444
f 261/324/376 246/305/376 247/306/376

v 0.29275 0.523403 1.29911
vt 0.545082 0.110901
vn 0.193576 -0.924919 0.327191
f 262/325/377 246/305/377 261/324/377

vn 0.186484 -0.923121 0.336259
f 262/325/378 245/304/378 246/305/378

v 0.302923 0.597091 1.4127
vt 0.54642 0.131699
vn 0.224617 -0.826562 0.516084
f 263/326/379 245/304/379 262/325/379

vn 0.228249 -0.828559 0.511266
f 263/326/380 244/303/380 245/304/380

vn 0.279308 -0.608055 0.743139
f 241/300/381 244/303/381 263/326/381

vn 0.288424 -0.618838 0.730651
f 241/300/382 242/301/382 244/303/382

v 0.440022 0.692401 1.40547
vt 0.571339 0.140004
vn 0.436774 -0.575876 0.691083
f 264/327/383 241/300/383 263/326/383

vn 0.46974 -0.440844 0.764854
f 240/299/384 241/300/384 264/327/384

vn 0.595296 -0.421936 0.683808
f 239/297/385 240/299/385 264/327/385

vn 0.602966 -0.444895 0.662193
v 0.542712 0.703826 1.31964
vt 0.590945 0.129681
f 239/297/386 264/327/386 265/328/386

vn 0.553589 -0.594485 0.583204
v 0.426733 0.61211 1.33624
vt 0.567603 0.12328
f 265/328/387 264/327/387 266/329/387

vn 0.464984 -0.621012 0.630978
f 264/327/388 263/326/388 266/329/388

vn 0.389777 -0.788132 0.476363
f 266/329/389 263/326/389 262/325/389

vn 0.388008 -0.786907 0.47982
v 0.416336 0.550448 1.24352
vt 0.565982 0.105634
f 266/329/390 262/325/390 267/330/390

vn 0.332079 -0.89297 0.303856
f 267/330/391 262/325/391 261/324/391

vn 0.327274 -0.891996 0.311825
v 0.406654 0.50895 1.13498
vt 0.565683 0.087017
f 267/330/392 261/324/392 268/331/392

vn 0.310992 -0.922237 0.229702
f 268/331/393 261/324/393 260/323/393

vn 0.310341 -0.922133 0.230996
v 0.400169 0.482003 1.03612
vt 0.566061 0.070321
f 268/331/394 260/323/394 269/332/394

vn 0.277135 -0.956551 0.0905866
f 269/332/395 260/323/395 259/322/395

vn 0.278847 -0.956345 0.0874619
v 0.394282 0.47086 0.933046
vt 0.567352 0.05305
f 269/332/396 259/322/396 270/333/396

vn 0.244278 -0.966763 -0.0754818
f 270/333/397 259/322/397 258/321/397

vn 0.241455 -0.967986 -0.0685813
v 0.38701 0.474772 0.852234
vt 0.568626 0.039079
f 270/333/398 258/321/398 271/334/398

vn 0.225172 -0.962656 -0.150305
f 271/334/399 258/321/399 257/319/399

vn 0.238897 -0.955139 -0.175037
v 0.379146 0.490471 0.75583
vt 0.57099 0.021478
f 271/334/400 257/319/400 272/335/400

vn 0.235918 -0.95311 -0.189537
f 272/335/401 257/319/401 256/320/401

vn 0.232792 -0.955103 -0.183267
v 0.371605 0.504769 0.671739
vt 0.573119 0.005142
f 272/335/402 256/320/402 273/336/402

vt 0.697627 0.610739
vn 0.229659 -0.952322 -0.200847
f 273/337/403 256/318/403 255/317/403

vn 0.24668 -0.933825 -0.259075
v 0.3629 0.518312 0.614634
vt 0.698476 0.600062
f 273/337/404 255/317/404 274/338/404

vn 0.312755 -0.782124 0.538949
v 0.362044 0.480891 0.560824
vt 0.697155 0.588093
f 274/338/405 255/317/405 275/339/405

vn 0.327813 -0.759629 0.561697
f 275/339/406 255/317/406 254/316/406

vn 0.333176 -0.7836 0.524371
v 0.346735 0.428625 0.492448
vt 0.692911 0.573069
f 275/339/407 254/316/407 276/340/407

vn 0.32846 -0.788892 0.519388
v 0.242787 0.383441 0.489555
vt 0.674041 0.57027
f 276/340/408 254/316/408 277/341/408

vn 0.191546 -0.813102 0.549705
f 254/316/409 253/315/409 277/341/409

vn 0.168246 -0.832 0.528649
v 0.134312 0.363855 0.493253
vt 0.65584 0.570105
f 277/341/410 253/315/410 278/342/410

vn 0.0672862 -0.842223 0.534915
v 0 0.408772 0.58087
vt 0.633819 0.58745
f 278/342/411 253/315/411 279/343/411

vn 0.0647053 -0.786612 0.614048
f 253/315/412 28/313/412 279/343/412

vn -0.0647053 -0.786612 0.614048
vt 0.366181 0.58745
f 28/32/413 22/26/413 279/344/413

vn -0.0716277 -0.778452 0.623604
f 28/32/414 24/28/414 22/26/414

vn -0.0672862 -0.842223 0.534915
f 279/344/415 22/26/415 21/25/415

vn -0.059778 -0.848117 0.526426
v 0 0.354089 0.49277
vt 0.366181 0.569804
f 279/344/416 21/25/416 280/345/416

vn -0.0661871 -0.928324 0.365834
v -0.134221 0.32006 0.382138
vt 0.344536 0.550076
f 280/345/417 21/25/417 281/346/417

vn -0.175338 -0.915982 0.36088
f 281/346/418 21/25/418 19/23/418

vn -0.18201 -0.941469 0.283739
v -0.23139 0.293502 0.231684
vt 0.329089 0.524704
f 281/346/419 19/23/419 282/347/419

vn -0.281775 -0.920226 0.271637
f 282/347/420 19/23/420 17/19/420

vn -0.311388 -0.932096 0.185024
v -0.347863 0.297419 0.0553961
vt 0.30959 0.496569
f 282/347/421 17/19/421 283/348/421

vn -0.297311 -0.937061 0.183092
f 17/19/422 15/21/422 283/348/422

vn -0.466638 -0.881082 0.077101
v -0.518719 0.383621 0.00641878
vt 0.278578 0.49178
f 283/348/423 15/21/423 284/349/423

vt 0.111005 0.247078
vn 0.571002 -0.151255 -0.806894
vt 0.081978 0.232941
v -0.519293 0.358963 0.0106349
vt 0.111215 0.242986
f 284/350/424 15/351/424 285/352/424

vn 0.563715 -0.17686 -0.806812
vt 0.081978 0.228109
f 285/352/425 15/351/425 14/353/425

vn 0.636405 0.0280577 -0.770844
v -0.511721 0.306616 0.0149807
vt 0.110932 0.234197
f 285/352/426 14/353/426 286/354/426

vn 0.6013 -0.229205 -0.765443
f 286/354/427 14/353/427 11/11/427

vn 0.6459 -0.113062 -0.755003
f 286/354/428 11/11/428 10/10/428

v -0.666778 0.34162 -0.0399239
vt 0.139073 0.243983
vn 0.292093 -0.179566 -0.939382
f 287/355/429 286/354/429 10/10/429

v -0.672109 0.420337 -0.0556399
vt 0.138419 0.257295
vn 0.295178 -0.167798 -0.940592
f 288/356/430 286/354/430 287/355/430

vn 0.391093 -0.01982 -0.920138
f 288/356/431 285/352/431 286/354/431

v -0.670471 0.47387 -0.062135
vt 0.137479 0.266143
vn 0.352738 -0.123333 -0.927558
f 289/357/432 285/352/432 288/356/432

vn 0.321802 -0.166843 -0.931991
f 289/357/433 284/350/433 285/352/433

v -0.672988 0.511594 -0.0696331
vt 0.136997 0.272579
vn 0.323676 -0.16363 -0.931911
f 290/358/434 284/350/434 289/357/434

vn -0.68378 -0.698123 0.212296
vt 0.244093 0.483836
v -0.518983 0.364213 -0.0582546
vt 0.279279 0.480372
f 284/349/435 290/359/435 291/360/435

vn -0.686428 -0.702885 0.186465
v -0.681571 0.506418 -0.120741
vt 0.242676 0.475082
f 291/360/436 290/359/436 292/361/436

v -0.782554 0.691741 -0.125064
vt 0.20775 0.481416
vn -0.8636 -0.466092 0.192234
f 293/362/437 292/361/437 290/359/437

v -0.696618 0.504104 -0.223519
vt 0.239096 0.457739
vn -0.871032 -0.471404 0.138134
f 294/363/438 292/361/438 293/362/438

vn -0.721508 -0.681755 0.120979
v -0.548013 0.354208 -0.18196
vt 0.274891 0.45961
f 294/363/439 295/364/439 292/361/439

v -0.540055 0.342903 -0.343913
vt 0.274677 0.431849
vn -0.712028 -0.702012 0.014019
f 296/365/440 295/364/440 294/363/440

v -0.39194 0.263129 -0.332161
vt 0.301927 0.431339
vn -0.47618 -0.878529 0.03793
f 297/366/441 295/364/441 296/365/441

vn -0.449071 -0.890481 0.0733454
v -0.394056 0.279197 -0.150035
vt 0.30218 0.46233
f 297/366/442 298/367/442 295/364/442

v -0.260053 0.214737 -0.329626
vt 0.324309 0.43037
vn -0.344728 -0.935413 0.0785217
f 299/368/443 298/367/443 297/366/443

v -0.25972 0.23122 -0.140941
vt 0.324764 0.462241
vn -0.340137 -0.936756 0.0824299
f 300/369/444 298/367/444 299/368/444

vn -0.341587 -0.926308 0.158973
f 300/369/445 283/348/445 298/367/445

v -0.24323 0.257084 0.0499509
vt 0.327383 0.494192
vn -0.348276 -0.924432 0.155337
f 301/370/446 283/348/446 300/369/446

vn -0.342623 -0.916609 0.206005
f 282/347/447 283/348/447 301/370/447

v -0.129713 0.274041 0.228593
vt 0.345884 0.523509
vn -0.178017 -0.962546 0.204487
f 302/371/448 282/347/448 301/370/448

vn -0.172408 -0.944938 0.27815
f 302/371/449 281/346/449 282/347/449

v 0 0.309999 0.380106
vt 0.366181 0.549467
vn -0.067371 -0.956267 0.284629
f 303/372/450 281/346/450 302/371/450

vn -0.064154 -0.929315 0.363672
f 280/345/451 281/346/451 303/372/451

v 0.134221 0.32006 0.382138
vt 0.655464 0.550076
vn 0.064154 -0.929315 0.363672
vt 0.633819 0.569804
vt 0.633819 0.549467
f 304/373/452 280/374/452 303/375/452

vn 0.0661871 -0.928324 0.365834
f 278/342/453 280/374/453 304/373/453

vn 0.059778 -0.848117 0.526426
f 278/342/454 279/343/454 280/374/454

v 0.239766 0.341119 0.38431
vt 0.672987 0.551159
vn 0.175338 -0.915982 0.36088
f 305/376/455 278/342/455 304/373/455

vn 0.177543 -0.91481 0.36277
f 277/341/456 278/342/456 305/376/456

v 0.333527 0.378643 0.398899
vt 0.689483 0.554877
vn 0.301062 -0.887711 0.348327
f 306/377/457 277/341/457 305/376/457

vn 0.355815 -0.844234 0.400831
f 276/340/458 277/341/458 306/377/458

v 0.382064 0.404111 0.41356
vt 0.698448 0.558063
vn 0.323646 -0.852766 0.409931
f 307/378/459 276/340/459 306/377/459

v 0.403438 0.462095 0.489852
vt 0.704132 0.574608
vn 0.469804 -0.761261 0.446952
f 308/379/460 276/340/460 307/378/460

vn 0.464587 -0.750652 0.469766
f 308/379/461 275/339/461 276/340/461

v 0.461856 0.526999 0.546519
vt 0.716713 0.588287
vn 0.426302 -0.781471 0.455598
f 309/380/462 275/339/462 308/379/462

vn 0.419375 -0.748415 0.51381
f 309/380/463 274/338/463 275/339/463

v 0.464061 0.563743 0.594924
vt 0.719344 0.599967
vn 0.430865 -0.728128 0.53309
f 310/381/464 274/338/464 309/380/464

v 0.476908 0.554718 0.649829
vt 0.718883 0.610739
vn 0.360315 -0.903317 -0.232793
f 311/382/465 274/338/465 310/381/465

vn 0.36702 -0.890993 -0.267261
f 311/382/466 273/337/466 274/338/466

v 0.490151 0.539181 0.724611
vt 0.594408 0.020008
vn 0.371583 -0.893691 -0.251479
vt 0.596807 0.005142
f 312/383/467 273/336/467 311/384/467

vn 0.350018 -0.917799 -0.187437
f 312/383/468 272/335/468 273/336/468

v 0.501807 0.525412 0.816219
vt 0.591612 0.036856
vn 0.351507 -0.918178 -0.182735
f 313/385/469 272/335/469 312/383/469

vn 0.349766 -0.919711 -0.178311
f 313/385/470 271/334/470 272/335/470

v 0.509074 0.521653 0.896333
vt 0.589559 0.050824
vn 0.381829 -0.920949 -0.0778484
f 314/386/471 271/334/471 313/385/471

vn 0.382142 -0.920725 -0.0789536
f 314/386/472 270/333/472 271/334/472

v 0.512605 0.530682 0.991385
vt 0.587429 0.066958
vn 0.422314 -0.90373 0.0701658
f 315/387/473 270/333/473 314/386/473

vn 0.420784 -0.904161 0.0737125
f 315/387/474 269/332/474 270/333/474

v 0.515399 0.552087 1.09104
vt 0.5858 0.08389
vn 0.449135 -0.876043 0.175576
f 316/388/475 269/332/475 315/387/475

vn 0.432787 -0.876565 0.210544
f 316/388/476 268/331/476 269/332/476

v 0.519748 0.586011 1.18492
vt 0.585206 0.100306
vn 0.450686 -0.846025 0.284824
f 317/389/477 268/331/477 316/388/477

vn 0.451476 -0.846143 0.283217
f 317/389/478 267/330/478 268/331/478

v 0.527091 0.635561 1.26275
vt 0.586449 0.115415
vn 0.50188 -0.750283 0.430339
f 318/390/479 267/330/479 317/389/479

vn 0.497505 -0.746998 0.441002
f 318/390/480 266/329/480 267/330/480

vn 0.558292 -0.602818 0.570018
f 265/328/481 266/329/481 318/390/481

vn 0.624968 -0.57921 0.523384
f 237/293/482 265/328/482 318/390/482

vn 0.663449 -0.456277 0.592998
f 237/293/483 238/294/483 265/328/483

vn 0.65708 -0.436416 0.614643
f 238/294/484 239/297/484 265/328/484

v 0.603392 0.660537 1.20395
vt 0.601767 0.109219
vn 0.612607 -0.561083 0.556685
f 319/391/485 237/293/485 318/390/485

vn 0.697956 -0.52573 0.486277
f 236/292/486 237/293/486 319/391/486

v 0.652036 0.68041 1.16057
vt 0.612442 0.104565
vn 0.685814 -0.475023 0.551373
f 320/392/487 236/292/487 319/391/487

v 0.668371 0.667139 1.10454
vt 0.61629 0.094907
vn 0.799205 -0.489413 0.348922
f 321/393/488 236/292/488 320/392/488

v 0.709722 0.714126 1.09436
vt 0.627379 0.097055
vn 0.727683 -0.552257 0.406805
f 322/394/489 236/292/489 321/393/489

vn 0.804292 -0.410019 0.430115
f 322/394/490 235/290/490 236/292/490

vt 0.640745 0.095927
vn 0.716192 -0.461642 0.523407
f 230/395/491 235/290/491 322/394/491

vn 0.280603 -0.906383 0.315803
f 231/285/492 235/289/492 230/284/492

vn 0.147677 -0.976842 0.154823
f 231/285/493 234/288/493 235/289/493

vn 0.386178 -0.875696 0.289868
f 232/286/494 234/288/494 231/285/494

vn 0.345081 -0.910245 0.228851
f 232/286/495 233/287/495 234/288/495

vt 0.641336 0.082798
vn 0.723806 -0.658462 0.206233
f 229/396/496 230/395/496 322/394/496

vt 0.616102 0.095649
vn 0.754419 -0.613464 0.233484
v 0.689257 0.662026 1.0236
vt 0.622453 0.081667
vt 0.641318 0.0828091
vt 0.62736 0.0970653
f 321/397/497 323/398/497 229/399/497 322/400/497 

vt 0.622471 0.081657
vn 0.632383 -0.74557 0.210278
v 0.608876 0.602328 1.05367
vt 0.604508 0.082061
f 323/401/498 321/393/498 324/402/498

vn 0.611288 -0.752803 0.244162
v 0.603374 0.625165 1.13785
vt 0.601984 0.096614
f 321/393/499 325/403/499 324/402/499

vn 0.627913 -0.696169 0.347957
f 321/393/500 320/392/500 325/403/500

vn 0.61547 -0.694988 0.371737
f 320/392/501 319/391/501 325/403/501

vn 0.561361 -0.72973 0.390343
f 319/391/502 317/389/502 325/403/502

vn 0.553119 -0.725416 0.409672
f 319/391/503 318/390/503 317/389/503

vn 0.52777 -0.806358 0.26692
f 325/403/504 317/389/504 316/388/504

vn 0.534651 -0.806118 0.253616
f 324/402/505 325/403/505 316/388/505

vn 0.517478 -0.839479 0.165806
f 324/402/506 316/388/506 315/387/506

v 0.613669 0.588785 0.958393
vt 0.607925 0.065998
vn 0.528376 -0.836453 0.145482
f 326/404/507 324/402/507 315/387/507

vn 0.623684 -0.768914 0.140676
f 323/401/508 324/402/508 326/404/508

v 0.703956 0.659023 0.932442
vt 0.628145 0.066536
vn 0.631539 -0.764868 0.127025
f 327/405/509 323/401/509 326/404/509

vn 0.754112 -0.641052 0.142711
f 327/405/510 229/396/510 323/401/510

vt 0.649194 0.067417
vn 0.748575 -0.645353 0.152166
f 221/406/511 229/396/511 327/405/511

vn 0.831766 -0.523646 0.184284
f 221/272/512 222/273/512 229/283/512

v 0.711175 0.658894 0.821431
vt 0.633681 0.048068
vn 0.742152 -0.668435 0.0490399
f 328/407/513 221/406/513 327/405/513

vt 0.65577 0.048259
vn 0.759894 -0.649855 0.0157634
f 220/408/514 221/406/514 328/407/514

v 0.705239 0.66437 0.726354
vt 0.637567 0.032157
vn 0.742348 -0.664648 -0.0846294
f 329/409/515 220/408/515 328/407/515

v 0.783994 0.759813 0.694357
vt 0.659276 0.031672
vn 0.748872 -0.653949 -0.107427
f 330/410/516 220/408/516 329/409/516

vt 0.717951 0.785838
vn 0.904156 -0.413871 -0.105895
f 330/411/517 217/268/517 220/271/517

vn 0.91098 -0.383613 -0.151514
f 216/267/518 217/268/518 330/411/518

v 0.752391 0.764225 0.612648
vt 0.706741 0.766308
vn 0.848144 -0.398093 -0.349532
f 331/412/519 216/267/519 330/411/519

vn 0.852036 -0.423705 -0.307423
f 215/266/520 216/267/520 331/412/520

v 0.756867 0.872945 0.520718
vt 0.720669 0.732477
vn 0.772419 -0.428323 -0.468944
f 332/413/521 215/266/521 331/412/521

v 0.7723 0.989614 0.503547
vt 0.745782 0.715378
vn 0.834444 -0.186689 -0.518508
f 333/414/522 215/266/522 332/413/522

vn 0.887808 -0.120138 -0.444256
f 333/414/523 214/265/523 215/266/523

v 0.756684 1.09833 0.495955
vt 0.769873 0.700258
vn 0.874684 0.0924135 -0.475803
f 334/415/524 214/265/524 333/414/524

vn 0.892977 0.143011 -0.426778
f 334/415/525 209/260/525 214/265/525

vn 0.877956 0.199772 -0.435068
f 208/259/526 209/260/526 334/415/526

v 0.729435 1.08294 0.441518
vt 0.840459 0.599003
vn 0.855004 0.191296 -0.482052
vt 0.840488 0.610739
f 335/416/527 208/258/527 334/417/527

vn 0.837418 0.202597 -0.507628
f 207/257/528 208/258/528 335/416/528

v 0.758322 1.07004 0.33113
vt 0.839912 0.577513
vn 0.904552 0.380568 0.192236
f 336/418/529 207/257/529 335/416/529

v 0.700296 1.18802 0.308717
vt 0.862567 0.57684
vn 0.888676 0.451882 0.0778297
f 337/419/530 207/257/530 336/418/530

vn 0.776654 0.627305 0.0574152
f 206/256/531 207/257/531 337/419/531

vn 0.786486 0.614846 -0.0583509
f 205/255/532 206/256/532 337/419/532

vn 0.870864 0.489278 -0.0469259
v 0.767588 1.05585 0.179497
vt 0.841913 0.549684
f 205/255/533 337/419/533 338/420/533

vn 0.896253 0.443345 0.0132763
f 338/420/534 337/419/534 336/418/534

vn 0.935849 0.351563 0.0242856
v 0.818411 0.918746 0.205779
vt 0.816847 0.549356
f 338/420/535 336/418/535 339/421/535

vn 0.944562 0.322007 0.0641365
v 0.80362 0.931042 0.361869
vt 0.813715 0.57873
f 339/421/536 336/418/536 340/422/536

vn 0.869174 0.358564 0.340541
v 0.746041 0.976102 0.461386
vt 0.821342 0.600967
f 336/418/537 341/423/537 340/422/537

vn 0.954892 0.190745 0.227593
f 336/418/538 335/416/538 341/423/538

vn 0.843842 0.0315497 -0.535664
vt 0.822537 0.610739
f 335/416/539 333/424/539 341/423/539

vn 0.879433 0.0937312 -0.466703
f 335/416/540 334/417/540 333/424/540

vn 0.859725 -0.183854 -0.476519
vt 0.802078 0.610739
f 341/423/541 333/424/541 332/425/541

vn 0.986219 0.00846261 -0.165229
v 0.752201 0.867872 0.492608
vt 0.801833 0.60523
f 341/423/542 332/425/542 342/426/542

vn 0.892555 -0.445826 -0.0677067
v 0.705419 0.764791 0.554652
vt 0.779604 0.610739
f 342/426/543 332/425/543 343/427/543

vn 0.673661 -0.49316 -0.550431
vt 0.696174 0.751216
f 332/413/544 331/412/544 343/428/544

vt 0.659653 0.0171
vn 0.60004 -0.63067 -0.492146
v 0.684903 0.674309 0.645589
vt 0.639909 0.017985
vt 0.657498 0.005142
f 331/429/545 344/430/545 343/431/545

vn 0.703839 -0.640682 -0.306818
f 331/429/546 330/410/546 344/430/546

vn 0.700853 -0.6649 -0.258288
f 344/430/547 330/410/547 329/409/547

v 0.590984 0.601487 0.68661
vt 0.617531 0.0186461
vn 0.529956 -0.815181 -0.233723
vt 0.63938 0.0171326
vt 0.637571 0.0321558
v 0.60882 0.589694 0.768195
vt 0.615161 0.0336631
f 345/432/548 344/433/548 329/434/548 346/435/548 

vn 0.491967 -0.811755 -0.314678
vt 0.617527 0.018647
v 0.566611 0.612686 0.619615
vt 0.618729 0.005142
f 344/430/549 345/436/549 347/437/549

vn 0.443423 -0.843771 -0.302369
f 345/436/550 311/384/550 347/437/550

vn 0.436292 -0.862485 -0.256455
f 345/436/551 312/383/551 311/384/551

vt 0.615157 0.033664
vn 0.45007 -0.864605 -0.223373
f 346/438/552 312/383/552 345/436/552

vn 0.442344 -0.8769 -0.188088
f 346/438/553 313/385/553 312/383/553

v 0.614561 0.584436 0.856272
vt 0.611774 0.048801
vn 0.485302 -0.870342 -0.0835849
f 348/439/554 313/385/554 346/438/554

vn 0.485606 -0.870048 -0.0848733
f 348/439/555 314/386/555 313/385/555

vn 0.522427 -0.851706 0.0408281
f 348/439/556 326/404/556 314/386/556

vn 0.620482 -0.783262 0.0387696
f 327/405/557 326/404/557 348/439/557

vn 0.619184 -0.784166 0.0411786
f 328/407/558 327/405/558 348/439/558

vn 0.588427 -0.803927 -0.0863414
f 328/407/559 348/439/559 346/438/559

vn 0.587435 -0.804999 -0.0830416
f 328/407/560 346/438/560 329/409/560

vn 0.512652 -0.856333 0.0623076
f 326/404/561 315/387/561 314/386/561

vt 0.739157 0.610739
vn 0.44114 -0.84303 -0.307728
v 0.533113 0.612681 0.571609
vt 0.73605 0.599658
f 347/440/562 311/382/562 349/441/562

vn 0.500994 -0.827565 -0.253259
f 349/441/563 311/382/563 310/381/563

vn 0.611489 -0.643407 0.460553
f 349/441/564 310/381/564 309/380/564

vn 0.483444 -0.591119 0.645647
v 0.500639 0.538818 0.5283
vt 0.723846 0.585352
f 349/441/565 309/380/565 350/442/565

vn 0.443927 -0.781817 0.437826
f 350/442/566 309/380/566 308/379/566

vn 0.425381 -0.773973 0.46906
f 350/442/567 308/379/567 307/378/567

vt 0.662642 0.276637
vn -0.440741 -0.32481 0.836807
vt 0.632904 0.250884
v 0.514637 0.504812 0.522473
vt 0.66483 0.270329
f 350/443/568 307/444/568 351/445/568

vn -0.626353 -0.0182826 0.779325
v 0.385387 0.363807 0.415285
vt 0.63369 0.243923
f 351/445/569 307/444/569 352/446/569

v 0.352974 0.339148 0.27371
vt 0.60698 0.238399
vn -0.969676 -0.0699098 0.23418
f 353/447/570 352/446/570 307/444/570

vn -0.973088 -0.0315045 0.228272
v 0.354043 0.307058 0.27384
vt 0.60744 0.232798
f 353/447/571 354/448/571 352/446/571

v 0.37924 0.319441 0.117153
vt 0.585549 0.233478
vn -0.986342 -0.0335186 -0.161262
f 355/449/572 354/448/572 353/447/572

vn -0.974373 -0.149051 -0.168467
v 0.382928 0.291262 0.120753
vt 0.585549 0.228382
f 355/449/573 356/450/573 354/448/573

v 0.519293 0.358963 0.0106348
vt 0.888785 0.242986
vn -0.563715 -0.17686 -0.806812
vt 0.918022 0.228109
vt 0.918022 0.232941
f 357/451/574 356/452/574 355/453/574

vn -0.636405 0.0280565 -0.770845
v 0.511721 0.306616 0.0149807
vt 0.889068 0.234197
f 357/451/575 358/454/575 356/452/575

v 0.672109 0.420337 -0.05564
vt 0.861581 0.257295
vn -0.391093 -0.0198214 -0.920138
f 359/455/576 358/454/576 357/451/576

vn -0.295173 -0.167805 -0.940592
v 0.666778 0.34162 -0.0399235
vt 0.860927 0.243983
f 359/455/577 360/456/577 358/454/577

v 0.810542 0.431008 -0.00995126
vt 0.835204 0.260252
vn 0.320976 -0.206293 -0.924347
f 361/457/578 360/456/578 359/455/578

vn 0.289507 -0.148562 -0.945577
v 0.80515 0.295509 0.00968629
vt 0.833692 0.237529
f 361/457/579 362/458/579 360/456/579

vn 0.766729 -0.121861 -0.630299
v 0.899678 0.343939 0.115312
vt 0.807618 0.24509
f 361/457/580 363/459/580 362/458/580

vn 0.794141 -0.0574225 -0.605015
v 0.893102 0.495173 0.0923269
vt 0.811003 0.270266
f 361/457/581 364/460/581 363/459/581

v 0.808868 0.545048 -0.0273891
vt 0.83748 0.279375
vn 0.79941 -0.0793275 -0.595526
f 365/461/582 364/460/582 361/457/582

vn 0.829494 0.0712819 -0.553948
v 0.870387 0.64486 0.0775744
vt 0.814303 0.295779
f 365/461/583 366/462/583 364/460/583

v 0.792213 0.651154 -0.0402839
vt 0.841174 0.29754
vn 0.83321 0.0640364 -0.549236
f 367/463/584 366/462/584 365/461/584

vn 0.826041 0.164317 -0.539125
v 0.834517 0.781228 0.0641777
vt 0.818385 0.320848
f 367/463/585 368/464/585 366/462/585

v 0.770578 0.701398 -0.0456921
vt 0.844664 0.306681
vn 0.74427 0.254007 -0.617691
f 369/465/586 368/464/586 367/463/586

vn 0.807156 0.142103 -0.572979
v 0.802704 0.884522 0.0449796
vt 0.823111 0.341227
f 369/465/587 370/466/587 368/464/587

v 0.801568 0.853676 -0.119201
vt 0.81884 0.489304
vn 0.982097 -0.186256 0.0282014
vt 0.817995 0.519067
vt 0.790233 0.495252
f 371/467/588 370/468/588 369/469/588

v 0.763229 0.998901 -0.13175
vt 0.843995 0.493215
vn 0.966613 0.250538 -0.0537547
f 372/470/589 370/468/589 371/467/589

vn 0.964827 0.25842 -0.0482542
v 0.762861 1.02903 0.0222413
vt 0.843367 0.521046
f 372/470/590 373/471/590 370/468/590

v 0.698612 1.13185 -0.146361
vt 0.868696 0.496254
vn 0.89989 0.428402 -0.0816677
f 374/472/591 373/471/591 372/470/591

vn 0.892268 0.446387 -0.0677957
f 374/472/592 204/254/592 373/471/592

vn 0.785424 0.612165 -0.0914484
f 374/472/593 203/253/593 204/254/593

v 0.606598 1.24665 -0.15928
vt 0.892937 0.498898
vn 0.781911 0.615745 -0.0973284
f 375/473/594 203/253/594 374/472/594

vn 0.649623 0.752022 -0.111592
v 0.494731 1.36289 -0.0272046
vt 0.91546 0.525374
f 203/253/595 375/473/595 376/474/595

vn 0.629547 0.764347 -0.139443
v 0.485943 1.34386 -0.171163
vt 0.918103 0.501061
f 375/473/596 377/475/596 376/474/596

vn 0.629774 0.765684 -0.130815
v 0.602117 1.2253 -0.305808
vt 0.89537 0.473871
f 375/473/597 378/476/597 377/475/597

vn 0.781458 0.613586 -0.113293
f 378/476/598 375/473/598 374/472/598

vn 0.766768 0.635348 -0.0916482
v 0.697987 1.11084 -0.29721
vt 0.870984 0.469951
f 378/476/599 374/472/599 379/477/599

vn 0.900303 0.430579 -0.0636873
f 379/477/600 374/472/600 372/470/600

vn 0.894296 0.444453 -0.0519317
v 0.766442 0.975048 -0.280563
vt 0.845404 0.466662
f 379/477/601 372/470/601 380/478/601

vn 0.967106 0.253604 -0.0197687
f 380/478/602 372/470/602 371/467/602

vn 0.97458 0.218957 -0.0474566
v 0.800298 0.827921 -0.264114
vt 0.819658 0.463262
f 380/478/603 371/467/603 381/479/603

vn 0.993053 -0.117042 0.0120991
v 0.782554 0.691741 -0.125064
vt 0.79225 0.481416
f 381/479/604 371/467/604 382/480/604

vn 0.979283 -0.120869 0.162466
f 382/480/605 371/467/605 369/469/605

vn 0.8638 -0.467748 0.187246
v 0.672988 0.511594 -0.0696331
vt 0.755907 0.483836
f 382/480/606 369/469/606 383/481/606

vn 0.240195 -0.00105541 -0.970724
vt 0.863003 0.272579
f 369/465/607 367/463/607 383/482/607

vn 0.451349 -0.202837 -0.868988
v 0.670471 0.47387 -0.062135
vt 0.862521 0.266143
f 367/463/608 384/483/608 383/482/608

vn 0.277909 -0.0727832 -0.957846
f 367/463/609 365/461/609 384/483/609

vn 0.293209 -0.106302 -0.95012
f 365/461/610 359/455/610 384/483/610

vn 0.320008 -0.138612 -0.93722
f 365/461/611 361/457/611 359/455/611

vn -0.352739 -0.123333 -0.927558
f 384/483/612 359/455/612 357/451/612

vn -0.321803 -0.166841 -0.931991
v 0.518719 0.383621 0.00641878
vt 0.888995 0.247078
f 384/483/613 357/451/613 385/484/613

vn -0.571003 -0.151254 -0.806894
f 385/484/614 357/451/614 355/453/614

vt 0.721422 0.49178
vn 0.466638 -0.881082 0.0771011
vt 0.695775 0.507429
v 0.347863 0.297419 0.0553962
vt 0.69041 0.496569
f 385/485/615 355/486/615 386/487/615

vn 0.297311 -0.937061 0.183093
v 0.310934 0.324627 0.254615
vt 0.684534 0.529516
f 355/486/616 387/488/616 386/487/616

vn 0.255257 -0.953069 0.1628
vt 0.691674 0.533018
f 355/486/617 353/489/617 387/488/617

vn 0.175707 -0.930672 0.320901
f 353/489/618 306/377/618 387/488/618

vn 0.358104 -0.873023 0.331046
f 307/378/619 306/377/619 353/489/619

vn 0.31668 -0.90354 0.288669
f 306/377/620 305/376/620 387/488/620

vn 0.281775 -0.920226 0.271637
v 0.23139 0.293502 0.231684
vt 0.670911 0.524704
f 387/488/621 305/376/621 388/490/621

vn 0.18201 -0.941469 0.283739
f 305/376/622 304/373/622 388/490/622

vn 0.172408 -0.944938 0.27815
v 0.129713 0.274041 0.228593
vt 0.654116 0.523509
f 388/490/623 304/373/623 389/491/623

vn 0.067371 -0.956267 0.284629
f 304/373/624 303/375/624 389/491/624

vn 0.0660878 -0.956656 0.283623
v 0 0.265212 0.229037
vt 0.632689 0.523271
f 389/491/625 303/375/625 390/492/625

vn -0.0660878 -0.956656 0.283623
vt 0.367311 0.523271
f 303/372/626 302/371/626 390/493/626

vn -0.0668823 -0.971066 0.229255
v -0.127928 0.231237 0.0478071
vt 0.346065 0.492891
f 390/493/627 302/371/627 391/494/627

vn -0.209257 -0.952014 0.223339
f 391/494/628 302/371/628 301/370/628

vn -0.213528 -0.965111 0.15155
v -0.130258 0.202164 -0.140618
vt 0.345663 0.461335
f 391/494/629 301/370/629 392/495/629

vn -0.216882 -0.964691 0.149441
f 392/495/630 301/370/630 300/369/630

vn -0.21839 -0.972126 0.0853049
f 392/495/631 300/369/631 299/368/631

v -0.129403 0.183558 -0.330408
vt 0.345618 0.429409
vn -0.230569 -0.968514 0.0939083
f 393/496/632 392/495/632 299/368/632

v 0 0.194052 -0.141275
vt 0.366181 0.460883
vn -0.0613719 -0.99338 0.0971089
f 394/497/633 392/495/633 393/496/633

v 0 0.223361 0.0463578
vt 0.366181 0.492318
vn -0.0606376 -0.986201 0.154047
f 395/498/634 392/495/634 394/497/634

vn -0.0589969 -0.986474 0.152935
f 395/498/635 391/494/635 392/495/635

vn -0.0573831 -0.973142 0.222939
f 390/493/636 391/494/636 395/498/636

v 0.127928 0.231237 0.0478071
vt 0.653935 0.492891
vn 0.0573831 -0.973142 0.222939
vt 0.633819 0.492318
f 396/499/637 390/492/637 395/500/637

vn 0.0668823 -0.971066 0.229255
f 389/491/638 390/492/638 396/499/638

v 0.24323 0.257084 0.0499509
vt 0.672617 0.494192
vn 0.209257 -0.952014 0.223339
f 397/501/639 389/491/639 396/499/639

vn 0.178017 -0.962546 0.204487
f 397/501/640 388/490/640 389/491/640

vn 0.342623 -0.916609 0.206005
f 386/487/641 388/490/641 397/501/641

vn 0.311388 -0.932096 0.185024
f 386/487/642 387/488/642 388/490/642

vn 0.348275 -0.924432 0.155337
v 0.25972 0.23122 -0.140941
vt 0.675236 0.462241
f 386/487/643 397/501/643 398/502/643

vn 0.216882 -0.964691 0.149441
v 0.130258 0.202164 -0.140618
vt 0.654337 0.461335
f 398/502/644 397/501/644 399/503/644

vn 0.213528 -0.965111 0.15155
f 397/501/645 396/499/645 399/503/645

vn 0.0589969 -0.986474 0.152935
f 399/503/646 396/499/646 395/500/646

vn 0.0606376 -0.986201 0.154047
vt 0.633819 0.460883
f 399/503/647 395/500/647 394/504/647

vn 0.0613719 -0.99338 0.0971089
v 0.129403 0.183558 -0.330408
vt 0.654382 0.429409
f 399/503/648 394/504/648 400/505/648

vn 0.0587318 -0.993712 0.0953211
v 0 0.175869 -0.330838
vt 0.633819 0.429049
f 400/505/649 394/504/649 401/506/649

vn -0.0587318 -0.993712 0.0953211
vt 0.366181 0.429049
f 394/497/650 393/496/650 401/507/650

vn -0.0591687 -0.997658 0.0343131
v -0.121809 0.176591 -0.519887
vt 0.346435 0.39712
f 401/507/651 393/496/651 402/508/651

vn -0.244629 -0.969272 0.0258366
v -0.238427 0.20612 -0.516258
vt 0.326987 0.398174
f 402/508/652 393/496/652 403/509/652

vn -0.231987 -0.972552 0.0180222
f 393/496/653 299/368/653 403/509/653

vn -0.348216 -0.93741 0.00293148
v -0.339458 0.243716 -0.495087
vt 0.30975 0.402653
f 403/509/654 299/368/654 404/510/654

vn -0.344477 -0.938794 0.00089436
f 299/368/655 297/366/655 404/510/655

vn -0.454936 -0.8896 -0.0405481
v -0.499636 0.32322 -0.442214
vt 0.280507 0.413637
f 404/510/656 297/366/656 405/511/656

vn -0.472998 -0.880877 -0.0181105
f 297/366/657 296/365/657 405/511/657

vn -0.687707 -0.712333 -0.140141
v -0.680052 0.495811 -0.434139
vt 0.237387 0.420447
f 405/511/658 296/365/658 406/512/658

vn -0.705056 -0.702538 -0.0966236
v -0.696506 0.500954 -0.351473
vt 0.236935 0.435645
f 406/512/659 296/365/659 407/513/659

vn -0.710995 -0.702999 0.0166835
f 407/513/660 296/365/660 294/363/660

vn -0.894568 -0.446815 0.0102171
v -0.784799 0.67995 -0.25416
vt 0.205506 0.459024
f 407/513/661 294/363/661 408/514/661

vn -0.896371 -0.439784 0.0557571
f 408/514/662 294/363/662 293/362/662

v -0.800298 0.827921 -0.264114
vt 0.180342 0.463262
vn -0.99439 -0.102365 0.0266445
f 409/515/663 408/514/663 293/362/663

v -0.782625 0.674119 -0.373731
vt 0.203028 0.437953
vn -0.994385 -0.105028 -0.0129591
f 410/516/664 408/514/664 409/515/664

vn -0.895648 -0.444732 0.00540476
f 410/516/665 407/513/665 408/514/665

vn -0.878099 -0.455521 -0.146436
f 406/512/666 407/513/666 410/516/666

v -0.77186 0.675069 -0.472247
vt 0.200414 0.419897
vn -0.87675 -0.470364 -0.100335
f 411/517/667 406/512/667 410/516/667

v -0.662531 0.495831 -0.476326
vt 0.238421 0.412038
vn -0.807571 -0.484954 -0.335632
f 412/518/668 406/512/668 411/517/668

vn -0.670349 -0.687704 -0.278739
f 405/511/669 406/512/669 412/518/669

v -0.462542 0.306014 -0.50533
vt 0.286681 0.40174
vn -0.688476 -0.692387 -0.215875
f 413/519/670 405/511/670 412/518/670

v -0.256245 0.236989 -0.668279
vt 0.321154 0.370895
vn -0.215235 -0.966893 0.137085
f 414/520/671 405/511/671 413/519/671

vn -0.488034 -0.849248 -0.201495
f 414/520/672 404/510/672 405/511/672

vn -0.371325 -0.917461 -0.142771
f 403/509/673 404/510/673 414/520/673

v -0.203891 0.221612 -0.678127
vt 0.330804 0.369036
vn -0.305137 -0.939606 -0.155026
f 415/521/674 403/509/674 414/520/674

vn -0.247115 -0.958163 -0.144422
f 402/508/675 403/509/675 415/521/675

v -0.114368 0.203725 -0.688541
vt 0.346584 0.367258
vn -0.211606 -0.963439 -0.164343
f 416/522/676 402/508/676 415/521/676

v 0 0.168254 -0.519722
vt 0.366181 0.396919
vn -0.0671672 -0.984605 -0.161376
f 417/523/677 402/508/677 416/522/677

vn -0.0682789 -0.996857 0.0401861
f 401/507/678 402/508/678 417/523/678

v 0.121809 0.176591 -0.519887
vt 0.653565 0.39712
vn 0.0682789 -0.996857 0.0401861
vt 0.633819 0.396919
f 418/524/679 401/506/679 417/525/679

vn 0.0591687 -0.997658 0.0343131
f 400/505/680 401/506/680 418/524/680

v 0.238427 0.20612 -0.516258
vt 0.673013 0.398174
vn 0.244629 -0.969272 0.0258366
f 419/526/681 400/505/681 418/524/681

v 0.260053 0.214737 -0.329626
vt 0.675691 0.43037
vn 0.231987 -0.972552 0.0180222
f 420/527/682 400/505/682 419/526/682

vn 0.230569 -0.968514 0.0939083
f 420/527/683 399/503/683 400/505/683

vn 0.21839 -0.972126 0.0853049
f 420/527/684 398/502/684 399/503/684

v 0.394056 0.279197 -0.150035
vt 0.69782 0.46233
vn 0.340137 -0.936756 0.0824299
f 421/528/685 398/502/685 420/527/685

vn 0.341587 -0.926308 0.158973
f 421/528/686 386/487/686 398/502/686

v 0.518983 0.364213 -0.0582546
vt 0.720721 0.480372
vn 0.459329 -0.869748 0.180431
f 422/529/687 386/487/687 421/528/687

vn 0.492523 -0.833018 0.251996
f 422/529/688 385/485/688 386/487/688

vn 0.68378 -0.698123 0.212296
f 383/481/689 385/485/689 422/529/689

vn -0.323676 -0.16363 -0.931911
f 383/482/690 384/483/690 385/484/690

v 0.681571 0.506418 -0.120741
vt 0.757324 0.475082
vn 0.686428 -0.702885 0.186465
f 423/530/691 383/481/691 422/529/691

vn 0.8636 -0.466092 0.192234
f 382/480/692 383/481/692 423/530/692

v 0.696618 0.504104 -0.223519
vt 0.760903 0.457739
vn 0.871032 -0.471404 0.138134
f 424/531/693 382/480/693 423/530/693

v 0.784799 0.67995 -0.25416
vt 0.794494 0.459024
vn 0.896371 -0.439784 0.0557571
f 425/532/694 382/480/694 424/531/694

vn 0.99439 -0.102365 0.0266445
f 381/479/695 382/480/695 425/532/695

v 0.782625 0.674119 -0.373731
vt 0.796972 0.437953
vn 0.994385 -0.105028 -0.0129591
f 426/533/696 381/479/696 425/532/696

v 0.795106 0.81738 -0.412778
vt 0.823208 0.436772
vn 0.995143 -0.0943504 -0.0280633
f 427/534/697 381/479/697 426/533/697

vn 0.974531 0.218712 -0.0495412
f 427/534/698 380/478/698 381/479/698

v 0.763374 0.957542 -0.435216
vt 0.848772 0.439243
vn 0.975871 0.213957 -0.0435794
f 428/535/699 380/478/699 427/534/699

vn 0.894217 0.442465 -0.0678247
f 428/535/700 379/477/700 380/478/700

v 0.692526 1.09034 -0.451912
vt 0.874462 0.443133
vn 0.8833 0.459671 -0.0921094
f 429/536/701 379/477/701 428/535/701

v 0.591467 1.20452 -0.45942
vt 0.899294 0.447992
vn 0.747691 0.65434 -0.113126
f 430/537/702 379/477/702 429/536/702

vn 0.764345 0.629819 -0.138222
f 430/537/703 378/476/703 379/477/703

vn 0.61453 0.774985 -0.14748
v 0.479374 1.32056 -0.316685
vt 0.920391 0.476612
f 378/476/704 430/537/704 431/538/704

vn 0.589593 0.787935 -0.177591
v 0.467817 1.29494 -0.468739
vt 0.9237 0.451384
f 430/537/705 432/539/705 431/538/705

vn 0.588215 0.783848 -0.19896
v 0.574899 1.17787 -0.613397
vt 0.904101 0.422111
f 430/537/706 433/540/706 432/539/706

vn 0.741217 0.643481 -0.191129
f 433/540/707 430/537/707 429/536/707

vn 0.717644 0.679011 -0.1547
v 0.678119 1.06961 -0.609717
vt 0.879936 0.415854
f 433/540/708 429/536/708 434/541/708

vn 0.847574 0.51064 -0.144448
v 0.750179 0.9536 -0.597009
vt 0.856362 0.410842
f 434/541/709 429/536/709 435/542/709

vn 0.883533 0.460904 -0.0832887
f 435/542/710 429/536/710 428/535/710

vn 0.965842 0.244887 -0.0847379
v 0.784748 0.824522 -0.576014
vt 0.831397 0.40716
f 435/542/711 428/535/711 436/543/711

vn 0.975747 0.212482 -0.0526188
f 436/543/712 428/535/712 427/534/712

vn 0.988761 -0.132863 -0.0685553
v 0.77186 0.675069 -0.472247
vt 0.799586 0.419897
f 436/543/713 427/534/713 437/544/713

vn 0.987283 -0.115724 -0.108993
f 437/544/714 427/534/714 426/533/714

vn 0.87675 -0.470364 -0.100335
v 0.680052 0.495811 -0.434139
vt 0.762613 0.420447
f 437/544/715 426/533/715 438/545/715

vn 0.878099 -0.455521 -0.146436
v 0.696506 0.500954 -0.351473
vt 0.763065 0.435645
f 438/545/716 426/533/716 439/546/716

vn 0.895648 -0.444732 0.00540476
f 426/533/717 425/532/717 439/546/717

vn 0.894568 -0.446815 0.0102171
f 439/546/718 425/532/718 424/531/718

vn 0.710995 -0.702999 0.0166835
v 0.540055 0.342903 -0.343913
vt 0.725323 0.431849
f 439/546/719 424/531/719 440/547/719

vn 0.712028 -0.702012 0.014019
v 0.548013 0.354208 -0.18196
vt 0.725109 0.45961
f 440/547/720 424/531/720 441/548/720

vn 0.721508 -0.681755 0.120979
f 424/531/721 423/530/721 441/548/721

vn 0.688613 -0.691728 0.217541
f 423/530/722 422/529/722 441/548/722

vn 0.460626 -0.869478 0.178416
f 441/548/723 422/529/723 421/528/723

vn 0.449071 -0.890481 0.0733454
v 0.39194 0.263129 -0.332161
vt 0.698073 0.431339
f 441/548/724 421/528/724 442/549/724

vn 0.344728 -0.935413 0.0785217
f 421/528/725 420/527/725 442/549/725

vn 0.344477 -0.938794 0.00089436
v 0.339458 0.243716 -0.495087
vt 0.69025 0.402653
f 442/549/726 420/527/726 443/550/726

vn 0.348216 -0.93741 0.00293148
f 443/550/727 420/527/727 419/526/727

vn 0.371325 -0.917461 -0.142771
v 0.256245 0.236989 -0.668279
vt 0.678846 0.370895
f 443/550/728 419/526/728 444/551/728

vn 0.305137 -0.939606 -0.155026
v 0.203891 0.221612 -0.678127
vt 0.669196 0.369036
f 444/551/729 419/526/729 445/552/729

vn 0.247115 -0.958163 -0.144422
f 419/526/730 418/524/730 445/552/730

vn 0.211606 -0.963439 -0.164343
v 0.114368 0.203725 -0.688541
vt 0.653416 0.367258
f 445/552/731 418/524/731 446/553/731

vn 0.0671672 -0.984605 -0.161376
f 418/524/732 417/525/732 446/553/732

vn 0.0546932 -0.983978 -0.169695
v 0 0.197891 -0.691568
vt 0.633819 0.366591
f 446/553/733 417/525/733 447/554/733

vn -0.0546932 -0.983978 -0.169695
vt 0.366181 0.366591
f 417/523/734 416/522/734 447/555/734

vn -0.0565525 -0.951407 -0.302698
v -0.108842 0.254798 -0.850097
vt 0.346396 0.33665
f 447/555/735 416/522/735 448/556/735

vn -0.187258 -0.934765 -0.301908
v -0.197225 0.272318 -0.849526
vt 0.329895 0.336453
f 448/556/736 416/522/736 449/557/736

vn -0.219548 -0.933165 -0.284607
f 416/522/737 415/521/737 449/557/737

vn -0.323699 -0.90379 -0.279967
v -0.253477 0.292738 -0.850405
vt 0.318841 0.335875
f 449/557/738 415/521/738 450/558/738

vn -0.318811 -0.904942 -0.28185
f 415/521/739 414/520/739 450/558/739

vn -0.384868 -0.880897 -0.275494
v -0.281767 0.30449 -0.848462
vt 0.313124 0.336052
f 450/558/740 414/520/740 451/559/740

vn -0.412775 -0.870609 -0.267687
v -0.299098 0.255824 -0.663458
vt 0.313081 0.37194
f 414/520/741 452/560/741 451/559/741

vn -0.411556 -0.900641 -0.139526
f 414/520/742 413/519/742 452/560/742

vt 0.293118 0.065505
vn 0.692846 -0.015086 0.720928
v -0.458343 0.276471 -0.509984
vt 0.293553 0.060318
vt 0.325536 0.052959
f 413/561/743 453/562/743 452/563/743

v -0.646557 0.434785 -0.472521
vt 0.262467 0.090092
vn 0.0745816 -0.144807 0.986645
f 454/564/744 453/562/744 413/561/744

vn 0.159692 -0.0435177 0.986207
v -0.63404 0.370083 -0.477403
vt 0.263732 0.078793
f 454/564/745 455/565/745 453/562/745

v -0.767232 0.484337 -0.511584
vt 0.240362 0.099692
vn -0.356058 -0.13861 0.924127
f 456/566/746 455/565/746 454/564/746

vn -0.313692 -0.0827036 0.945916
v -0.759816 0.371028 -0.519031
vt 0.240253 0.080081
f 456/566/747 457/567/747 455/565/747

v -0.847733 0.420853 -0.626603
vt 0.215774 0.088622
vn -0.791399 -0.0915268 0.604409
f 458/568/748 457/567/748 456/566/748

v -0.841934 0.29018 -0.635251
vt 0.214853 0.066016
vn -0.788916 -0.0753736 0.609861
f 459/569/749 457/567/749 458/568/749

vn -0.764009 -0.131894 0.63158
v -0.749785 0.261841 -0.529699
vt 0.240152 0.06089
f 459/569/750 460/570/750 457/567/750

v -0.830979 0.186827 -0.643209
vt 0.214383 0.047427
vn -0.763943 -0.129647 0.632126
f 461/571/751 460/570/751 459/569/751

vn -0.744486 -0.170817 0.645416
v -0.738932 0.170756 -0.541287
vt 0.240217 0.044315
f 461/571/752 462/572/752 460/570/752

v -0.804682 0.089455 -0.655366
vt 0.214552 0.027999
vn -0.734595 -0.275782 0.619931
f 463/573/753 462/572/753 461/571/753

vn -0.712393 -0.308404 0.630384
v -0.718894 0.0942525 -0.55607
vt 0.241536 0.029187
f 463/573/754 464/574/754 462/572/754

v -0.768513 0 -0.664594
vt 0.216899 0.005808
vn -0.70111 -0.3477 0.622534
f 465/575/755 464/574/755 463/573/755

vn -0.622033 -0.427699 0.655857
v -0.6872 0 -0.587474
vt 0.243702 0.005808
f 464/574/756 465/575/756 466/576/756

v -0.505447 0 -0.957163
vt 0.433071 0.245453
vn 0 -1 -0
v -0.406052 0 -0.895617
vt 0.46371 0.248454
v -0.368905 0 -0.785541
vt 0.485274 0.270153
v -0.387132 0 -0.66833
vt 0.494581 0.29997
v -0.480571 0 -0.578101
vt 0.482979 0.332145
v -0.58436 0 -0.561945
vt 0.460327 0.348017
vt 0.433058 0.353928
vt 0.404884 0.345146
v -0.800943 0 -0.766684
vt 0.385362 0.324787
v -0.787494 0 -0.861324
vt 0.377548 0.300859
v -0.725742 0 -0.936742
vt 0.383382 0.275864
v -0.611896 0 -0.977069
vt 0.405602 0.253112
f 467/577/757 468/578/757 469/579/757 470/580/757 471/581/757 472/582/757 466/583/757 465/584/757 473/585/757 474/586/757 475/587/757 476/588/757 

v -0.389407 0.0562493 -0.925228
vt 0.059669 0.021357
vn 0.450763 -0.516606 -0.727963
vt 0.057395 0.005808
vt 0.085711 0.005808
f 477/589/758 468/590/758 467/591/758

vn 0.836583 -0.427745 -0.342292
v -0.338419 0.0585422 -0.803476
vt 0.032807 0.019993
f 477/589/759 478/592/759 468/590/759

vn 0.844099 -0.409799 -0.345778
v -0.322374 0.0979185 -0.810974
vt 0.033165 0.028028
f 477/589/760 479/593/760 478/592/760

v -0.375592 0.11159 -0.943696
vt 0.060129 0.032928
vn 0.859726 -0.3414 -0.379892
f 480/594/761 479/593/761 477/589/761

vn 0.854607 -0.354744 -0.379214
v -0.309136 0.139331 -0.819879
vt 0.033672 0.035995
f 480/594/762 481/595/762 479/593/762

v -0.361767 0.172693 -0.958286
vt 0.05979 0.044592
vn 0.868408 -0.29215 -0.400645
f 482/596/763 481/595/763 480/594/763

vn 0.86232 -0.307771 -0.402096
v -0.297759 0.180099 -0.826686
vt 0.033814 0.043464
f 482/596/764 483/597/764 481/595/764

v -0.350553 0.232294 -0.96885
vt 0.059107 0.055257
vn 0.878504 -0.238646 -0.413858
f 484/598/765 483/597/765 482/596/765

vn 0.868491 -0.264108 -0.419488
v -0.287127 0.225706 -0.833387
vt 0.033872 0.051469
f 484/598/766 485/599/766 483/597/766

v -0.341848 0.297083 -0.98141
vt 0.058712 0.066435
vn 0.883418 -0.200769 -0.423396
f 486/600/767 485/599/767 484/598/767

vn 0.894406 -0.171192 -0.413196
v -0.281945 0.271175 -0.841009
vt 0.034128 0.059152
f 486/600/768 487/601/768 485/599/768

v -0.332862 0.367896 -0.992114
vt 0.057768 0.078191
vn 0.893311 -0.175882 -0.413595
f 488/602/769 487/601/769 486/600/769

vn 0.92581 -0.0872143 -0.36779
vt 0.034583 0.064722
f 488/602/770 451/603/770 487/601/770

vn 0.935552 -0.0408997 -0.350812
v -0.329992 0.416949 -0.990178
vt 0.056246 0.086017
f 488/602/771 489/604/771 451/603/771

v -0.446288 0.47246 -1.0862
vt 0.080577 0.097994
vn 0.634773 -0.00665488 -0.77267
f 490/605/772 489/604/772 488/602/772

v -0.435005 0.541071 -1.08305
vt 0.077782 0.109591
vn 0.616583 -0.0653519 -0.784573
f 491/606/773 489/604/773 490/605/773

v -0.400568 0.574764 -1.07785
vt 0.07591 0.263805
vn 0.415907 -0.292404 -0.861117
vt 0.062905 0.226124
vt 0.083753 0.257868
f 492/607/774 489/608/774 491/609/774

vn -0.174868 -0.536767 -0.82541
v -0.298308 0.402361 -0.987405
vt 0.056692 0.223232
f 492/607/775 493/610/775 489/608/775

vn -0.304056 -0.577749 -0.757467
v -0.275773 0.471736 -1.04937
vt 0.05154 0.241557
f 492/607/776 494/611/776 493/610/776

vn -0.200153 -0.478807 -0.8548
v -0.303992 0.55897 -1.09162
vt 0.056472 0.260826
f 492/607/777 495/612/777 494/611/777

v -0.306619 0.67756 -1.106
vt 0.055939 0.28397
vn -0.159636 -0.122287 -0.979573
f 496/613/778 495/612/778 492/607/778

vn -0.143489 -0.122232 -0.982074
v -0.205718 0.667253 -1.11946
vt 0.037488 0.281265
f 496/613/779 497/614/779 495/612/779

v -0.206498 0.781253 -1.11454
vt 0.036822 0.302058
vn -0.127901 0.0418905 -0.990902
f 498/615/780 497/614/780 496/613/780

vn -0.0694093 0.0425398 -0.996681
v -0.1051 0.778936 -1.1217
vt 0.019307 0.300872
f 498/615/781 499/616/781 497/614/781

v -0.10814 0.89313 -1.09488
vt 0.019372 0.32135
vn -0.0634589 0.226519 -0.971937
f 500/617/782 499/616/782 498/615/782

v 0 0.894812 -1.09683
vt -2.51535e-017 0.321289
vn -0.0210139 0.228 -0.973434
f 501/618/783 499/616/783 500/617/783

vt 8.67362e-019 0.321289
vn -0.0177949 0.225232 -0.974143
v 0 0.778144 -1.1238
vt 1.73472e-018 0.300485
f 501/619/784 502/620/784 499/616/784

vt 1 0.321289
vn 0.0177949 0.225232 -0.974143
v 0.1051 0.778936 -1.1217
vt 0.980692 0.300872
vt 1 0.300485
f 501/621/785 503/622/785 502/623/785

vn 0.0210139 0.228 -0.973434
v 0.10814 0.89313 -1.09488
vt 0.980627 0.32135
f 501/621/786 504/624/786 503/622/786

v 0 1.00635 -1.04608
vt 1 0.342019
vn 0.0227682 0.414022 -0.909982
f 505/625/787 504/624/787 501/621/787

vn 0.0235477 0.414637 -0.909682
v 0.115007 1.00239 -1.04491
vt 0.97997 0.341778
f 505/625/788 506/626/788 504/624/788

v 0 1.11195 -0.971141
vt 1 0.363361
vn 0.0282314 0.578502 -0.815193
f 507/627/789 506/626/789 505/625/789

vn 0.0306805 0.5802 -0.813896
v 0.125489 1.1057 -0.970867
vt 0.978775 0.362858
f 507/627/790 508/628/790 506/626/790

v 0 1.2118 -0.87343
vt 1 0.38581
vn 0.0363775 0.698939 -0.714255
f 509/629/791 508/628/791 507/627/791

vn 0.0410759 0.701737 -0.711251
v 0.139913 1.20519 -0.871873
vt 0.977024 0.385602
f 509/629/792 510/630/792 508/628/792

vn 0.0453395 0.827755 -0.559255
v 0 1.29235 -0.754202
vt 1 0.408646
f 510/630/793 509/629/793 511/631/793

vt -1.56125e-017 0.38581
vn -0.0453395 0.827755 -0.559255
v -0.139913 1.20519 -0.871873
vt 0.022976 0.385602
vt -1.73472e-017 0.408646
f 509/632/794 512/633/794 511/634/794

vt -1.66533e-016 0.38581
vn -0.0410759 0.701737 -0.711251
v -0.125489 1.1057 -0.970867
vt 0.021225 0.362858
f 509/635/795 513/636/795 512/633/795

vt 5.20417e-018 0.38581
vn -0.0363775 0.698939 -0.714255
vt 3.46945e-018 0.363361
f 509/637/796 507/638/796 513/636/796

vt -5.0307e-017 0.363361
vn -0.0306805 0.5802 -0.813896
v -0.115007 1.00239 -1.04491
vt 0.02003 0.341778
f 507/639/797 514/640/797 513/636/797

vt 0 0.363361
vn -0.0282314 0.578502 -0.815193
vt -8.67362e-019 0.342019
f 507/641/798 505/642/798 514/640/798

vt -4.85723e-017 0.342019
vn -0.0235477 0.414637 -0.909682
f 505/643/799 500/617/799 514/640/799

vt -6.93889e-018 0.342019
vn -0.0227682 0.414022 -0.909982
vt -6.93889e-018 0.321289
f 505/644/800 501/645/800 500/617/800

vn -0.0768033 0.410752 -0.908506
v -0.211124 0.887329 -1.0888
vt 0.036739 0.3214
f 514/640/801 500/617/801 515/646/801

vn -0.0703885 0.232288 -0.970097
f 500/617/802 498/615/802 515/646/802

vn -0.117939 0.229266 -0.966192
v -0.301663 0.787179 -1.10151
vt 0.053638 0.304494
f 515/646/803 498/615/803 516/647/803

vn -0.13259 0.0464855 -0.99008
f 516/647/804 498/615/804 496/613/804

vn -0.172018 0.0480161 -0.983923
v -0.402798 0.70202 -1.08799
vt 0.074073 0.290181
f 516/647/805 496/613/805 517/648/805

vn -0.203362 -0.0812697 -0.975725
f 517/648/806 496/613/806 492/607/806

v -0.533596 0.745663 -1.0837
vt 0.098713 0.302491
vn -0.0593838 -0.0802817 -0.995002
f 518/649/807 517/648/807 492/607/807

v -0.496321 0.799208 -1.07034
vt 0.089747 0.312129
vn 0.0400149 0.215718 -0.975635
f 519/650/808 517/648/808 518/649/808

v -0.385943 0.808774 -1.08209
vt 0.068743 0.310511
vn -0.111825 0.0724112 -0.991086
f 520/651/809 517/648/809 519/650/809

vn -0.202792 0.08591 -0.975446
f 520/651/810 516/647/810 517/648/810

v -0.301643 0.879853 -1.07664
vt 0.052431 0.321861
vn -0.15429 0.256132 -0.954249
f 521/652/811 516/647/811 520/651/811

vn -0.149445 0.256324 -0.954968
f 515/646/812 516/647/812 521/652/812

v -0.225019 0.988571 -1.04311
vt 0.038143 0.340589
vn -0.154122 0.388816 -0.908333
f 522/653/813 515/646/813 521/652/813

vn -0.0655519 0.403008 -0.912846
f 514/640/814 515/646/814 522/653/814

vn -0.0854875 0.574655 -0.813919
f 513/636/815 514/640/815 522/653/815

vn -0.0755911 0.569203 -0.818715
v -0.246397 1.08735 -0.972457
vt 0.040647 0.361074
f 513/636/816 522/653/816 523/654/816

vn -0.160328 0.551026 -0.818941
v -0.323223 0.966716 -1.03859
vt 0.054816 0.338769
f 523/654/817 522/653/817 524/655/817

vn -0.12511 0.371906 -0.919801
f 522/653/818 521/652/818 524/655/818

vn -0.164428 0.361281 -0.917845
v -0.364198 0.874659 -1.06748
vt 0.063544 0.322514
f 524/655/819 521/652/819 525/656/819

vn -0.161202 0.264076 -0.950935
f 521/652/820 520/651/820 525/656/820

vn -0.165868 0.265358 -0.949775
v -0.457274 0.872345 -1.05187
vt 0.080295 0.325227
f 525/656/821 520/651/821 526/657/821

vn -0.127002 0.305997 -0.943523
f 526/657/822 520/651/822 519/650/822

v -0.592605 0.878523 -1.00942
vt 0.104991 0.334104
vn -0.263327 0.365928 -0.892612
f 527/658/823 526/657/823 519/650/823

v -0.530708 0.948472 -0.991791
vt 0.091188 0.344638
vn -0.250616 0.439154 -0.862749
f 528/659/824 526/657/824 527/658/824

vn -0.260555 0.430633 -0.864099
v -0.401729 0.932853 -1.03847
vt 0.068899 0.334874
f 528/659/825 529/660/825 526/657/825

v -0.4529 1.01 -0.979863
vt 0.075913 0.352773
vn -0.24756 0.476569 -0.843562
f 530/661/826 529/660/826 528/659/826

v -0.357365 1.05669 -0.975817
vt 0.059008 0.357907
vn -0.208725 0.499999 -0.840497
f 531/662/827 529/660/827 530/661/827

vn -0.217622 0.501568 -0.837299
f 531/662/828 524/655/828 529/660/828

vn -0.122847 0.536064 -0.835191
f 523/654/829 524/655/829 531/662/829

v -0.273116 1.18153 -0.87727
vt 0.043909 0.383105
vn -0.165502 0.677439 -0.716719
f 532/663/830 523/654/830 531/662/830

vn -0.0944035 0.694312 -0.713456
f 512/633/831 523/654/831 532/663/831

vn -0.0960781 0.695034 -0.712528
f 512/633/832 513/636/832 523/654/832

vn -0.124735 0.827287 -0.547757
v -0.29386 1.25742 -0.757921
vt 0.046593 0.405857
f 512/633/833 532/663/833 533/664/833

vn -0.26987 0.790601 -0.549655
v -0.428841 1.20926 -0.760921
vt 0.068613 0.402021
f 532/663/834 534/665/834 533/664/834

vn -0.238753 0.822836 -0.515691
v -0.396898 1.14162 -0.883648
vt 0.064044 0.379086
f 532/663/835 535/666/835 534/665/835

vn -0.183584 0.682402 -0.707548
f 532/663/836 531/662/836 535/666/836

vn -0.283342 0.641628 -0.712763
f 535/666/837 531/662/837 530/661/837

vn -0.312666 0.643683 -0.698507
v -0.508729 1.08291 -0.887692
vt 0.083717 0.373571
f 535/666/838 530/661/838 536/667/838

vn -0.371097 0.605701 -0.703856
f 536/667/839 530/661/839 528/659/839

vn -0.417848 0.597962 -0.683991
v -0.602163 1.00947 -0.894809
vt 0.102317 0.36598
f 536/667/840 528/659/840 537/668/840

vn -0.463437 0.555168 -0.690662
v -0.67641 0.936206 -0.903884
vt 0.11896 0.357691
f 537/668/841 528/659/841 538/669/841

vn -0.457425 0.575569 -0.677852
f 528/659/842 527/658/842 538/669/842

vn -0.528277 0.494823 -0.689981
v -0.734494 0.858004 -0.915495
vt 0.134626 0.347909
f 538/669/843 527/658/843 539/670/843

vn -0.521094 0.5257 -0.672384
v -0.641789 0.80949 -1.02527
vt 0.117505 0.323104
f 527/658/844 540/671/844 539/670/844

vn -0.248787 0.381705 -0.890172
f 527/658/845 519/650/845 540/671/845

vn -0.24667 0.392881 -0.885889
f 540/671/846 519/650/846 518/649/846

vn -0.281106 0.343761 -0.895995
v -0.676897 0.750354 -1.03694
vt 0.127735 0.31311
f 540/671/847 518/649/847 541/672/847

vn -0.290337 0.272929 -0.917177
v -0.553809 0.660885 -1.10253
vt 0.105764 0.285449
f 541/672/848 518/649/848 542/673/848

vn 0.241478 0.155178 -0.957919
f 518/649/849 492/607/849 542/673/849

vn 0.155379 -0.00659578 -0.987833
f 542/673/850 492/607/850 491/609/850

vt 0.099737 0.131789
vn 0.22193 0.0617896 -0.973103
v -0.57721 0.583928 -1.11276
vt 0.103611 0.117698
f 542/674/851 491/606/851 543/675/851

vn 0.207615 0.0107937 -0.978151
f 543/675/852 491/606/852 490/605/852

vn 0.168371 -0.0369392 -0.985031
v -0.600362 0.477451 -1.11272
vt 0.107529 0.099495
f 543/675/853 490/605/853 544/676/853

vn 0.164741 -0.118182 -0.979231
v -0.457756 0.382984 -1.07733
vt 0.082865 0.082934
f 544/676/854 490/605/854 545/677/854

vn 0.544535 -0.151564 -0.824931
f 490/605/855 488/602/855 545/677/855

vn 0.537127 -0.192305 -0.821288
f 545/677/856 488/602/856 486/600/856

vn 0.523606 -0.214232 -0.824586
v -0.468297 0.297642 -1.06185
vt 0.084407 0.06826
f 545/677/857 486/600/857 546/678/857

vn 0.521707 -0.22939 -0.821707
f 546/678/858 486/600/858 484/598/858

vn 0.512795 -0.246417 -0.822387
v -0.475864 0.215539 -1.04197
vt 0.085057 0.053539
f 546/678/859 484/598/859 547/679/859

vn 0.512909 -0.242463 -0.82349
f 484/598/860 482/596/860 547/679/860

vn 0.505567 -0.260269 -0.822595
v -0.482846 0.130046 -1.01921
vt 0.085355 0.037336
f 547/679/861 482/596/861 548/680/861

vn 0.511885 -0.30736 -0.802187
f 482/596/862 480/594/862 548/680/862

vn 0.493916 -0.362784 -0.790212
v -0.492176 0.0572049 -0.991598
vt 0.085541 0.02189
f 548/680/863 480/594/863 549/681/863

vn 0.498441 -0.383839 -0.777318
f 480/594/864 477/589/864 549/681/864

vn 0.455059 -0.534353 -0.712312
f 549/681/865 477/589/865 467/591/865

vn 0.155219 -0.535661 -0.830045
vt 0.112417 0.005808
f 549/681/866 467/591/866 476/682/866

v -0.613456 0.0596984 -1.01644
vt 0.1119 0.023364
vn 0.158096 -0.540711 -0.826219
f 550/683/867 549/681/867 476/682/867

vn 0.179225 -0.368684 -0.912113
f 548/680/868 549/681/868 550/683/868

v -0.61661 0.148572 -1.05386
vt 0.111627 0.042111
vn 0.183227 -0.375967 -0.908337
f 551/684/869 548/680/869 550/683/869

vn 0.206758 -0.26742 -0.941136
f 547/679/870 548/680/870 551/684/870

v -0.617543 0.249932 -1.08041
vt 0.111165 0.060775
vn 0.197552 -0.246723 -0.948737
f 552/685/871 547/679/871 551/684/871

vn 0.19721 -0.247875 -0.948507
f 546/678/872 547/679/872 552/685/872

v -0.609966 0.366212 -1.10046
vt 0.109407 0.080799
vn 0.177412 -0.178426 -0.967827
f 553/686/873 546/678/873 552/685/873

vn 0.168409 -0.196015 -0.966031
f 545/677/874 546/678/874 553/686/874

vn 0.162246 -0.121932 -0.979188
f 544/676/875 545/677/875 553/686/875

vn -0.363171 -0.0710397 -0.92901
v -0.762478 0.423596 -1.04523
vt 0.137406 0.089837
f 544/676/876 553/686/876 554/687/876

vn -0.373103 -0.104269 -0.921912
v -0.765764 0.285742 -1.02831
vt 0.139051 0.066611
f 554/687/877 553/686/877 555/688/877

vn -0.357642 -0.135989 -0.923904
f 553/686/878 552/685/878 555/688/878

vn -0.367657 -0.200426 -0.908107
v -0.758142 0.170025 -1.00585
vt 0.139967 0.045884
f 555/688/879 552/685/879 556/689/879

vn -0.344304 -0.240885 -0.90743
f 552/685/880 551/684/880 556/689/880

vn -0.347969 -0.34483 -0.871785
v -0.744093 0.0665058 -0.970514
vt 0.141506 0.024619
f 556/689/881 551/684/881 557/690/881

vn -0.324607 -0.376818 -0.867548
f 551/684/882 550/683/882 557/690/882

vn -0.305722 -0.529711 -0.791164
f 557/690/883 550/683/883 476/682/883

vn -0.289987 -0.495724 -0.818636
vt 0.142303 0.005808
f 557/690/884 476/682/884 475/691/884

vn -0.709622 -0.464735 -0.529582
v -0.810486 0.0760816 -0.889953
vt 0.163819 0.025845
f 557/690/885 475/691/885 558/692/885

vn -0.69964 -0.426995 -0.572869
vt 0.16727 0.005808
f 475/691/886 474/693/886 558/692/886

vn -0.921633 -0.345217 -0.17725
v -0.83676 0.0855066 -0.771695
vt 0.189397 0.027287
f 558/692/887 474/693/887 559/694/887

vn -0.911846 -0.389544 -0.129582
vt 0.190932 0.005808
f 474/693/888 473/695/888 559/694/888

vn -0.89612 -0.360163 0.259328
f 559/694/889 473/695/889 463/573/889

vn -0.879779 -0.384553 0.279477
f 473/695/890 465/575/890 463/573/890

vn -0.922385 -0.28205 0.263919
f 559/694/891 463/573/891 461/571/891

v -0.859671 0.189489 -0.773031
vt 0.189316 0.047822
vn -0.955977 -0.207974 0.207016
f 560/696/892 559/694/892 461/571/892

v -0.836186 0.185033 -0.907849
vt 0.163488 0.047785
vn -0.963441 -0.214343 -0.160743
f 561/697/893 559/694/893 560/696/893

vn -0.948055 -0.254893 -0.190319
f 561/697/894 558/692/894 559/694/894

vn -0.772007 -0.276144 -0.572494
f 556/689/895 558/692/895 561/697/895

vn -0.753014 -0.301799 -0.584711
f 556/689/896 557/690/896 558/692/896

vn -0.783539 -0.167703 -0.598283
f 555/688/897 556/689/897 561/697/897

vn -0.786853 -0.162042 -0.595487
v -0.849577 0.303103 -0.922284
vt 0.1628 0.068838
f 555/688/898 561/697/898 562/698/898

vn -0.979806 -0.129726 -0.152156
v -0.871779 0.304368 -0.780392
vt 0.188257 0.068443
f 562/698/899 561/697/899 563/699/899

vn -0.979381 -0.113916 -0.166839
f 561/697/900 560/696/900 563/699/900

vn -0.977182 -0.0906873 0.192071
f 563/699/901 560/696/901 459/569/901

vn -0.969995 -0.119135 0.211935
f 560/696/902 461/571/902 459/569/902

vn -0.97902 -0.0564048 0.1958
f 563/699/903 459/569/903 458/568/903

v -0.869704 0.449105 -0.78389
vt 0.187808 0.093331
vn -0.989792 0.0176088 0.141424
f 564/700/904 563/699/904 458/568/904

vn -0.987911 0.0104266 -0.154673
f 562/698/905 563/699/905 564/700/905

v -0.845718 0.449009 -0.938073
vt 0.160663 0.093455
vn -0.98807 0.00949456 -0.153713
f 565/701/906 562/698/906 564/700/906

vn -0.794027 -0.0446056 -0.606243
f 554/687/907 562/698/907 565/701/907

vn -0.787712 -0.0565193 -0.613445
f 554/687/908 555/688/908 562/698/908

v -0.743831 0.556768 -1.05204
vt 0.134788 0.112124
vn -0.778422 0.0771109 -0.622987
f 566/702/909 554/687/909 565/701/909

vn -0.386287 0.00688653 -0.922353
f 566/702/910 544/676/910 554/687/910

vn -0.352318 0.0762958 -0.932765
f 543/675/911 544/676/911 566/702/911

v -0.709435 0.67566 -1.04584
vt 0.131094 0.133408
vn -0.360179 0.152201 -0.920383
f 567/703/912 543/675/912 566/702/912

vn -0.315599 0.218633 -0.923362
f 567/703/913 542/674/913 543/675/913

vt 0.127492 0.148364
vn -0.311228 0.244954 -0.918224
f 541/704/914 542/674/914 567/703/914

vn -0.669888 0.368585 -0.644512
v -0.796656 0.720199 -0.929716
vt 0.158642 0.141116
f 567/703/915 568/705/915 541/704/915

vn -0.735585 0.225259 -0.638885
v -0.827712 0.600248 -0.936252
vt 0.159902 0.119155
f 567/703/916 569/706/916 568/705/916

vn -0.73856 0.246399 -0.627548
f 566/702/917 569/706/917 567/703/917

vn -0.787276 0.101055 -0.608263
f 566/702/918 565/701/918 569/706/918

vn -0.972523 0.118201 -0.200569
v -0.858985 0.600271 -0.784603
vt 0.187492 0.119388
f 565/701/919 570/707/919 569/706/919

vn -0.985742 0.0691724 -0.153389
f 565/701/920 564/700/920 570/707/920

v -0.837214 0.563872 -0.624345
vt 0.216683 0.113446
vn -0.98615 0.070407 0.150173
vt 0.187504 0.119447
vt 0.18782 0.0933902
vt 0.216451 0.0887894
f 571/708/921 570/709/921 564/710/921 458/711/921 

vn -0.963877 0.199663 0.176286
vt 0.216671 0.113387
v -0.814192 0.674268 -0.623499
vt 0.217936 0.133691
f 570/707/922 571/712/922 572/713/922

vn -0.865377 0.17688 0.468868
v -0.770423 0.600512 -0.514891
vt 0.239955 0.120135
f 571/712/923 573/714/923 572/713/923

vn -0.852315 -0.00851841 0.522959
f 571/712/924 456/566/924 573/714/924

vn -0.831511 0.0524205 0.55303
f 458/568/925 456/566/925 571/712/925

vn -0.300887 0.0188794 0.953473
f 573/714/926 456/566/926 454/564/926

vn -0.369523 -0.0388272 0.92841
vt 0.260282 0.100884
f 573/714/927 454/564/927 412/715/927

vn 0.260009 0.127693 0.957126
f 412/715/928 454/564/928 413/561/928

v -0.766811 0.675119 -0.522935
vt 0.239728 0.13389
vn -0.23317 0.115396 0.965565
f 574/716/929 573/714/929 412/715/929

vn -0.901296 0.0893375 0.423893
f 572/713/930 573/714/930 574/716/930

v -0.796089 0.754131 -0.623677
vt 0.218409 0.149331
vn -0.886649 0.201901 0.416039
f 575/717/931 572/713/931 574/716/931

v -0.827425 0.721911 -0.780031
vt 0.18772 0.141937
vn -0.964424 0.218934 0.14817
f 576/718/932 572/713/932 575/717/932

vn -0.957681 0.24265 0.154818
f 570/707/933 572/713/933 576/718/933

vn -0.947478 0.253167 -0.195425
f 569/706/934 570/707/934 576/718/934

vn -0.946354 0.255779 -0.19746
f 569/706/935 576/718/935 568/705/935

vn -0.911399 0.364243 -0.191515
v -0.766823 0.798289 -0.923166
vt 0.157338 0.157043
f 568/705/936 576/718/936 577/719/936

vn -0.913764 0.355047 -0.197424
v -0.799744 0.802058 -0.764014
vt 0.190214 0.1582
f 577/719/937 576/718/937 578/720/937

vn -0.945092 0.300953 0.127394
f 576/718/938 575/717/938 578/720/938

vt 0.161746 0.369615
vn -0.930313 0.338995 0.140001
vt 0.179302 0.393954
v -0.777222 0.859864 -0.754322
vt 0.151155 0.376255
f 578/721/939 575/722/939 579/723/939

vn -0.986261 0.164951 -0.00893386
v -0.784748 0.824522 -0.576014
vt 0.168603 0.40716
f 579/723/940 575/722/940 580/724/940

vn -0.964611 -0.0224768 0.262717
vt 0.19896 0.410293
f 575/722/941 574/725/941 580/724/941

vn -0.983356 -0.15292 -0.0981144
f 580/724/942 574/725/942 411/517/942

vn -0.851464 -0.517423 -0.0853406
f 574/725/943 412/518/943 411/517/943

vn -0.988761 -0.132863 -0.0685553
v -0.795106 0.81738 -0.412778
vt 0.176792 0.436772
f 580/724/944 411/517/944 581/726/944

vn -0.987283 -0.115724 -0.108993
f 411/517/945 410/516/945 581/726/945

vn -0.995143 -0.0943504 -0.0280633
f 581/726/946 410/516/946 409/515/946

vn -0.974531 0.218712 -0.0495412
v -0.766442 0.975048 -0.280563
vt 0.154596 0.466662
f 581/726/947 409/515/947 582/727/947

vn -0.97458 0.218957 -0.0474566
v -0.801568 0.853676 -0.119201
vt 0.18116 0.489304
f 582/727/948 409/515/948 583/728/948

vn -0.993053 -0.117042 0.0120991
f 409/515/949 293/362/949 583/728/949

vn -0.979283 -0.120869 0.162466
v -0.770578 0.701398 -0.0456921
vt 0.209767 0.495252
f 293/362/950 584/729/950 583/728/950

vn -0.8638 -0.467748 0.187246
f 293/362/951 290/359/951 584/729/951

vt 0.155336 0.306681
vn -0.240196 -0.001056 -0.970724
v -0.792213 0.651154 -0.0402839
vt 0.158826 0.29754
f 584/730/952 290/358/952 585/731/952

vn -0.451349 -0.202837 -0.868988
f 585/731/953 290/358/953 289/357/953

vn -0.277907 -0.0727814 -0.957847
v -0.808868 0.545048 -0.0273893
vt 0.16252 0.279375
f 585/731/954 289/357/954 586/732/954

vn -0.293208 -0.106303 -0.950121
f 586/732/955 289/357/955 288/356/955

vn -0.320004 -0.13861 -0.937222
v -0.810542 0.431008 -0.00995175
vt 0.164796 0.260252
f 586/732/956 288/356/956 587/733/956

vn -0.320973 -0.206287 -0.92435
f 587/733/957 288/356/957 287/355/957

vn -0.289505 -0.14856 -0.945577
v -0.80515 0.295509 0.0096855
vt 0.166308 0.237529
f 587/733/958 287/355/958 588/734/958

vn -0.253764 -0.245166 -0.93568
v -0.6509 0.234466 -0.0161537
vt 0.138165 0.225275
f 287/355/959 589/735/959 588/734/959

vn 0.302016 -0.163586 -0.939163
f 287/355/960 10/10/960 589/735/960

vn 0.301075 -0.222927 -0.927177
f 10/10/961 8/8/961 589/735/961

vn 0.30042 -0.224565 -0.926994
v -0.633857 0.132953 0.0139613
vt 0.136591 0.206437
f 589/735/962 8/8/962 590/736/962

vn 0.300793 -0.225853 -0.92656
f 8/8/963 6/6/963 590/736/963

vn 0.263498 -0.368968 -0.891309
v -0.61816 0.0509758 0.0525374
vt 0.134267 0.189058
f 590/736/964 6/6/964 591/737/964

vn 0.280612 -0.407685 -0.868936
f 6/6/965 4/4/965 591/737/965

vn 0.245939 -0.587976 -0.770583
v -0.608729 0 0.0944433
vt 0.13182 0.173854
f 591/737/966 4/4/966 592/738/966

vn 0.255271 -0.607069 -0.752531
f 4/4/967 1/1/967 592/738/967

vt 0.406953 0.473829
vn -1.09737e-007 -1 1.25118e-006
vt 0.386446 0.454086
v -0.431947 1.27e-007 0.318186
vt 0.377359 0.423358
v -0.471843 3.556e-007 0.425861
vt 0.384385 0.39156
v -0.552135 4.318e-007 0.482824
vt 0.404728 0.372441
v -0.663872 4.318e-007 0.496014
vt 0.435605 0.364398
v -0.775452 4.318e-007 0.452072
vt 0.468657 0.37241
v -0.833727 3.556e-007 0.377035
vt 0.487942 0.391228
v -0.840986 1.27e-007 0.290523
vt 0.493341 0.41525
v -0.810821 0 0.188416
vt 0.488832 0.445106
v -0.734225 0 0.112767
vt 0.470253 0.469331
vt 0.435709 0.479351
f 1/739/968 3/740/968 593/741/968 594/742/968 595/743/968 596/744/968 597/745/968 598/746/968 599/747/968 600/748/968 601/749/968 592/750/968 

vt 0.414451 0.173854
vn 0.926594 -0.34894 -0.140227
v -0.409786 0.0619755 0.310406
vt 0.38369 0.187552
vt 0.381045 0.173854
f 3/751/969 602/752/969 593/753/969

vt 0.414451 0.184115
vn 0.91987 -0.372154 -0.123857
f 2/754/970 602/752/970 3/751/970

vn 0.91076 -0.39475 -0.121197
v -0.390091 0.109441 0.303809
vt 0.385468 0.197152
f 2/754/971 603/755/971 602/752/971

vt 0.414451 0.194004
vn 0.932099 -0.324437 -0.161032
f 5/756/972 603/755/972 2/754/972

vn 0.947368 -0.274384 -0.164948
v -0.376255 0.161936 0.295948
vt 0.387376 0.206954
f 5/756/973 604/757/973 603/755/973

vt 0.414451 0.203457
vn 0.956584 -0.219124 -0.192177
f 7/758/974 604/757/974 5/756/974

vn 0.958415 -0.210324 -0.192883
v -0.367729 0.207826 0.288277
vt 0.389135 0.215235
f 7/758/975 605/759/975 604/757/975

vn 0.951898 -0.251464 -0.17509
f 9/14/976 605/759/976 7/758/976

vn 0.971954 -0.149591 -0.181464
f 9/14/977 12/13/977 605/759/977

vn 0.95627 -0.0925348 0.277463
v -0.403197 0.252817 0.425524
vt 0.362259 0.224507
f 12/13/978 606/760/978 605/759/978

vn 0.951643 -0.136956 0.274987
v -0.393573 0.307089 0.419247
vt 0.36457 0.234055
f 12/13/979 607/761/979 606/760/979

vn 0.960704 -0.0939431 0.261194
f 13/15/980 607/761/980 12/13/980

vn 0.957989 -0.120075 0.260461
v -0.385387 0.363807 0.415285
vt 0.36631 0.243923
f 13/15/981 608/762/981 607/761/981

vn 0.973088 -0.0315045 0.228272
f 16/18/982 608/762/982 13/15/982

vn 0.969676 -0.0699098 0.23418
v -0.382064 0.404111 0.41356
vt 0.367096 0.250884
f 16/18/983 609/763/983 608/762/983

vn -0.358104 -0.873023 0.331046
vt 0.301551 0.558063
f 18/22/984 609/764/984 16/20/984

vn -0.323646 -0.852766 0.409931
v -0.346735 0.428625 0.492448
vt 0.307089 0.573069
f 18/22/985 610/765/985 609/764/985

vn -0.355815 -0.844234 0.400831
f 20/24/986 610/765/986 18/22/986

vn -0.32846 -0.788892 0.519388
f 20/24/987 23/27/987 610/765/987

vn -0.333176 -0.7836 0.524371
v -0.362044 0.480891 0.560824
vt 0.302845 0.588093
f 23/27/988 611/766/988 610/765/988

vn -0.327813 -0.759629 0.561697
f 23/27/989 25/29/989 611/766/989

vn -0.312755 -0.782124 0.538949
v -0.3629 0.518312 0.614634
vt 0.301524 0.600062
f 25/29/990 612/767/990 611/766/990

vn -0.24668 -0.933825 -0.259075
v -0.371605 0.504769 0.671739
vt 0.302373 0.610739
f 25/29/991 613/768/991 612/767/991

vn -0.229659 -0.952322 -0.200847
f 25/29/992 26/30/992 613/768/992

vt 0.45111 0.005142
vn -0.232792 -0.955103 -0.183267
v -0.379146 0.490471 0.75583
vt 0.42901 0.021478
vt 0.426881 0.005142
f 26/769/993 614/770/993 613/771/993

vn -0.235918 -0.95311 -0.189537
v -0.259108 0.456791 0.775785
vt 0.452408 0.022114
f 26/769/994 615/772/994 614/770/994

vn -0.140471 -0.972232 -0.187172
f 27/36/995 615/772/995 26/769/995

vn -0.135372 -0.974501 -0.178949
f 27/36/996 30/35/996 615/772/996

vn -0.138794 -0.97912 -0.148525
v -0.263876 0.442468 0.874662
vt 0.453973 0.039978
f 30/35/997 616/773/997 615/772/997

vn -0.131399 -0.981772 -0.137325
f 30/35/998 32/38/998 616/773/998

vn -0.138411 -0.987914 -0.0697712
v -0.269634 0.437131 0.961647
vt 0.454813 0.054875
f 32/38/999 617/774/999 616/773/999

vn -0.142109 -0.986886 -0.0765543
f 32/38/1000 34/40/1000 617/774/1000

vn -0.15579 -0.982766 0.0995011
v -0.275222 0.449359 1.07367
vt 0.455561 0.073402
f 34/40/1001 618/775/1001 617/774/1001

vn -0.164645 -0.98247 0.0874329
f 34/40/1002 36/42/1002 618/775/1002

vn -0.179844 -0.952131 0.247188
f 36/42/1003 58/64/1003 618/775/1003

vn -0.181586 -0.95252 0.2444
f 36/42/1004 38/44/1004 58/64/1004

vn -0.310992 -0.922237 0.229702
f 618/775/1005 58/64/1005 59/65/1005

vn -0.310341 -0.922133 0.230996
v -0.400169 0.482003 1.03612
vt 0.433939 0.070322
f 618/775/1006 59/65/1006 619/776/1006

vn -0.432787 -0.876565 0.210544
f 619/776/1007 59/65/1007 60/66/1007

vn -0.449135 -0.876043 0.175576
v -0.512605 0.530682 0.991385
vt 0.412571 0.066958
f 619/776/1008 60/66/1008 620/777/1008

vn -0.517478 -0.839479 0.165806
v -0.608876 0.602328 1.05367
vt 0.395492 0.082061
f 620/777/1009 60/66/1009 621/778/1009

vn -0.534651 -0.806118 0.253616
f 60/66/1010 61/67/1010 621/778/1010

vn -0.611288 -0.752803 0.244162
v -0.668371 0.667139 1.10454
vt 0.38371 0.094907
f 61/67/1011 622/779/1011 621/778/1011

vn -0.627913 -0.696169 0.347957
f 61/67/1012 62/68/1012 622/779/1012

vn -0.799205 -0.489413 0.348922
f 622/779/1013 62/68/1013 63/69/1013

v -0.709722 0.714126 1.09436
vt 0.372621 0.097056
vn -0.727683 -0.552257 0.406805
f 623/780/1014 622/779/1014 63/69/1014

vt 0.383898 0.0956499
vn -0.754419 -0.613464 0.233484
vt 0.37264 0.0970663
v -0.758355 0.738119 1.00028
vt 0.358682 0.0828101
v -0.689257 0.662026 1.0236
vt 0.377547 0.081668
f 622/781/1015 623/782/1015 624/783/1015 625/784/1015 

vt 0.358664 0.082799
vn -0.723806 -0.658462 0.206233
v -0.759104 0.759887 1.06715
vt 0.359255 0.095927
f 624/785/1016 623/780/1016 626/786/1016

vn -0.716192 -0.461642 0.523407
v -0.717647 0.769892 1.1327
vt 0.36721 0.108607
f 626/786/1017 623/780/1017 627/787/1017

vn -0.804292 -0.410019 0.430115
f 623/780/1018 63/69/1018 627/787/1018

vn -0.776993 -0.28541 0.561091
f 627/787/1019 63/69/1019 64/70/1019

vt 0.198336 0.903349
vn 0.0332848 -0.947297 0.318622
v -0.733453 0.774906 1.14926
vt 0.207691 0.886807
vt 0.214096 0.890027
f 64/788/1020 628/789/1020 627/790/1020

vn 0.412577 -0.891424 -0.187467
v -0.691505 0.778746 1.22332
vt 0.187253 0.901169
f 64/788/1021 629/791/1021 628/789/1021

v -0.647784 0.79758 1.19243
vt 0.195252 0.915452
vn 0.245217 -0.942398 -0.227498
f 630/792/1022 629/791/1022 64/788/1022

v -0.567258 0.796793 1.27811
vt 0.177025 0.932998
vn 0.240188 -0.942007 -0.234377
f 631/793/1023 629/791/1023 630/792/1023

vn 0.197621 -0.971884 -0.128013
v -0.618076 0.780138 1.32611
vt 0.167156 0.917901
f 631/793/1024 632/794/1024 629/791/1024

v -0.529377 0.773494 1.39507
vt 0.14952 0.935189
vn 0.10353 -0.968502 -0.226462
f 633/795/1025 632/794/1025 631/793/1025

vn -0.359329 -0.852326 0.38003
v -0.549466 0.797161 1.42916
vt 0.1421 0.92567
f 633/795/1026 634/796/1026 632/794/1026

v -0.419593 0.768662 1.46587
vt 0.120348 0.951755
vn -0.305371 -0.857005 0.415079
f 635/797/1027 634/796/1027 633/795/1027

vn -0.28637 -0.906881 0.309126
v -0.43289 0.789285 1.51405
vt 0.111398 0.941316
f 635/797/1028 636/798/1028 634/796/1028

v -0.284472 0.757286 1.5391
vt 0.083674 0.967717
vn -0.251106 -0.913014 0.321483
f 637/799/1029 636/798/1029 635/797/1029

vn -0.254962 -0.893857 0.368802
v -0.29291 0.781131 1.59106
vt 0.075922 0.954865
f 637/799/1030 638/800/1030 636/798/1030

v -0.157682 0.718132 1.58267
vt 0.044181 0.977654
vn -0.380983 -0.862217 0.333817
f 639/801/1031 638/800/1031 637/799/1031

v -0.157112 0.747636 1.63367
vt 0.039455 0.964804
vn -0.347978 -0.809814 0.472348
f 640/802/1032 638/800/1032 639/801/1032

v -0.151292 0.808998 1.65429
vt 0.036109 0.951251
vn -0.34813 -0.268742 0.8981
f 641/803/1033 638/800/1033 640/802/1033

v -0.29116 0.835718 1.60676
vt 0.071567 0.942675
vn -0.353852 -0.248069 0.901804
f 642/804/1034 638/800/1034 641/803/1034

v -0.428358 0.838451 1.52978
vt 0.103987 0.931506
vn -0.479856 -0.228299 0.847123
f 643/805/1035 638/800/1035 642/804/1035

vn -0.479552 -0.227036 0.847635
f 643/805/1036 636/798/1036 638/800/1036

v -0.549943 0.844883 1.44266
vt 0.13496 0.916071
vn -0.577658 -0.199999 0.791398
f 644/806/1037 636/798/1037 643/805/1037

vn -0.583305 -0.226465 0.780044
f 644/806/1038 634/796/1038 636/798/1038

v -0.647865 0.848881 1.34792
vt 0.157071 0.899049
vn -0.684899 -0.204646 0.699309
f 645/807/1039 634/796/1039 644/806/1039

vn -0.680384 -0.177724 0.71098
v -0.640779 0.80026 1.34255
vt 0.163172 0.909759
f 645/807/1040 646/808/1040 634/796/1040

v -0.729828 0.843562 1.24949
vt 0.174452 0.88235
vn -0.751182 -0.179667 0.635173
f 647/809/1041 646/808/1041 645/807/1041

v -0.720816 0.799775 1.24337
vt 0.181055 0.891786
vn -0.754778 -0.240586 0.610269
f 648/810/1042 646/808/1042 647/809/1042

vn -0.395515 -0.859647 0.323381
f 646/808/1043 648/810/1043 629/791/1043

vn -0.397706 -0.859782 0.32032
v -0.759704 0.789333 1.16706
vt 0.200657 0.879933
f 629/791/1044 648/810/1044 649/811/1044

vn -0.840533 -0.27611 0.466119
v -0.770552 0.828459 1.17068
vt 0.194188 0.871658
f 649/811/1045 648/810/1045 650/812/1045

vn -0.842702 -0.240705 0.481574
f 650/812/1046 648/810/1046 647/809/1046

v -0.770804 0.884087 1.16117
vt 0.187206 0.859652
vn -0.891662 0.0723246 0.446886
f 651/813/1047 650/812/1047 647/809/1047

v -0.793504 0.852208 1.11068
vt 0.201941 0.856948
vn -0.924102 0.0602985 0.377359
f 652/814/1048 650/812/1048 651/813/1048

v -0.799668 0.80944 1.09571
vt 0.211513 0.861574
vn -0.93285 0.00840771 0.360166
f 653/815/1049 650/812/1049 652/814/1049

vn -0.844534 -0.339499 0.41413
v -0.781299 0.783692 1.11206
vt 0.212626 0.870126
f 653/815/1050 654/816/1050 650/812/1050

v -0.768614 0.77086 1.09019
vt 0.220206 0.870738
vn -0.782072 -0.616364 -0.0919745
f 655/817/1051 654/816/1051 653/815/1051

vn -0.386178 -0.875696 0.289868
f 628/789/1052 654/816/1052 655/817/1052

vn -0.345081 -0.910245 0.228851
f 628/789/1053 649/811/1053 654/816/1053

vn -0.338309 -0.910226 0.238822
f 629/791/1054 649/811/1054 628/789/1054

vn -0.883573 -0.279682 0.375603
f 654/816/1055 649/811/1055 650/812/1055

vn -0.147677 -0.976842 0.154823
f 627/790/1056 628/789/1056 655/817/1056

vn -0.280603 -0.906383 0.315803
vt 0.228193 0.869925
f 627/790/1057 655/817/1057 626/818/1057

v -0.796054 0.80854 1.05958
vt 0.218181 0.855645
vn -0.792978 -0.608083 -0.0376971
f 656/819/1058 626/818/1058 655/817/1058

v -0.800687 0.810595 1.03755
vt 0.221574 0.85074
vn -0.799666 -0.589685 0.113158
f 657/820/1059 626/818/1059 656/819/1059

vt 0.244952 0.858862
vn -0.80882 -0.561783 0.173809
f 624/821/1060 626/818/1060 657/820/1060

v -0.821413 0.828332 0.97201
vt 0.228346 0.834193
vn -0.830762 -0.544544 0.115358
f 658/822/1061 624/821/1061 657/820/1061

v -0.783321 0.74536 0.908174
vt 0.256803 0.835666
vn -0.831766 -0.523646 0.184284
f 659/823/1062 624/821/1062 658/822/1062

vt 0.350806 0.067418
vn -0.748575 -0.645353 0.152166
v -0.703956 0.659023 0.932442
vt 0.371855 0.066537
f 659/824/1063 660/825/1063 624/785/1063

v -0.711175 0.658894 0.821431
vt 0.366319 0.048068
vn -0.742152 -0.668435 0.0490399
f 661/826/1064 660/825/1064 659/824/1064

v -0.614561 0.584436 0.856272
vt 0.388226 0.048802
vn -0.619184 -0.784166 0.0411786
f 662/827/1065 660/825/1065 661/826/1065

v -0.613669 0.588785 0.958393
vt 0.392075 0.065999
vn -0.620482 -0.783262 0.0387696
f 663/828/1066 660/825/1066 662/827/1066

vn -0.631539 -0.764868 0.127025
vt 0.377529 0.081658
f 663/828/1067 625/829/1067 660/825/1067

vn -0.623684 -0.768914 0.140676
f 621/778/1068 625/829/1068 663/828/1068

vn -0.632383 -0.74557 0.210278
f 621/778/1069 622/779/1069 625/829/1069

vn -0.528376 -0.836453 0.145482
f 620/777/1070 621/778/1070 663/828/1070

v -0.509074 0.521653 0.896333
vt 0.410441 0.050824
vn -0.512652 -0.856333 0.0623076
f 664/830/1071 620/777/1071 663/828/1071

v -0.394282 0.47086 0.933046
vt 0.432648 0.05305
vn -0.422314 -0.90373 0.0701658
f 665/831/1072 620/777/1072 664/830/1072

vn -0.420784 -0.904161 0.0737125
f 665/831/1073 619/776/1073 620/777/1073

vn -0.278847 -0.956345 0.0874619
f 617/774/1074 619/776/1074 665/831/1074

vn -0.277135 -0.956551 0.0905866
f 617/774/1075 618/775/1075 619/776/1075

vn -0.244278 -0.966763 -0.0754818
f 616/773/1076 617/774/1076 665/831/1076

vn -0.241455 -0.967986 -0.0685813
v -0.38701 0.474772 0.852234
vt 0.431374 0.039079
f 616/773/1077 665/831/1077 666/832/1077

vn -0.382142 -0.920725 -0.0789536
f 666/832/1078 665/831/1078 664/830/1078

vn -0.381829 -0.920949 -0.0778484
v -0.501807 0.525412 0.816219
vt 0.408388 0.036857
f 666/832/1079 664/830/1079 667/833/1079

vn -0.485606 -0.870048 -0.0848733
f 667/833/1080 664/830/1080 662/827/1080

vn -0.522427 -0.851706 0.0408281
f 664/830/1081 663/828/1081 662/827/1081

vn -0.485302 -0.870342 -0.0835849
v -0.60882 0.589694 0.768195
vt 0.384843 0.033664
f 667/833/1082 662/827/1082 668/834/1082

vn -0.588427 -0.803927 -0.0863414
f 668/834/1083 662/827/1083 661/826/1083

vn -0.587435 -0.804999 -0.0830416
v -0.705239 0.66437 0.726354
vt 0.362433 0.032158
f 668/834/1084 661/826/1084 669/835/1084

vn -0.742348 -0.664648 -0.0846294
v -0.792706 0.753547 0.793234
vt 0.34423 0.04826
f 669/835/1085 661/826/1085 670/836/1085

vn -0.759894 -0.649855 0.0157634
f 670/836/1086 661/826/1086 659/824/1086

vt 0.270491 0.808779
vn -0.876386 -0.480157 0.0373619
v -0.838802 0.845147 0.889173
vt 0.236464 0.815018
f 670/837/1087 659/823/1087 671/838/1087

vn -0.877625 -0.471088 0.0886047
f 671/838/1088 659/823/1088 658/822/1088

vn -0.978961 -0.0079207 0.203892
v -0.821339 0.962419 0.977572
vt 0.202617 0.816316
f 671/838/1089 658/822/1089 672/839/1089

vn -0.943105 -0.0132646 0.332231
v -0.791213 0.936348 1.06205
vt 0.194539 0.835829
f 658/822/1090 673/840/1090 672/839/1090

vn -0.952412 0.0124035 0.304561
f 658/822/1091 657/820/1091 673/840/1091

vn -0.993055 0.0544983 0.104264
v -0.792996 0.87472 1.07728
vt 0.203546 0.847969
f 657/820/1092 674/841/1092 673/840/1092

vn -0.978732 -0.00959037 0.204917
f 657/820/1093 656/819/1093 674/841/1093

vn -0.999003 0.0425549 0.0134911
f 656/819/1094 652/814/1094 674/841/1094

vn -0.978892 0.176912 -0.102333
f 656/819/1095 653/815/1095 652/814/1095

vn -0.781821 -0.620335 -0.0627765
f 656/819/1096 655/817/1096 653/815/1096

usemtl _auto_19
vt 0.005803 1.79661
vn -0.892278 0.380535 0.242965
vt 0.01359 1.7876
v -0.754583 0.919914 1.14757
vt 0.031608 1.80612
f 674/842/1097 652/843/1097 675/844/1097

vn -0.887239 0.446184 0.117163
vt 0.031536 1.79374
f 652/843/1098 651/845/1098 675/844/1098

vn -0.790141 0.494992 0.361469
v -0.721474 0.906549 1.23824
vt 0.059186 1.79707
f 675/844/1099 651/845/1099 676/846/1099

usemtl _auto_18
vn -0.850682 0.199642 0.486295
vt 0.166156 0.868731
f 651/813/1100 647/809/1100 676/847/1100

vn -0.756781 0.210831 0.618735
f 676/847/1101 647/809/1101 645/807/1101

vn -0.69891 0.322269 0.638488
v -0.633026 0.910999 1.33281
vt 0.149173 0.885355
f 676/847/1102 645/807/1102 677/848/1102

vn -0.651288 0.322649 0.68682
f 677/848/1103 645/807/1103 644/806/1103

vn -0.683313 0.269015 0.678759
v -0.532206 0.902221 1.43779
vt 0.126529 0.904988
f 677/848/1104 644/806/1104 678/849/1104

vn -0.557044 0.239835 0.795098
f 678/849/1105 644/806/1105 643/805/1105

vn -0.518348 0.307178 0.798096
v -0.412626 0.892459 1.51921
vt 0.096921 0.920331
f 678/849/1106 643/805/1106 679/850/1106

vn -0.462547 0.298138 0.834964
f 679/850/1107 643/805/1107 642/804/1107

vn -0.386711 0.430515 0.815544
v -0.282263 0.882993 1.58602
vt 0.069543 0.931709
f 679/850/1108 642/804/1108 680/851/1108

vn -0.269396 0.428917 0.862239
v -0.144698 0.869658 1.63564
vt 0.034174 0.938095
f 680/851/1109 642/804/1109 681/852/1109

vn -0.252456 0.30938 0.916815
f 681/852/1110 642/804/1110 641/803/1110

vn -0.121055 0.303771 0.945023
v 0 0.857872 1.65796
vt 9.36751e-016 0.940752
f 681/852/1111 641/803/1111 682/853/1111

vt -9.71445e-017 0.940752
vn -0.123041 0.310092 0.942711
v 0 0.789 1.68062
vt -9.71445e-017 0.954257
f 682/854/1112 641/803/1112 683/855/1112

vn -0.201487 -0.294744 0.934093
vt 2.08167e-016 0.954257
f 641/803/1113 640/802/1113 683/856/1113

vt 2.56739e-016 0.954257
vn -0.180776 -0.354489 0.917419
v 0 0.720281 1.65406
vt 2.498e-016 0.96818
f 683/857/1114 640/802/1114 684/858/1114

vt 4.2466e-015 0.96818
vn -0.2107 -0.849119 0.484357
v 0 0.689193 1.59957
vt 4.30211e-015 0.980997
f 684/859/1115 640/802/1115 685/860/1115

vt 2.22045e-016 0.980997
vn -0.207865 -0.845687 0.491534
f 685/861/1116 640/802/1116 639/801/1116

vt -6.05072e-015 0.980997
vn -0.163429 -0.975703 -0.145923
v 0 0.697601 1.54335
vt -6.10623e-015 0.994305
f 685/862/1117 639/801/1117 686/863/1117

vt 0 0.994305
vn -0.186022 -0.950259 -0.249808
v -0.144998 0.731383 1.52282
vt 0.049177 0.993219
f 686/864/1118 639/801/1118 687/865/1118

vn -0.205108 -0.945526 -0.252805
f 687/865/1119 639/801/1119 637/799/1119

vn -0.213619 -0.865521 -0.453034
v -0.268732 0.782119 1.48423
vt 0.094867 0.982711
f 687/865/1120 637/799/1120 688/866/1120

vn 0.127831 -0.916816 -0.378295
f 688/866/1121 637/799/1121 635/797/1121

vn 0.123935 -0.934672 -0.333208
v -0.394251 0.789135 1.41787
vt 0.128621 0.965314
f 688/866/1122 635/797/1122 689/867/1122

vt 0.149811 0.934954
vn 0.161317 -0.935507 -0.31433
v -0.495313 0.794576 1.34989
vt 0.156412 0.950265
vt 0.128886 0.965058
vt 0.120624 0.951491
f 633/868/1123 690/869/1123 689/870/1123 635/871/1123 

vt 0.160245 0.946691
vn 0.232356 -0.936719 -0.261855
f 690/872/1124 633/795/1124 631/793/1124

v -0.558907 0.826323 1.27067
vt 0.386682 0.931011
vn 0.655144 -0.353605 -0.667645
vt 0.396588 0.951994
vt 0.381495 0.935379
f 691/873/1125 690/874/1125 631/875/1125

v -0.485912 0.827588 1.34204
vt 0.401782 0.946579
vn 0.658954 -0.346245 -0.667754
f 692/876/1126 690/874/1126 691/873/1126

vn 0.513648 -0.333982 -0.79033
vt 0.417835 0.968041
f 692/876/1127 689/877/1127 690/874/1127

vn 0.525086 -0.310651 -0.792326
v -0.383502 0.823668 1.41145
vt 0.422817 0.961756
f 692/876/1128 693/878/1128 689/877/1128

v -0.380522 0.865883 1.27567
vt 0.424637 0.932436
vn 0.160317 -0.943553 -0.289838
f 694/879/1129 693/878/1129 692/876/1129

v -0.275758 0.871073 1.29201
vt 0.44577 0.936104
vn 0.0929438 -0.951355 -0.293743
f 695/880/1130 693/878/1130 694/879/1130

v -0.26557 0.813666 1.47207
vt 0.447883 0.974235
vn 0.0772619 -0.94863 -0.306808
f 696/881/1131 693/878/1131 695/880/1131

vn 0.417965 -0.290051 -0.860915
f 693/878/1132 696/881/1132 689/877/1132

vn 0.419662 -0.362701 -0.832065
vt 0.446606 0.981222
f 696/881/1133 688/882/1133 689/877/1133

vn 0.171796 -0.369175 -0.913343
v -0.138243 0.778294 1.51032
vt 0.474009 0.983214
f 696/881/1134 697/883/1134 688/882/1134

vn -0.128078 -0.903436 -0.409145
v -0.145122 0.871992 1.30558
vt 0.471714 0.939068
f 697/883/1135 696/881/1135 698/884/1135

vn 0.0384258 -0.951417 -0.305499
f 698/884/1136 696/881/1136 695/880/1136

vn 0.0394564 -0.948055 -0.315649
v -0.152457 0.943549 1.08974
vt 0.470957 0.895029
f 698/884/1137 695/880/1137 699/885/1137

vn 0.0658998 -0.951427 -0.300737
v -0.292242 0.930801 1.09944
vt 0.444069 0.896572
f 699/885/1138 695/880/1138 700/886/1138

vn 0.0941351 -0.948564 -0.302266
f 695/880/1139 694/879/1139 700/886/1139

vn 0.0748549 -0.947306 -0.311461
v -0.406192 0.916219 1.11641
vt 0.42181 0.899129
f 700/886/1140 694/879/1140 701/887/1140

vn 0.230725 -0.916483 -0.326842
v -0.452034 0.853758 1.25919
vt 0.409812 0.929038
f 694/879/1141 702/888/1141 701/887/1141

vn 0.211195 -0.953545 -0.214821
f 694/879/1142 692/876/1142 702/888/1142

vn 0.221874 -0.952188 -0.210026
f 702/888/1143 692/876/1143 691/873/1143

vn 0.20014 -0.920294 -0.33616
v -0.495993 0.881063 1.15827
vt 0.402734 0.90719
f 702/888/1144 691/873/1144 703/889/1144

vn 0.315493 -0.910624 -0.266886
v -0.645038 0.824182 1.17615
vt 0.369613 0.909604
f 703/889/1145 691/873/1145 704/890/1145

vn 0.669889 -0.436507 -0.600591
vt 0.365871 0.915009
f 704/890/1146 691/873/1146 630/891/1146

vn 0.679853 -0.354168 -0.642157
f 630/891/1147 691/873/1147 631/875/1147

vt 0.362738 0.907563
vn 0.838566 -0.34464 -0.421936
f 66/892/1148 704/890/1148 630/891/1148

vt 0.366428 0.902751
vn 0.845964 -0.51841 -0.124882
f 68/893/1149 704/890/1149 66/892/1149

v -0.562249 0.902028 0.988139
vt 0.393396 0.872374
vn 0.671433 -0.740982 -0.0111443
f 705/894/1150 704/890/1150 68/893/1150

vn 0.321231 -0.916591 -0.238057
f 703/889/1151 704/890/1151 705/894/1151

vn 0.265447 -0.938904 -0.219082
f 701/887/1152 703/889/1152 705/894/1152

vn 0.202804 -0.919376 -0.337072
f 701/887/1153 702/888/1153 703/889/1153

vn 0.226805 -0.959017 -0.169842
v -0.444505 0.9406 0.927572
vt 0.417148 0.862799
f 701/887/1154 705/894/1154 706/895/1154

vn 0.375768 -0.914837 0.147888
v -0.574177 0.864763 0.787928
vt 0.393146 0.835769
f 706/895/1155 705/894/1155 707/896/1155

vn 0.5414 -0.831784 0.122562
v -0.625831 0.856628 0.960887
vt 0.378848 0.865655
f 705/894/1156 708/897/1156 707/896/1156

vn 0.602267 -0.794038 -0.0823286
f 705/894/1157 68/893/1157 708/897/1157

v -0.640992 0.840842 0.935782
vt 0.375063 0.860126
vn 0.744676 -0.66673 -0.0304777
f 709/898/1158 708/897/1158 68/893/1158

vn 0.593486 -0.792581 0.139961
f 707/896/1159 708/897/1159 709/898/1159

v -0.564238 0.774537 0.78087
vt 0.382429 0.822686
vn 0.90513 0.0668607 0.419844
f 710/899/1160 707/896/1160 709/898/1160

v -0.473657 0.888652 0.75313
vt 0.410916 0.830161
vn 0.334707 -0.0367944 0.941604
f 711/900/1161 707/896/1161 710/899/1161

vn 0.298647 -0.92717 0.226199
f 706/895/1162 707/896/1162 711/900/1162

v -0.31006 0.96697 0.893709
vt 0.442437 0.857285
vn 0.244516 -0.939733 0.238986
f 712/901/1163 706/895/1163 711/900/1163

vn 0.144508 -0.972347 -0.183464
f 700/886/1164 706/895/1164 712/901/1164

vn 0.103817 -0.983516 -0.148051
f 700/886/1165 701/887/1165 706/895/1165

vn 0.0770199 -0.98081 -0.179107
f 699/885/1166 700/886/1166 712/901/1166

vn 0.0795803 -0.98024 -0.181097
v -0.160459 0.983252 0.871322
vt 0.470239 0.853449
f 699/885/1167 712/901/1167 713/902/1167

vn 0.149871 -0.934961 0.321539
v -0.328353 0.906351 0.725968
vt 0.437555 0.824548
f 713/902/1168 712/901/1168 714/903/1168

vn 0.172992 -0.932172 0.318009
f 712/901/1169 711/900/1169 714/903/1169

vn 0.203689 -0.202039 0.957962
v -0.454688 0.772444 0.724588
vt 0.405673 0.807314
f 714/903/1170 711/900/1170 715/904/1170

vn 0.450109 -0.143022 0.881446
f 711/900/1171 710/899/1171 715/904/1171

vt 0.378792 0.74564
vn 0.382226 0.576014 0.722572
v -0.430952 0.715419 0.757492
vt 0.41075 0.747268
vt 0.402739 0.759649
f 710/905/1172 716/906/1172 715/907/1172

vn 0.427634 0.791361 0.436894
v -0.541373 0.722506 0.852736
vt 0.387023 0.727502
f 716/906/1173 710/905/1173 717/908/1173

vn 0.657325 0.694137 0.293424
v -0.647967 0.785531 0.942431
vt 0.358814 0.708873
f 717/908/1174 710/905/1174 718/909/1174

vn 0.884899 -0.0559955 0.462405
vt 0.363339 0.858335
f 710/899/1175 709/898/1175 718/910/1175

vn 0.991484 -0.118549 0.0538968
f 709/898/1176 68/893/1176 718/910/1176

vn 0.89102 0.452637 -0.0346942
v -0.627347 0.754903 1.07241
vt 0.367298 0.679561
f 718/909/1177 68/76/1177 719/911/1177

vn 0.77635 0.59667 -0.203141
f 719/911/1178 68/76/1178 69/77/1178

v -0.550713 0.739386 1.15911
vt 0.383372 0.660111
vn 0.268108 0.961197 -0.0649524
f 720/912/1179 719/911/1179 69/77/1179

v -0.546283 0.739785 1.05827
vt 0.385235 0.682637
vn 0.185348 0.982599 0.0120275
f 721/913/1180 719/911/1180 720/912/1180

vn 0.161167 0.979232 -0.123003
v -0.617903 0.740984 0.973973
vt 0.369849 0.701334
f 721/913/1181 722/914/1181 719/911/1181

v -0.503359 0.729422 0.963511
vt 0.394459 0.703607
vn 0.0942468 0.993362 -0.0659458
f 723/915/1182 722/914/1182 721/913/1182

vn 0.0915505 0.991418 -0.0933178
f 723/915/1183 717/908/1183 722/914/1183

v -0.403723 0.736722 0.869559
vt 0.41648 0.723275
vn -0.0993026 0.994663 -0.0280268
f 724/916/1184 717/908/1184 723/915/1184

vn -0.0810623 0.982604 -0.167088
f 724/916/1185 716/906/1185 717/908/1185

v -0.268669 0.735726 0.815868
vt 0.444743 0.735043
vn -0.0611453 0.983191 -0.172039
f 725/917/1186 716/906/1186 724/916/1186

vn -0.0590165 0.982322 -0.177655
v -0.292616 0.715805 0.713671
vt 0.439567 0.756528
f 725/917/1187 726/918/1187 716/906/1187

v -0.145563 0.716473 0.691688
vt 0.469965 0.761269
vn -0.0319712 0.982405 -0.184008
f 727/919/1188 726/918/1188 725/917/1188

v -0.158992 0.779109 0.655648
vt 0.466415 0.776201
vn 0.124471 0.514758 0.848252
f 728/920/1189 726/918/1189 727/919/1189

vn 0.127319 0.51064 0.850316
v -0.30911 0.777944 0.678825
vt 0.434372 0.77098
f 728/920/1190 729/921/1190 726/918/1190

v -0.165475 0.915071 0.70959
vt 0.468278 0.820689
vn 0.145144 -0.358889 0.922026
vt 0.435876 0.797385
vt 0.467038 0.791663
f 730/922/1191 729/923/1191 728/924/1191

vn 0.111875 -0.327659 0.938149
f 730/922/1192 714/903/1192 729/923/1192

vn 0.0878699 -0.918874 0.384643
f 713/902/1193 714/903/1193 730/922/1193

v 0 0.988469 0.864479
vt 0.5 0.852226
vn 0.0464409 -0.920986 0.386819
f 731/925/1194 713/902/1194 730/922/1194

v 0 0.94806 1.08041
vt 0.5 0.893369
vn 0.0241079 -0.982651 -0.183892
f 732/926/1195 713/902/1195 731/925/1195

vn 0.0181207 -0.983599 -0.179456
f 732/926/1196 699/885/1196 713/902/1196

v 0 0.87251 1.30943
vt 0.5 0.93981
vn 0.00892501 -0.949625 -0.313263
f 733/927/1197 699/885/1197 732/926/1197

vn 0.0117489 -0.949011 -0.315024
f 733/927/1198 698/884/1198 699/885/1198

vn 0.0142983 -0.909029 -0.416488
f 733/927/1199 697/883/1199 698/884/1199

v 0 0.757014 1.52917
vt 0.5 0.986161
vn -0.0726431 -0.882835 -0.464032
f 734/928/1200 697/883/1200 733/927/1200

vn 0.0894315 -0.268393 -0.959149
vt 0.473469 0.990877
f 697/883/1201 734/928/1201 687/929/1201

vn 0.0833345 -0.231392 -0.969285
vt 0.5 0.994908
f 734/928/1202 686/930/1202 687/929/1202

vn -0.0833345 -0.231392 -0.969285
v 0.144998 0.731383 1.52282
vt 0.526531 0.990877
f 734/928/1203 735/931/1203 686/930/1203

v 0.138243 0.778294 1.51032
vt 0.525991 0.983214
vn -0.0894315 -0.268393 -0.959149
f 736/932/1204 735/931/1204 734/928/1204

v 0.268732 0.782119 1.48423
vt 0.553394 0.981222
vn -0.180545 -0.277383 -0.943643
f 737/933/1205 735/931/1205 736/932/1205

v 0.284472 0.757286 1.5391
vt 0.916326 0.967717
vn 0.213619 -0.865521 -0.453034
vt 0.950823 0.993219
vt 0.905133 0.982711
f 738/934/1206 735/935/1206 737/936/1206

vn 0.205108 -0.945526 -0.252805
v 0.157682 0.718132 1.58267
vt 0.955819 0.977654
f 738/934/1207 739/937/1207 735/935/1207

v 0.29291 0.781131 1.59106
vt 0.924078 0.954865
vn 0.380983 -0.862217 0.333817
f 740/938/1208 739/937/1208 738/934/1208

vn 0.347978 -0.809814 0.472348
v 0.157112 0.747636 1.63367
vt 0.960545 0.964804
f 740/938/1209 741/939/1209 739/937/1209

v 0.151292 0.808998 1.65429
vt 0.963891 0.951251
vn 0.34813 -0.268742 0.8981
f 742/940/1210 741/939/1210 740/938/1210

vn 0.201487 -0.294744 0.934093
vt 1 0.954257
f 742/940/1211 683/941/1211 741/939/1211

vt 1 0.940752
vn 0.123041 0.310092 0.942711
f 682/942/1212 683/941/1212 742/940/1212

v 0.144698 0.869658 1.63564
vt 0.965826 0.938095
vn 0.121055 0.303771 0.945023
f 743/943/1213 682/942/1213 742/940/1213

v 0 0.91948 1.62261
vt 1 0.924242
vn 0.0928647 0.495602 0.863571
f 744/944/1214 682/942/1214 743/943/1214

vt 1.38778e-017 0.924242
vn -0.0928647 0.495602 0.863571
vt 1.94289e-016 0.940752
f 744/945/1215 681/852/1215 682/946/1215

v -0.133085 0.923585 1.60719
vt 0.031254 0.922518
vn -0.0863542 0.479267 0.87341
vt 3.81639e-016 0.924242
f 745/947/1216 681/852/1216 744/948/1216

vn -0.287448 0.494535 0.820249
v -0.26143 0.92316 1.56247
vt 0.065037 0.919132
f 745/947/1217 746/949/1217 681/852/1217

v -0.204368 1.02837 1.55642
vt 0.053063 0.899455
vn -0.321115 0.227101 0.919408
f 747/950/1218 746/949/1218 745/947/1218

usemtl _auto_19
v -0.269489 1.04223 1.53393
vt 0.224184 1.83717
vn -0.279969 0.205837 0.937683
vt 0.231309 1.80099
vt 0.245117 1.83444
f 748/951/1219 746/952/1219 747/953/1219

vn -0.45874 0.177662 0.870628
v -0.324325 0.955683 1.5227
vt 0.208676 1.81012
f 748/951/1220 749/954/1220 746/952/1220

v -0.324772 1.12387 1.49176
vt 0.203027 1.8611
vn -0.436446 0.161661 0.885088
f 750/955/1221 749/954/1221 748/951/1221

vn 0.0934725 0.180373 0.979147
v -0.343223 0.994514 1.51735
vt 0.201904 1.82106
f 750/955/1222 751/956/1222 749/954/1222

vn 0.149018 0.171405 0.973865
v -0.347817 1.11837 1.49625
vt 0.196535 1.85803
f 750/955/1223 752/957/1223 751/956/1223

v -0.379446 1.22951 1.45047
vt 0.180896 1.89071
vn 0.0827185 0.399583 0.912957
f 753/958/1224 752/957/1224 750/955/1224

vn -0.295662 0.29068 0.909994
v -0.435628 1.19496 1.44326
vt 0.166152 1.87889
f 753/958/1225 754/959/1225 752/957/1225

v -0.434579 1.32395 1.37481
vt 0.155523 1.9188
vn -0.373884 0.437111 0.818013
f 755/960/1226 754/959/1226 753/958/1226

vn -0.439862 0.423743 0.79181
v -0.49147 1.28571 1.36367
vt 0.14059 1.9061
f 755/960/1227 756/961/1227 754/959/1227

v -0.500207 1.37321 1.28159
vt 0.124484 1.93621
vn -0.506174 0.562601 0.653657
f 757/962/1228 756/961/1228 755/960/1228

v -0.547352 1.33721 1.25806
vt 0.109036 1.92569
vn -0.656822 0.479948 0.581579
f 758/963/1229 756/961/1229 757/962/1229

vn -0.872042 0.0518256 0.48668
v -0.506527 1.24938 1.34056
vt 0.131757 1.89665
f 758/963/1230 759/964/1230 756/961/1230

v -0.570273 1.30654 1.24426
vt 0.100654 1.91715
vn -0.727891 0.258323 0.635172
f 760/965/1231 759/964/1231 758/963/1231

vn -0.682884 0.333465 0.649978
v -0.570784 1.16471 1.31649
vt 0.112091 1.87209
f 760/965/1232 761/966/1232 759/964/1232

v -0.645498 1.19926 1.21524
vt 0.076618 1.88598
vn -0.705155 0.323783 0.630809
f 762/967/1233 761/966/1233 760/965/1233

vn -0.739277 0.242457 0.628239
v -0.606113 1.08141 1.30707
vt 0.10132 1.84775
f 762/967/1234 763/968/1234 761/966/1234

v -0.682722 1.08894 1.21101
vt 0.06542 1.8534
vn -0.751972 0.230043 0.617752
f 764/969/1235 763/968/1235 762/967/1235

vn -0.762883 0.175742 0.622193
v -0.700446 0.983046 1.21919
vt 0.060836 1.82155
f 764/969/1236 765/970/1236 763/968/1236

v -0.731357 1.09779 1.14532
vt 0.041695 1.85878
vn -0.779478 0.176878 0.60094
f 766/971/1237 765/970/1237 764/969/1237

v -0.754347 0.958446 1.13208
vt 0.029307 1.81834
vn -0.858254 0.0936404 0.50461
f 767/972/1238 765/970/1238 766/971/1238

vn -0.850743 0.2724 0.449482
v -0.711515 0.935695 1.22693
vt 0.059214 1.80685
f 767/972/1239 768/973/1239 765/970/1239

vn -0.878919 0.18255 0.440655
f 767/972/1240 675/844/1240 768/973/1240

vt 0.004958 1.81536
vn -0.892988 0.172592 0.415673
f 673/974/1241 675/844/1241 767/972/1241

vn -0.902573 0.127721 0.411156
f 673/974/1242 674/842/1242 675/844/1242

vn -0.893234 0.104647 0.437245
v -0.765607 1.09847 1.07556
vt 0.0189 1.8625
f 673/974/1243 767/972/1243 769/975/1243

vn -0.89223 0.105473 0.439091
f 769/975/1244 767/972/1244 766/971/1244

vn -0.86739 0.253295 0.428342
v -0.722539 1.21947 1.09122
vt 0.034576 1.89794
f 769/975/1245 766/971/1245 770/976/1245

vn -0.842945 0.268387 0.466275
v -0.687649 1.21139 1.15895
vt 0.05646 1.89184
f 770/976/1246 766/971/1246 771/977/1246

vn -0.768639 0.223844 0.59924
f 766/971/1247 764/969/1247 771/977/1247

vn -0.754288 0.230946 0.614584
f 771/977/1248 764/969/1248 762/967/1248

vn -0.7351 0.289797 0.612899
v -0.621017 1.30362 1.19526
vt 0.080069 1.91786
f 771/977/1249 762/967/1249 772/978/1249

vn -0.673729 0.288329 0.680408
f 760/965/1250 772/978/1250 762/967/1250

vn -0.686733 0.198774 0.699205
f 758/963/1251 772/978/1251 760/965/1251

v -0.623288 1.35574 1.13584
vt 0.067965 1.93788
vn -0.674506 0.541999 0.501277
f 773/979/1252 772/978/1252 758/963/1252

vn -0.809516 0.425647 0.404361
f 773/979/1253 771/977/1253 772/978/1253

vn -0.784261 0.422402 0.454436
f 770/976/1254 771/977/1254 773/979/1254

usemtl _auto_18
v -0.689158 1.333 1.0327
vt 0.130029 0.781592
vn -0.795901 0.44541 0.410063
vt 0.141791 0.802997
vt 0.11186 0.793904
f 774/980/1255 770/981/1255 773/982/1255

v -0.751703 1.22247 1.00474
vt 0.152836 0.789192
vn -0.860012 0.409689 0.304195
f 775/983/1256 770/981/1256 774/980/1256

vn -0.906194 0.28173 0.315342
vt 0.164407 0.81603
f 775/983/1257 769/984/1257 770/981/1257

v -0.795477 1.10324 0.990727
vt 0.175735 0.800814
vn -0.89735 0.29042 0.332294
f 776/985/1258 769/984/1258 775/983/1258

vn -0.931501 0.139699 0.335843
f 672/839/1259 769/984/1259 776/985/1259

vn -0.923787 0.115486 0.365075
f 672/839/1260 673/840/1260 769/984/1260

v -0.815208 1.11014 0.901736
vt 0.185687 0.78445
vn -0.961785 0.155587 0.225303
f 777/986/1261 672/839/1261 776/985/1261

v -0.842896 0.979615 0.890415
vt 0.211083 0.797807
vn -0.94661 0.177462 0.269141
f 778/987/1262 672/839/1262 777/986/1262

vn -0.971701 -0.0317499 0.23407
f 671/838/1263 672/839/1263 778/987/1263

v -0.840692 0.863851 0.771843
vt 0.247638 0.789203
vn -0.999471 -0.0305371 0.0112296
f 779/988/1264 671/838/1264 778/987/1264

vn -0.912243 -0.406572 -0.050123
f 779/988/1265 670/837/1265 671/838/1265

v -0.783994 0.759813 0.694357
vt 0.282049 0.785838
vn -0.904156 -0.413871 -0.105895
f 780/989/1266 670/837/1266 779/988/1266

vt 0.340724 0.031672
vn -0.748872 -0.653949 -0.107427
f 780/990/1267 669/835/1267 670/836/1267

v -0.684903 0.674309 0.645589
vt 0.36009 0.017985
vn -0.700853 -0.6649 -0.258288
f 781/991/1268 669/835/1268 780/990/1268

vt 0.362429 0.0321568
vn -0.529956 -0.815181 -0.233723
vt 0.360619 0.0171346
v -0.590984 0.601487 0.68661
vt 0.382468 0.0186471
vt 0.384839 0.0336631
f 669/992/1269 781/993/1269 782/994/1269 668/995/1269 

v -0.566611 0.612686 0.619615
vt 0.381271 0.005142
vn -0.491967 -0.811755 -0.314678
vt 0.382472 0.018648
f 783/996/1270 782/997/1270 781/991/1270

v -0.476908 0.554718 0.649829
vt 0.403193 0.005142
vn -0.443423 -0.843771 -0.302369
f 784/998/1271 782/997/1271 783/996/1271

vn -0.436292 -0.862485 -0.256455
v -0.490151 0.539181 0.724611
vt 0.405591 0.020008
f 784/998/1272 785/999/1272 782/997/1272

vn -0.371583 -0.893691 -0.251479
f 613/771/1273 785/999/1273 784/998/1273

vn -0.350018 -0.917799 -0.187437
f 613/771/1274 614/770/1274 785/999/1274

vn -0.351507 -0.918178 -0.182735
f 614/770/1275 667/833/1275 785/999/1275

vn -0.349766 -0.919711 -0.178311
f 614/770/1276 666/832/1276 667/833/1276

vn -0.238897 -0.955139 -0.175037
f 615/772/1277 666/832/1277 614/770/1277

vn -0.225172 -0.962656 -0.150305
f 615/772/1278 616/773/1278 666/832/1278

vn -0.442344 -0.8769 -0.188088
f 785/999/1279 667/833/1279 668/834/1279

vn -0.45007 -0.864605 -0.223373
f 785/999/1280 668/834/1280 782/997/1280

vn -0.36702 -0.890993 -0.267261
vt 0.281117 0.610739
f 612/767/1281 613/768/1281 784/1000/1281

vn -0.360315 -0.903317 -0.232793
v -0.464061 0.563743 0.594924
vt 0.280656 0.599967
f 612/767/1282 784/1000/1282 786/1001/1282

vn -0.500994 -0.827565 -0.253259
v -0.533113 0.612681 0.571609
vt 0.26395 0.599658
f 786/1001/1283 784/1000/1283 787/1002/1283

vn -0.44114 -0.84303 -0.307728
vt 0.260843 0.610739
f 784/1000/1284 783/1003/1284 787/1002/1284

vn -0.539599 -0.753078 -0.37644
v -0.596351 0.665795 0.556001
vt 0.247216 0.601276
f 787/1002/1285 783/1003/1285 788/1004/1285

vn -0.51736 -0.760272 -0.392843
v -0.642742 0.682008 0.585719
vt 0.240874 0.610739
f 783/1003/1286 789/1005/1286 788/1004/1286

vn -0.488909 -0.752609 -0.441074
vt 0.361109 0.005143
f 783/996/1287 781/991/1287 789/1006/1287

vn -0.591205 -0.63447 -0.497921
v -0.705419 0.764791 0.554652
vt 0.342501 0.005143
f 789/1006/1288 781/991/1288 790/1007/1288

vn -0.60004 -0.63067 -0.492146
v -0.752391 0.764225 0.612648
vt 0.340347 0.017101
f 781/991/1289 791/1008/1289 790/1007/1289

vn -0.703839 -0.640682 -0.306818
f 791/1008/1290 781/991/1290 780/990/1290

vt 0.293259 0.766308
vn -0.848144 -0.398093 -0.349532
v -0.828114 0.873397 0.672051
vt 0.257708 0.767534
f 791/1009/1291 780/989/1291 792/1010/1291

vn -0.91098 -0.383613 -0.151514
f 792/1010/1292 780/989/1292 779/988/1292

vn -0.987455 -0.0856475 -0.132652
v -0.851695 1.00103 0.765178
vt 0.221693 0.771683
f 792/1010/1293 779/988/1293 793/1011/1293

vn -0.995408 -0.0770835 0.0567487
f 793/1011/1294 779/988/1294 778/987/1294

vn -0.974861 0.197922 0.10234
f 793/1011/1295 778/987/1295 777/986/1295

vn -0.974665 0.19959 0.100956
v -0.825533 1.12349 0.775655
vt 0.19717 0.759996
f 793/1011/1296 777/986/1296 794/1012/1296

vn -0.951828 0.28686 0.108328
v -0.79215 1.22388 0.803135
vt 0.175112 0.754683
f 794/1012/1297 777/986/1297 795/1013/1297

vn -0.942047 0.307415 0.134326
v -0.777585 1.21929 0.915792
vt 0.16413 0.774909
f 795/1013/1298 777/986/1298 796/1014/1298

vn -0.929085 0.290815 0.228536
f 777/986/1299 776/985/1299 796/1014/1299

vn -0.916826 0.306555 0.255839
f 796/1014/1300 776/985/1300 775/983/1300

vn -0.886078 0.394268 0.243758
v -0.733476 1.30864 0.931619
vt 0.145979 0.768383
f 796/1014/1301 775/983/1301 797/1015/1301

vn -0.864451 0.41881 0.278071
f 797/1015/1302 775/983/1302 774/980/1302

v -0.692716 1.36947 0.918068
vt 0.134843 0.760218
vn -0.790612 0.575972 0.207821
f 798/1016/1303 797/1015/1303 774/980/1303

v -0.759005 1.28905 0.851853
vt 0.157785 0.756968
vn -0.81225 0.570869 0.119827
f 799/1017/1304 797/1015/1304 798/1016/1304

vn -0.893732 0.408311 0.18581
f 799/1017/1305 796/1014/1305 797/1015/1305

vn -0.920188 0.367842 0.133965
f 795/1013/1306 796/1014/1306 799/1017/1306

vn -0.881343 0.471455 -0.0310714
v -0.738284 1.32491 0.8082
vt 0.154032 0.745799
f 795/1013/1307 799/1017/1307 800/1018/1307

vn -0.805823 0.584105 0.0973171
f 800/1018/1308 799/1017/1308 798/1016/1308

v -0.694974 1.38435 0.766321
vt 0.143889 0.732674
vn -0.781088 0.620208 0.0724156
f 801/1019/1309 800/1018/1309 798/1016/1309

v -0.743163 1.33367 0.636778
vt 0.16626 0.713067
vn -0.788622 0.612527 0.0537239
f 802/1020/1310 800/1018/1310 801/1019/1310

vn -0.894765 0.443936 0.0481366
v -0.78548 1.24399 0.677217
vt 0.182331 0.728855
f 802/1020/1311 803/1021/1311 800/1018/1311

v -0.7409 1.31648 0.585379
vt 0.172812 0.703612
vn -0.918611 0.360835 -0.161095
f 804/1022/1312 803/1021/1312 802/1020/1312

v -0.76565 1.22343 0.574716
vt 0.194298 0.708023
vn -0.93218 0.274929 -0.235487
f 805/1023/1313 803/1021/1313 804/1022/1313

vn -0.926858 0.290648 -0.23761
v -0.816196 1.13337 0.661713
vt 0.206385 0.736616
f 805/1023/1314 806/1024/1314 803/1021/1314

v -0.790278 1.11847 0.572996
vt 0.217807 0.718096
vn -0.925226 0.222134 -0.307593
f 807/1025/1315 806/1024/1315 805/1023/1315

vn -0.938418 0.167373 -0.302253
v -0.83914 1.00601 0.662424
vt 0.23181 0.750737
f 807/1025/1316 808/1026/1316 806/1024/1316

vn -0.935196 0.151969 -0.319865
v -0.809803 1.00254 0.575
vt 0.242312 0.731855
f 807/1025/1317 809/1027/1317 808/1026/1317

v -0.756684 1.09833 0.495955
vt 0.230127 0.700258
vn -0.892977 0.143011 -0.426778
f 810/1028/1318 809/1027/1318 807/1025/1318

vn -0.874684 0.0924135 -0.475803
v -0.7723 0.989614 0.503547
vt 0.254218 0.715378
f 810/1028/1319 811/1029/1319 809/1027/1319

v -0.729435 1.08294 0.441518
vt 0.159541 0.599003
vn -0.879433 0.0937312 -0.466703
vt 0.177463 0.610739
vt 0.159512 0.610739
f 812/1030/1320 811/1031/1320 810/1032/1320

vn -0.843842 0.0315497 -0.535664
v -0.746041 0.976102 0.461386
vt 0.178658 0.600967
f 812/1030/1321 813/1033/1321 811/1031/1321

v -0.758322 1.07004 0.33113
vt 0.160088 0.577513
vn -0.954892 0.190745 0.227593
f 814/1034/1322 813/1033/1322 812/1030/1322

vn -0.869174 0.358564 0.340541
v -0.80362 0.931042 0.361869
vt 0.186285 0.57873
f 814/1034/1323 815/1035/1323 813/1033/1323

v -0.818411 0.918746 0.205779
vt 0.183153 0.549356
vn -0.944562 0.322007 0.0641365
f 816/1036/1324 815/1035/1324 814/1034/1324

vt 0.211046 0.347551
vn -0.917842 0.392974 0.0560141
v -0.859312 0.82023 0.226724
vt 0.215228 0.327169
vt 0.245072 0.349584
f 816/1037/1325 817/1038/1325 815/1039/1325

v -0.834517 0.781228 0.0641777
vt 0.181615 0.320848
vn -0.916628 0.333807 -0.219921
f 818/1040/1326 817/1038/1326 816/1037/1326

vn -0.944734 0.255501 -0.205419
v -0.89807 0.693036 0.24677
vt 0.218777 0.303257
f 818/1040/1327 819/1041/1327 817/1038/1327

vn -0.948495 0.22787 -0.220074
v -0.870387 0.64486 0.0775744
vt 0.185697 0.295779
f 818/1040/1328 820/1042/1328 819/1041/1328

vn -0.826041 0.164317 -0.539125
f 585/731/1329 820/1042/1329 818/1040/1329

vn -0.83321 0.0640377 -0.549236
f 585/731/1330 586/732/1330 820/1042/1330

vn -0.829494 0.0712837 -0.553948
v -0.893102 0.495173 0.0923265
vt 0.188997 0.270266
f 586/732/1331 821/1043/1331 820/1042/1331

vn -0.79941 -0.0793261 -0.595526
f 586/732/1332 587/733/1332 821/1043/1332

vn -0.794141 -0.0574228 -0.605015
v -0.899678 0.343939 0.115312
vt 0.192382 0.245091
f 587/733/1333 822/1044/1333 821/1043/1333

vn -0.76673 -0.12186 -0.630298
f 587/733/1334 588/734/1334 822/1044/1334

vn -0.774275 -0.206786 -0.598112
v -0.88056 0.196175 0.141649
vt 0.194303 0.219104
f 588/734/1335 823/1045/1335 822/1044/1335

vn -0.73147 -0.27413 -0.624344
v -0.78499 0.164419 0.043624
vt 0.167034 0.213835
f 588/734/1336 824/1046/1336 823/1045/1336

vn -0.265252 -0.27968 -0.922724
f 588/734/1337 589/735/1337 824/1046/1337

vn -0.245297 -0.313345 -0.917412
f 589/735/1338 590/736/1338 824/1046/1338

vn -0.258155 -0.419572 -0.870239
v -0.758886 0.06053 0.0859686
vt 0.167237 0.191541
f 824/1046/1339 590/736/1339 825/1047/1339

vn -0.235192 -0.450347 -0.86132
f 590/736/1340 591/737/1340 825/1047/1340

vn -0.233987 -0.47171 -0.850141
vt 0.165072 0.173854
f 825/1047/1341 591/737/1341 601/1048/1341

vn -0.110617 -0.643273 -0.757604
f 591/737/1342 592/738/1342 601/1048/1342

vn -0.602216 -0.515306 -0.609751
vt 0.194763 0.173854
f 825/1047/1343 601/1048/1343 600/1049/1343

vn -0.637495 -0.477025 -0.605018
v -0.846651 0.0742333 0.16764
vt 0.194882 0.194369
f 825/1047/1344 600/1049/1344 826/1050/1344

vn -0.843083 -0.47663 -0.24907
vt 0.223068 0.173854
f 826/1050/1345 600/1049/1345 599/1051/1345

vn -0.860909 -0.45206 -0.233405
v -0.885213 0.0880748 0.283068
vt 0.222273 0.196731
f 826/1050/1346 599/1051/1346 827/1052/1346

vn -0.893673 -0.442409 0.0749899
vt 0.246336 0.173854
f 827/1052/1347 599/1051/1347 598/1053/1347

vn -0.921021 -0.344525 0.18172
v -0.868274 0.102392 0.396067
vt 0.247506 0.199166
f 827/1052/1348 598/1053/1348 828/1054/1348

vn -0.738168 -0.355612 0.573278
vt 0.271448 0.173854
f 598/1053/1349 597/1055/1349 828/1054/1349

vn -0.722342 -0.319324 0.613395
v -0.799018 0.11183 0.482537
vt 0.271789 0.200457
f 828/1054/1350 597/1055/1350 829/1056/1350

vn -0.276041 -0.306352 0.911016
v -0.670598 0.111682 0.521399
vt 0.301231 0.199006
f 829/1056/1351 597/1055/1351 830/1057/1351

vn -0.356823 -0.227434 0.906063
vt 0.301507 0.173854
f 830/1057/1352 597/1055/1352 596/1058/1352

vn 0.150167 -0.210521 0.965987
v -0.542229 0.0993336 0.498752
vt 0.329962 0.195798
f 830/1057/1353 596/1058/1353 831/1059/1353

vn 0.115557 -0.168494 0.978906
vt 0.328996 0.173854
f 831/1059/1354 596/1058/1354 595/1060/1354

vn 0.573396 -0.185157 0.798082
v -0.450911 0.079948 0.428645
vt 0.355467 0.191792
f 831/1059/1355 595/1060/1355 832/1061/1355

vn 0.569475 -0.177053 0.802715
vt 0.352929 0.173854
f 832/1061/1356 595/1060/1356 594/1062/1356

vn 0.908057 -0.249466 0.336452
f 593/753/1357 832/1061/1357 594/1062/1357

vn 0.894202 -0.275455 0.352884
f 602/752/1358 832/1061/1358 593/753/1358

vn 0.835397 -0.420118 0.354419
v -0.427642 0.128395 0.431226
vt 0.358067 0.201848
f 602/752/1359 833/1063/1359 832/1061/1359

vn 0.892215 -0.326912 0.311578
f 603/755/1360 833/1063/1360 602/752/1360

vn 0.931386 -0.199911 0.30423
f 604/757/1361 833/1063/1361 603/755/1361

vn 0.933194 -0.183519 0.308981
v -0.415155 0.190038 0.430126
vt 0.359907 0.21324
f 604/757/1362 834/1064/1362 833/1063/1362

vn 0.945525 -0.125474 0.300399
f 605/759/1363 834/1064/1363 604/757/1363

vn 0.942289 -0.157842 0.295258
f 605/759/1364 606/760/1364 834/1064/1364

vn 0.607975 -0.0577556 0.791852
v -0.527655 0.239902 0.520139
vt 0.331524 0.222902
f 606/760/1365 835/1065/1365 834/1064/1365

v -0.523512 0.333063 0.521998
vt 0.332671 0.239686
vn 0.607452 -0.0428431 0.7932
f 836/1066/1366 835/1065/1366 606/760/1366

vn 0.205549 -0.0286637 0.978227
v -0.672386 0.297716 0.552244
vt 0.302667 0.234268
f 836/1066/1367 837/1067/1367 835/1065/1367

v -0.671284 0.418302 0.557444
vt 0.303572 0.255623
vn 0.208936 -0.0440331 0.976938
f 838/1068/1368 837/1067/1368 836/1066/1368

vn -0.258122 -0.0392622 0.965314
v -0.819988 0.341287 0.514548
vt 0.273608 0.242838
f 838/1068/1369 839/1069/1369 837/1067/1369

v -0.818728 0.494972 0.526412
vt 0.275175 0.269075
vn -0.241474 -0.0727243 0.967678
f 840/1070/1370 839/1069/1370 838/1068/1370

v -0.910389 0.367652 0.415892
vt 0.248789 0.24762
vn -0.742543 -0.0455013 0.668251
f 841/1071/1371 839/1069/1371 840/1070/1371

v -0.891583 0.221772 0.407241
vt 0.248218 0.222198
vn -0.748236 -0.13498 0.649556
f 842/1072/1372 839/1069/1372 841/1071/1372

vn -0.761077 -0.116943 0.638033
v -0.811875 0.212907 0.500695
vt 0.27261 0.219995
f 842/1072/1373 843/1073/1373 839/1069/1373

vn -0.753877 -0.207866 0.623267
f 842/1072/1374 829/1056/1374 843/1073/1374

vn -0.752788 -0.205517 0.625359
f 828/1054/1375 829/1056/1375 842/1072/1375

v -0.91677 0.21618 0.279568
vt 0.22257 0.221727
vn -0.958369 -0.205665 0.198069
f 844/1074/1376 828/1054/1376 842/1072/1376

vn -0.957451 -0.231133 0.172813
f 844/1074/1377 827/1052/1377 828/1054/1377

vn -0.947112 -0.239153 -0.213972
f 823/1045/1378 827/1052/1378 844/1074/1378

vn -0.912117 -0.310647 -0.26747
f 823/1045/1379 826/1050/1379 827/1052/1379

vn -0.727069 -0.330452 -0.601807
f 824/1046/1380 826/1050/1380 823/1045/1380

vn -0.652318 -0.420843 -0.630374
f 824/1046/1381 825/1047/1381 826/1050/1381

vn -0.959604 -0.164803 -0.228037
f 822/1044/1382 823/1045/1382 844/1074/1382

vn -0.973691 -0.119327 -0.194132
v -0.933851 0.371137 0.269994
vt 0.221646 0.248622
f 822/1044/1383 844/1074/1383 845/1075/1383

vn -0.982859 -0.0987255 0.155697
f 845/1075/1384 844/1074/1384 841/1071/1384

vn -0.970706 -0.136851 0.197489
f 844/1074/1385 842/1072/1385 841/1071/1385

vn -0.986246 0.0428804 0.159624
v -0.903399 0.526136 0.416507
vt 0.249568 0.273981
f 845/1075/1386 841/1071/1386 846/1076/1386

vn -0.78731 0.0323371 0.615709
f 841/1071/1387 840/1070/1387 846/1076/1387

vn -0.781957 0.0626402 0.620177
v -0.806656 0.644698 0.526512
vt 0.276312 0.294793
f 846/1076/1388 840/1070/1388 847/1077/1388

vn -0.20973 0.0162641 0.977624
v -0.662343 0.547708 0.559084
vt 0.305592 0.278562
f 847/1077/1389 840/1070/1389 848/1078/1389

vn -0.205072 0.00175841 0.978745
f 848/1078/1390 840/1070/1390 838/1068/1390

vn 0.214918 -0.0272277 0.976253
v -0.519806 0.426118 0.524314
vt 0.333785 0.25629
f 848/1078/1391 838/1068/1391 849/1079/1391

vn 0.215159 -0.0328653 0.976026
f 849/1079/1392 838/1068/1392 836/1066/1392

vn 0.614228 -0.0440747 0.787897
f 849/1079/1393 836/1066/1393 607/761/1393

vn 0.617861 -0.0186602 0.786066
f 836/1066/1394 606/760/1394 607/761/1394

vn 0.619816 -0.0346914 0.78398
f 849/1079/1395 607/761/1395 608/762/1395

v -0.514637 0.504812 0.522473
vt 0.33517 0.270329
vn 0.623426 -0.0226598 0.781554
f 850/1080/1396 849/1079/1396 608/762/1396

vn 0.242436 0.00677805 0.970144
f 848/1078/1397 849/1079/1397 850/1080/1397

v -0.624482 0.646143 0.554746
vt 0.312776 0.296569
vn 0.228055 -0.044851 0.972615
f 851/1081/1398 848/1078/1398 850/1080/1398

v -0.692084 0.70263 0.550273
vt 0.298525 0.306741
vn -0.0221672 0.0525274 0.998373
f 852/1082/1399 848/1078/1399 851/1081/1399

vn -0.210415 0.0152015 0.977494
f 852/1082/1400 847/1077/1400 848/1078/1400

v -0.783328 0.768299 0.519689
vt 0.277646 0.31697
vn -0.250479 0.100422 0.9629
f 853/1083/1401 847/1077/1401 852/1082/1401

v -0.876341 0.688365 0.408358
vt 0.249978 0.301889
vn -0.815323 0.184176 0.548933
f 854/1084/1402 847/1077/1402 853/1083/1402

vn -0.821824 0.164472 0.545485
f 854/1084/1403 846/1076/1403 847/1077/1403

v -0.926772 0.528775 0.257581
vt 0.220109 0.274902
vn -0.974565 0.16989 0.14615
f 855/1085/1404 846/1076/1404 854/1084/1404

vn -0.987679 0.0558646 0.146185
f 855/1085/1405 845/1075/1405 846/1076/1405

vn -0.978369 0.0277935 -0.204991
f 821/1043/1406 845/1075/1406 855/1085/1406

vn -0.976061 0.00941499 -0.217293
f 821/1043/1407 822/1044/1407 845/1075/1407

vn -0.966935 0.124816 -0.22239
f 820/1042/1408 821/1043/1408 855/1085/1408

vn -0.96684 0.155611 -0.2025
f 820/1042/1409 855/1085/1409 819/1041/1409

vn -0.974336 0.179214 0.136205
f 819/1041/1410 855/1085/1410 854/1084/1410

vn -0.951578 0.275721 0.135934
v -0.842132 0.813285 0.394449
vt 0.249611 0.325175
f 819/1041/1411 854/1084/1411 856/1086/1411

vn -0.826097 0.280635 0.488679
f 856/1086/1412 854/1084/1412 853/1083/1412

vn -0.777578 0.379446 0.501391
v -0.752201 0.867872 0.492608
vt 0.276555 0.337752
f 856/1086/1413 853/1083/1413 857/1087/1413

vn -0.158035 0.304843 0.939199
v -0.690309 0.751507 0.540791
vt 0.297531 0.316476
f 857/1087/1414 853/1083/1414 858/1088/1414

vn -0.183676 0.193628 0.963728
f 853/1083/1415 852/1082/1415 858/1088/1415

vn 0.0143409 0.189921 0.981695
vt 0.31818 0.3003
f 858/1088/1416 852/1082/1416 788/1089/1416

vn -0.054337 0.0140314 0.998424
f 852/1082/1417 851/1081/1417 788/1089/1417

vn 0.069506 -0.162339 0.984284
v -0.500639 0.538818 0.5283
vt 0.337357 0.276637
f 788/1089/1418 851/1081/1418 859/1090/1418

vn 0.0470453 -0.187482 0.981141
f 851/1081/1419 850/1080/1419 859/1090/1419

vn 0.440741 -0.32481 0.836807
f 859/1090/1420 850/1080/1420 609/763/1420

vn 0.626353 -0.0182826 0.779325
f 850/1080/1421 608/762/1421 609/763/1421

vn -0.425381 -0.773973 0.46906
v -0.403438 0.462095 0.489852
vt 0.295868 0.574608
vt 0.276154 0.585352
f 609/764/1422 860/1091/1422 859/1092/1422

vn -0.469804 -0.761261 0.446952
f 610/765/1423 860/1091/1423 609/764/1423

vn -0.464587 -0.750652 0.469766
f 610/765/1424 611/766/1424 860/1091/1424

vn -0.426302 -0.781471 0.455598
v -0.461856 0.526999 0.546519
vt 0.283287 0.588287
f 611/766/1425 861/1093/1425 860/1091/1425

vn -0.419375 -0.748415 0.51381
f 611/766/1426 612/767/1426 861/1093/1426

vn -0.430865 -0.728128 0.53309
f 612/767/1427 786/1001/1427 861/1093/1427

vn -0.611489 -0.643407 0.460553
f 861/1093/1428 786/1001/1428 787/1002/1428

vn -0.483444 -0.591119 0.645647
f 787/1002/1429 859/1092/1429 861/1093/1429

vn -0.618829 -0.581639 0.527965
f 859/1092/1430 787/1002/1430 788/1004/1430

vn -0.443927 -0.781817 0.437826
f 860/1091/1431 861/1093/1431 859/1092/1431

vn -0.54731 -0.685228 -0.480536
vt 0.223345 0.606967
f 788/1004/1432 789/1005/1432 858/1094/1432

vn -0.74379 -0.637973 -0.199415
vt 0.220396 0.610739
f 858/1094/1433 789/1005/1433 790/1095/1433

vt 0.198167 0.60523
vn -0.774248 -0.545018 -0.321708
f 857/1096/1434 858/1094/1434 790/1095/1434

vn -0.892555 -0.445826 -0.0677067
v -0.756867 0.872945 0.520718
vt 0.197922 0.610739
f 857/1096/1435 790/1095/1435 862/1097/1435

vt 0.279331 0.732477
vn -0.673661 -0.49316 -0.550431
vt 0.303826 0.751216
f 862/1098/1436 790/1099/1436 791/1009/1436

vn -0.772419 -0.428323 -0.468944
v -0.798518 0.875792 0.586722
vt 0.268198 0.7485
f 862/1098/1437 791/1009/1437 863/1100/1437

vn -0.852036 -0.423705 -0.307423
f 863/1100/1438 791/1009/1438 792/1010/1438

vn -0.938973 -0.101919 -0.328544
f 863/1100/1439 792/1010/1439 808/1026/1439

vn -0.987937 -0.0912237 -0.125132
f 808/1026/1440 792/1010/1440 793/1011/1440

vn -0.970275 0.216536 -0.10807
f 808/1026/1441 793/1011/1441 794/1012/1441

vn -0.982127 0.176572 -0.0651809
f 806/1024/1442 808/1026/1442 794/1012/1442

vn -0.960084 0.274268 -0.054909
f 806/1024/1443 794/1012/1443 803/1021/1443

vn -0.948921 0.315513 0.000122696
f 803/1021/1444 794/1012/1444 795/1013/1444

vn -0.882652 0.469183 0.0281745
f 803/1021/1445 795/1013/1445 800/1018/1445

vn -0.943333 -0.112857 -0.312069
f 809/1027/1446 863/1100/1446 808/1026/1446

vn -0.887808 -0.120138 -0.444256
f 811/1029/1447 863/1100/1447 809/1027/1447

vn -0.834444 -0.186689 -0.518508
f 811/1029/1448 862/1098/1448 863/1100/1448

vn -0.859725 -0.183854 -0.476519
f 813/1033/1449 862/1097/1449 811/1031/1449

vn -0.986219 0.00846261 -0.165229
f 813/1033/1450 857/1096/1450 862/1097/1450

vn -0.884484 0.175095 0.43247
f 815/1035/1451 857/1096/1451 813/1033/1451

vn -0.776589 0.390716 0.494218
f 815/1039/1452 856/1086/1452 857/1087/1452

vn -0.935354 0.336261 0.109733
f 817/1038/1453 856/1086/1453 815/1039/1453

vn -0.945875 0.305488 0.109536
f 817/1038/1454 819/1041/1454 856/1086/1454

vn -0.290206 -0.204849 0.934782
v -0.672445 0.18889 0.538719
vt 0.301721 0.21429
f 843/1073/1455 829/1056/1455 864/1101/1455

vn -0.283011 -0.216382 0.93439
f 864/1101/1456 829/1056/1456 830/1057/1456

vn 0.152575 -0.212853 0.965098
v -0.535775 0.155751 0.509803
vt 0.330468 0.20711
f 864/1101/1457 830/1057/1457 865/1102/1457

vn 0.150677 -0.206613 0.966751
f 865/1102/1458 830/1057/1458 831/1059/1458

vn 0.536137 -0.220926 0.814708
f 865/1102/1459 831/1059/1459 833/1063/1459

vn 0.539666 -0.301079 0.786201
f 833/1063/1460 831/1059/1460 832/1061/1460

vn 0.568114 -0.100507 0.81679
f 834/1064/1461 865/1102/1461 833/1063/1461

vn 0.574719 -0.154168 0.803698
f 835/1065/1462 865/1102/1462 834/1064/1462

vn 0.173259 -0.136512 0.97537
f 835/1065/1463 864/1101/1463 865/1102/1463

vn 0.168389 -0.121665 0.978183
f 837/1067/1464 864/1101/1464 835/1065/1464

vn -0.28016 -0.11825 0.952642
f 837/1067/1465 843/1073/1465 864/1101/1465

vn -0.278873 -0.120431 0.952747
f 839/1069/1466 843/1073/1466 837/1067/1466

vn -0.744271 0.254007 -0.617691
f 584/730/1467 585/731/1467 818/1040/1467

vn -0.807156 0.142103 -0.572979
v -0.802704 0.884522 0.0449796
vt 0.176889 0.341227
f 584/730/1468 818/1040/1468 866/1103/1468

vn -0.952429 0.265542 -0.149553
f 866/1103/1469 818/1040/1469 816/1037/1469

vt 0.182005 0.519067
vn -0.935299 0.316286 -0.15868
v -0.767588 1.05585 0.179497
vt 0.158088 0.549684
f 866/1104/1470 816/1036/1470 867/1105/1470

vn -0.935849 0.351563 0.0242856
f 867/1105/1471 816/1036/1471 814/1034/1471

vn -0.896253 0.443345 0.0132763
v -0.700296 1.18802 0.308717
vt 0.137433 0.57684
f 867/1105/1472 814/1034/1472 868/1106/1472

vn -0.888676 0.451882 0.0778297
v -0.688246 1.19298 0.417487
vt 0.138688 0.596551
f 868/1106/1473 814/1034/1473 869/1107/1473

vn -0.904552 0.380568 0.192236
f 814/1034/1474 812/1030/1474 869/1107/1474

vn -0.837418 0.202597 -0.507628
v -0.73152 1.19694 0.490456
vt 0.143224 0.610739
f 869/1107/1475 812/1030/1475 870/1108/1475

vn -0.855004 0.191296 -0.482052
f 812/1030/1476 810/1032/1476 870/1108/1476

vt 0.206506 0.6876
vn -0.877956 0.199772 -0.435068
f 870/1109/1477 810/1028/1477 807/1025/1477

vn -0.88029 0.213492 -0.423687
f 870/1109/1478 807/1025/1478 805/1023/1478

v -0.693758 1.26037 0.484838
vt 0.189135 0.677673
vn -0.78368 0.426564 -0.45154
f 871/1110/1479 870/1109/1479 805/1023/1479

vn -0.771702 0.416887 -0.480292
vt 0.131712 0.610739
f 869/1107/1480 870/1108/1480 871/1111/1480

v -0.601015 1.30239 0.405503
vt 0.114506 0.597256
vn -0.684695 0.486427 -0.542754
f 872/1112/1481 869/1107/1481 871/1111/1481

v -0.614835 1.29555 0.289885
vt 0.114072 0.576674
vn -0.777703 0.626143 0.055877
f 873/1113/1482 869/1107/1482 872/1112/1482

vn -0.776654 0.627305 0.0574152
f 873/1113/1483 868/1106/1483 869/1107/1483

v -0.699991 1.174 0.156871
vt 0.134966 0.549798
vn -0.786486 0.614846 -0.0583509
f 874/1114/1484 868/1106/1484 873/1113/1484

vn -0.870864 0.489278 -0.0469259
f 874/1114/1485 867/1105/1485 868/1106/1485

v -0.762861 1.02903 0.0222413
vt 0.156633 0.521046
vn -0.871675 0.478095 -0.10774
f 875/1115/1486 867/1105/1486 874/1114/1486

vn -0.964361 0.254494 -0.0723912
f 875/1115/1487 866/1104/1487 867/1105/1487

v -0.763229 0.998901 -0.13175
vt 0.156005 0.493215
vn -0.964827 0.25842 -0.0482542
f 876/1116/1488 866/1104/1488 875/1115/1488

vn -0.966613 0.250538 -0.0537547
f 876/1116/1489 583/728/1489 866/1104/1489

vn -0.967106 0.253604 -0.0197687
f 582/727/1490 583/728/1490 876/1116/1490

v -0.697987 1.11084 -0.29721
vt 0.129015 0.469951
vn -0.894296 0.444453 -0.0519317
f 877/1117/1491 582/727/1491 876/1116/1491

v -0.763374 0.957542 -0.435216
vt 0.151228 0.439243
vn -0.894217 0.442465 -0.0678247
f 878/1118/1492 582/727/1492 877/1117/1492

vn -0.975871 0.213957 -0.0435794
f 878/1118/1493 581/726/1493 582/727/1493

vn -0.975747 0.212482 -0.0526188
f 580/724/1494 581/726/1494 878/1118/1494

v -0.750179 0.9536 -0.597009
vt 0.143638 0.410842
vn -0.965842 0.244887 -0.0847379
f 879/1119/1495 580/724/1495 878/1118/1495

vn -0.965458 0.260332 0.0108492
f 579/723/1496 580/724/1496 879/1119/1496

v -0.729 0.956673 -0.758645
vt 0.13209 0.383247
vn -0.891744 0.439343 -0.108488
f 880/1120/1497 579/723/1497 879/1119/1497

vn -0.87387 0.42472 -0.236567
f 539/670/1498 579/723/1498 880/1120/1498

vn -0.890123 0.387128 -0.240442
f 539/670/1499 578/721/1499 579/723/1499

vt 0.145776 0.339937
vn -0.853393 0.48617 -0.188041
f 577/1121/1500 578/721/1500 539/670/1500

vn -0.598166 0.412124 -0.687278
f 539/670/1501 540/671/1501 577/1121/1501

vn -0.581579 0.47556 -0.660007
f 540/671/1502 541/672/1502 577/1121/1502

vn -0.67597 0.314157 -0.666611
f 541/704/1503 568/705/1503 577/719/1503

vn -0.727561 0.591899 -0.346858
f 539/670/1504 880/1120/1504 538/669/1504

vn -0.719156 0.602938 -0.34537
v -0.651944 1.04503 -0.764837
vt 0.112279 0.389137
f 538/669/1505 880/1120/1505 881/1122/1505

vn -0.742073 0.631342 -0.225245
v -0.678119 1.06961 -0.609717
vt 0.120064 0.415854
f 881/1122/1506 880/1120/1506 882/1123/1506

vn -0.850025 0.516862 -0.101548
f 880/1120/1507 879/1119/1507 882/1123/1507

vn -0.847574 0.51064 -0.144448
v -0.692526 1.09034 -0.451912
vt 0.125538 0.443133
f 882/1123/1508 879/1119/1508 883/1124/1508

vn -0.883533 0.460904 -0.0832887
f 879/1119/1509 878/1118/1509 883/1124/1509

vn -0.8833 0.459671 -0.0921094
f 883/1124/1510 878/1118/1510 877/1117/1510

v -0.591467 1.20452 -0.45942
vt 0.100706 0.447992
vn -0.747691 0.65434 -0.113126
f 884/1125/1511 883/1124/1511 877/1117/1511

v -0.574899 1.17787 -0.613397
vt 0.095899 0.422111
vn -0.741217 0.643481 -0.191129
f 885/1126/1512 883/1124/1512 884/1125/1512

vn -0.717644 0.679011 -0.1547
f 885/1126/1513 882/1123/1513 883/1124/1513

v -0.549168 1.1377 -0.764873
vt 0.090258 0.396183
vn -0.697122 0.654774 -0.292046
f 886/1127/1514 882/1123/1514 885/1126/1514

vn -0.652536 0.723656 -0.224763
f 886/1127/1515 881/1122/1515 882/1123/1515

vn -0.6085 0.674741 -0.417674
f 886/1127/1516 537/668/1516 881/1122/1516

vn -0.517277 0.70518 -0.484918
f 536/667/1517 537/668/1517 886/1127/1517

vn -0.394232 0.78397 -0.479554
f 535/666/1518 536/667/1518 886/1127/1518

vn -0.424172 0.741876 -0.519325
f 535/666/1519 886/1127/1519 534/665/1519

vn -0.480305 0.824153 -0.300132
f 534/665/1520 886/1127/1520 885/1126/1520

vn -0.527732 0.769998 -0.358612
v -0.451757 1.25953 -0.619267
vt 0.072629 0.426335
f 534/665/1521 885/1126/1521 887/1128/1521

vn -0.543736 0.802174 -0.246716
v -0.467817 1.29494 -0.468739
vt 0.0763 0.451384
f 887/1128/1522 885/1126/1522 888/1129/1522

vn -0.588215 0.783848 -0.19896
f 888/1129/1523 885/1126/1523 884/1125/1523

vn -0.589593 0.787935 -0.177591
v -0.479374 1.32056 -0.316685
vt 0.079609 0.476612
f 888/1129/1524 884/1125/1524 889/1130/1524

vn -0.61453 0.774985 -0.14748
v -0.602117 1.2253 -0.305808
vt 0.10463 0.473871
f 889/1130/1525 884/1125/1525 890/1131/1525

vn -0.764345 0.629819 -0.138222
f 884/1125/1526 877/1117/1526 890/1131/1526

vn -0.766768 0.635348 -0.0916482
v -0.698612 1.13185 -0.146361
vt 0.131304 0.496254
f 890/1131/1527 877/1117/1527 891/1132/1527

vn -0.900303 0.430579 -0.0636873
f 877/1117/1528 876/1116/1528 891/1132/1528

vn -0.89989 0.428402 -0.0816677
f 891/1132/1529 876/1116/1529 875/1115/1529

vn -0.892268 0.446387 -0.0677957
v -0.699138 1.15374 0.00472082
vt 0.133115 0.522826
f 891/1132/1530 875/1115/1530 892/1133/1530

vn -0.892278 0.446857 -0.0644825
f 892/1133/1531 875/1115/1531 874/1114/1531

vn -0.786657 0.6114 -0.085791
v -0.612811 1.28355 0.13825
vt 0.111469 0.550277
f 892/1133/1532 874/1114/1532 893/1134/1532

vn -0.785994 0.615397 -0.0591695
f 893/1134/1533 874/1114/1533 873/1113/1533

v -0.51165 1.39129 0.275097
vt 0.090424 0.576906
vn -0.68377 0.726652 -0.0666047
f 894/1135/1534 893/1134/1534 873/1113/1534

v -0.504086 1.38033 0.1217
vt 0.08731 0.550716
vn -0.669673 0.737693 -0.0857175
f 895/1136/1535 893/1134/1535 894/1135/1535

vn -0.669998 0.73552 -0.100559
v -0.610105 1.26546 -0.0121071
vt 0.109352 0.524203
f 895/1136/1536 896/1137/1536 893/1134/1536

v -0.494731 1.36289 -0.0272046
vt 0.08454 0.525374
vn -0.649582 0.749337 -0.128597
f 897/1138/1537 896/1137/1537 895/1136/1537

vn -0.649623 0.752022 -0.111592
v -0.606598 1.24665 -0.15928
vt 0.107063 0.498898
f 897/1138/1538 898/1139/1538 896/1137/1538

v -0.485943 1.34386 -0.171163
vt 0.081897 0.501061
vn -0.629547 0.764347 -0.139443
f 899/1140/1539 898/1139/1539 897/1138/1539

vn -0.629774 0.765684 -0.130815
f 899/1140/1540 890/1131/1540 898/1139/1540

vn -0.614371 0.774299 -0.151691
f 889/1130/1541 890/1131/1541 899/1140/1541

v -0.341554 1.41594 -0.178556
vt 0.056068 0.502955
vn -0.447393 0.879721 -0.161031
f 900/1141/1542 889/1130/1542 899/1140/1542

v -0.334007 1.39032 -0.322687
vt 0.054111 0.479014
vn -0.431608 0.883977 -0.179721
f 901/1142/1543 889/1130/1543 900/1141/1543

vn -0.431517 0.883617 -0.181701
f 901/1142/1544 888/1129/1544 889/1130/1544

v -0.326487 1.35827 -0.470517
vt 0.052185 0.454571
vn -0.401712 0.890526 -0.213519
f 902/1143/1545 888/1129/1545 901/1142/1545

vn -0.39853 0.882398 -0.250096
f 902/1143/1546 887/1128/1546 888/1129/1546

v -0.311252 1.31575 -0.62041
vt 0.049281 0.429675
vn -0.357742 0.888203 -0.288299
f 903/1144/1547 887/1128/1547 902/1143/1547

vn -0.342779 0.848471 -0.403237
f 533/664/1548 887/1128/1548 903/1144/1548

vn -0.306115 0.880495 -0.361971
f 533/664/1549 534/665/1549 887/1128/1549

v -0.149381 1.28416 -0.754723
vt 0.024071 0.408114
vn -0.15794 0.901717 -0.402445
f 904/1145/1550 533/664/1550 903/1144/1550

vn -0.138559 0.815969 -0.561245
f 512/633/1551 533/664/1551 904/1145/1551

vt -1.40513e-016 0.408646
vn -0.0433969 0.826783 -0.560845
f 511/1146/1552 512/633/1552 904/1145/1552

vt 4.16334e-017 0.408646
vn -0.0473944 0.89252 -0.448511
v 0 1.35889 -0.6218
vt 4.33681e-017 0.43211
f 511/1147/1553 904/1145/1553 905/1148/1553

vt -5.0307e-017 0.43211
vn -0.0596215 0.897269 -0.43744
v -0.158746 1.3489 -0.620654
vt 0.025373 0.431689
f 905/1149/1554 904/1145/1554 906/1150/1554

vn -0.191643 0.878508 -0.437603
f 904/1145/1555 903/1144/1555 906/1150/1555

vn -0.202166 0.927839 -0.313439
v -0.16632 1.39691 -0.473647
vt 0.026711 0.456221
f 906/1150/1556 903/1144/1556 907/1151/1556

vn -0.229949 0.929881 -0.287132
f 907/1151/1557 903/1144/1557 902/1143/1557

vn -0.232426 0.944651 -0.231545
v -0.171043 1.4317 -0.326959
vt 0.027781 0.480369
f 907/1151/1558 902/1143/1558 908/1152/1558

vn -0.245585 0.944701 -0.217322
f 908/1152/1559 902/1143/1559 901/1142/1559

vn -0.246298 0.950266 -0.190611
v -0.176934 1.45968 -0.179866
vt 0.029087 0.504655
f 908/1152/1560 901/1142/1560 909/1153/1560

vn -0.253857 0.949938 -0.182138
f 909/1153/1561 901/1142/1561 900/1141/1561

vn -0.25457 0.953189 -0.163168
v -0.185897 1.48296 -0.0298612
vt 0.030931 0.529591
f 909/1153/1562 900/1141/1562 910/1154/1562

vn -0.258177 0.952881 -0.159254
v -0.353891 1.43622 -0.0372321
vt 0.058804 0.526535
f 910/1154/1563 900/1141/1563 911/1155/1563

vn -0.447257 0.879024 -0.165163
f 900/1141/1564 899/1140/1564 911/1155/1564

vn -0.465048 0.873524 -0.143829
f 911/1155/1565 899/1140/1565 897/1138/1565

vn -0.46514 0.875106 -0.133548
v -0.377264 1.44574 0.106571
vt 0.063783 0.550482
f 911/1155/1566 897/1138/1566 912/1156/1566

vn -0.466745 0.87452 -0.131776
f 912/1156/1567 897/1138/1567 895/1136/1567

vn -0.465162 0.880247 -0.0937518
v -0.390063 1.45617 0.268021
vt 0.067393 0.577855
f 912/1156/1568 895/1136/1568 913/1157/1568

vn -0.472933 0.876895 -0.0859597
f 913/1157/1569 895/1136/1569 894/1135/1569

v -0.381094 1.46082 0.381409
vt 0.067441 0.597574
vn -0.47074 0.882271 0.00100757
f 914/1158/1570 913/1157/1570 894/1135/1570

v -0.273037 1.48952 0.264589
vt 0.047028 0.578567
vn -0.27453 0.961414 -0.0177619
f 915/1159/1571 913/1157/1571 914/1158/1571

vn -0.275399 0.957678 -0.0837112
f 915/1159/1572 912/1156/1572 913/1157/1572

v -0.2469 1.48595 0.107001
vt 0.041562 0.552034
vn -0.29379 0.953277 -0.070361
f 916/1160/1573 912/1156/1573 915/1159/1573

vn -0.292597 0.949835 -0.110452
f 916/1160/1574 911/1155/1574 912/1156/1574

vn -0.26 0.955881 -0.136717
f 910/1154/1575 911/1155/1575 916/1160/1575

v -0.143468 1.50203 0.104304
vt 0.024479 0.552266
vn -0.155348 0.98369 -0.0906758
f 917/1161/1576 910/1154/1576 916/1160/1576

v 0 1.49515 -0.0377238
vt 1.04083e-017 0.528865
vn -0.0699509 0.99047 -0.118646
f 918/1162/1577 910/1154/1577 917/1161/1577

vt 1.2837e-016 0.528865
vn -0.0712212 0.985003 -0.157151
f 918/1163/1578 909/1153/1578 910/1154/1578

v 0 1.47241 -0.185019
vt 1.38778e-017 0.504424
vn -0.0753375 0.985482 -0.152147
vt 1.73472e-017 0.528865
f 919/1164/1579 909/1153/1579 918/1165/1579

vt 0.0290478 0.504556
vn -0.0760909 0.979008 -0.189086
vt -3.92156e-005 0.504378
v 0 1.44416 -0.331422
vt -0.00042118 0.480188
vt 0.0276966 0.480272
f 909/1166/1580 919/1167/1580 920/1168/1580 908/1169/1580 

vt 1.00005 0.504449
vn 0.0760909 0.979008 -0.189086
v 0.176934 1.45968 -0.179866
vt 0.970963 0.504644
v 0.171043 1.4317 -0.326959
vt 0.972297 0.480359
vt 1.00041 0.480258
f 919/1170/1581 921/1171/1581 922/1172/1581 920/1173/1581 

vt 0.970914 0.504655
vn 0.0753375 0.985482 -0.152147
vt 1 0.504424
vt 1 0.528865
f 921/1174/1582 919/1175/1582 918/1176/1582

v 0.185897 1.48296 -0.0298612
vt 0.969069 0.529591
vn 0.0712212 0.985003 -0.157151
f 923/1177/1583 921/1174/1583 918/1176/1583

v 0.341554 1.41594 -0.178556
vt 0.943931 0.502955
vn 0.25457 0.953189 -0.163168
f 924/1178/1584 921/1174/1584 923/1177/1584

vn 0.253857 0.949938 -0.182138
v 0.334007 1.39032 -0.322687
vt 0.945889 0.479014
f 924/1178/1585 925/1179/1585 921/1174/1585

vn 0.431608 0.883977 -0.179721
f 431/538/1586 925/1179/1586 924/1178/1586

vn 0.431517 0.883617 -0.181701
f 431/538/1587 432/539/1587 925/1179/1587

vn 0.401712 0.890526 -0.213519
v 0.326487 1.35827 -0.470517
vt 0.947815 0.454571
f 432/539/1588 926/1180/1588 925/1179/1588

vn 0.39853 0.882398 -0.250096
v 0.451757 1.25953 -0.619267
vt 0.927371 0.426335
f 432/539/1589 927/1181/1589 926/1180/1589

vn 0.543736 0.802174 -0.246716
f 433/540/1590 927/1181/1590 432/539/1590

vn 0.527732 0.769998 -0.358612
v 0.428841 1.20926 -0.760921
vt 0.931387 0.402021
f 433/540/1591 928/1182/1591 927/1181/1591

vn 0.480305 0.824153 -0.300132
v 0.549168 1.1377 -0.764873
vt 0.909742 0.396183
f 433/540/1592 929/1183/1592 928/1182/1592

vn 0.697122 0.654774 -0.292046
f 929/1183/1593 433/540/1593 434/541/1593

vn 0.652536 0.723656 -0.224763
v 0.651944 1.04503 -0.764837
vt 0.887721 0.389137
f 434/541/1594 930/1184/1594 929/1183/1594

vn 0.742073 0.631342 -0.225245
v 0.729 0.956673 -0.758645
vt 0.86791 0.383247
f 930/1184/1595 434/541/1595 931/1185/1595

vn 0.850025 0.516862 -0.101548
f 931/1185/1596 434/541/1596 435/542/1596

vn 0.891744 0.439343 -0.108488
v 0.777222 0.859864 -0.754322
vt 0.848845 0.376255
f 931/1185/1597 435/542/1597 932/1186/1597

vn 0.965458 0.260332 0.0108492
f 932/1186/1598 435/542/1598 436/543/1598

vn 0.986261 0.164951 -0.00893386
v 0.796089 0.754131 -0.623677
vt 0.820698 0.393954
f 932/1186/1599 436/543/1599 933/1187/1599

vn 0.964611 -0.0224768 0.262717
v 0.766811 0.675119 -0.522935
vt 0.80104 0.410293
f 933/1187/1600 436/543/1600 934/1188/1600

vn 0.983356 -0.15292 -0.0981144
f 436/543/1601 437/544/1601 934/1188/1601

vn 0.851464 -0.517423 -0.0853406
v 0.662531 0.495831 -0.476326
vt 0.761579 0.412038
f 934/1188/1602 437/544/1602 935/1189/1602

vn 0.807571 -0.484954 -0.335632
f 935/1189/1603 437/544/1603 438/545/1603

vn 0.670349 -0.687704 -0.278739
v 0.499636 0.32322 -0.442214
vt 0.719493 0.413637
f 438/545/1604 936/1190/1604 935/1189/1604

vn 0.687707 -0.712333 -0.140141
f 438/545/1605 440/547/1605 936/1190/1605

vn 0.705056 -0.702538 -0.0966236
f 438/545/1606 439/546/1606 440/547/1606

vn 0.472998 -0.880877 -0.0181105
f 440/547/1607 442/549/1607 936/1190/1607

vn 0.47618 -0.878529 0.03793
f 441/548/1608 442/549/1608 440/547/1608

vn 0.454936 -0.8896 -0.0405481
f 936/1190/1609 442/549/1609 443/550/1609

vn 0.488034 -0.849248 -0.201495
f 936/1190/1610 443/550/1610 444/551/1610

vn 0.215235 -0.966893 0.137085
v 0.462542 0.306014 -0.50533
vt 0.713319 0.40174
f 936/1190/1611 444/551/1611 937/1191/1611

vn 0.411556 -0.900641 -0.139526
v 0.299098 0.255824 -0.663458
vt 0.686919 0.37194
f 937/1191/1612 444/551/1612 938/1192/1612

vn 0.412775 -0.870609 -0.267687
v 0.281767 0.30449 -0.848462
vt 0.686876 0.336052
f 938/1192/1613 444/551/1613 939/1193/1613

vn 0.384868 -0.880897 -0.275494
v 0.253477 0.292738 -0.850405
vt 0.681159 0.335875
f 939/1193/1614 444/551/1614 940/1194/1614

vn 0.318811 -0.904942 -0.28185
f 444/551/1615 445/552/1615 940/1194/1615

vn 0.323699 -0.90379 -0.279967
v 0.197225 0.272318 -0.849526
vt 0.670105 0.336453
f 940/1194/1616 445/552/1616 941/1195/1616

vn 0.219548 -0.933165 -0.284607
f 445/552/1617 446/553/1617 941/1195/1617

vn 0.187258 -0.934765 -0.301908
v 0.108842 0.254798 -0.850097
vt 0.653604 0.33665
f 941/1195/1618 446/553/1618 942/1196/1618

vn 0.0565525 -0.951407 -0.302698
f 446/553/1619 447/554/1619 942/1196/1619

vn 0.0810207 -0.954496 -0.287008
v 0 0.24569 -0.850534
vt 0.633819 0.336645
f 942/1196/1620 447/554/1620 943/1197/1620

vn -0.0810207 -0.954496 -0.287008
vt 0.366181 0.336645
f 447/555/1621 448/556/1621 943/1198/1621

vt 0.0219598 0.182763
vn -0.0719163 -0.837461 -0.541744
v -0.107337 0.338452 -0.979683
vt 0.0216891 0.212243
v 0 0.328564 -0.978578
vt 0.00023569 0.210835
vt 0.000204908 0.181681
f 448/1199/1622 944/1200/1622 945/1201/1622 943/1202/1622 

vt 0.020732 0.212425
vn -0.167486 -0.82739 -0.536073
vt 0.021754 0.182778
vt 0.038674 0.185065
f 944/1203/1623 448/1204/1623 449/1205/1623

vn -0.186512 -0.817851 -0.544365
v -0.201198 0.365577 -0.988276
vt 0.037927 0.217623
f 944/1203/1624 449/1205/1624 946/1206/1624

vn -0.282109 -0.79996 -0.529603
vt 0.049762 0.187913
f 449/1205/1625 450/1207/1625 946/1206/1625

vn -0.303986 -0.789902 -0.532585
f 946/1206/1626 450/1207/1626 493/610/1626

vn -0.35993 -0.782382 -0.508261
vt 0.055499 0.189208
f 450/1207/1627 451/1208/1627 493/610/1627

vn -0.319219 -0.792241 -0.520052
f 451/1208/1628 489/608/1628 493/610/1628

v -0.199419 0.446834 -1.05915
vt 0.036999 0.238078
vn -0.24671 -0.633949 -0.732968
f 947/1209/1629 946/1206/1629 493/610/1629

vn -0.14605 -0.648475 -0.747094
v -0.103757 0.42945 -1.06277
vt 0.019744 0.235389
f 947/1209/1630 948/1210/1630 946/1206/1630

v -0.103261 0.542285 -1.10944
vt 0.019572 0.257856
vn -0.103719 -0.379759 -0.919253
f 949/1211/1631 948/1210/1631 947/1209/1631

vn -0.0330875 -0.381877 -0.923621
v 0 0.53773 -1.11125
vt 8.67362e-018 0.257072
f 949/1211/1632 950/1212/1632 948/1210/1632

v 0 0.658299 -1.12911
vt -1.73472e-018 0.279135
vn -0.0238544 -0.146501 -0.988923
vt 1.73472e-018 0.257072
f 951/1213/1633 950/1214/1633 949/1211/1633

vt 1 0.279135
vn 0.0238544 -0.146501 -0.988923
v 0.103261 0.542285 -1.10944
vt 0.980428 0.257856
vt 1 0.257072
f 951/1215/1634 952/1216/1634 950/1217/1634

v 0.103938 0.660489 -1.12708
vt 0.980528 0.279648
vn 0.0224898 -0.147691 -0.988778
f 953/1218/1635 952/1216/1635 951/1215/1635

vn 0.0729255 -0.147618 -0.986352
v 0.203215 0.551848 -1.10348
vt 0.962453 0.25951
f 953/1218/1636 954/1219/1636 952/1216/1636

v 0.205718 0.667253 -1.11946
vt 0.962512 0.281265
vn 0.0830861 -0.138447 -0.986878
f 955/1220/1637 954/1219/1637 953/1218/1637

vn 0.125382 -0.138739 -0.98236
v 0.303992 0.55897 -1.09162
vt 0.943528 0.260826
f 955/1220/1638 956/1221/1638 954/1219/1638

v 0.306619 0.67756 -1.106
vt 0.944061 0.28397
vn 0.143489 -0.122232 -0.982074
f 957/1222/1639 956/1221/1639 955/1220/1639

vn 0.159636 -0.122287 -0.979573
v 0.400568 0.574764 -1.07785
vt 0.92409 0.263805
f 957/1222/1640 958/1223/1640 956/1221/1640

v 0.402798 0.70202 -1.08799
vt 0.925927 0.290181
vn 0.203362 -0.0812697 -0.975725
f 959/1224/1641 958/1223/1641 957/1222/1641

v 0.533596 0.745663 -1.0837
vt 0.901287 0.302491
vn 0.0593838 -0.0802817 -0.995002
f 960/1225/1642 958/1223/1642 959/1224/1642

vn -0.241478 0.155178 -0.957919
v 0.553809 0.660885 -1.10253
vt 0.894236 0.285449
f 960/1225/1643 961/1226/1643 958/1223/1643

v 0.676897 0.750354 -1.03694
vt 0.872265 0.31311
vn 0.290337 0.272929 -0.917177
f 962/1227/1644 961/1226/1644 960/1225/1644

vt 0.872508 0.148364
vn 0.311228 0.244954 -0.918224
v 0.709435 0.67566 -1.04584
vt 0.868906 0.133408
vt 0.900263 0.131789
f 962/1228/1645 963/1229/1645 961/1230/1645

vn 0.669888 0.368585 -0.644512
v 0.796656 0.720199 -0.929716
vt 0.841358 0.141116
f 963/1229/1646 962/1228/1646 964/1231/1646

vn 0.67597 0.314157 -0.666611
v 0.766823 0.798289 -0.923166
vt 0.842662 0.157043
f 962/1228/1647 965/1232/1647 964/1231/1647

v 0.641789 0.80949 -1.02527
vt 0.882495 0.323104
vn 0.581579 0.47556 -0.660007
vt 0.854224 0.339937
f 966/1233/1648 965/1234/1648 962/1227/1648

v 0.734494 0.858004 -0.915495
vt 0.865374 0.347909
vn 0.598166 0.412124 -0.687278
f 967/1235/1649 965/1234/1649 966/1233/1649

vn 0.853393 0.48617 -0.188041
v 0.799744 0.802058 -0.764014
vt 0.838254 0.369615
f 965/1234/1650 967/1235/1650 968/1236/1650

vn 0.890123 0.387128 -0.240442
f 967/1235/1651 932/1186/1651 968/1236/1651

vn 0.87387 0.42472 -0.236567
f 967/1235/1652 931/1185/1652 932/1186/1652

vn 0.727561 0.591899 -0.346858
v 0.67641 0.936206 -0.903884
vt 0.88104 0.357691
f 967/1235/1653 969/1237/1653 931/1185/1653

vn 0.528277 0.494823 -0.689981
v 0.592605 0.878523 -1.00942
vt 0.895009 0.334104
f 969/1237/1654 967/1235/1654 970/1238/1654

vn 0.521094 0.5257 -0.672384
f 970/1238/1655 967/1235/1655 966/1233/1655

vn 0.248787 0.381705 -0.890172
v 0.496321 0.799208 -1.07034
vt 0.910253 0.312129
f 970/1238/1656 966/1233/1656 971/1239/1656

vn 0.24667 0.392881 -0.885889
f 966/1233/1657 960/1225/1657 971/1239/1657

vn 0.281106 0.343761 -0.895995
f 966/1233/1658 962/1227/1658 960/1225/1658

vn -0.0400149 0.215718 -0.975635
f 971/1239/1659 960/1225/1659 959/1224/1659

v 0.385943 0.808774 -1.08209
vt 0.931257 0.310511
vn 0.111825 0.0724112 -0.991086
f 972/1240/1660 971/1239/1660 959/1224/1660

v 0.457274 0.872345 -1.05187
vt 0.919705 0.325227
vn 0.127002 0.305997 -0.943523
f 973/1241/1661 971/1239/1661 972/1240/1661

vn 0.263327 0.365928 -0.892612
f 970/1238/1662 971/1239/1662 973/1241/1662

v 0.530708 0.948472 -0.991791
vt 0.908812 0.344638
vn 0.250616 0.439154 -0.862749
f 974/1242/1663 970/1238/1663 973/1241/1663

vn 0.457425 0.575569 -0.677852
f 974/1242/1664 969/1237/1664 970/1238/1664

v 0.602163 1.00947 -0.894809
vt 0.897683 0.36598
vn 0.463437 0.555168 -0.690662
f 975/1243/1665 969/1237/1665 974/1242/1665

vn 0.611684 0.671627 -0.418042
f 969/1237/1666 975/1243/1666 930/1184/1666

vn 0.6085 0.674741 -0.417674
f 930/1184/1667 975/1243/1667 929/1183/1667

vn 0.517277 0.70518 -0.484918
v 0.508729 1.08291 -0.887692
vt 0.916283 0.373571
f 975/1243/1668 976/1244/1668 929/1183/1668

vn 0.417848 0.597962 -0.683991
f 976/1244/1669 975/1243/1669 974/1242/1669

vn 0.371097 0.605701 -0.703856
v 0.4529 1.01 -0.979863
vt 0.924087 0.352773
f 976/1244/1670 974/1242/1670 977/1245/1670

vn 0.24756 0.476569 -0.843562
v 0.401729 0.932853 -1.03847
vt 0.931101 0.334874
f 977/1245/1671 974/1242/1671 978/1246/1671

vn 0.260555 0.430633 -0.864099
f 974/1242/1672 973/1241/1672 978/1246/1672

vn 0.163233 0.353886 -0.920934
v 0.364198 0.874659 -1.06748
vt 0.936456 0.322514
f 978/1246/1673 973/1241/1673 979/1247/1673

vn 0.165868 0.265358 -0.949775
f 979/1247/1674 973/1241/1674 972/1240/1674

v 0.301643 0.879853 -1.07664
vt 0.947568 0.321861
vn 0.161202 0.264076 -0.950935
f 980/1248/1675 979/1247/1675 972/1240/1675

v 0.323223 0.966716 -1.03859
vt 0.945184 0.338769
vn 0.164428 0.361281 -0.917845
f 981/1249/1676 979/1247/1676 980/1248/1676

vn 0.155968 0.35834 -0.920471
f 981/1249/1677 978/1246/1677 979/1247/1677

v 0.357365 1.05669 -0.975817
vt 0.940992 0.357907
vn 0.217622 0.501568 -0.837299
f 982/1250/1678 978/1246/1678 981/1249/1678

vn 0.208725 0.499999 -0.840497
f 982/1250/1679 977/1245/1679 978/1246/1679

v 0.396898 1.14162 -0.883648
vt 0.935956 0.379086
vn 0.283342 0.641628 -0.712763
f 983/1251/1680 977/1245/1680 982/1250/1680

vn 0.312666 0.643683 -0.698507
f 983/1251/1681 976/1244/1681 977/1245/1681

vn 0.394232 0.78397 -0.479554
f 929/1183/1682 976/1244/1682 983/1251/1682

vn 0.424172 0.741876 -0.519325
f 929/1183/1683 983/1251/1683 928/1182/1683

vn 0.238753 0.822836 -0.515691
v 0.273116 1.18153 -0.87727
vt 0.956091 0.383105
f 928/1182/1684 983/1251/1684 984/1252/1684

vn 0.183584 0.682402 -0.707548
f 984/1252/1685 983/1251/1685 982/1250/1685

vn 0.165502 0.677439 -0.716719
v 0.246397 1.08735 -0.972457
vt 0.959353 0.361074
f 984/1252/1686 982/1250/1686 985/1253/1686

vn 0.122847 0.536064 -0.835191
f 985/1253/1687 982/1250/1687 981/1249/1687

vn 0.160328 0.551026 -0.818941
v 0.225019 0.988571 -1.04311
vt 0.961857 0.340589
f 985/1253/1688 981/1249/1688 986/1254/1688

vn 0.12511 0.371906 -0.919801
f 986/1254/1689 981/1249/1689 980/1248/1689

vn 0.154122 0.388816 -0.908333
v 0.211124 0.887329 -1.0888
vt 0.963261 0.3214
f 986/1254/1690 980/1248/1690 987/1255/1690

vn 0.149445 0.256324 -0.954968
v 0.301663 0.787179 -1.10151
vt 0.946362 0.304494
f 987/1255/1691 980/1248/1691 988/1256/1691

vn 0.15429 0.256132 -0.954249
f 980/1248/1692 972/1240/1692 988/1256/1692

vn 0.202792 0.08591 -0.975446
f 972/1240/1693 959/1224/1693 988/1256/1693

vn 0.172018 0.0480161 -0.983923
f 988/1256/1694 959/1224/1694 957/1222/1694

vn 0.13259 0.0464855 -0.99008
v 0.206498 0.781253 -1.11454
vt 0.963178 0.302058
f 988/1256/1695 957/1222/1695 989/1257/1695

vn 0.127901 0.0418905 -0.990902
f 989/1257/1696 957/1222/1696 955/1220/1696

vn 0.0694093 0.0425398 -0.996681
f 989/1257/1697 955/1220/1697 503/622/1697

vn 0.0716394 0.0445539 -0.996435
f 503/622/1698 955/1220/1698 953/1218/1698

vn 0.0196457 0.0451707 -0.998786
f 503/622/1699 953/1218/1699 502/623/1699

vn 0.0186435 0.0442869 -0.998845
f 502/623/1700 953/1218/1700 951/1215/1700

vt -1.73472e-018 0.300485
vn -0.0186435 0.0442869 -0.998845
v -0.103938 0.660489 -1.12708
vt 0.019473 0.279648
f 502/1258/1701 951/1213/1701 990/1259/1701

vn -0.0224898 -0.147691 -0.988778
vt -6.76542e-017 0.279135
f 990/1259/1702 951/1260/1702 949/1211/1702

vn -0.0729255 -0.147618 -0.986352
v -0.203215 0.551848 -1.10348
vt 0.037547 0.25951
f 990/1259/1703 949/1211/1703 991/1261/1703

vn -0.0919357 -0.390024 -0.916204
f 991/1261/1704 949/1211/1704 947/1209/1704

vn -0.239786 -0.384851 -0.891287
f 991/1261/1705 947/1209/1705 494/611/1705

vn -0.287831 -0.584236 -0.758829
f 494/611/1706 947/1209/1706 493/610/1706

vn -0.135806 -0.467142 -0.873691
f 495/612/1707 991/1261/1707 494/611/1707

vn -0.125382 -0.138739 -0.98236
f 497/614/1708 991/1261/1708 495/612/1708

vn -0.0830861 -0.138447 -0.986878
f 497/614/1709 990/1259/1709 991/1261/1709

vn -0.0716394 0.0445539 -0.996435
f 499/616/1710 990/1259/1710 497/614/1710

vn -0.0196457 0.0451707 -0.998786
vt 5.81132e-017 0.300485
f 499/616/1711 502/1262/1711 990/1259/1711

vn 0.0634589 0.226519 -0.971937
f 504/624/1712 989/1257/1712 503/622/1712

vn 0.0703885 0.232288 -0.970097
f 504/624/1713 987/1255/1713 989/1257/1713

vn 0.0768033 0.410752 -0.908506
f 506/626/1714 987/1255/1714 504/624/1714

vn 0.0655519 0.403008 -0.912846
f 506/626/1715 986/1254/1715 987/1255/1715

vn 0.0854875 0.574655 -0.813919
f 508/628/1716 986/1254/1716 506/626/1716

vn 0.0755911 0.569203 -0.818715
f 508/628/1717 985/1253/1717 986/1254/1717

vn 0.0960781 0.695034 -0.712528
f 510/630/1718 985/1253/1718 508/628/1718

vn 0.0944035 0.694312 -0.713456
f 510/630/1719 984/1252/1719 985/1253/1719

v 0.29386 1.25742 -0.757921
vt 0.953407 0.405857
vn 0.124735 0.827287 -0.547757
f 992/1263/1720 984/1252/1720 510/630/1720

vn 0.26987 0.790601 -0.549655
f 928/1182/1721 984/1252/1721 992/1263/1721

vn 0.306115 0.880495 -0.361971
f 927/1181/1722 928/1182/1722 992/1263/1722

vn 0.342779 0.848471 -0.403237
v 0.311252 1.31575 -0.62041
vt 0.950719 0.429675
f 927/1181/1723 992/1263/1723 993/1264/1723

vn 0.15794 0.901717 -0.402445
v 0.149381 1.28416 -0.754723
vt 0.975929 0.408114
f 993/1264/1724 992/1263/1724 994/1265/1724

vn 0.138559 0.815969 -0.561245
f 992/1263/1725 510/630/1725 994/1265/1725

vn 0.0433969 0.826783 -0.560845
f 994/1265/1726 510/630/1726 511/631/1726

vn 0.0473944 0.89252 -0.448511
vt 1 0.43211
f 994/1265/1727 511/631/1727 905/1266/1727

v 0.158746 1.3489 -0.620654
vt 0.974627 0.431689
vn 0.0596215 0.897269 -0.43744
f 995/1267/1728 994/1265/1728 905/1266/1728

vn 0.191643 0.878508 -0.437603
f 993/1264/1729 994/1265/1729 995/1267/1729

vn 0.202166 0.927839 -0.313439
v 0.16632 1.39691 -0.473647
vt 0.973289 0.456221
f 993/1264/1730 995/1267/1730 996/1268/1730

vn 0.072271 0.946998 -0.313003
v 0 1.40797 -0.478589
vt 1 0.456095
f 996/1268/1731 995/1267/1731 997/1269/1731

vn 0.0617521 0.944182 -0.323586
f 995/1267/1732 905/1266/1732 997/1269/1732

vt 3.46945e-018 0.43211
vn -0.0617521 0.944182 -0.323586
vt 8.67362e-018 0.456095
f 905/1270/1733 906/1150/1733 997/1271/1733

vt -4.51028e-017 0.456095
vn -0.072271 0.946998 -0.313003
f 997/1272/1734 906/1150/1734 907/1151/1734

vt 0 0.456095
vn -0.0714831 0.968582 -0.2382
vt 3.46945e-018 0.480306
f 997/1273/1735 907/1151/1735 920/1274/1735

vt -1.59595e-016 0.480306
vn -0.0766889 0.969582 -0.232445
f 920/1275/1736 907/1151/1736 908/1152/1736

vn 0.0714831 0.968582 -0.2382
vt 1 0.480306
f 996/1268/1737 997/1269/1737 920/1276/1737

vt 0.972218 0.480369
vn 0.0766889 0.969582 -0.232445
f 922/1277/1738 996/1268/1738 920/1276/1738

vn 0.232426 0.944651 -0.231545
f 926/1180/1739 996/1268/1739 922/1277/1739

vn 0.229949 0.929881 -0.287132
f 926/1180/1740 993/1264/1740 996/1268/1740

vn 0.357742 0.888203 -0.288299
f 927/1181/1741 993/1264/1741 926/1180/1741

vn 0.245585 0.944701 -0.217322
f 925/1179/1742 926/1180/1742 922/1277/1742

vn 0.246298 0.950266 -0.190611
f 925/1179/1743 922/1277/1743 921/1174/1743

vn 0.117939 0.229266 -0.966192
f 987/1255/1744 988/1256/1744 989/1257/1744

vn 0.719156 0.602938 -0.34537
f 969/1237/1745 930/1184/1745 931/1185/1745

vn 0.930313 0.338995 0.140001
f 968/1236/1746 932/1186/1746 933/1187/1746

v 0.827425 0.721911 -0.780031
vt 0.81228 0.141937
vn 0.945092 0.300953 0.127394
vt 0.809786 0.1582
vt 0.781591 0.149331
f 998/1278/1747 968/1279/1747 933/1280/1747

vn 0.913764 0.355047 -0.197424
f 965/1232/1748 968/1279/1748 998/1278/1748

vn 0.911399 0.364243 -0.191515
f 964/1231/1749 965/1232/1749 998/1278/1749

v 0.827712 0.600248 -0.936252
vt 0.840098 0.119155
vn 0.946354 0.255779 -0.19746
f 999/1281/1750 964/1231/1750 998/1278/1750

vn 0.735585 0.225259 -0.638885
f 963/1229/1751 964/1231/1751 999/1281/1751

v 0.743831 0.556768 -1.05204
vt 0.865212 0.112124
vn 0.73856 0.246399 -0.627548
f 1000/1282/1752 963/1229/1752 999/1281/1752

vn 0.360179 0.152201 -0.920383
v 0.57721 0.583928 -1.11276
vt 0.896389 0.117698
f 963/1229/1753 1000/1282/1753 1001/1283/1753

vn 0.352318 0.0762958 -0.932765
v 0.600362 0.477451 -1.11272
vt 0.892471 0.099495
f 1001/1283/1754 1000/1282/1754 1002/1284/1754

vn 0.386287 0.00688653 -0.922353
v 0.762478 0.423596 -1.04523
vt 0.862594 0.089837
f 1000/1282/1755 1003/1285/1755 1002/1284/1755

vn 0.778413 0.0771091 -0.622998
v 0.845721 0.449009 -0.938073
vt 0.839337 0.093455
f 1000/1282/1756 1004/1286/1756 1003/1285/1756

vn 0.787273 0.101068 -0.608265
f 1000/1282/1757 999/1281/1757 1004/1286/1757

vn 0.972521 0.118217 -0.200567
v 0.858985 0.600271 -0.784603
vt 0.812508 0.119388
f 1004/1286/1758 999/1281/1758 1005/1287/1758

vn 0.947479 0.253166 -0.195423
f 999/1281/1759 998/1278/1759 1005/1287/1759

vn 0.957681 0.242648 0.154818
v 0.814192 0.674268 -0.623499
vt 0.782064 0.133691
f 1005/1287/1760 998/1278/1760 1006/1288/1760

vn 0.964424 0.218934 0.14817
f 998/1278/1761 933/1280/1761 1006/1288/1761

vn 0.886649 0.201901 0.416039
vt 0.760272 0.13389
f 933/1280/1762 934/1289/1762 1006/1288/1762

vn 0.901296 0.0893375 0.423893
v 0.770423 0.600512 -0.514891
vt 0.760045 0.120135
f 1006/1288/1763 934/1289/1763 1007/1290/1763

vn 0.23317 0.115396 0.965565
vt 0.739718 0.100884
f 934/1289/1764 935/1291/1764 1007/1290/1764

vn 0.369523 -0.0388272 0.92841
v 0.646557 0.434785 -0.472521
vt 0.737533 0.090092
f 1007/1290/1765 935/1291/1765 1008/1292/1765

vn -0.260009 0.127693 0.957126
vt 0.706882 0.065505
f 935/1291/1766 937/1293/1766 1008/1292/1766

vn 0.688476 -0.692387 -0.215875
f 935/1189/1767 936/1190/1767 937/1191/1767

vn -0.0745816 -0.144807 0.986645
v 0.458343 0.276471 -0.509984
vt 0.706447 0.060318
f 1008/1292/1768 937/1293/1768 1009/1294/1768

vn -0.692846 -0.015086 0.720928
vt 0.674464 0.052959
f 937/1293/1769 938/1295/1769 1009/1294/1769

vn -0.690604 -0.0409105 0.722075
v 0.30101 0.232817 -0.662932
vt 0.674464 0.048957
f 1009/1294/1770 938/1295/1770 1010/1296/1770

v 0.281945 0.271175 -0.841009
vt 0.965872 0.059152
vn -0.992778 -0.0805005 0.0889486
vt 0.99424 0.049038
vt 0.99424 0.052965
f 1011/1297/1771 1010/1298/1771 938/1299/1771

vn -0.991485 -0.0987578 0.0848775
v 0.287127 0.225706 -0.833387
vt 0.966128 0.051469
f 1011/1297/1772 1012/1300/1772 1010/1298/1772

v 0.341848 0.297083 -0.98141
vt 0.941288 0.066435
vn -0.894406 -0.171192 -0.413196
f 1013/1301/1773 1012/1300/1773 1011/1297/1773

vn -0.883418 -0.200769 -0.423396
v 0.350553 0.232294 -0.96885
vt 0.940893 0.055257
f 1013/1301/1774 1014/1302/1774 1012/1300/1774

v 0.468297 0.297642 -1.06185
vt 0.915593 0.06826
vn -0.521707 -0.22939 -0.821707
f 1015/1303/1775 1014/1302/1775 1013/1301/1775

vn -0.512795 -0.246417 -0.822387
v 0.475864 0.215539 -1.04197
vt 0.914943 0.053539
f 1015/1303/1776 1016/1304/1776 1014/1302/1776

vn -0.19721 -0.247876 -0.948507
v 0.617543 0.249932 -1.08041
vt 0.888835 0.060775
f 1015/1303/1777 1017/1305/1777 1016/1304/1777

v 0.609966 0.366212 -1.10046
vt 0.890593 0.080799
vn -0.177412 -0.178427 -0.967827
f 1018/1306/1778 1017/1305/1778 1015/1303/1778

vn 0.357642 -0.135989 -0.923904
v 0.765764 0.285742 -1.02831
vt 0.860949 0.066611
f 1018/1306/1779 1019/1307/1779 1017/1305/1779

vn 0.373103 -0.104269 -0.921912
f 1003/1285/1780 1019/1307/1780 1018/1306/1780

vn 0.787712 -0.0565193 -0.613445
v 0.849577 0.303103 -0.922284
vt 0.8372 0.068838
f 1003/1285/1781 1020/1308/1781 1019/1307/1781

vn 0.79402 -0.0446206 -0.606252
f 1003/1285/1782 1004/1286/1782 1020/1308/1782

vn 0.988072 0.00947915 -0.153697
v 0.869704 0.449105 -0.78389
vt 0.812192 0.093331
f 1004/1286/1783 1021/1309/1783 1020/1308/1783

vn 0.985744 0.0691743 -0.153373
f 1004/1286/1784 1005/1287/1784 1021/1309/1784

v 0.837214 0.563872 -0.624345
vt 0.783317 0.113447
vn 0.98615 0.0704078 0.150172
v 0.847733 0.420853 -0.626603
vt 0.783549 0.0887896
vt 0.81218 0.0933904
vt 0.812496 0.119447
f 1022/1310/1785 1023/1311/1785 1021/1312/1785 1005/1313/1785 

vt 0.784226 0.088622
vn 0.831511 0.0524205 0.55303
vt 0.783329 0.113387
v 0.767232 0.484337 -0.511584
vt 0.759638 0.099692
f 1023/1314/1786 1022/1315/1786 1024/1316/1786

vn 0.852315 -0.00851841 0.522959
f 1022/1315/1787 1007/1290/1787 1024/1316/1787

vn 0.865377 0.17688 0.468868
f 1022/1315/1788 1006/1288/1788 1007/1290/1788

vn 0.963877 0.199663 0.176284
f 1005/1287/1789 1006/1288/1789 1022/1315/1789

vn 0.300887 0.0188794 0.953473
f 1007/1290/1790 1008/1292/1790 1024/1316/1790

vn 0.356058 -0.13861 0.924127
v 0.63404 0.370083 -0.477403
vt 0.736268 0.078793
f 1024/1316/1791 1008/1292/1791 1025/1317/1791

vn -0.159692 -0.0435177 0.986207
f 1008/1292/1792 1009/1294/1792 1025/1317/1792

vn -0.0588158 -0.227875 0.971912
v 0.458092 0.241393 -0.518224
vt 0.706573 0.054049
f 1025/1317/1793 1009/1294/1793 1026/1318/1793

vn -0.663137 -0.166651 0.72971
f 1009/1294/1794 1010/1296/1794 1026/1318/1794

vn -0.670269 -0.109162 0.734045
v 0.306713 0.197992 -0.662904
vt 0.674464 0.042786
f 1026/1318/1795 1010/1296/1795 1027/1319/1795

vn -0.983145 -0.160912 0.0867914
vt 0.99424 0.042913
f 1012/1300/1796 1027/1320/1796 1010/1298/1796

vn -0.973444 -0.215665 0.0767764
v 0.297759 0.180099 -0.826686
vt 0.966186 0.043464
f 1012/1300/1797 1028/1321/1797 1027/1320/1797

vn -0.868491 -0.264108 -0.419488
f 1014/1302/1798 1028/1321/1798 1012/1300/1798

vn -0.878504 -0.238646 -0.413858
v 0.361767 0.172693 -0.958286
vt 0.94021 0.044592
f 1014/1302/1799 1029/1322/1799 1028/1321/1799

vn -0.512909 -0.242463 -0.82349
f 1014/1302/1800 1016/1304/1800 1029/1322/1800

vn -0.505567 -0.260269 -0.822595
v 0.482846 0.130046 -1.01921
vt 0.914644 0.037336
f 1016/1304/1801 1030/1323/1801 1029/1322/1801

vn -0.206758 -0.26742 -0.941136
v 0.61661 0.148572 -1.05386
vt 0.888373 0.042111
f 1016/1304/1802 1031/1324/1802 1030/1323/1802

vn -0.197552 -0.246723 -0.948737
f 1017/1305/1803 1031/1324/1803 1016/1304/1803

vn 0.344304 -0.240885 -0.90743
v 0.758142 0.170025 -1.00585
vt 0.860033 0.045884
f 1017/1305/1804 1032/1325/1804 1031/1324/1804

vn 0.367657 -0.200426 -0.908107
f 1019/1307/1805 1032/1325/1805 1017/1305/1805

vn 0.783538 -0.167703 -0.598284
v 0.836186 0.185033 -0.90785
vt 0.836512 0.047785
f 1019/1307/1806 1033/1326/1806 1032/1325/1806

vn 0.786853 -0.162041 -0.595487
f 1019/1307/1807 1020/1308/1807 1033/1326/1807

vn 0.979806 -0.129725 -0.152154
v 0.871779 0.304368 -0.780392
vt 0.811743 0.068443
f 1020/1308/1808 1034/1327/1808 1033/1326/1808

vn 0.987911 0.0104249 -0.154672
f 1020/1308/1809 1021/1309/1809 1034/1327/1809

vn 0.989793 0.0176071 0.141424
f 1021/1309/1810 1023/1314/1810 1034/1327/1810

vn 0.979021 -0.0564047 0.195799
v 0.841934 0.29018 -0.635251
vt 0.785147 0.066016
f 1034/1327/1811 1023/1314/1811 1035/1328/1811

vn 0.788916 -0.0753736 0.609861
v 0.759816 0.371028 -0.519031
vt 0.759747 0.080081
f 1035/1328/1812 1023/1314/1812 1036/1329/1812

vn 0.791399 -0.0915268 0.604409
f 1023/1314/1813 1024/1316/1813 1036/1329/1813

vn 0.313692 -0.0827036 0.945916
f 1024/1316/1814 1025/1317/1814 1036/1329/1814

vn 0.312309 -0.133227 0.940592
v 0.622633 0.296108 -0.484094
vt 0.735299 0.065804
f 1036/1329/1815 1025/1317/1815 1037/1330/1815

vn -0.183417 -0.0604549 0.981175
f 1025/1317/1816 1026/1318/1816 1037/1330/1816

vn -0.13675 -0.194633 0.971297
v 0.460667 0.196676 -0.526821
vt 0.706851 0.045968
f 1037/1330/1817 1026/1318/1817 1038/1331/1817

vn -0.652424 -0.179164 0.736372
f 1026/1318/1818 1027/1319/1818 1038/1331/1818

vn -0.655655 -0.148445 0.740325
v 0.314475 0.162517 -0.663143
vt 0.674464 0.036379
f 1027/1319/1819 1039/1332/1819 1038/1331/1819

vn -0.973912 -0.213615 0.076578
vt 0.99424 0.0365
f 1028/1321/1820 1039/1333/1820 1027/1320/1820

vn -0.963779 -0.257115 0.0708657
v 0.309136 0.139331 -0.819879
vt 0.966328 0.035995
f 1028/1321/1821 1040/1334/1821 1039/1333/1821

vn -0.86232 -0.307771 -0.402096
f 1029/1322/1822 1040/1334/1822 1028/1321/1822

vn -0.868408 -0.29215 -0.400645
v 0.375592 0.11159 -0.943696
vt 0.939871 0.032928
f 1029/1322/1823 1041/1335/1823 1040/1334/1823

vn -0.511885 -0.30736 -0.802187
f 1029/1322/1824 1030/1323/1824 1041/1335/1824

vn -0.493916 -0.362783 -0.790212
v 0.492176 0.0572049 -0.991598
vt 0.914459 0.02189
f 1030/1323/1825 1042/1336/1825 1041/1335/1825

vn -0.179225 -0.368684 -0.912113
v 0.613456 0.0596984 -1.01644
vt 0.8881 0.023364
f 1030/1323/1826 1043/1337/1826 1042/1336/1826

vn -0.183228 -0.375967 -0.908337
f 1031/1324/1827 1043/1337/1827 1030/1323/1827

vn 0.324605 -0.376818 -0.867548
v 0.744093 0.0665058 -0.970514
vt 0.858494 0.024619
f 1031/1324/1828 1044/1338/1828 1043/1337/1828

vn 0.347969 -0.344828 -0.871786
f 1032/1325/1829 1044/1338/1829 1031/1324/1829

vn 0.753016 -0.301797 -0.58471
v 0.810486 0.0760817 -0.889953
vt 0.836181 0.025845
f 1032/1325/1830 1045/1339/1830 1044/1338/1830

vn 0.772006 -0.276146 -0.572494
f 1032/1325/1831 1033/1326/1831 1045/1339/1831

vn 0.948054 -0.254894 -0.190323
v 0.83676 0.0855066 -0.771698
vt 0.810603 0.027287
f 1033/1326/1832 1046/1340/1832 1045/1339/1832

vn 0.963442 -0.21434 -0.160743
v 0.859671 0.189489 -0.773031
vt 0.810684 0.047822
f 1033/1326/1833 1047/1341/1833 1046/1340/1833

vn 0.979382 -0.113914 -0.166839
f 1033/1326/1834 1034/1327/1834 1047/1341/1834

vn 0.977182 -0.0906853 0.192069
f 1034/1327/1835 1035/1328/1835 1047/1341/1835

vn 0.969995 -0.119135 0.211935
v 0.830979 0.186827 -0.643209
vt 0.785617 0.047427
f 1047/1341/1836 1035/1328/1836 1048/1342/1836

vn 0.763943 -0.129647 0.632126
v 0.749785 0.261841 -0.529699
vt 0.759847 0.06089
f 1048/1342/1837 1035/1328/1837 1049/1343/1837

vn 0.764009 -0.131894 0.63158
f 1035/1328/1838 1036/1329/1838 1049/1343/1838

vn 0.306248 -0.120396 0.944308
f 1036/1329/1839 1037/1330/1839 1049/1343/1839

vn 0.288192 -0.181855 0.940146
v 0.612069 0.215852 -0.49638
vt 0.734452 0.051377
f 1037/1330/1840 1050/1344/1840 1049/1343/1840

vn -0.180244 -0.125619 0.975567
f 1037/1330/1841 1038/1331/1841 1050/1344/1841

vn -0.16202 -0.240198 0.957107
v 0.462641 0.156622 -0.536539
vt 0.706842 0.038485
f 1050/1344/1842 1038/1331/1842 1051/1345/1842

vn -0.639854 -0.210828 0.739012
f 1038/1331/1843 1039/1332/1843 1051/1345/1843

vn -0.637716 -0.228168 0.735702
v 0.3256 0.128884 -0.663931
vt 0.674464 0.030166
f 1039/1332/1844 1052/1346/1844 1051/1345/1844

vn -0.945906 -0.314732 0.0787801
vt 0.99424 0.030182
f 1040/1334/1845 1052/1347/1845 1039/1333/1845

vn -0.95428 -0.287595 0.0814821
v 0.322377 0.0979185 -0.810974
vt 0.966835 0.028028
f 1040/1334/1846 1053/1348/1846 1052/1347/1846

vn -0.854596 -0.354789 -0.379198
f 1041/1335/1847 1053/1348/1847 1040/1334/1847

vn -0.859733 -0.341397 -0.379878
v 0.389407 0.0562493 -0.925228
vt 0.940331 0.021357
f 1041/1335/1848 1054/1349/1848 1053/1348/1848

vn -0.498441 -0.383839 -0.777318
f 1041/1335/1849 1042/1336/1849 1054/1349/1849

vn -0.455059 -0.534353 -0.712312
v 0.505447 0 -0.957163
vt 0.914289 0.005808
f 1042/1336/1850 1055/1350/1850 1054/1349/1850

vn -0.155219 -0.535661 -0.830045
v 0.611896 0 -0.977069
vt 0.887583 0.005808
f 1042/1336/1851 1056/1351/1851 1055/1350/1851

vn -0.158096 -0.540711 -0.826219
f 1043/1337/1852 1056/1351/1852 1042/1336/1852

vn 0.305721 -0.529711 -0.791164
f 1044/1338/1853 1056/1351/1853 1043/1337/1853

vn 0.289986 -0.495726 -0.818635
v 0.725742 0 -0.936742
vt 0.857697 0.005808
f 1044/1338/1854 1057/1352/1854 1056/1351/1854

vn 0.709623 -0.464736 -0.529581
f 1044/1338/1855 1045/1339/1855 1057/1352/1855

vn 0.69964 -0.426995 -0.57287
v 0.787494 0 -0.861324
vt 0.83273 0.005808
f 1057/1352/1856 1045/1339/1856 1058/1353/1856

vn 0.921632 -0.345218 -0.177254
f 1045/1339/1857 1046/1340/1857 1058/1353/1857

vn 0.911845 -0.389547 -0.129582
v 0.800943 0 -0.766684
vt 0.809068 0.005808
f 1058/1353/1858 1046/1340/1858 1059/1354/1858

vn 0.896124 -0.360157 0.259323
v 0.804682 0.089455 -0.655366
vt 0.785448 0.027999
f 1046/1340/1859 1060/1355/1859 1059/1354/1859

vn 0.922387 -0.28205 0.263914
f 1046/1340/1860 1048/1342/1860 1060/1355/1860

vn 0.955976 -0.207978 0.207015
f 1047/1341/1861 1048/1342/1861 1046/1340/1861

vn 0.734595 -0.275782 0.619931
v 0.738932 0.170756 -0.541287
vt 0.759783 0.044314
f 1060/1355/1862 1048/1342/1862 1061/1356/1862

vn 0.744486 -0.170817 0.645416
f 1048/1342/1863 1049/1343/1863 1061/1356/1863

vn 0.28063 -0.153961 0.947387
f 1049/1343/1864 1050/1344/1864 1061/1356/1864

vn 0.237138 -0.263915 0.934941
v 0.603639 0.147107 -0.513646
vt 0.733792 0.038336
f 1050/1344/1865 1062/1357/1865 1061/1356/1865

vn -0.170793 -0.220277 0.960369
f 1050/1344/1866 1051/1345/1866 1062/1357/1866

vn -0.170378 -0.206689 0.963458
v 0.464774 0.116892 -0.544685
vt 0.706898 0.030962
f 1051/1345/1867 1063/1358/1867 1062/1357/1867

vn -0.648471 -0.186164 0.738125
f 1051/1345/1868 1052/1346/1868 1063/1358/1868

vn -0.645497 -0.220697 0.731182
v 0.337536 0.0911812 -0.664774
vt 0.674464 0.023133
f 1052/1346/1869 1064/1359/1869 1063/1358/1869

vn -0.949414 -0.302444 0.0845024
vt 0.99424 0.023087
f 1053/1348/1870 1064/1360/1870 1052/1347/1870

vn -0.928356 -0.363086 0.0795243
v 0.338419 0.0585422 -0.803476
vt 0.967193 0.019993
f 1053/1348/1871 1065/1361/1871 1064/1360/1871

vn -0.844117 -0.409754 -0.345786
f 1054/1349/1872 1065/1361/1872 1053/1348/1872

vn -0.836583 -0.427744 -0.342292
v 0.406052 0 -0.895617
vt 0.942605 0.005808
f 1054/1349/1873 1066/1362/1873 1065/1361/1873

vn -0.450763 -0.516606 -0.727963
f 1054/1349/1874 1055/1350/1874 1066/1362/1874

vt 0.616614 0.275864
vt 0.622448 0.300859
vt 0.614634 0.324787
v 0.768513 0 -0.664594
vt 0.595113 0.345147
v 0.6872 0 -0.587474
vt 0.56694 0.353929
v 0.58436 0 -0.561945
vt 0.539672 0.348018
v 0.480571 0 -0.578101
vt 0.517021 0.332146
v 0.387132 0 -0.66833
vt 0.505419 0.29997
v 0.368905 0 -0.785541
vt 0.514725 0.270153
vt 0.536288 0.248453
vt 0.566926 0.245452
vt 0.594394 0.253111
f 1057/1363/757 1058/1364/757 1059/1365/757 1067/1366/757 1068/1367/757 1069/1368/757 1070/1369/757 1071/1370/757 1072/1371/757 1066/1372/757 1055/1373/757 1056/1374/757 

vn 0.879779 -0.384553 0.279477
vt 0.783101 0.005808
f 1059/1354/1875 1060/1355/1875 1067/1375/1875

vn 0.70111 -0.3477 0.622534
v 0.718894 0.0942525 -0.55607
vt 0.758464 0.029187
f 1067/1375/1876 1060/1355/1876 1073/1376/1876

vn 0.712393 -0.308404 0.630384
f 1060/1355/1877 1061/1356/1877 1073/1376/1877

vn 0.234799 -0.243348 0.94109
f 1061/1356/1878 1062/1357/1878 1073/1376/1878

vn 0.189225 -0.329743 0.924913
v 0.59022 0.0846404 -0.533171
vt 0.731929 0.025561
f 1062/1357/1879 1074/1377/1879 1073/1376/1879

vn -0.155286 -0.26417 0.951893
f 1062/1357/1880 1063/1358/1880 1074/1377/1880

vn -0.158842 -0.279811 0.946824
v 0.470698 0.0662668 -0.558653
vt 0.706951 0.020916
f 1063/1358/1881 1075/1378/1881 1074/1377/1881

vn -0.630202 -0.274152 0.72642
f 1063/1358/1882 1064/1359/1882 1075/1378/1882

vn -0.626649 -0.317058 0.711889
v 0.351541 0.0571467 -0.667603
vt 0.674464 0.016548
f 1064/1359/1883 1076/1379/1883 1075/1378/1883

vn -0.91893 -0.385199 0.084788
vt 0.99424 0.016493
f 1065/1361/1884 1076/1380/1884 1064/1360/1884

vn -0.894024 -0.440486 0.0818149
vt 0.969521 0.005808
f 1065/1361/1885 1072/1381/1885 1076/1380/1885

vn -0.815568 -0.509016 -0.275231
f 1066/1362/1886 1072/1381/1886 1065/1361/1886

vn -0.840806 -0.525309 0.130751
vt 0.99424 0.005808
f 1072/1381/1887 1071/1382/1887 1076/1380/1887

vn -0.606126 -0.386328 0.695242
vt 0.674464 0.005808
f 1075/1378/1888 1076/1379/1888 1071/1383/1888

vn -0.662619 -0.300116 0.686197
vt 0.707224 0.005808
f 1075/1378/1889 1071/1383/1889 1070/1384/1889

vn -0.146799 -0.298637 0.943009
vt 0.731414 0.005808
f 1075/1378/1890 1070/1384/1890 1069/1385/1890

vn -0.15272 -0.308587 0.938856
f 1074/1377/1891 1075/1378/1891 1069/1385/1891

vn 0.227647 -0.327497 0.917019
vt 0.756298 0.005808
f 1074/1377/1892 1069/1385/1892 1068/1386/1892

vn 0.189482 -0.367145 0.91066
f 1073/1376/1893 1074/1377/1893 1068/1386/1893

vn 0.622033 -0.427699 0.655857
f 1073/1376/1894 1068/1386/1894 1067/1375/1894

vn 0.363171 -0.0710397 -0.92901
f 1002/1284/1895 1003/1285/1895 1018/1306/1895

vn -0.162244 -0.121931 -0.979188
v 0.457756 0.382984 -1.07733
vt 0.917135 0.082934
f 1002/1284/1896 1018/1306/1896 1077/1387/1896

vn -0.168408 -0.196017 -0.966031
f 1077/1387/1897 1018/1306/1897 1015/1303/1897

vn -0.523606 -0.214235 -0.824585
f 1077/1387/1898 1015/1303/1898 1013/1301/1898

vn -0.537128 -0.192305 -0.821287
v 0.332862 0.367896 -0.992114
vt 0.942232 0.078191
f 1077/1387/1899 1013/1301/1899 1078/1388/1899

vn -0.893311 -0.175882 -0.413595
f 1078/1388/1900 1013/1301/1900 1011/1297/1900

vn -0.92581 -0.0872143 -0.36779
vt 0.965417 0.064722
f 1078/1388/1901 1011/1297/1901 939/1389/1901

vn -0.995093 0.0165131 0.0975604
f 939/1389/1902 1011/1297/1902 938/1299/1902

vn -0.935552 -0.0408997 -0.350812
v 0.329992 0.416949 -0.990178
vt 0.943754 0.086017
f 1078/1388/1903 939/1389/1903 1079/1390/1903

vt 0.937095 0.226124
vn 0.319219 -0.792241 -0.520052
vt 0.944501 0.189208
v 0.298308 0.402361 -0.987405
vt 0.943308 0.223232
f 1079/1391/1904 939/1392/1904 1080/1393/1904

vn 0.35993 -0.782382 -0.508261
vt 0.950238 0.187913
f 1080/1393/1905 939/1392/1905 940/1394/1905

vn 0.303986 -0.789902 -0.532585
v 0.201198 0.365577 -0.988276
vt 0.962073 0.217623
f 1080/1393/1906 940/1394/1906 1081/1395/1906

vn 0.282109 -0.79996 -0.529603
vt 0.961326 0.185065
f 940/1394/1907 941/1396/1907 1081/1395/1907

vn 0.186512 -0.817851 -0.544365
v 0.107337 0.338452 -0.979683
vt 0.979268 0.212425
f 1081/1395/1908 941/1396/1908 1082/1397/1908

vn 0.167486 -0.82739 -0.536073
vt 0.978246 0.182778
f 941/1396/1909 942/1398/1909 1082/1397/1909

vt 0.999764 0.210835
vn 0.0719163 -0.837461 -0.541744
vt 0.978311 0.212243
vt 0.97804 0.182763
vt 0.999795 0.181681
f 945/1399/1910 1082/1400/1910 942/1401/1910 943/1402/1910 

v 0 0.423143 -1.06403
vt 1 0.23443
vn 0.0540415 -0.669412 -0.740923
vt 1 0.210829
f 1083/1403/1911 1082/1397/1911 945/1404/1911

v 0.103757 0.42945 -1.06277
vt 0.980256 0.235389
vn 0.0498545 -0.672354 -0.738549
f 1084/1405/1912 1082/1397/1912 1083/1403/1912

vn 0.125241 -0.666262 -0.735126
f 1084/1405/1913 1081/1395/1913 1082/1397/1913

v 0.199419 0.446834 -1.05915
vt 0.963001 0.238078
vn 0.14605 -0.648475 -0.747094
f 1085/1406/1914 1081/1395/1914 1084/1405/1914

vn 0.24671 -0.633949 -0.732968
f 1085/1406/1915 1080/1393/1915 1081/1395/1915

v 0.275773 0.471736 -1.04937
vt 0.94846 0.241557
vn 0.287831 -0.584236 -0.758829
f 1086/1407/1916 1080/1393/1916 1085/1406/1916

vn 0.304056 -0.577749 -0.757467
f 958/1223/1917 1080/1393/1917 1086/1407/1917

vn 0.174868 -0.536767 -0.82541
f 958/1223/1918 1079/1391/1918 1080/1393/1918

vn -0.415907 -0.292404 -0.861117
v 0.435005 0.541071 -1.08305
vt 0.916246 0.257868
f 958/1223/1919 1087/1408/1919 1079/1391/1919

vn -0.155379 -0.00659578 -0.987833
f 961/1226/1920 1087/1408/1920 958/1223/1920

vn -0.22193 0.0617896 -0.973103
vt 0.922218 0.109591
f 961/1230/1921 1001/1283/1921 1087/1409/1921

vn 0.315599 0.218633 -0.923362
f 963/1229/1922 1001/1283/1922 961/1230/1922

vn -0.207616 0.0107972 -0.978151
v 0.446288 0.47246 -1.0862
vt 0.919423 0.097994
f 1001/1283/1923 1088/1410/1923 1087/1409/1923

vn -0.168369 -0.0369389 -0.985032
f 1001/1283/1924 1002/1284/1924 1088/1410/1924

vn -0.164739 -0.118181 -0.979231
f 1002/1284/1925 1077/1387/1925 1088/1410/1925

vn -0.544536 -0.151564 -0.82493
f 1088/1410/1926 1077/1387/1926 1078/1388/1926

vn -0.634774 -0.00665497 -0.772669
f 1088/1410/1927 1078/1388/1927 1079/1390/1927

vn -0.616585 -0.0653493 -0.784572
f 1087/1409/1928 1088/1410/1928 1079/1390/1928

vn 0.200153 -0.478807 -0.8548
f 958/1223/1929 1086/1407/1929 956/1221/1929

vn 0.135806 -0.467142 -0.873691
f 956/1221/1930 1086/1407/1930 954/1219/1930

vn 0.239786 -0.384851 -0.891287
f 954/1219/1931 1086/1407/1931 1085/1406/1931

vn 0.0919357 -0.390024 -0.916204
f 954/1219/1932 1085/1406/1932 952/1216/1932

vn 0.103719 -0.379759 -0.919253
f 952/1216/1933 1085/1406/1933 1084/1405/1933

vn 0.0330875 -0.381877 -0.923621
f 952/1216/1934 1084/1405/1934 950/1217/1934

vn 0.0343894 -0.380806 -0.924015
f 950/1217/1935 1084/1405/1935 1083/1403/1935

vt -1.73472e-018 0.257072
vn -0.0343894 -0.380806 -0.924015
vt -1.73472e-018 0.23443
f 950/1411/1936 1083/1412/1936 948/1210/1936

vn -0.0498545 -0.672354 -0.738549
vt -8.67362e-018 0.23443
f 948/1210/1937 1083/1413/1937 944/1203/1937

vt 3.81639e-017 0.23443
vn -0.0540415 -0.669412 -0.740923
vt 3.64292e-017 0.210829
f 1083/1414/1938 945/1415/1938 944/1203/1938

vn -0.125241 -0.666262 -0.735126
f 948/1210/1939 944/1203/1939 946/1206/1939

vn 0.447393 0.879721 -0.161031
f 377/475/1940 431/538/1940 924/1178/1940

vn 0.614371 0.774299 -0.151691
f 378/476/1941 431/538/1941 377/475/1941

vn 0.447257 0.879024 -0.165163
v 0.353891 1.43622 -0.0372321
vt 0.941196 0.526535
f 377/475/1942 924/1178/1942 1089/1416/1942

vn 0.258177 0.952881 -0.159254
f 1089/1416/1943 924/1178/1943 923/1177/1943

vn 0.26 0.955881 -0.136717
v 0.2469 1.48595 0.107001
vt 0.958438 0.552034
f 1089/1416/1944 923/1177/1944 1090/1417/1944

vn 0.155348 0.98369 -0.0906758
v 0.143468 1.50203 0.104304
vt 0.975521 0.552266
f 1090/1417/1945 923/1177/1945 1091/1418/1945

vn 0.0699509 0.99047 -0.118646
f 923/1177/1946 918/1176/1946 1091/1418/1946

vn 0.0564159 0.992861 -0.105089
v 0 1.51008 0.103285
vt 1 0.552467
f 1091/1418/1947 918/1176/1947 1092/1419/1947

vt -4.85723e-017 0.528865
vn -0.0564159 0.992861 -0.105089
vt -4.85723e-017 0.552467
f 918/1420/1948 917/1161/1948 1092/1421/1948

vt -3.64292e-017 0.552467
vn -0.0562969 0.996747 -0.0576687
v -0.140014 1.5114 0.262885
vt 0.024488 0.579252
f 1092/1422/1949 917/1161/1949 1093/1423/1949

vn -0.154839 0.986413 -0.054912
f 1093/1423/1950 917/1161/1950 916/1160/1950

vn -0.162716 0.985438 -0.0493512
f 1093/1423/1951 916/1160/1951 915/1159/1951

v -0.138306 1.5174 0.373113
vt 0.024576 0.598383
vn -0.162724 0.985346 -0.0511316
f 1094/1424/1952 1093/1423/1952 915/1159/1952

v 0 1.51877 0.261719
vt -4.85723e-017 0.579424
vn -0.0528872 0.997168 -0.0534771
f 1095/1425/1953 1093/1423/1953 1094/1424/1953

vt -3.46945e-018 0.552467
vn -0.0528938 0.997102 -0.0546862
vt -1.38778e-017 0.579424
f 1092/1426/1954 1093/1423/1954 1095/1427/1954

v 0.140014 1.5114 0.262885
vt 0.975512 0.579252
vn 0.0528938 0.997102 -0.0546862
vt 1 0.579424
f 1096/1428/1955 1092/1419/1955 1095/1429/1955

vn 0.0562969 0.996747 -0.0576687
f 1091/1418/1956 1092/1419/1956 1096/1428/1956

vn 0.154839 0.986413 -0.054912
f 1090/1417/1957 1091/1418/1957 1096/1428/1957

v 0.273037 1.48952 0.264589
vt 0.952972 0.578567
vn 0.162716 0.985438 -0.0493512
f 1097/1430/1958 1090/1417/1958 1096/1428/1958

v 0.377264 1.44574 0.106571
vt 0.936217 0.550482
vn 0.29379 0.953277 -0.070361
f 1098/1431/1959 1090/1417/1959 1097/1430/1959

vn 0.292597 0.949835 -0.110452
f 1098/1431/1960 1089/1416/1960 1090/1417/1960

vn 0.46514 0.875106 -0.133548
f 376/474/1961 1089/1416/1961 1098/1431/1961

vn 0.465048 0.873524 -0.143829
f 376/474/1962 377/475/1962 1089/1416/1962

vn 0.466745 0.87452 -0.131776
f 201/251/1963 376/474/1963 1098/1431/1963

vn 0.649582 0.749337 -0.128597
f 203/253/1964 376/474/1964 201/251/1964

vn 0.465162 0.880247 -0.0937518
f 201/251/1965 1098/1431/1965 200/250/1965

vn 0.275399 0.957678 -0.0837112
f 200/250/1966 1098/1431/1966 1097/1430/1966

vn 0.27453 0.961414 -0.0177619
f 200/250/1967 1097/1430/1967 198/248/1967

vn 0.297379 0.95389 -0.0407449
v 0.27479 1.49377 0.376865
vt 0.951839 0.59789
f 198/248/1968 1097/1430/1968 1099/1432/1968

vn 0.171541 0.984367 -0.0399342
v 0.138306 1.5174 0.373113
vt 0.975424 0.598383
f 1099/1432/1969 1097/1430/1969 1100/1433/1969

vn 0.162724 0.985346 -0.0511316
f 1097/1430/1970 1096/1428/1970 1100/1433/1970

vn 0.0528872 0.997168 -0.0534771
f 1096/1428/1971 1095/1429/1971 1100/1433/1971

vn 0.0468493 0.997844 -0.0459722
v 0 1.52384 0.371927
vt 1 0.598505
f 1100/1433/1972 1095/1429/1972 1101/1434/1972

vt -5.89806e-017 0.579424
vn -0.0468493 0.997844 -0.0459722
vt -5.89806e-017 0.598505
f 1095/1435/1973 1094/1424/1973 1101/1436/1973

vt 7.11237e-017 0.598505
vn -0.0434534 0.831283 -0.554149
v 0 1.56287 0.430479
vt 7.28584e-017 0.610739
f 1101/1437/1974 1094/1424/1974 1102/1438/1974

vt -5.86337e-016 0.610739
vn -0.0339123 0.821411 -0.569327
v -0.143375 1.55779 0.431683
vt 0.024884 0.610739
f 1102/1439/1975 1094/1424/1975 1103/1440/1975

vn -0.155382 0.806924 -0.569851
v -0.27479 1.49377 0.376865
vt 0.048161 0.59789
f 1094/1424/1976 1104/1441/1976 1103/1440/1976

vn -0.171541 0.984367 -0.0399342
f 1094/1424/1977 915/1159/1977 1104/1441/1977

vn -0.297379 0.95389 -0.0407449
f 915/1159/1978 914/1158/1978 1104/1441/1978

vn -0.259109 0.752525 -0.605449
v -0.281549 1.53991 0.437098
vt 0.047912 0.610739
f 1104/1441/1979 914/1158/1979 1105/1442/1979

vn -0.180077 0.707746 -0.683131
v -0.405602 1.50985 0.438661
vt 0.068708 0.610739
f 1105/1442/1980 914/1158/1980 1106/1443/1980

vn -0.387612 0.611639 -0.689677
v -0.518721 1.44481 0.444553
vt 0.089994 0.610739
f 1106/1443/1981 914/1158/1981 1107/1444/1981

vn -0.400304 0.550005 -0.732974
v -0.504312 1.38523 0.391978
vt 0.092488 0.597272
f 914/1158/1982 1108/1445/1982 1107/1444/1982

vn -0.516616 0.852781 0.0766358
f 914/1158/1983 894/1135/1983 1108/1445/1983

vn -0.671757 0.736402 0.0803437
f 1108/1445/1984 894/1135/1984 873/1113/1984

vn -0.647597 0.761297 0.0323205
f 1108/1445/1985 873/1113/1985 872/1112/1985

vn -0.566847 0.563646 -0.600823
v -0.614109 1.35307 0.465399
vt 0.111703 0.610739
f 1108/1445/1986 872/1112/1986 1109/1446/1986

vn -0.686453 0.474198 -0.551288
f 872/1112/1987 871/1111/1987 1109/1446/1987

v -0.639856 1.42199 0.525569
vt 0.14577 0.677213
vn -0.610699 0.378908 -0.695324
vt 0.161783 0.660084
f 1110/1447/1988 1109/1448/1988 871/1110/1988

vt 0.129911 0.644477
vn -0.558191 0.417478 -0.717032
f 1107/1449/1989 1109/1448/1989 1110/1447/1989

vn -0.583385 0.453501 -0.673794
f 1107/1444/1990 1108/1445/1990 1109/1446/1990

v -0.531147 1.50512 0.493837
vt 0.119318 0.659625
vn -0.552485 0.456206 -0.697594
f 1111/1450/1991 1107/1449/1991 1110/1447/1991

vt 0.097447 0.63693
vn -0.354015 0.546962 -0.758621
f 1106/1451/1992 1107/1449/1992 1111/1450/1992

vn -0.225016 0.870681 -0.437358
v -0.422425 1.57611 0.579232
vt 0.089289 0.671057
f 1106/1451/1993 1111/1450/1993 1112/1452/1993

v -0.590547 1.58708 0.55814
vt 0.254937 0.962215
vn 0.135263 0.670409 -0.729558
vt 0.266515 0.995479
vt 0.237882 0.979824
f 1113/1453/1994 1112/1454/1994 1111/1455/1994

v -0.516334 1.64294 0.625945
vt 0.275747 0.971683
vn 0.134376 0.687605 -0.713542
f 1114/1456/1995 1112/1454/1995 1113/1453/1995

v -0.384066 1.6251 0.737801
vt 0.302051 0.995511
vn 0.416123 0.835539 -0.35877
f 1115/1457/1996 1112/1454/1996 1114/1456/1996

v -0.287965 1.6104 0.585818
vt 0.060774 0.667685
vn -0.229218 0.944271 -0.236246
vt 0.074442 0.701991
f 1116/1458/1997 1112/1452/1997 1115/1459/1997

vt 0.067453 0.631056
vn -0.203821 0.881221 -0.426505
f 1105/1460/1998 1112/1452/1998 1116/1458/1998

vn -0.216954 0.872726 -0.437357
f 1105/1460/1999 1106/1451/1999 1112/1452/1999

vt 0.034568 0.625913
vn -0.132461 0.893436 -0.429216
f 1103/1461/2000 1105/1460/2000 1116/1458/2000

vn -0.125054 0.780837 -0.612091
f 1103/1440/2001 1104/1441/2001 1105/1442/2001

vn -0.129507 0.894948 -0.426961
v -0.150191 1.63154 0.588345
vt 0.031675 0.665189
f 1103/1461/2002 1116/1458/2002 1117/1462/2002

vn -0.142408 0.957819 -0.249605
v -0.293522 1.64759 0.731683
vt 0.056731 0.698129
f 1117/1462/2003 1116/1458/2003 1118/1463/2003

vn -0.249278 0.936102 -0.24814
f 1116/1458/2004 1115/1459/2004 1118/1463/2004

v -0.291462 1.64543 0.8701
vt 0.053198 0.724173
vn -0.239825 0.970637 0.018675
f 1119/1464/2005 1118/1463/2005 1115/1459/2005

v -0.147434 1.67201 0.730992
vt 0.028404 0.69521
vn -0.164811 0.986165 0.0178003
f 1120/1465/2006 1118/1463/2006 1119/1464/2006

vn -0.160179 0.950419 -0.266546
f 1120/1465/2007 1117/1462/2007 1118/1463/2007

v 0 1.63855 0.584693
vt -7.63278e-017 0.663169
vn -0.0514487 0.961018 -0.271655
f 1121/1466/2008 1117/1462/2008 1120/1465/2008

vt 8.32667e-017 0.663169
vn -0.052507 0.902621 -0.427222
f 1121/1467/2009 1103/1461/2009 1117/1462/2009

vt -5.37764e-017 0.623711
vn -0.0355152 0.897165 -0.440265
vt -6.245e-017 0.663169
f 1102/1468/2010 1103/1461/2010 1121/1469/2010

v 0.143375 1.55779 0.431683
vt 0.965432 0.625913
vn 0.0355152 0.897165 -0.440265
vt 1 0.623711
vt 1 0.663169
f 1122/1470/2011 1102/1471/2011 1121/1472/2011

vt 0.975116 0.610739
vn 0.0339123 0.821411 -0.569327
vt 1 0.610739
f 1122/1473/2012 1100/1433/2012 1102/1474/2012

vn 0.155382 0.806924 -0.569851
f 1099/1432/2013 1100/1433/2013 1122/1473/2013

v 0.281549 1.53991 0.437098
vt 0.952088 0.610739
vn 0.125054 0.780837 -0.612091
f 1123/1475/2014 1099/1432/2014 1122/1473/2014

vn 0.259109 0.752525 -0.605449
f 198/248/2015 1099/1432/2015 1123/1475/2015

vn 0.180077 0.707746 -0.683131
f 197/247/2016 198/248/2016 1123/1475/2016

vn 0.216954 0.872726 -0.437357
vt 0.932547 0.631056
f 196/246/2017 197/245/2017 1123/1476/2017

vn 0.203821 0.881221 -0.426505
v 0.287965 1.6104 0.585818
vt 0.939226 0.667685
f 196/246/2018 1123/1476/2018 1124/1477/2018

vn 0.132461 0.893436 -0.429216
f 1124/1477/2019 1123/1476/2019 1122/1470/2019

vn 0.129507 0.894948 -0.426961
v 0.150191 1.63154 0.588345
vt 0.968325 0.665189
f 1124/1477/2020 1122/1470/2020 1125/1478/2020

vn 0.052507 0.902621 -0.427222
f 1125/1478/2021 1122/1470/2021 1121/1472/2021

vn 0.0514487 0.961018 -0.271655
v 0.147434 1.67201 0.730992
vt 0.971596 0.69521
f 1125/1478/2022 1121/1472/2022 1126/1479/2022

vn 0.0392766 0.964745 -0.260241
v 0 1.67888 0.73421
vt 1 0.69485
f 1126/1479/2023 1121/1472/2023 1127/1480/2023

vt -1.37043e-016 0.663169
vn -0.0392766 0.964745 -0.260241
vt -1.30104e-016 0.69485
f 1121/1481/2024 1120/1465/2024 1127/1482/2024

v -0.148671 1.6699 0.875124
vt 0.0274636 0.722349
vn -0.0470612 0.998793 0.0140615
v 0 1.67688 0.878396
vt 0.000505041 0.722103
vt 0.00044122 0.6949
vt 0.0271751 0.695148
f 1128/1483/2025 1129/1484/2025 1127/1485/2025 1120/1486/2025 

vt -2.74086e-016 0.722051
vn -0.0496755 0.987941 0.146645
vt 0.02696 0.722365
v -0.149791 1.64965 1.01111
vt 0.025913 0.746842
f 1129/1487/2026 1128/1488/2026 1130/1489/2026

vn -0.172016 0.974565 0.143646
f 1128/1488/2027 1119/1464/2027 1130/1489/2027

vn -0.16929 0.98548 0.0130319
f 1120/1465/2028 1119/1464/2028 1128/1488/2028

vn -0.178323 0.972465 0.150045
v -0.296466 1.624 1.00306
vt 0.051609 0.748198
f 1130/1489/2029 1119/1464/2029 1131/1490/2029

vn -0.294098 0.945272 0.141305
v -0.390716 1.61542 0.864278
vt 0.072112 0.726341
f 1119/1464/2030 1132/1491/2030 1131/1490/2030

vn -0.292033 0.954668 0.0576733
f 1119/1464/2031 1115/1459/2031 1132/1491/2031

vn 0.434537 0.896006 0.0913866
v -0.47755 1.66934 0.748568
vt 0.301618 0.974007
vt 0.328136 0.990877
f 1115/1457/2032 1133/1492/2032 1132/1493/2032

vn 0.377856 0.873311 -0.307495
f 1115/1457/2033 1114/1456/2033 1133/1492/2033

vn 0.265839 0.921701 -0.282483
v -0.619171 1.68868 0.678411
vt 0.283279 0.947918
f 1133/1492/2034 1114/1456/2034 1134/1494/2034

vn -0.0224682 0.731349 -0.681633
v -0.672414 1.64762 0.636115
vt 0.2692 0.940433
f 1114/1456/2035 1135/1495/2035 1134/1494/2035

vn -0.0172543 0.780889 -0.624431
f 1114/1456/2036 1113/1453/2036 1135/1495/2036

vn -0.482473 0.370075 -0.793892
v -0.682902 1.51595 0.581106
vt 0.240357 0.942691
f 1135/1495/2037 1113/1453/2037 1136/1496/2037

vn -0.440537 0.298607 -0.846617
vt 0.219987 0.956262
f 1113/1453/2038 1110/1497/2038 1136/1496/2038

vn -0.474058 0.304579 -0.826136
f 1113/1453/2039 1111/1455/2039 1110/1497/2039

vn -0.573438 0.205984 -0.792931
v -0.769978 1.43388 0.62276
vt 0.224111 0.921757
f 1136/1496/2040 1110/1497/2040 1137/1498/2040

vn -0.588399 0.109358 -0.801142
vt 0.199335 0.930704
f 1137/1498/2041 1110/1497/2041 804/1499/2041

vn -0.73378 0.385676 -0.559303
f 871/1110/2042 804/1022/2042 1110/1447/2042

vn -0.802801 0.274204 -0.529455
f 871/1110/2043 805/1023/2043 804/1022/2043

vt 0.209088 0.633128
vn -0.966613 -0.252781 0.0419593
vt 0.221709 0.634506
vt 0.222302 0.657647
f 804/1500/2044 802/1501/2044 1137/1502/2044

vn -0.959683 -0.235283 0.153786
v -0.763681 1.43516 0.66402
vt 0.230732 0.656194
f 1137/1502/2045 802/1501/2045 1138/1503/2045

vn 0.0058601 -0.258116 0.966096
v -0.705587 1.37341 0.647169
vt 0.231951 0.639472
f 1138/1503/2046 802/1501/2046 1139/1504/2046

vn -0.72688 0.686762 0.0017138
vt 0.253423 0.62613
f 802/1501/2047 801/1505/2047 1139/1504/2047

v -0.658482 1.42074 0.752038
vt 0.256854 0.637865
vn -0.706515 0.707695 -0.00202099
f 1140/1506/2048 1139/1504/2048 801/1505/2048

vn -0.822446 -0.27939 0.495504
v -0.722114 1.44772 0.661634
vt 0.238538 0.652367
f 1139/1504/2049 1140/1506/2049 1141/1507/2049

vn -0.802833 -0.393952 0.447506
v -0.68567 1.4832 0.758248
vt 0.260402 0.652223
f 1141/1507/2050 1140/1506/2050 1142/1508/2050

vn -0.808759 -0.395333 0.435453
v -0.61799 1.45233 0.855922
vt 0.282475 0.637541
f 1140/1506/2051 1143/1509/2051 1142/1508/2051

vn -0.6864 0.725711 0.0468875
v -0.648513 1.42161 0.884504
vt 0.284679 0.626182
f 1143/1509/2052 1140/1506/2052 1144/1510/2052

vn -0.695903 0.716552 0.0476629
f 1144/1510/2053 1140/1506/2053 801/1505/2053

vn -0.735512 0.67313 0.0769248
vt 0.12581 0.749678
f 801/1019/2054 798/1016/2054 1144/1511/2054

vn -0.713939 0.688254 0.12883
v -0.632386 1.40664 1.05384
vt 0.113945 0.777353
f 1144/1511/2055 798/1016/2055 1145/1512/2055

vn -0.8028 0.560525 0.203284
f 798/1016/2056 774/980/2056 1145/1512/2056

vn -0.779964 0.489275 0.390213
f 774/980/2057 773/982/2057 1145/1512/2057

vn -0.741512 0.530098 0.411285
v -0.567466 1.41147 1.16466
vt 0.098268 0.79185
f 1145/1512/2058 773/982/2058 1146/1513/2058

usemtl _auto_19
vn -0.723165 0.456266 0.518511
vt 0.087265 1.95401
f 773/979/2059 758/963/2059 1146/1514/2059

vn -0.662986 0.509866 0.548166
f 1146/1514/2060 758/963/2060 757/962/2060

v -0.467898 1.45084 1.20593
vt 0.118323 1.96889
vn -0.491013 0.704209 0.512832
f 1147/1515/2061 1146/1514/2061 757/962/2061

usemtl _auto_18
vt 0.080153 0.793276
vn -0.483445 0.750747 0.450178
v -0.495341 1.49004 1.11109
vt 0.085783 0.77686
f 1147/1516/2062 1148/1517/2062 1146/1513/2062

v -0.403162 1.54102 1.12071
vt 0.068869 0.773397
vn -0.467738 0.76085 0.449809
f 1149/1518/2063 1148/1517/2063 1147/1516/2063

vn -0.479741 0.799017 0.36252
v -0.457078 1.56881 0.988096
vt 0.080909 0.751588
f 1149/1518/2064 1150/1519/2064 1148/1517/2064

vn -0.334352 0.885874 0.321614
f 1131/1490/2065 1150/1519/2065 1149/1518/2065

vn -0.334347 0.927034 0.169766
f 1131/1490/2066 1132/1491/2066 1150/1519/2066

vn 0.373831 0.784045 0.495504
v -0.488196 1.66304 0.86248
vt 0.323857 0.968835
vt 0.355302 0.976572
f 1132/1493/2067 1151/1520/2067 1150/1521/2067

vn 0.435761 0.895527 0.0902442
f 1132/1493/2068 1133/1492/2068 1151/1520/2068

vn 0.329539 0.940504 0.0828048
v -0.590959 1.70787 0.762282
vt 0.300903 0.949622
f 1133/1492/2069 1152/1522/2069 1151/1520/2069

vn 0.273916 0.913414 -0.301072
f 1133/1492/2070 1134/1494/2070 1152/1522/2070

vn 0.127681 0.956647 -0.261772
v -0.716603 1.71699 0.73436
vt 0.290582 0.92524
f 1152/1522/2071 1134/1494/2071 1153/1523/2071

vn -0.142284 0.761037 -0.632912
v -0.720126 1.67803 0.688294
vt 0.278404 0.927328
f 1134/1494/2072 1154/1524/2072 1153/1523/2072

vn -0.14169 0.793484 -0.591867
f 1134/1494/2073 1135/1495/2073 1154/1524/2073

vn -0.498397 0.469131 -0.729052
v -0.728162 1.59984 0.643479
vt 0.259682 0.928567
f 1154/1524/2074 1135/1495/2074 1155/1525/2074

vn -0.431251 0.37681 -0.819779
f 1135/1495/2075 1136/1496/2075 1155/1525/2075

vn -0.596225 0.246395 -0.764072
v -0.787552 1.54758 0.672968
vt 0.250225 0.913652
f 1155/1525/2076 1136/1496/2076 1156/1526/2076

vn -0.596635 0.245213 -0.764132
f 1156/1526/2077 1136/1496/2077 1137/1498/2077

vn -0.963979 -0.21695 0.153871
vt 0.237253 0.679564
f 1137/1502/2078 1138/1503/2078 1156/1527/2078

vn -0.978321 -0.206361 -0.0174125
v -0.788871 1.55074 0.709587
vt 0.244872 0.678372
f 1138/1503/2079 1157/1528/2079 1156/1527/2079

vn 0.154031 -0.333183 0.930195
f 1157/1528/2080 1138/1503/2080 1141/1507/2080

vn 0.106713 -0.167069 0.980153
f 1141/1507/2081 1138/1503/2081 1139/1504/2081

v -0.748218 1.56415 0.711043
vt 0.252577 0.674199
vn 0.089695 -0.371949 0.92391
f 1158/1529/2082 1157/1528/2082 1141/1507/2082

v -0.796125 1.63331 0.748403
vt 0.257854 0.692668
vn 0.104808 -0.415525 0.903523
f 1159/1530/2083 1157/1528/2083 1158/1529/2083

vn -0.988651 -0.125601 0.0824222
v -0.799658 1.64405 0.722396
vt 0.253288 0.696788
f 1157/1528/2084 1159/1530/2084 1160/1531/2084

vn -0.992209 -0.0479126 0.115001
v -0.793974 1.67507 0.784365
vt 0.268259 0.698615
f 1160/1531/2085 1159/1530/2085 1161/1532/2085

vn 0.0158093 -0.652899 0.75728
v -0.756275 1.66256 0.772792
vt 0.268642 0.690389
f 1161/1532/2086 1159/1530/2086 1162/1533/2086

vn 0.0259332 -0.660751 0.750157
v -0.755754 1.63449 0.74805
vt 0.263023 0.686201
f 1162/1533/2087 1159/1530/2087 1163/1534/2087

vn 0.0213422 -0.463729 0.88572
f 1163/1534/2088 1159/1530/2088 1158/1529/2088

vn -0.838836 -0.321149 0.439566
v -0.727131 1.59955 0.777143
vt 0.267906 0.67689
f 1158/1529/2089 1164/1535/2089 1163/1534/2089

vn -0.820472 -0.352184 0.450325
v -0.712094 1.55468 0.769447
vt 0.264937 0.667604
f 1158/1529/2090 1165/1536/2090 1164/1535/2090

vt 0.264873 0.667225
vn -0.815521 -0.37119 0.444008
vt 0.252553 0.674205
vt 0.238515 0.652372
vt 0.260379 0.652229
f 1165/1537/2091 1158/1538/2091 1141/1539/2091 1142/1540/2091 

vn -0.823379 -0.371583 0.42892
v -0.649839 1.51006 0.850303
vt 0.281866 0.651798
f 1142/1508/2092 1166/1541/2092 1165/1536/2092

vn -0.806917 -0.403123 0.431715
f 1142/1508/2093 1143/1509/2093 1166/1541/2093

vn -0.814985 -0.409705 0.409806
v -0.607588 1.53214 0.956396
vt 0.305394 0.650639
f 1166/1541/2094 1143/1509/2094 1167/1542/2094

vn -0.830928 -0.390566 0.396254
v -0.566735 1.48249 0.993135
vt 0.311552 0.638702
f 1143/1509/2095 1168/1543/2095 1167/1542/2095

vn -0.665715 0.741269 0.0856965
f 1168/1543/2096 1143/1509/2096 1144/1510/2096

vn -0.639822 0.766768 0.0519132
v -0.588368 1.4618 1.03223
vt 0.318979 0.633262
f 1168/1543/2097 1144/1510/2097 1169/1544/2097

vn -0.749878 0.648922 0.128776
vt 0.104647 0.76891
f 1144/1511/2098 1145/1512/2098 1169/1545/2098

vn -0.684896 0.664075 0.299871
v -0.5615 1.47515 1.06403
vt 0.098409 0.772053
f 1169/1545/2099 1145/1512/2099 1170/1546/2099

vn -0.673303 0.642167 0.366448
f 1145/1512/2100 1146/1513/2100 1170/1546/2100

vn -0.486536 0.751007 0.446397
f 1148/1517/2101 1170/1546/2101 1146/1513/2101

vn -0.450737 0.808771 0.377791
f 1150/1519/2102 1170/1546/2102 1148/1517/2102

vn 0.0444202 0.598792 0.799672
v -0.615368 1.55045 1.01064
vt 0.363816 0.943401
vt 0.382004 0.956912
f 1150/1521/2103 1171/1547/2103 1170/1548/2103

v -0.54007 1.62219 0.956788
vt 0.344403 0.957858
vn 0.0519223 0.564082 0.824085
f 1172/1549/2104 1171/1547/2104 1150/1521/2104

v -0.683108 1.62925 0.939693
vt 0.341442 0.927093
vn -0.0601251 0.638835 0.766991
f 1173/1550/2105 1171/1547/2105 1172/1549/2105

vt 0.30628 0.678931
vn -0.762225 -0.0765643 0.642768
v -0.635615 1.53302 0.98455
vt 0.312668 0.654423
vt 0.320544 0.655238
f 1173/1551/2106 1174/1552/2106 1171/1553/2106

v -0.703623 1.61423 0.915027
vt 0.298705 0.677805
vn -0.748559 -0.0616986 0.660191
f 1175/1554/2107 1174/1552/2107 1173/1551/2107

vn -0.466329 -0.767346 -0.440133
f 1167/1542/2108 1174/1552/2108 1175/1554/2108

vn -0.486709 -0.741882 -0.461221
f 1168/1543/2109 1174/1552/2109 1167/1542/2109

vn -0.425352 -0.681126 -0.595939
f 1168/1543/2110 1169/1544/2110 1174/1552/2110

vn -0.762562 -0.0757233 0.642468
f 1174/1552/2111 1169/1544/2111 1171/1553/2111

vn -0.748103 -0.0670023 0.660192
vt 0.32989 0.632521
f 1171/1553/2112 1169/1544/2112 1170/1555/2112

vn -0.455414 -0.763515 -0.457868
v -0.678881 1.61675 0.886216
vt 0.291747 0.673932
f 1167/1542/2113 1175/1554/2113 1176/1556/2113

vn -0.358238 -0.851842 -0.38214
v -0.750014 1.65892 0.858893
vt 0.286148 0.691271
f 1176/1556/2114 1175/1554/2114 1177/1557/2114

vn -0.78181 -0.0292362 0.622831
v -0.741429 1.68777 0.871024
vt 0.290581 0.696811
f 1177/1557/2115 1175/1554/2115 1178/1558/2115

vn -0.766026 -0.00920934 0.642743
f 1178/1558/2116 1175/1554/2116 1173/1551/2116

vt 0.320232 0.91473
vn -0.126358 0.699472 0.703401
v -0.631922 1.67696 0.901451
vt 0.329032 0.938001
f 1178/1559/2117 1173/1550/2117 1179/1560/2117

vn -0.0568087 0.660874 0.748344
f 1179/1560/2118 1173/1550/2118 1172/1549/2118

vn 0.216859 0.84957 0.480836
v -0.59818 1.70033 0.844941
vt 0.317046 0.945772
f 1172/1549/2119 1180/1561/2119 1179/1560/2119

vn 0.210823 0.849383 0.483842
f 1151/1520/2120 1180/1561/2120 1172/1549/2120

vn 0.302869 0.946337 0.112767
f 1151/1520/2121 1152/1522/2121 1180/1561/2121

vn 0.185524 0.97698 0.105311
v -0.666196 1.71493 0.829272
vt 0.311836 0.931808
f 1152/1522/2122 1181/1562/2122 1180/1561/2122

vn 0.190539 0.975371 0.111112
v -0.699907 1.72715 0.77981
vt 0.300606 0.926319
f 1152/1522/2123 1182/1563/2123 1181/1562/2123

vn 0.127463 0.956972 -0.260688
f 1152/1522/2124 1153/1523/2124 1182/1563/2124

vn -0.0648911 0.978678 -0.194881
v -0.773471 1.71803 0.758513
vt 0.292529 0.912714
f 1182/1563/2125 1153/1523/2125 1183/1564/2125

vn -0.261484 0.716709 -0.646493
v -0.763471 1.67228 0.70374
vt 0.278074 0.917581
f 1153/1523/2126 1184/1565/2126 1183/1564/2126

vn -0.311495 0.737095 -0.599717
f 1153/1523/2127 1154/1524/2127 1184/1565/2127

vn -0.349364 0.49274 -0.796964
f 1154/1524/2128 1155/1525/2128 1184/1565/2128

vn -0.61387 0.306123 -0.727634
vt 0.274317 0.908109
f 1184/1565/2129 1155/1525/2129 1160/1566/2129

vn -0.620248 0.294626 -0.726972
f 1160/1566/2130 1155/1525/2130 1156/1526/2130

vn -0.993448 -0.11125 -0.0261638
f 1156/1527/2131 1157/1528/2131 1160/1531/2131

vn -0.672315 0.503091 -0.543039
f 1184/1565/2132 1160/1566/2132 1183/1564/2132

vn -0.559265 0.515074 -0.649555
v -0.799059 1.70918 0.773527
vt 0.293605 0.906506
f 1183/1564/2133 1160/1566/2133 1185/1567/2133

vn -0.984706 -0.101886 0.141329
vt 0.268274 0.706243
f 1160/1531/2134 1161/1532/2134 1185/1568/2134

vn -0.929988 -0.0220514 0.366929
v -0.78344 1.72035 0.813783
vt 0.276659 0.706106
f 1185/1568/2135 1161/1532/2135 1186/1569/2135

vn -0.925089 -0.030712 0.378505
v -0.779569 1.68367 0.820268
vt 0.276769 0.698255
f 1161/1532/2136 1187/1570/2136 1186/1569/2136

vn -0.21325 -0.927283 0.307685
f 1162/1533/2137 1187/1570/2137 1161/1532/2137

v -0.741837 1.67098 0.807352
vt 0.275712 0.690022
vn -0.205427 -0.927705 0.311711
f 1188/1571/2138 1187/1570/2138 1162/1533/2138

vn -0.38836 -0.881703 -0.267911
f 1188/1571/2139 1177/1557/2139 1187/1570/2139

v -0.724327 1.65851 0.837014
vt 0.281442 0.68613
vn -0.233202 -0.937998 -0.25647
f 1189/1572/2140 1177/1557/2140 1188/1571/2140

vn -0.350835 -0.848481 -0.396225
f 1176/1556/2141 1177/1557/2141 1189/1572/2141

v -0.713006 1.6103 0.815315
vt 0.276143 0.676828
vn -0.81753 -0.38479 0.428463
f 1190/1573/2142 1176/1556/2142 1189/1572/2142

vt 0.276268 0.676892
vn -0.824235 -0.368211 0.430183
v -0.688457 1.57254 0.830029
vt 0.278769 0.667282
vt 0.291913 0.673765
f 1190/1574/2143 1191/1575/2143 1176/1576/2143

vn -0.828669 -0.377777 0.413028
vt 0.278605 0.667444
f 1164/1535/2144 1191/1577/2144 1190/1573/2144

vn -0.832028 -0.352312 0.428492
f 1165/1536/2145 1191/1577/2145 1164/1535/2145

vt 0.291821 0.673893
vn -0.823642 -0.369164 0.430501
vt 0.278678 0.667407
vt 0.265075 0.667245
vt 0.281937 0.65176
f 1176/1578/2146 1191/1579/2146 1165/1580/2146 1166/1581/2146 

vn -0.836205 -0.365324 0.409023
f 1166/1541/2147 1167/1542/2147 1176/1556/2147

vn -0.842694 -0.348863 0.410075
f 1163/1534/2148 1164/1535/2148 1190/1573/2148

vn -0.837445 -0.375395 0.397197
f 1163/1534/2149 1190/1573/2149 1189/1572/2149

vn -0.871409 -0.299323 0.388655
f 1163/1534/2150 1189/1572/2150 1188/1571/2150

vn -0.808019 -0.397941 0.434452
f 1163/1534/2151 1188/1571/2151 1162/1533/2151

vn -0.798765 -0.0152028 0.601451
f 1187/1570/2152 1177/1557/2152 1178/1558/2152

vn -0.800097 0.0215452 0.599484
f 1186/1569/2153 1187/1570/2153 1178/1558/2153

vn -0.0195424 0.862685 0.505364
v -0.757809 1.72961 0.79897
vt 0.301782 0.913997
vt 0.30328 0.907922
f 1178/1559/2154 1192/1582/2154 1186/1583/2154

v -0.703524 1.71078 0.850417
vt 0.315158 0.923417
vn -0.213334 0.823039 0.526399
f 1193/1584/2155 1192/1582/2155 1178/1559/2155

vn 0.11715 0.966099 0.230062
f 1182/1563/2156 1192/1582/2156 1193/1584/2156

vn -0.0446697 0.964891 -0.258823
f 1182/1563/2157 1183/1564/2157 1192/1582/2157

vn -0.383672 0.91644 -0.113725
f 1192/1582/2158 1183/1564/2158 1185/1567/2158

vn -0.38987 0.915133 -0.102627
f 1192/1582/2159 1185/1567/2159 1186/1583/2159

vn 0.0201138 0.97372 0.226859
f 1181/1562/2160 1182/1563/2160 1193/1584/2160

vn 0.13268 0.901735 0.411424
f 1179/1560/2161 1181/1562/2161 1193/1584/2161

vn 0.0943823 0.898804 0.428069
f 1180/1561/2162 1181/1562/2162 1179/1560/2162

vn -0.105538 0.754322 0.647966
f 1179/1560/2163 1193/1584/2163 1178/1559/2163

vn 0.315849 0.794917 0.518022
f 1150/1521/2164 1151/1520/2164 1172/1549/2164

v -0.277924 1.57817 1.1286
vt 0.047229 0.770948
vn -0.285806 0.885808 0.365593
f 1194/1585/2165 1131/1490/2165 1149/1518/2165

vn -0.179867 0.915186 0.36067
f 1130/1489/2166 1131/1490/2166 1194/1585/2166

v -0.142988 1.60422 1.13618
vt 0.024146 0.769648
vn -0.19658 0.918084 0.344205
f 1195/1586/2167 1130/1489/2167 1194/1585/2167

v 0 1.65816 1.0163
vt 6.93889e-018 0.74681
vn -0.0651327 0.936766 0.343841
f 1196/1587/2168 1130/1489/2168 1195/1586/2168

vt -1.56125e-016 0.722051
vn -0.0608407 0.989075 0.134276
vt -1.63064e-016 0.74681
f 1129/1588/2169 1130/1489/2169 1196/1589/2169

v 0.149791 1.64965 1.01111
vt 0.974087 0.746842
vn 0.0608407 0.989075 0.134276
vt 1 0.722051
vt 1 0.74681
f 1197/1590/2170 1129/1591/2170 1196/1592/2170

vn 0.0496755 0.987941 0.146645
v 0.148671 1.6699 0.875124
vt 0.97304 0.722365
f 1197/1590/2171 1198/1593/2171 1129/1591/2171

v 0.291462 1.64543 0.8701
vt 0.946802 0.724173
vn 0.172016 0.974565 0.143646
f 1199/1594/2172 1198/1593/2172 1197/1590/2172

vn 0.16929 0.98548 0.0130319
f 1199/1594/2173 1126/1479/2173 1198/1593/2173

v 0.293522 1.64759 0.731683
vt 0.943269 0.698129
vn 0.164811 0.986165 0.0178003
f 1200/1595/2174 1126/1479/2174 1199/1594/2174

vn 0.160179 0.950419 -0.266546
f 1200/1595/2175 1125/1478/2175 1126/1479/2175

vn 0.142408 0.957819 -0.249605
f 1200/1595/2176 1124/1477/2176 1125/1478/2176

v 0.384066 1.6251 0.737801
vt 0.925557 0.701991
vn 0.249278 0.936102 -0.24814
f 1201/1596/2177 1124/1477/2177 1200/1595/2177

vn 0.229218 0.944271 -0.236246
f 196/246/2178 1124/1477/2178 1201/1596/2178

vn -0.416123 0.835539 -0.35877
vt 0.697949 0.995511
f 195/243/2179 196/244/2179 1201/1597/2179

vn -0.377856 0.873311 -0.307495
v 0.47755 1.66934 0.748568
vt 0.698382 0.974007
f 195/243/2180 1201/1597/2180 1202/1598/2180

vn -0.434537 0.896006 0.0913866
v 0.390716 1.61542 0.864278
vt 0.671864 0.990877
f 1202/1598/2181 1201/1597/2181 1203/1599/2181

vt 0.927888 0.726341
vn 0.292033 0.954668 0.0576733
f 1203/1600/2182 1201/1596/2182 1199/1594/2182

vn 0.239825 0.970637 0.018675
f 1201/1596/2183 1200/1595/2183 1199/1594/2183

vn 0.294098 0.945272 0.141305
v 0.296466 1.624 1.00306
vt 0.948391 0.748198
f 1203/1600/2184 1199/1594/2184 1204/1601/2184

vn 0.178323 0.972465 0.150045
f 1204/1601/2185 1199/1594/2185 1197/1590/2185

vn 0.179867 0.915186 0.36067
v 0.277924 1.57817 1.1286
vt 0.952771 0.770948
f 1204/1601/2186 1197/1590/2186 1205/1602/2186

vn 0.19658 0.918084 0.344205
v 0.142988 1.60422 1.13618
vt 0.975854 0.769648
f 1205/1602/2187 1197/1590/2187 1206/1603/2187

vn 0.0651327 0.936766 0.343841
f 1197/1590/2188 1196/1592/2188 1206/1603/2188

vn 0.0789219 0.940932 0.329268
v 0 1.61494 1.13981
vt 1 0.769206
f 1206/1603/2189 1196/1592/2189 1207/1604/2189

vt 4.51028e-016 0.74681
vn -0.0789219 0.940932 0.329268
vt 4.57967e-016 0.769206
f 1196/1605/2190 1195/1586/2190 1207/1606/2190

vt 1.14492e-016 0.769206
vn -0.0782523 0.894197 0.440781
v -0.132769 1.55115 1.24565
vt 0.022184 0.790141
f 1207/1607/2191 1195/1586/2191 1208/1608/2191

vn -0.217666 0.870139 0.442131
v -0.255981 1.52461 1.23722
vt 0.043218 0.791343
f 1208/1608/2192 1195/1586/2192 1209/1609/2192

vn -0.192933 0.864041 0.464984
f 1195/1586/2193 1194/1585/2193 1209/1609/2193

vn -0.260276 0.844109 0.468761
v -0.369509 1.49665 1.22454
vt 0.062724 0.791846
f 1209/1609/2194 1194/1585/2194 1210/1610/2194

vn -0.279698 0.846774 0.452485
f 1194/1585/2195 1149/1518/2195 1210/1610/2195

vn -0.444085 0.76287 0.469913
f 1210/1610/2196 1149/1518/2196 1147/1516/2196

usemtl _auto_19
vt 0.145347 1.98783
vn -0.43196 0.693508 0.576591
v -0.422427 1.40289 1.29766
vt 0.145671 1.94925
f 1210/1611/2197 1147/1515/2197 1211/1612/2197

vn -0.392999 0.720475 0.571373
f 1211/1612/2198 1147/1515/2198 757/962/2198

vn -0.387226 0.674209 0.628886
f 1211/1612/2199 757/962/2199 755/960/2199

vn -0.0842326 0.703056 0.706128
v -0.390985 1.33135 1.37265
vt 0.166573 1.92507
f 1211/1612/2200 755/960/2200 1212/1613/2200

vn -0.0625492 0.601535 0.796394
f 1212/1613/2201 755/960/2201 753/958/2201

vn 0.0966448 0.611256 0.78551
v -0.353901 1.23665 1.44178
vt 0.187361 1.89555
f 1212/1613/2202 753/958/2202 1213/1614/2202

vn 0.178159 0.436783 0.881748
f 1213/1614/2203 753/958/2203 750/955/2203

v -0.274935 1.25413 1.46106
vt 0.210617 1.90356
vn -0.291472 0.323645 0.900166
f 1214/1615/2204 1213/1614/2204 750/955/2204

v -0.303406 1.3541 1.39643
vt 0.192172 1.93555
vn -0.30498 0.45432 0.837007
f 1215/1616/2205 1213/1614/2205 1214/1615/2205

vn -0.342239 0.462879 0.817689
f 1215/1616/2206 1212/1613/2206 1213/1614/2206

v -0.333934 1.43646 1.31552
vt 0.170209 1.96406
vn -0.350601 0.586947 0.729776
f 1216/1617/2207 1212/1613/2207 1215/1616/2207

vn -0.368786 0.590385 0.717943
f 1216/1617/2208 1211/1612/2208 1212/1613/2208

vn -0.385717 0.692864 0.60923
f 1216/1617/2209 1210/1611/2209 1211/1612/2209

usemtl _auto_18
vn -0.253826 0.758044 0.600783
vt 0.057258 0.810714
f 1209/1609/2210 1210/1610/2210 1216/1618/2210

v -0.232057 1.4573 1.33134
vt 0.040385 0.811188
vn -0.248686 0.756796 0.604495
f 1217/1619/2211 1209/1609/2211 1216/1618/2211

vn -0.207152 0.77005 0.603417
f 1208/1608/2212 1209/1609/2212 1217/1619/2212

v -0.122787 1.47208 1.34325
vt 0.021207 0.811422
vn -0.171139 0.756891 0.630735
f 1218/1620/2213 1208/1608/2213 1217/1619/2213

v 0 1.56018 1.24739
vt 2.5327e-016 0.7895
vn -0.0607827 0.772502 0.632096
f 1219/1621/2214 1208/1608/2214 1218/1620/2214

vt 3.46945e-017 0.769206
vn -0.0663729 0.889203 0.452672
vt 3.46945e-017 0.7895
f 1207/1622/2215 1208/1608/2215 1219/1623/2215

v 0.132769 1.55115 1.24565
vt 0.977816 0.790141
vn 0.0663729 0.889203 0.452672
vt 1 0.7895
f 1220/1624/2216 1207/1604/2216 1219/1625/2216

vn 0.0782523 0.894197 0.440781
f 1206/1603/2217 1207/1604/2217 1220/1624/2217

v 0.255981 1.52461 1.23722
vt 0.956782 0.791343
vn 0.217666 0.870139 0.442131
f 1221/1626/2218 1206/1603/2218 1220/1624/2218

vn 0.192933 0.864041 0.464984
f 1205/1602/2219 1206/1603/2219 1221/1626/2219

v 0.369509 1.49665 1.22454
vt 0.937275 0.791846
vn 0.260276 0.844109 0.468761
f 1222/1627/2220 1205/1602/2220 1221/1626/2220

v 0.403162 1.54102 1.12071
vt 0.93113 0.773397
vn 0.279698 0.846774 0.452485
f 1223/1628/2221 1205/1602/2221 1222/1627/2221

vn 0.285806 0.885808 0.365593
f 1223/1628/2222 1204/1601/2222 1205/1602/2222

v 0.457078 1.56881 0.988096
vt 0.919091 0.751588
vn 0.334352 0.885874 0.321614
f 1224/1629/2223 1204/1601/2223 1223/1628/2223

vn 0.334347 0.927034 0.169766
f 1224/1629/2224 1203/1600/2224 1204/1601/2224

v 0.488196 1.66304 0.86248
vt 0.676143 0.968835
vn -0.373831 0.784045 0.495504
vt 0.644698 0.976572
f 1225/1630/2225 1203/1599/2225 1224/1631/2225

vn -0.435761 0.895527 0.0902442
f 1225/1630/2226 1202/1598/2226 1203/1599/2226

v 0.590959 1.70787 0.762282
vt 0.699097 0.949622
vn -0.329539 0.940504 0.0828048
f 1226/1632/2227 1202/1598/2227 1225/1630/2227

vn -0.273916 0.913414 -0.301072
f 194/242/2228 1202/1598/2228 1226/1632/2228

vn -0.265839 0.921701 -0.282483
f 194/242/2229 195/243/2229 1202/1598/2229

vn -0.127681 0.956647 -0.261772
f 151/185/2230 194/242/2230 1226/1632/2230

vn -0.127464 0.956972 -0.260688
f 151/185/2231 1226/1632/2231 149/183/2231

vn -0.190538 0.975371 0.111112
v 0.666196 1.71493 0.829272
vt 0.688164 0.931808
f 149/183/2232 1226/1632/2232 1227/1633/2232

vn -0.185524 0.97698 0.105311
v 0.59818 1.70033 0.844941
vt 0.682954 0.945772
f 1227/1633/2233 1226/1632/2233 1228/1634/2233

vn -0.302869 0.946337 0.112768
f 1228/1634/2234 1226/1632/2234 1225/1630/2234

vn -0.210823 0.849383 0.483842
v 0.54007 1.62219 0.956788
vt 0.655597 0.957858
f 1228/1634/2235 1225/1630/2235 1229/1635/2235

vn -0.315849 0.794917 0.518022
f 1229/1635/2236 1225/1630/2236 1224/1631/2236

vn -0.0519223 0.564082 0.824085
v 0.615368 1.55045 1.01064
vt 0.636184 0.943401
f 1229/1635/2237 1224/1631/2237 1230/1636/2237

vn -0.0444202 0.598792 0.799672
v 0.5615 1.47515 1.06403
vt 0.617996 0.956912
f 1224/1631/2238 1231/1637/2238 1230/1636/2238

vt 0.901591 0.772053
vn 0.450737 0.808771 0.377791
v 0.495341 1.49004 1.11109
vt 0.914217 0.77686
f 1231/1638/2239 1224/1629/2239 1232/1639/2239

vn 0.479741 0.799017 0.36252
f 1232/1639/2240 1224/1629/2240 1223/1628/2240

vn 0.467738 0.76085 0.449809
v 0.467898 1.45084 1.20593
vt 0.919847 0.793276
f 1232/1639/2241 1223/1628/2241 1233/1640/2241

vn 0.444085 0.76287 0.469913
f 1233/1640/2242 1223/1628/2242 1222/1627/2242

usemtl _auto_19
vt 0.38168 1.96889
vn 0.43196 0.693508 0.576591
vt 0.35465 1.98783
v 0.422427 1.40289 1.29766
vt 0.35433 1.94925
f 1233/1641/2243 1222/1642/2243 1234/1643/2243

vn 0.385717 0.692864 0.60923
v 0.333934 1.43646 1.31552
vt 0.32979 1.96406
f 1234/1643/2244 1222/1642/2244 1235/1644/2244

usemtl _auto_18
vn 0.253826 0.758044 0.600783
vt 0.942742 0.810714
f 1222/1627/2245 1221/1626/2245 1235/1645/2245

vn 0.248686 0.756796 0.604495
v 0.232057 1.4573 1.33134
vt 0.959614 0.811188
f 1235/1645/2246 1221/1626/2246 1236/1646/2246

vn 0.207152 0.77005 0.603417
f 1221/1626/2247 1220/1624/2247 1236/1646/2247

vn 0.171139 0.756891 0.630735
v 0.122787 1.47208 1.34325
vt 0.978793 0.811422
f 1236/1646/2248 1220/1624/2248 1237/1647/2248

vn 0.0607827 0.772502 0.632096
f 1220/1624/2249 1219/1625/2249 1237/1647/2249

vn 0.0555875 0.769609 0.636091
v 0 1.47816 1.34662
vt 1 0.811223
f 1237/1647/2250 1219/1625/2250 1238/1648/2250

vt 1.04083e-017 0.7895
vn -0.0555875 0.769609 0.636091
vt 1.04083e-017 0.811223
f 1219/1649/2251 1218/1620/2251 1238/1650/2251

v -0.112222 1.37653 1.42503
vt 0.0211582 0.833279
vn -0.0526345 0.64573 0.761749
v 0 1.37978 1.42998
vt 0.00181495 0.833621
vt 0.000164794 0.811233
vt 0.0213713 0.811422
f 1239/1651/2252 1240/1652/2252 1238/1653/2252 1218/1654/2252 

vt -9.36751e-017 0.833498
vn -0.0526629 0.515381 0.855342
vt 0.020984 0.833278
v -0.105509 1.26679 1.49156
vt 0.022818 0.856341
f 1240/1655/2253 1239/1656/2253 1241/1657/2253

vn -0.161743 0.504378 0.848199
v -0.198372 1.26057 1.47755
vt 0.043306 0.855528
f 1239/1656/2254 1242/1658/2254 1241/1657/2254

vn -0.148053 0.497237 0.854889
v -0.213541 1.36633 1.41341
vt 0.040245 0.83285
f 1239/1656/2255 1243/1659/2255 1242/1658/2255

vn -0.150755 0.633105 0.759243
f 1218/1620/2256 1243/1659/2256 1239/1656/2256

vn -0.168354 0.6412 0.748679
f 1218/1620/2257 1217/1619/2257 1243/1659/2257

vn -0.226243 0.626714 0.745683
vt 0.057258 0.832895
f 1217/1619/2258 1215/1660/2258 1243/1659/2258

vn -0.243542 0.632247 0.735494
f 1217/1619/2259 1216/1618/2259 1215/1660/2259

vn -0.225639 0.482827 0.846148
vt 0.05923 0.854268
f 1243/1659/2260 1215/1660/2260 1214/1661/2260

vn -0.223034 0.481915 0.847357
f 1243/1659/2261 1214/1661/2261 1242/1658/2261

vn -0.225267 0.361809 0.904626
v -0.265217 1.14449 1.50733
vt 0.064797 0.875543
f 1242/1658/2262 1214/1661/2262 1244/1662/2262

usemtl _auto_19
vn -0.346053 0.338594 0.874986
vt 0.220838 1.86894
f 1214/1615/2263 750/955/2263 1244/1663/2263

vn -0.32526 0.250739 0.911776
f 1244/1663/2264 750/955/2264 748/951/2264

usemtl _auto_18
v -0.194656 1.14534 1.52697
vt 0.047021 0.87744
vn -0.262237 0.25316 0.931205
vt 0.070334 0.894908
f 1245/1664/2265 1244/1662/2265 748/1665/2265

vn -0.252818 0.374462 0.89211
f 1242/1658/2266 1244/1662/2266 1245/1664/2266

vn -0.162837 0.384464 0.908665
f 1241/1657/2267 1242/1658/2267 1245/1664/2267

vn -0.183175 0.396715 0.89948
v -0.104521 1.14865 1.54387
vt 0.024989 0.878579
f 1241/1657/2268 1245/1664/2268 1246/1666/2268

vn -0.187187 0.254379 0.948816
f 1246/1666/2269 1245/1664/2269 747/950/2269

vn -0.266371 0.256028 0.929245
f 1245/1664/2270 748/1665/2270 747/950/2270

vn -0.245509 0.299975 0.921813
v -0.111306 1.02437 1.5825
vt 0.028476 0.902215
f 1246/1666/2271 747/950/2271 1247/1667/2271

vn -0.247854 0.28073 0.927232
f 747/950/2272 745/947/2272 1247/1667/2272

vn -0.103295 0.257691 0.96069
vt -7.63278e-017 0.924242
f 1247/1667/2273 745/947/2273 744/1668/2273

vn -0.0885522 0.27235 0.958115
vt -2.28983e-016 0.924242
v 0 1.02321 1.59312
vt -2.28983e-016 0.903257
f 1247/1667/2274 744/1669/2274 1248/1670/2274

v 0.111306 1.02437 1.5825
vt 0.971524 0.902215
vn 0.0885522 0.27235 0.958115
vt 1 0.903257
f 1249/1671/2275 1248/1672/2275 744/944/2275

v 0 1.14878 1.55089
vt 1 0.879245
vn 0.0867599 0.317544 0.944266
f 1250/1673/2276 1248/1672/2276 1249/1671/2276

vt 2.08167e-017 0.879245
vn -0.0867599 0.317544 0.944266
vt 2.08167e-017 0.903257
f 1250/1674/2277 1247/1667/2277 1248/1675/2277

vt 2.22045e-016 0.879245
vn -0.0643581 0.299451 0.951939
f 1250/1676/2278 1246/1666/2278 1247/1667/2278

v 0 1.26849 1.49726
vt 0 0.856737
vn -0.0617311 0.408086 0.910854
vt 0 0.879245
f 1251/1677/2279 1246/1666/2279 1250/1678/2279

vt 9.71445e-017 0.856737
vn -0.0558298 0.403825 0.913131
f 1251/1679/2280 1241/1657/2280 1246/1666/2280

vt 1.45717e-016 0.833498
vn -0.0544849 0.516614 0.854483
vt 1.45717e-016 0.856737
f 1240/1680/2281 1241/1657/2281 1251/1681/2281

vt 0.999999 0.833498
vn 0.0544849 0.516614 0.854483
vt 0.999999 0.856737
v 0.105509 1.26679 1.49156
vt 0.977181 0.856341
f 1240/1682/2282 1251/1683/2282 1252/1684/2282

vt 1 0.856737
vn 0.0558298 0.403825 0.913131
v 0.104521 1.14865 1.54387
vt 0.975011 0.878579
vt 0.977182 0.856341
f 1251/1685/2283 1253/1686/2283 1252/1687/2283

vn 0.0617311 0.408086 0.910854
f 1251/1685/2284 1250/1673/2284 1253/1686/2284

vn 0.0643581 0.299451 0.951939
f 1250/1673/2285 1249/1671/2285 1253/1686/2285

vn 0.245509 0.299975 0.921813
v 0.204368 1.02837 1.55642
vt 0.946937 0.899455
f 1253/1686/2286 1249/1671/2286 1254/1688/2286

vn 0.247854 0.28073 0.927232
v 0.133085 0.923585 1.60719
vt 0.968746 0.922518
f 1254/1688/2287 1249/1671/2287 1255/1689/2287

vn 0.103295 0.257691 0.96069
f 1249/1671/2288 744/944/2288 1255/1689/2288

vn 0.0863542 0.479267 0.87341
f 1255/1689/2289 744/944/2289 743/943/2289

vn 0.287448 0.494535 0.820249
v 0.26143 0.92316 1.56247
vt 0.934963 0.919132
f 1255/1689/2290 743/943/2290 1256/1690/2290

vn 0.226866 0.577482 0.784249
v 0.282263 0.882993 1.58602
vt 0.930457 0.931709
f 1256/1690/2291 743/943/2291 1257/1691/2291

vn 0.269396 0.428917 0.862239
v 0.29116 0.835718 1.60676
vt 0.928433 0.942675
f 1257/1691/2292 743/943/2292 1258/1692/2292

vn 0.252456 0.30938 0.916815
f 743/943/2293 742/940/2293 1258/1692/2293

vn 0.353852 -0.248069 0.901804
f 1258/1692/2294 742/940/2294 740/938/2294

v 0.428358 0.838451 1.52978
vt 0.896012 0.931506
vn 0.479856 -0.228299 0.847123
f 1259/1693/2295 1258/1692/2295 740/938/2295

v 0.412626 0.892459 1.51921
vt 0.903079 0.920331
vn 0.462547 0.298138 0.834964
f 1260/1694/2296 1258/1692/2296 1259/1693/2296

vn 0.386711 0.430515 0.815544
f 1260/1694/2297 1257/1691/2297 1258/1692/2297

usemtl _auto_19
v 0.389245 0.925794 1.50644
vt 0.31085 1.79985
vn 0.352469 0.540073 0.764256
vt 0.27073 1.78603
vt 0.31473 1.78793
f 1261/1695/2298 1257/1696/2298 1260/1697/2298

vn 0.312147 0.595776 0.74001
vt 0.26869 1.80099
f 1261/1695/2299 1256/1698/2299 1257/1696/2299

v 0.324325 0.955683 1.5227
vt 0.29132 1.81012
vn 0.372058 0.337852 0.86454
f 1262/1699/2300 1256/1698/2300 1261/1695/2300

v 0.269489 1.04223 1.53393
vt 0.27582 1.83717
vn 0.45874 0.177662 0.870628
f 1263/1700/2301 1256/1698/2301 1262/1699/2301

vn 0.279969 0.205837 0.937683
vt 0.25488 1.83444
f 1263/1700/2302 1254/1701/2302 1256/1698/2302

usemtl _auto_18
v 0.194656 1.14534 1.52697
vt 0.952978 0.87744
vn 0.266371 0.256028 0.929245
vt 0.929666 0.894908
f 1264/1702/2303 1254/1688/2303 1263/1703/2303

vn 0.187187 0.254379 0.948816
f 1253/1686/2304 1254/1688/2304 1264/1702/2304

vn 0.183175 0.396715 0.89948
f 1252/1687/2305 1253/1686/2305 1264/1702/2305

vn 0.162837 0.384464 0.908665
v 0.198372 1.26057 1.47755
vt 0.956694 0.855528
f 1252/1687/2306 1264/1702/2306 1265/1704/2306

vn 0.252818 0.374462 0.89211
v 0.265217 1.14449 1.50733
vt 0.935203 0.875543
f 1265/1704/2307 1264/1702/2307 1266/1705/2307

vn 0.262237 0.25316 0.931205
f 1264/1702/2308 1263/1703/2308 1266/1705/2308

usemtl _auto_19
vt 0.27916 1.86894
vn 0.32526 0.250739 0.911776
v 0.324772 1.12387 1.49176
vt 0.29697 1.8611
f 1266/1706/2309 1263/1700/2309 1267/1707/2309

vn 0.436446 0.161661 0.885088
f 1267/1707/2310 1263/1700/2310 1262/1699/2310

vn -0.0934725 0.180373 0.979147
v 0.343223 0.994514 1.51735
vt 0.2981 1.82106
f 1267/1707/2311 1262/1699/2311 1268/1708/2311

vn 0.336437 -0.0340897 0.941089
v 0.368221 0.957595 1.50707
vt 0.30568 1.80979
f 1268/1708/2312 1262/1699/2312 1269/1709/2312

vn 0.321431 0.193991 0.926849
f 1269/1709/2313 1262/1699/2313 1261/1695/2313

v 0.504436 0.972431 1.41973
vt 0.35493 1.81316
vn 0.489691 0.307444 0.815893
f 1270/1710/2314 1269/1709/2314 1261/1695/2314

v 0.394792 1.06984 1.48081
vt 0.31793 1.84252
vn 0.532922 0.0711162 0.84317
f 1271/1711/2315 1269/1709/2315 1270/1710/2315

vn 0.711329 -0.00394965 0.702848
v 0.363436 0.992972 1.51212
vt 0.30415 1.82024
f 1271/1711/2316 1272/1712/2316 1269/1709/2316

vn 0.718858 -0.0101841 0.695082
v 0.385702 1.09505 1.49058
vt 0.31409 1.85001
f 1271/1711/2317 1273/1713/2317 1272/1712/2317

v 0.447383 1.16979 1.42255
vt 0.34081 1.87187
vn 0.73823 0.00476075 0.674532
f 1274/1714/2318 1273/1713/2318 1271/1711/2318

vn 0.796168 -0.116602 0.593735
v 0.435628 1.19496 1.44326
vt 0.33385 1.87889
f 1274/1714/2319 1275/1715/2319 1273/1713/2319

v 0.506527 1.24938 1.34056
vt 0.36824 1.89665
vn 0.835793 -0.058737 0.545894
f 1276/1716/2320 1275/1715/2320 1274/1714/2320

vn 0.826606 -0.0152945 0.562573
v 0.49147 1.28571 1.36367
vt 0.35941 1.9061
f 1276/1716/2321 1277/1717/2321 1275/1715/2321

v 0.547352 1.33721 1.25806
vt 0.39096 1.92569
vn 0.872042 0.0518256 0.48668
f 1278/1718/2322 1277/1717/2322 1276/1716/2322

vn 0.656822 0.479948 0.581579
v 0.500207 1.37321 1.28159
vt 0.37552 1.93621
f 1278/1718/2323 1279/1719/2323 1277/1717/2323

v 0.567466 1.41147 1.16466
vt 0.41273 1.95401
vn 0.662986 0.509866 0.548166
f 1280/1720/2324 1279/1719/2324 1278/1718/2324

vn 0.491013 0.704209 0.512832
f 1280/1720/2325 1233/1641/2325 1279/1719/2325

usemtl _auto_18
vt 0.901732 0.79185
vn 0.483445 0.750747 0.450178
f 1280/1721/2326 1232/1639/2326 1233/1640/2326

vn 0.486536 0.751007 0.446397
f 1280/1721/2327 1231/1638/2327 1232/1639/2327

vn 0.673303 0.642167 0.366448
f 128/152/2328 1231/1638/2328 1280/1721/2328

vn 0.684896 0.664075 0.299871
f 130/154/2329 1231/1638/2329 128/152/2329

vt 0.679456 0.655238
vn 0.748103 -0.0670023 0.660192
vt 0.67011 0.632521
f 1230/1722/2330 1231/1723/2330 130/157/2330

vn 0.762562 -0.0757233 0.642468
f 143/175/2331 1230/1722/2331 130/157/2331

vn 0.762225 -0.0765643 0.642768
f 144/176/2332 1230/1722/2332 143/175/2332

vn 0.0601251 0.638835 0.766991
f 144/180/2333 1229/1635/2333 1230/1636/2333

vn 0.0568087 0.660874 0.748344
f 146/179/2334 1229/1635/2334 144/180/2334

vn -0.216859 0.84957 0.480836
f 146/179/2335 1228/1634/2335 1229/1635/2335

vn -0.0943823 0.898804 0.428069
f 1227/1633/2336 1228/1634/2336 146/179/2336

vn -0.13268 0.901735 0.411424
f 147/181/2337 1227/1633/2337 146/179/2337

vn -0.0201138 0.97372 0.226859
f 147/181/2338 149/183/2338 1227/1633/2338

vn 0.425352 -0.681126 -0.595939
f 143/175/2339 130/157/2339 131/156/2339

vn 0.486709 -0.741882 -0.461221
f 143/175/2340 131/156/2340 141/173/2340

vn 0.830928 -0.390566 0.396254
f 132/158/2341 141/173/2341 131/156/2341

vn 0.814985 -0.409705 0.409806
f 138/167/2342 141/173/2342 132/158/2342

vn 0.806917 -0.403123 0.431715
f 134/160/2343 138/167/2343 132/158/2343

vn 0.741512 0.530098 0.411285
v 0.623288 1.35574 1.13584
vt 0.88814 0.793904
f 128/152/2344 1280/1721/2344 1281/1724/2344

usemtl _auto_19
vt 0.43203 1.93788
vn 0.723165 0.456266 0.518511
f 1281/1725/2345 1280/1720/2345 1278/1718/2345

vn 0.674506 0.541999 0.501277
v 0.621017 1.30362 1.19526
vt 0.41993 1.91786
f 1281/1725/2346 1278/1718/2346 1282/1726/2346

vn 0.686733 0.198774 0.699205
v 0.570273 1.30654 1.24426
vt 0.39935 1.91715
f 1278/1718/2347 1283/1727/2347 1282/1726/2347

vn 0.727891 0.258323 0.635172
f 1283/1727/2348 1278/1718/2348 1276/1716/2348

vn 0.682884 0.333465 0.649978
v 0.570784 1.16471 1.31649
vt 0.38791 1.87209
f 1283/1727/2349 1276/1716/2349 1284/1728/2349

vn 0.632418 0.273966 0.724563
v 0.508983 1.12682 1.38476
vt 0.36175 1.85947
f 1276/1716/2350 1285/1729/2350 1284/1728/2350

vn 0.634356 0.273461 0.723057
f 1276/1716/2351 1274/1714/2351 1285/1729/2351

vn 0.598413 0.169107 0.783138
v 0.504182 1.05694 1.40352
vt 0.35754 1.83856
f 1274/1714/2352 1286/1730/2352 1285/1729/2352

vn 0.582173 0.158518 0.797463
f 1274/1714/2353 1271/1711/2353 1286/1730/2353

vn 0.582224 0.154849 0.798146
f 1271/1711/2354 1270/1710/2354 1286/1730/2354

vn 0.67455 0.141025 0.724634
v 0.617342 0.980331 1.31309
vt 0.40162 1.81771
f 1286/1730/2355 1270/1710/2355 1287/1731/2355

vn 0.664824 0.202892 0.718919
v 0.620103 0.941349 1.32154
vt 0.4011 1.80579
f 1287/1731/2356 1270/1710/2356 1288/1732/2356

vn 0.664922 0.24065 0.707083
v 0.514187 0.934093 1.42361
vt 0.35671 1.80137
f 1270/1710/2357 1289/1733/2357 1288/1732/2357

vn 0.529243 0.217575 0.8201
f 1270/1710/2358 1261/1695/2358 1289/1733/2358

vn 0.427756 0.569113 0.702236
f 1289/1733/2359 1261/1695/2359 1260/1697/2359

vn 0.434696 0.559718 0.705517
v 0.532206 0.902221 1.43779
vt 0.35854 1.78968
f 1289/1733/2360 1260/1697/2360 1290/1734/2360

usemtl _auto_18
vt 0.873471 0.904988
vn 0.518348 0.307178 0.798096
f 1290/1735/2361 1260/1694/2361 1259/1693/2361

vn 0.557044 0.239835 0.795098
v 0.549943 0.844883 1.44266
vt 0.86504 0.916071
f 1290/1735/2362 1259/1693/2362 1291/1736/2362

vn 0.577658 -0.199999 0.791398
v 0.43289 0.789285 1.51405
vt 0.888602 0.941316
f 1291/1736/2363 1259/1693/2363 1292/1737/2363

vn 0.479552 -0.227036 0.847635
f 1259/1693/2364 740/938/2364 1292/1737/2364

vn 0.254962 -0.893857 0.368802
f 1292/1737/2365 740/938/2365 738/934/2365

vn 0.251106 -0.913014 0.321483
v 0.419593 0.768662 1.46587
vt 0.879652 0.951755
f 1292/1737/2366 738/934/2366 1293/1738/2366

vn -0.127831 -0.916816 -0.378295
f 1293/1738/2367 738/934/2367 737/936/2367

vn -0.123935 -0.934672 -0.333208
v 0.394251 0.789135 1.41787
vt 0.871379 0.965314
f 1293/1738/2368 737/936/2368 1294/1739/2368

v 0.26557 0.813666 1.47207
vt 0.552117 0.974235
vn -0.419662 -0.362701 -0.832065
vt 0.582165 0.968042
f 1295/1740/2369 1294/1741/2369 737/933/2369

v 0.383502 0.823668 1.41145
vt 0.577183 0.961756
vn -0.417965 -0.290051 -0.860915
f 1296/1742/2370 1294/1741/2370 1295/1740/2370

v 0.485912 0.827588 1.34204
vt 0.598218 0.946579
vn -0.525086 -0.310651 -0.792326
f 1297/1743/2371 1294/1741/2371 1296/1742/2371

vn -0.513648 -0.333982 -0.79033
v 0.495313 0.794576 1.34989
vt 0.603412 0.951994
f 1297/1743/2372 1298/1744/2372 1294/1741/2372

vn -0.658954 -0.346245 -0.667754
v 0.558907 0.826323 1.27067
vt 0.613318 0.931011
f 1297/1743/2373 1299/1745/2373 1298/1744/2373

vn -0.221874 -0.952188 -0.210026
v 0.452034 0.853758 1.25919
vt 0.590188 0.929038
f 1299/1745/2374 1297/1743/2374 1300/1746/2374

vn -0.211195 -0.953545 -0.214821
v 0.380522 0.865883 1.27567
vt 0.575363 0.932436
f 1297/1743/2375 1301/1747/2375 1300/1746/2375

vn -0.160317 -0.943553 -0.289838
f 1297/1743/2376 1296/1742/2376 1301/1747/2376

vn -0.0929438 -0.951355 -0.293743
v 0.275758 0.871073 1.29201
vt 0.55423 0.936104
f 1296/1742/2377 1302/1748/2377 1301/1747/2377

vn -0.0772619 -0.94863 -0.306808
f 1296/1742/2378 1295/1740/2378 1302/1748/2378

vn -0.0384258 -0.951417 -0.305499
v 0.145122 0.871992 1.30558
vt 0.528286 0.939068
f 1302/1748/2379 1295/1740/2379 1303/1749/2379

vn 0.128078 -0.903436 -0.409145
f 1295/1740/2380 736/932/2380 1303/1749/2380

vn -0.171796 -0.369175 -0.913343
f 1295/1740/2381 737/933/2381 736/932/2381

vn -0.0142983 -0.909029 -0.416488
f 1303/1749/2382 736/932/2382 733/927/2382

vn 0.0726431 -0.882835 -0.464032
f 736/932/2383 734/928/2383 733/927/2383

v 0.152457 0.943549 1.08974
vt 0.529043 0.895029
vn -0.0117489 -0.949011 -0.315024
f 1304/1750/2384 1303/1749/2384 733/927/2384

vn -0.0394564 -0.948055 -0.315649
f 1302/1748/2385 1303/1749/2385 1304/1750/2385

v 0.292242 0.930801 1.09944
vt 0.555931 0.896572
vn -0.0658998 -0.951427 -0.300737
f 1305/1751/2386 1302/1748/2386 1304/1750/2386

vn -0.0941351 -0.948564 -0.302266
f 1301/1747/2387 1302/1748/2387 1305/1751/2387

v 0.406192 0.916219 1.11641
vt 0.57819 0.899129
vn -0.0748549 -0.947306 -0.311461
f 1306/1752/2388 1301/1747/2388 1305/1751/2388

vn -0.230725 -0.916483 -0.326842
f 1300/1746/2389 1301/1747/2389 1306/1752/2389

v 0.495993 0.881063 1.15827
vt 0.597266 0.90719
vn -0.202804 -0.919376 -0.337072
f 1307/1753/2390 1300/1746/2390 1306/1752/2390

vn -0.20014 -0.920294 -0.33616
f 1299/1745/2391 1300/1746/2391 1307/1753/2391

vn -0.315493 -0.910624 -0.266886
f 105/123/2392 1299/1745/2392 1307/1753/2392

vn -0.669889 -0.436507 -0.600591
f 105/123/2393 106/124/2393 1299/1745/2393

vn -0.679853 -0.354168 -0.642157
vt 0.618505 0.935379
f 106/124/2394 109/1754/2394 1299/1745/2394

vn -0.655144 -0.353605 -0.667645
f 1299/1745/2395 109/1754/2395 1298/1744/2395

vn -0.232356 -0.936719 -0.261855
v 0.529377 0.773494 1.39507
vt 0.85048 0.935189
vt 0.839755 0.946691
f 109/129/2396 1308/1755/2396 1298/1756/2396

vn -0.10353 -0.968502 -0.226462
f 110/130/2397 1308/1755/2397 109/129/2397

vn 0.359329 -0.852326 0.38003
v 0.549466 0.797161 1.42916
vt 0.8579 0.92567
f 110/130/2398 1309/1757/2398 1308/1755/2398

vn 0.418554 -0.809192 0.412336
f 111/131/2399 1309/1757/2399 110/130/2399

v 0.647865 0.848881 1.34792
vt 0.842928 0.899049
vn 0.680384 -0.177724 0.71098
f 1310/1758/2400 1309/1757/2400 111/131/2400

vn 0.684899 -0.204646 0.699309
f 1310/1758/2401 1291/1736/2401 1309/1757/2401

v 0.633026 0.910999 1.33281
vt 0.850827 0.885355
vn 0.651288 0.322649 0.68682
f 1311/1759/2402 1291/1736/2402 1310/1758/2402

vn 0.683313 0.269015 0.678759
f 1311/1759/2403 1290/1735/2403 1291/1736/2403

usemtl _auto_19
vn 0.607545 0.490762 0.624533
vt 0.40209 1.79542
f 1288/1732/2404 1290/1734/2404 1311/1760/2404

vn 0.545219 0.578306 0.606876
f 1288/1732/2405 1289/1733/2405 1290/1734/2405

vn 0.640632 0.491877 0.589617
f 118/140/2406 1288/1732/2406 1311/1760/2406

vn 0.710938 0.196682 0.675192
f 118/140/2407 1287/1731/2407 1288/1732/2407

vn 0.716578 0.272534 0.64206
f 120/142/2408 1287/1731/2408 118/140/2408

vn 0.741536 0.12168 0.659786
v 0.606113 1.08141 1.30707
vt 0.39868 1.84775
f 120/142/2409 1312/1761/2409 1287/1731/2409

v 0.682722 1.08894 1.21101
vt 0.43458 1.8534
vn 0.762883 0.175742 0.622193
f 1313/1762/2410 1312/1761/2410 120/142/2410

vn 0.751972 0.230043 0.617752
v 0.645498 1.19926 1.21524
vt 0.42338 1.88598
f 1313/1762/2411 1314/1763/2411 1312/1761/2411

v 0.687649 1.21139 1.15895
vt 0.44354 1.89184
vn 0.754288 0.230946 0.614584
f 1315/1764/2412 1314/1763/2412 1313/1762/2412

vn 0.7351 0.289797 0.612899
f 1315/1764/2413 1282/1726/2413 1314/1763/2413

vn 0.809516 0.425647 0.404361
f 1281/1725/2414 1282/1726/2414 1315/1764/2414

vn 0.784261 0.422402 0.454436
f 123/145/2415 1281/1725/2415 1315/1764/2415

usemtl _auto_18
vn 0.795901 0.44541 0.410063
f 125/149/2416 1281/1724/2416 123/147/2416

vn 0.779964 0.489275 0.390213
f 125/149/2417 128/152/2417 1281/1724/2417

usemtl _auto_19
vn 0.842945 0.268387 0.466275
f 123/145/2418 1315/1764/2418 121/143/2418

vn 0.768639 0.223844 0.59924
f 121/143/2419 1315/1764/2419 1313/1762/2419

vn 0.779478 0.176878 0.60094
f 121/143/2420 1313/1762/2420 120/142/2420

vn 0.673729 0.288329 0.680408
f 1283/1727/2421 1314/1763/2421 1282/1726/2421

vn 0.705155 0.323783 0.630809
f 1314/1763/2422 1283/1727/2422 1284/1728/2422

vn 0.739277 0.242457 0.628239
f 1314/1763/2423 1284/1728/2423 1312/1761/2423

vn 0.667629 0.202082 0.716543
f 1284/1728/2424 1285/1729/2424 1312/1761/2424

vn 0.659779 0.152207 0.735884
f 1285/1729/2425 1286/1730/2425 1312/1761/2425

vn 0.667427 0.117943 0.735276
f 1312/1761/2426 1286/1730/2426 1287/1731/2426

vn 0.660287 0.456911 0.596031
f 118/140/2427 1311/1760/2427 116/138/2427

usemtl _auto_18
vn 0.69891 0.322269 0.638488
f 116/136/2428 1311/1759/2428 1310/1758/2428

vn 0.756781 0.210831 0.618735
f 116/136/2429 1310/1758/2429 113/133/2429

vn 0.751182 -0.179667 0.635173
f 113/133/2430 1310/1758/2430 111/131/2430

vn 0.583305 -0.226465 0.780044
f 1291/1736/2431 1292/1737/2431 1309/1757/2431

vn 0.28637 -0.906881 0.309126
f 1309/1757/2432 1292/1737/2432 1293/1738/2432

vn 0.305371 -0.857005 0.415079
f 1309/1757/2433 1293/1738/2433 1308/1755/2433

vt 0.871114 0.965058
vn -0.161317 -0.935507 -0.31433
vt 0.843588 0.950265
vt 0.850189 0.934954
vt 0.879376 0.951491
f 1294/1765/2434 1298/1766/2434 1308/1767/2434 1293/1768/2434 

vn -0.321231 -0.916591 -0.238057
v 0.562249 0.902028 0.988139
vt 0.606604 0.872374
f 105/123/2435 1307/1753/2435 1316/1769/2435

vn -0.265447 -0.938904 -0.219082
f 1316/1769/2436 1307/1753/2436 1306/1752/2436

vn -0.226805 -0.959017 -0.169842
v 0.444505 0.9406 0.927572
vt 0.582852 0.862799
f 1316/1769/2437 1306/1752/2437 1317/1770/2437

vn -0.103817 -0.983516 -0.148051
f 1317/1770/2438 1306/1752/2438 1305/1751/2438

vn -0.144508 -0.972347 -0.183464
v 0.31006 0.96697 0.893709
vt 0.557563 0.857285
f 1317/1770/2439 1305/1751/2439 1318/1771/2439

vn -0.0770199 -0.98081 -0.179107
f 1318/1771/2440 1305/1751/2440 1304/1750/2440

vn -0.0795803 -0.98024 -0.181097
v 0.160459 0.983252 0.871322
vt 0.529761 0.853449
f 1318/1771/2441 1304/1750/2441 1319/1772/2441

vn -0.0181207 -0.983599 -0.179456
f 1319/1772/2442 1304/1750/2442 732/926/2442

vn -0.00892501 -0.949625 -0.313263
f 1304/1750/2443 733/927/2443 732/926/2443

vn -0.0241079 -0.982651 -0.183892
f 1319/1772/2444 732/926/2444 731/925/2444

v 0.165475 0.915071 0.70959
vt 0.531722 0.820689
vn -0.0464409 -0.920986 0.386819
f 1320/1773/2445 1319/1772/2445 731/925/2445

v 0.328353 0.906351 0.725968
vt 0.562445 0.824549
vn -0.0878699 -0.918874 0.384643
f 1321/1774/2446 1319/1772/2446 1320/1773/2446

vn -0.149871 -0.934961 0.321539
f 1321/1774/2447 1318/1771/2447 1319/1772/2447

v 0.473657 0.888652 0.75313
vt 0.589084 0.830161
vn -0.172992 -0.932172 0.318009
f 1322/1775/2448 1318/1771/2448 1321/1774/2448

vn -0.244516 -0.939733 0.238986
f 1322/1775/2449 1317/1770/2449 1318/1771/2449

v 0.574177 0.864763 0.787928
vt 0.606854 0.835769
vn -0.298647 -0.92717 0.226199
f 1323/1776/2450 1317/1770/2450 1322/1775/2450

vn -0.375768 -0.914837 0.147888
f 1323/1776/2451 1316/1769/2451 1317/1770/2451

v 0.625831 0.856628 0.960887
vt 0.621152 0.865655
vn -0.5414 -0.831784 0.122562
f 1324/1777/2452 1316/1769/2452 1323/1776/2452

vn -0.602267 -0.794038 -0.0823286
f 104/121/2453 1316/1769/2453 1324/1777/2453

vn -0.671433 -0.740982 -0.0111443
f 104/121/2454 105/123/2454 1316/1769/2454

v 0.640992 0.840842 0.935782
vt 0.624937 0.860126
vn -0.744676 -0.66673 -0.0304777
f 1325/1778/2455 104/121/2455 1324/1777/2455

vn -0.991484 -0.118549 0.0538968
v 0.647967 0.785531 0.942431
vt 0.636661 0.858335
f 1325/1778/2456 1326/1779/2456 104/121/2456

v 0.564238 0.774537 0.78087
vt 0.617571 0.822686
vn -0.884899 -0.0559955 0.462405
f 1327/1780/2457 1326/1779/2457 1325/1778/2457

vt 0.641186 0.708873
vn -0.657325 0.694137 0.293424
vt 0.621208 0.74564
v 0.541373 0.722506 0.852736
vt 0.612977 0.727502
f 1326/1781/2458 1327/1782/2458 1328/1783/2458

vn -0.427634 0.791361 0.436894
v 0.430952 0.715419 0.757492
vt 0.58925 0.747268
f 1327/1782/2459 1329/1784/2459 1328/1783/2459

vn -0.382226 0.576014 0.722572
v 0.454688 0.772444 0.724588
vt 0.597261 0.759649
f 1327/1782/2460 1330/1785/2460 1329/1784/2460

vn -0.450109 -0.143022 0.881446
vt 0.594327 0.807314
f 1322/1775/2461 1330/1786/2461 1327/1780/2461

vn -0.203689 -0.202039 0.957962
f 1321/1774/2462 1330/1786/2462 1322/1775/2462

vn -0.296978 -0.289557 0.909924
v 0.30911 0.777944 0.678825
vt 0.564124 0.797385
f 1321/1774/2463 1331/1787/2463 1330/1786/2463

vn -0.111875 -0.327659 0.938149
f 1320/1773/2464 1331/1787/2464 1321/1774/2464

vn -0.145144 -0.358889 0.922026
v 0.158992 0.779109 0.655648
vt 0.532962 0.791663
f 1320/1773/2465 1332/1788/2465 1331/1787/2465

v 0 0.916356 0.706582
vt 0.5 0.819511
vn -0.0197531 -0.367896 0.929657
f 1333/1789/2466 1332/1788/2466 1320/1773/2466

vn -0.0458189 -0.393787 0.918059
v 0 0.782361 0.649107
vt 0.5 0.790424
f 1333/1789/2467 1334/1790/2467 1332/1788/2467

vn 0.0458189 -0.393787 0.918059
f 1333/1789/2468 728/924/2468 1334/1790/2468

vn 0.0197531 -0.367896 0.929657
f 1333/1789/2469 730/922/2469 728/924/2469

vn 0.0146136 -0.909526 0.415391
f 731/925/2470 730/922/2470 1333/1789/2470

vn -0.0146136 -0.909526 0.415391
f 1320/1773/2471 731/925/2471 1333/1789/2471

vt 0.5 0.778155
vn 0.0252699 0.502628 0.864134
f 1334/1791/2472 728/920/2472 727/919/2472

vn 0.0266781 0.500345 0.865415
v 0 0.716338 0.687278
vt 0.5 0.762248
f 1334/1791/2473 727/919/2473 1335/1792/2473

vn -0.00537916 0.978233 -0.207441
v -0.131038 0.737664 0.791243
vt 0.473132 0.740354
f 1335/1792/2474 727/919/2474 1336/1793/2474

vn -0.0497379 0.97833 -0.200989
f 1336/1793/2475 727/919/2475 725/917/2475

vt 0.444639 0.735057
vn -0.12788 0.744846 -0.654867
v -0.236407 0.817006 0.902068
vt 0.453293 0.711907
v -0.121816 0.820885 0.884047
vt 0.476988 0.715649
vt 0.473031 0.740355
f 725/1794/2476 1337/1795/2476 1338/1796/2476 1336/1797/2476 

vt 0.453408 0.711897
vn -0.269851 0.748942 -0.6052
v -0.339855 0.809843 0.93933
vt 0.432622 0.704814
f 1337/1798/2477 725/917/2477 1339/1799/2477

vn -0.230951 0.769665 -0.595212
f 725/917/2478 724/916/2478 1339/1799/2478

vn -0.397175 0.790986 -0.465395
v -0.42082 0.803615 0.997842
vt 0.415963 0.6931
f 1339/1799/2479 724/916/2479 1340/1800/2479

vn -0.483421 0.748128 -0.454541
f 724/916/2480 723/915/2480 1340/1800/2480

vn -0.568728 0.768441 -0.293338
v -0.456938 0.80644 1.07527
vt 0.408398 0.677249
f 1340/1800/2481 723/915/2481 1341/1801/2481

vn -0.525337 0.786791 -0.324008
f 1341/1801/2482 723/915/2482 721/913/2482

vn -0.595 0.803398 -0.0229597
f 1341/1801/2483 721/913/2483 720/912/2483

vn -0.601251 0.798336 -0.033999
v -0.462244 0.806199 1.16344
vt 0.406877 0.659264
f 1341/1801/2484 720/912/2484 1342/1802/2484

vn -0.600003 0.78427 0.157854
f 1342/1802/2485 720/912/2485 70/78/2485

vn 0.251321 0.964716 -0.0784862
f 70/78/2486 720/912/2486 69/77/2486

v -0.436085 0.805713 1.2439
vt 0.411659 0.642587
vn -0.563434 0.80448 0.188026
f 1343/1803/2487 1342/1802/2487 70/78/2487

v -0.38526 0.84817 1.16491
vt 0.4246 0.658849
vn -0.474884 0.865454 0.159605
f 1344/1804/2488 1342/1802/2488 1343/1803/2488

v -0.377853 0.845873 1.08621
vt 0.426154 0.674136
vn -0.476446 0.876379 -0.0704167
f 1345/1805/2489 1342/1802/2489 1344/1804/2489

vn -0.443406 0.895993 -0.0242324
f 1345/1805/2490 1341/1801/2490 1342/1802/2490

v -0.369824 0.838962 1.02623
vt 0.427764 0.686162
vn -0.422768 0.892114 -0.159375
f 1346/1806/2491 1341/1801/2491 1345/1805/2491

vn -0.456855 0.855331 -0.24432
f 1346/1806/2492 1340/1800/2492 1341/1801/2492

vn -0.35759 0.841366 -0.405257
f 1339/1799/2493 1340/1800/2493 1346/1806/2493

v -0.309629 0.85535 1.00938
vt 0.440293 0.688954
vn -0.343705 0.848307 -0.402794
f 1347/1807/2494 1339/1799/2494 1346/1806/2494

vn -0.225333 0.858564 -0.460536
f 1337/1798/2495 1339/1799/2495 1347/1807/2495

v -0.219816 0.868545 0.992828
vt 0.457824 0.691718
vn -0.210774 0.866085 -0.453289
f 1348/1808/2496 1337/1798/2496 1347/1807/2496

vt 0.476032 0.715449
vn -0.104496 0.872896 -0.476585
f 1338/1809/2497 1337/1798/2497 1348/1808/2497

v -0.114699 0.876798 0.982602
vt 0.478034 0.693435
vn -0.11518 0.867533 -0.483861
f 1349/1810/2498 1338/1809/2498 1348/1808/2498

v 0 0.821238 0.879711
vt 0.5 0.716301
vn -0.0200429 0.87022 -0.492255
f 1350/1811/2499 1338/1809/2499 1349/1810/2499

vt 0.473018 0.740364
vn -0.0255966 0.745349 -0.666183
vt 0.475904 0.715457
vt 0.500874 0.71639
v 0 0.738772 0.787494
vt 0.499887 0.741134
f 1336/1812/2500 1338/1813/2500 1350/1814/2500 1351/1815/2500 

vt 0.499126 0.71639
vn 0.0255966 0.745349 -0.666183
v 0.121816 0.820885 0.884047
vt 0.524096 0.715457
v 0.131038 0.737664 0.791243
vt 0.526982 0.740364
vt 0.500113 0.741134
f 1350/1816/2501 1352/1817/2501 1353/1818/2501 1351/1819/2501 

vt 0.523968 0.715449
vn 0.0200429 0.87022 -0.492255
v 0.114699 0.876798 0.982602
vt 0.521966 0.693435
f 1352/1820/2502 1350/1811/2502 1354/1821/2502

vn 0.0295878 0.865362 -0.500273
v 0 0.879216 0.980001
vt 0.5 0.693792
f 1354/1821/2503 1350/1811/2503 1355/1822/2503

vn -0.0295878 0.865362 -0.500273
f 1350/1811/2504 1349/1810/2504 1355/1822/2504

vn -0.0260004 0.96899 -0.245728
v -0.112006 0.902792 1.08482
vt 0.478726 0.673207
f 1355/1822/2505 1349/1810/2505 1356/1823/2505

vn -0.105056 0.964449 -0.24249
v -0.214571 0.891873 1.08583
vt 0.459138 0.673277
f 1356/1823/2506 1349/1810/2506 1357/1824/2506

vn -0.0989192 0.966497 -0.236851
f 1349/1810/2507 1348/1808/2507 1357/1824/2507

vn -0.195701 0.953744 -0.228195
v -0.306189 0.872957 1.08534
vt 0.441299 0.673758
f 1357/1824/2508 1348/1808/2508 1358/1825/2508

vn -0.180526 0.959936 -0.214323
f 1348/1808/2509 1347/1807/2509 1358/1825/2509

vn -0.309397 0.92936 -0.201401
f 1358/1825/2510 1347/1807/2510 1346/1806/2510

vn -0.350974 0.923733 -0.153408
f 1358/1825/2511 1346/1806/2511 1345/1805/2511

vn -0.353574 0.935394 -0.00475742
v -0.308079 0.872688 1.17285
vt 0.440542 0.656979
f 1358/1825/2512 1345/1805/2512 1359/1826/2512

vn -0.297074 0.953224 -0.0557769
f 1359/1826/2513 1345/1805/2513 1344/1804/2513

vn -0.313485 0.937142 0.153268
v -0.378854 0.840064 1.22757
vt 0.425206 0.646246
f 1359/1826/2514 1344/1804/2514 1360/1827/2514

vn -0.473901 0.865838 0.160444
f 1360/1827/2515 1344/1804/2515 1343/1803/2515

v -0.371257 0.810593 1.30897
vt 0.424739 0.628858
vn -0.40904 0.845125 0.344164
f 1361/1828/2516 1360/1827/2516 1343/1803/2516

v -0.318673 0.851616 1.25182
vt 0.43735 0.64112
vn -0.31042 0.884177 0.349099
f 1362/1829/2517 1360/1827/2517 1361/1828/2517

vn -0.266931 0.939458 0.214865
f 1359/1826/2518 1360/1827/2518 1362/1829/2518

v -0.217214 0.888065 1.18181
vt 0.458215 0.654839
vn -0.184399 0.955508 0.23022
f 1363/1830/2519 1359/1826/2519 1362/1829/2519

vn -0.170054 0.984835 0.0343842
f 1357/1824/2520 1359/1826/2520 1363/1830/2520

vn -0.202188 0.979346 -0.00135306
f 1357/1824/2521 1358/1825/2521 1359/1826/2521

vn -0.10544 0.993755 0.0365169
f 1356/1823/2522 1357/1824/2522 1363/1830/2522

vn -0.098236 0.994172 0.0443951
v -0.113786 0.897956 1.18918
vt 0.478125 0.653164
f 1356/1823/2523 1363/1830/2523 1364/1831/2523

v -0.228215 0.862322 1.27547
vt 0.455297 0.63589
vn -0.109718 0.961592 0.251601
v -0.12034 0.870377 1.29166
vt 0.476008 0.632407
vt 0.477913 0.653104
vt 0.458004 0.654794
f 1365/1832/2524 1366/1833/2524 1364/1834/2524 1363/1835/2524 

vt 0.476235 0.632466
vn -0.130725 0.895483 0.425465
vt 0.455021 0.636017
v -0.141252 0.820468 1.39028
vt 0.470905 0.610381
f 1366/1836/2525 1365/1837/2525 1367/1838/2525

vn -0.13428 0.893941 0.427596
v -0.268171 0.816778 1.35814
vt 0.445171 0.617886
f 1367/1838/2526 1365/1837/2526 1368/1839/2526

vn -0.208652 0.895716 0.392629
f 1365/1837/2527 1362/1829/2527 1368/1839/2527

vn -0.1761 0.954264 0.241599
f 1363/1830/2528 1362/1829/2528 1365/1837/2528

vn -0.246209 0.880344 0.405432
f 1368/1839/2529 1362/1829/2529 1361/1828/2529

vn -0.259882 0.861361 0.436484
f 1368/1839/2530 1361/1828/2530 77/87/2530

vn -0.330432 0.832253 0.445162
f 77/87/2531 1361/1828/2531 76/86/2531

vn -0.412623 0.841814 0.347981
f 1361/1828/2532 1343/1803/2532 76/86/2532

vn -0.511491 0.800033 0.313567
f 1343/1803/2533 70/78/2533 76/86/2533

vn 0.731972 0.467388 -0.495747
f 70/78/2534 71/79/2534 76/86/2534

vn -0.154566 0.852387 0.499546
f 79/89/2535 1368/1839/2535 77/87/2535

vn -0.150902 0.854055 0.497814
f 1367/1838/2536 1368/1839/2536 79/89/2536

vn -0.0635529 0.852114 0.519482
f 88/101/2537 1367/1838/2537 79/89/2537

v 0 0.822363 1.40197
vt 0.5 0.607881
vn -0.053838 0.857478 0.511696
f 1369/1840/2538 1367/1838/2538 88/101/2538

vn -0.0486439 0.895309 0.442782
f 1369/1840/2539 1366/1836/2539 1367/1838/2539

v 0 0.873686 1.29782
vt 0.5 0.631313
vn -0.047222 0.896002 0.441533
f 1370/1841/2540 1366/1836/2540 1369/1840/2540

vn -0.0397119 0.965517 0.257295
f 1370/1841/2541 1364/1831/2541 1366/1836/2541

v 0 0.902132 1.19201
vt 0.5 0.652639
vn -0.0418595 0.964863 0.259398
f 1371/1842/2542 1364/1831/2542 1370/1841/2542

vn -0.0377683 0.998245 0.0456152
f 1371/1842/2543 1356/1823/2543 1364/1831/2543

v 0 0.906351 1.08421
vt 0.5 0.673243
vn -0.0315213 0.998738 0.0390906
f 1372/1843/2544 1356/1823/2544 1371/1842/2544

vn -0.0320972 0.967234 -0.251848
f 1355/1822/2545 1356/1823/2545 1372/1843/2545

v 0.112006 0.902792 1.08482
vt 0.521274 0.673207
vn 0.0320972 0.967234 -0.251848
f 1373/1844/2546 1355/1822/2546 1372/1843/2546

vn 0.0260004 0.96899 -0.245728
f 1354/1821/2547 1355/1822/2547 1373/1844/2547

v 0.214571 0.891873 1.08583
vt 0.540862 0.673277
vn 0.105056 0.964449 -0.24249
f 1374/1845/2548 1354/1821/2548 1373/1844/2548

v 0.219816 0.868545 0.992828
vt 0.542176 0.691718
vn 0.0989192 0.966497 -0.236851
f 1375/1846/2549 1354/1821/2549 1374/1845/2549

vn 0.11518 0.867533 -0.483861
f 1375/1846/2550 1352/1820/2550 1354/1821/2550

v 0.236407 0.817006 0.902068
vt 0.546592 0.711897
vn 0.104496 0.872896 -0.476585
f 1376/1847/2551 1352/1820/2551 1375/1846/2551

vt 0.523012 0.715649
vn 0.12788 0.744846 -0.654867
vt 0.546707 0.711907
v 0.268669 0.735726 0.815868
vt 0.555361 0.735057
vt 0.526969 0.740355
f 1352/1848/2552 1376/1849/2552 1377/1850/2552 1353/1851/2552 

v 0.339855 0.809843 0.93933
vt 0.567378 0.704814
vn 0.269851 0.748942 -0.6052
vt 0.555257 0.735043
f 1378/1852/2553 1377/1853/2553 1376/1847/2553

v 0.403723 0.736722 0.869559
vt 0.58352 0.723275
vn 0.230951 0.769665 -0.595212
f 1379/1854/2554 1377/1853/2554 1378/1852/2554

vn 0.0611453 0.983191 -0.172039
f 1329/1784/2555 1377/1853/2555 1379/1854/2555

vn 0.0590165 0.982322 -0.177655
v 0.292616 0.715805 0.713671
vt 0.560433 0.756528
f 1329/1784/2556 1380/1855/2556 1377/1853/2556

vt 0.565628 0.77098
vn -0.25594 0.523628 0.812593
f 1331/1856/2557 1380/1855/2557 1329/1784/2557

vt 0.533585 0.776201
vn -0.127319 0.51064 0.850316
f 1332/1857/2558 1380/1855/2558 1331/1856/2558

vn -0.124471 0.514758 0.848252
v 0.145563 0.716473 0.691688
vt 0.530035 0.761269
f 1332/1857/2559 1381/1858/2559 1380/1855/2559

vn -0.0252699 0.502628 0.864134
f 1334/1791/2560 1381/1858/2560 1332/1857/2560

vn -0.0266781 0.500345 0.865415
f 1334/1791/2561 1335/1792/2561 1381/1858/2561

vn 0.00537916 0.978233 -0.207441
vt 0.526868 0.740354
f 1381/1858/2562 1335/1792/2562 1353/1859/2562

vn 0.0144954 0.975747 -0.218421
vt 0.5 0.741138
f 1353/1859/2563 1335/1792/2563 1351/1860/2563

vn -0.0144954 0.975747 -0.218421
f 1335/1792/2564 1336/1793/2564 1351/1860/2564

vn 0.0497379 0.97833 -0.200989
f 1377/1853/2565 1381/1858/2565 1353/1859/2565

vn 0.0319712 0.982405 -0.184008
f 1380/1855/2566 1381/1858/2566 1377/1853/2566

vn -0.229977 0.556418 0.798442
f 1331/1856/2567 1329/1784/2567 1330/1785/2567

vn 0.0810623 0.982604 -0.167088
f 1328/1783/2568 1329/1784/2568 1379/1854/2568

vn 0.0993026 0.994663 -0.0280268
v 0.503359 0.729422 0.963511
vt 0.605541 0.703607
f 1328/1783/2569 1379/1854/2569 1382/1861/2569

vn 0.483421 0.748128 -0.454541
v 0.42082 0.803615 0.997842
vt 0.584037 0.6931
f 1382/1861/2570 1379/1854/2570 1383/1862/2570

vn 0.397175 0.790986 -0.465395
f 1383/1862/2571 1379/1854/2571 1378/1852/2571

vn 0.35759 0.841366 -0.405257
v 0.369824 0.838962 1.02623
vt 0.572236 0.686162
f 1383/1862/2572 1378/1852/2572 1384/1863/2572

vn 0.343705 0.848307 -0.402794
v 0.309629 0.85535 1.00938
vt 0.559707 0.688954
f 1384/1863/2573 1378/1852/2573 1385/1864/2573

vn 0.225333 0.858564 -0.460536
f 1378/1852/2574 1376/1847/2574 1385/1864/2574

vn 0.210774 0.866085 -0.453289
f 1385/1864/2575 1376/1847/2575 1375/1846/2575

vn 0.180526 0.959936 -0.214323
v 0.306189 0.872957 1.08534
vt 0.558701 0.673758
f 1385/1864/2576 1375/1846/2576 1386/1865/2576

vn 0.195701 0.953744 -0.228195
f 1386/1865/2577 1375/1846/2577 1374/1845/2577

v 0.308079 0.872688 1.17285
vt 0.559458 0.656979
vn 0.202188 0.979346 -0.00135306
f 1387/1866/2578 1386/1865/2578 1374/1845/2578

v 0.377853 0.845873 1.08621
vt 0.573846 0.674136
vn 0.353574 0.935394 -0.00475742
f 1388/1867/2579 1386/1865/2579 1387/1866/2579

vn 0.350974 0.923733 -0.153408
f 1388/1867/2580 1384/1863/2580 1386/1865/2580

v 0.456938 0.80644 1.07527
vt 0.591602 0.677249
vn 0.422768 0.892114 -0.159375
f 1389/1868/2581 1384/1863/2581 1388/1867/2581

vn 0.456855 0.855331 -0.24432
f 1389/1868/2582 1383/1862/2582 1384/1863/2582

vn 0.568728 0.768441 -0.293338
f 1382/1861/2583 1383/1862/2583 1389/1868/2583

v 0.546283 0.739785 1.05827
vt 0.614765 0.682637
vn 0.525337 0.786791 -0.324008
f 1390/1869/2584 1382/1861/2584 1389/1868/2584

v 0.617903 0.740984 0.973973
vt 0.630151 0.701334
vn -0.0942468 0.993362 -0.0659458
f 1391/1870/2585 1382/1861/2585 1390/1869/2585

vn -0.0915505 0.991418 -0.0933178
f 1391/1870/2586 1328/1783/2586 1382/1861/2586

vn -0.666262 0.674633 0.31775
f 1326/1781/2587 1328/1783/2587 1391/1870/2587

vn -0.82877 0.559589 0.000382393
v 0.627347 0.754903 1.07241
vt 0.632702 0.679561
f 1326/1781/2588 1391/1870/2588 1392/1871/2588

vn -0.161167 0.979232 -0.123003
f 1392/1871/2589 1391/1870/2589 1390/1869/2589

vn -0.185348 0.982599 0.0120275
v 0.550713 0.739386 1.15911
vt 0.616628 0.660111
f 1392/1871/2590 1390/1869/2590 1393/1872/2590

vn 0.595 0.803398 -0.0229597
f 1393/1872/2591 1390/1869/2591 1389/1868/2591

vn 0.601251 0.798336 -0.033999
v 0.462244 0.806199 1.16344
vt 0.593123 0.659264
f 1393/1872/2592 1389/1868/2592 1394/1873/2592

vn 0.443406 0.895993 -0.0242324
f 1394/1873/2593 1389/1868/2593 1388/1867/2593

vn 0.476446 0.876379 -0.0704167
v 0.38526 0.84817 1.16491
vt 0.5754 0.658849
f 1394/1873/2594 1388/1867/2594 1395/1874/2594

vn 0.297074 0.953224 -0.0557769
f 1395/1874/2595 1388/1867/2595 1387/1866/2595

vn 0.313485 0.937142 0.153268
v 0.378854 0.840064 1.22757
vt 0.574794 0.646246
f 1395/1874/2596 1387/1866/2596 1396/1875/2596

vn 0.266931 0.939458 0.214865
v 0.318673 0.851616 1.25182
vt 0.56265 0.64112
f 1396/1875/2597 1387/1866/2597 1397/1876/2597

vn 0.184399 0.955508 0.23022
v 0.217214 0.888065 1.18181
vt 0.541785 0.654839
f 1397/1876/2598 1387/1866/2598 1398/1877/2598

vn 0.170054 0.984835 0.0343842
f 1387/1866/2599 1374/1845/2599 1398/1877/2599

vn 0.10544 0.993755 0.0365169
f 1398/1877/2600 1374/1845/2600 1373/1844/2600

vn 0.098236 0.994172 0.0443951
v 0.113786 0.897956 1.18918
vt 0.521875 0.653164
f 1398/1877/2601 1373/1844/2601 1399/1878/2601

vn 0.0377683 0.998245 0.0456152
f 1399/1878/2602 1373/1844/2602 1371/1842/2602

vn 0.0315213 0.998738 0.0390906
f 1373/1844/2603 1372/1843/2603 1371/1842/2603

vn 0.0418595 0.964863 0.259398
f 1399/1878/2604 1371/1842/2604 1370/1841/2604

v 0.12034 0.870377 1.29166
vt 0.523765 0.632466
vn 0.0397119 0.965517 0.257295
f 1400/1879/2605 1399/1878/2605 1370/1841/2605

vt 0.522087 0.653104
vn 0.109718 0.961592 0.251601
vt 0.523992 0.632407
v 0.228215 0.862322 1.27547
vt 0.544703 0.63589
vt 0.541996 0.654794
f 1399/1880/2606 1400/1881/2606 1401/1882/2606 1398/1883/2606 

vt 0.544979 0.636017
vn 0.130725 0.895483 0.425465
v 0.141252 0.820468 1.39028
vt 0.529095 0.610381
f 1401/1884/2607 1400/1879/2607 1402/1885/2607

vn 0.0486439 0.895309 0.442782
f 1402/1885/2608 1400/1879/2608 1369/1840/2608

vn 0.047222 0.896002 0.441533
f 1400/1879/2609 1370/1841/2609 1369/1840/2609

vn 0.053838 0.857478 0.511696
f 1402/1885/2610 1369/1840/2610 88/101/2610

vn 0.0635529 0.852114 0.519482
f 90/103/2611 1402/1885/2611 88/101/2611

v 0.268171 0.816778 1.35814
vt 0.554829 0.617886
vn 0.150902 0.854055 0.497814
f 1403/1886/2612 1402/1885/2612 90/103/2612

vn 0.13428 0.893941 0.427596
f 1403/1886/2613 1401/1884/2613 1402/1885/2613

vn 0.208652 0.895716 0.392629
f 1397/1876/2614 1401/1884/2614 1403/1886/2614

vn 0.1761 0.954264 0.241599
f 1397/1876/2615 1398/1877/2615 1401/1884/2615

v 0.371257 0.810593 1.30897
vt 0.575261 0.628858
vn 0.246209 0.880344 0.405432
f 1404/1887/2616 1397/1876/2616 1403/1886/2616

vn 0.31042 0.884177 0.349099
f 1396/1875/2617 1397/1876/2617 1404/1887/2617

v 0.436085 0.805713 1.2439
vt 0.588341 0.642587
vn 0.40904 0.845125 0.344164
f 1405/1888/2618 1396/1875/2618 1404/1887/2618

vn 0.473901 0.865838 0.160444
f 1405/1888/2619 1395/1874/2619 1396/1875/2619

vn 0.474884 0.865454 0.159605
f 1394/1873/2620 1395/1874/2620 1405/1888/2620

v 0.518577 0.740501 1.27572
vt 0.61024 0.634357
vn 0.563434 0.80448 0.188026
f 1406/1889/2621 1394/1873/2621 1405/1888/2621

vn 0.600003 0.78427 0.157854
f 1393/1872/2622 1394/1873/2622 1406/1889/2622

v 0.590136 0.753943 1.2118
vt 0.626046 0.64838
vn -0.251321 0.964716 -0.0784862
f 1407/1890/2623 1393/1872/2623 1406/1889/2623

vn -0.268108 0.961197 -0.0649524
f 1392/1871/2624 1393/1872/2624 1407/1890/2624

vn -0.77635 0.59667 -0.203141
f 1392/1871/2625 1407/1890/2625 104/120/2625

vn -0.816138 0.402108 -0.415003
f 104/120/2626 1407/1890/2626 102/118/2626

vn -0.650554 0.403419 -0.643454
f 1407/1890/2627 1406/1889/2627 102/118/2627

vn -0.648343 0.516018 -0.559801
f 102/118/2628 1406/1889/2628 100/116/2628

vn -0.731972 0.467388 -0.495747
v 0.454607 0.743334 1.37284
vt 0.59577 0.614291
f 1406/1889/2629 1408/1891/2629 100/116/2629

vn 0.511491 0.800033 0.313567
f 1406/1889/2630 1405/1888/2630 1408/1891/2630

vn 0.412623 0.841814 0.347981
f 1408/1891/2631 1405/1888/2631 1404/1887/2631

vn 0.330432 0.832253 0.445162
f 1408/1891/2632 1404/1887/2632 92/105/2632

vn 0.259882 0.861361 0.436484
f 1404/1887/2633 1403/1886/2633 92/105/2633

vn 0.154566 0.852387 0.499546
f 92/105/2634 1403/1886/2634 90/103/2634

vn -0.498445 0.262544 -0.82621
f 93/106/2635 1408/1891/2635 92/105/2635

vn -0.676495 0.0609972 -0.733916
f 93/106/2636 100/116/2636 1408/1891/2636

vn -0.89102 0.452637 -0.0346942
f 1326/1781/2637 1392/1871/2637 104/120/2637

vn 0.309397 0.92936 -0.201401
f 1384/1863/2638 1385/1864/2638 1386/1865/2638

vn 0.0823359 0.564326 -0.821436
f 80/90/2639 88/101/2639 79/89/2639

vn -0.334707 -0.0367944 0.941604
f 1322/1775/2640 1327/1780/2640 1323/1776/2640

vn -0.90513 0.0668607 0.419844
f 1327/1780/2641 1325/1778/2641 1323/1776/2641

vn -0.593486 -0.792581 0.139961
f 1325/1778/2642 1324/1777/2642 1323/1776/2642

usemtl _auto_19
vn 0.392999 0.720475 0.571373
f 1279/1719/2643 1233/1641/2643 1234/1643/2643

vn 0.387226 0.674209 0.628886
v 0.434579 1.32395 1.37481
vt 0.34448 1.9188
f 1279/1719/2644 1234/1643/2644 1409/1892/2644

vn 0.0842326 0.703056 0.706128
v 0.390985 1.33135 1.37265
vt 0.33343 1.92507
f 1234/1643/2645 1410/1893/2645 1409/1892/2645

vn 0.368786 0.590385 0.717943
f 1235/1644/2646 1410/1893/2646 1234/1643/2646

vn 0.350601 0.586947 0.729776
v 0.303406 1.3541 1.39643
vt 0.30783 1.93555
f 1235/1644/2647 1411/1894/2647 1410/1893/2647

usemtl _auto_18
vn 0.243542 0.632247 0.735494
vt 0.942742 0.832895
f 1236/1646/2648 1411/1895/2648 1235/1645/2648

vn 0.226243 0.626714 0.745683
v 0.213541 1.36633 1.41341
vt 0.959755 0.83285
f 1236/1646/2649 1412/1896/2649 1411/1895/2649

vn 0.168354 0.6412 0.748679
f 1237/1647/2650 1412/1896/2650 1236/1646/2650

vn 0.150755 0.633105 0.759243
v 0.112222 1.37653 1.42503
vt 0.979016 0.833278
f 1237/1647/2651 1413/1897/2651 1412/1896/2651

vt 0.978842 0.833279
vn 0.0526345 0.64573 0.761749
vt 0.978629 0.811422
vt 0.999835 0.811233
vt 0.998185 0.833621
f 1413/1898/2652 1237/1899/2652 1238/1900/2652 1240/1901/2652 

vt 1 0.833498
vn 0.0526629 0.515381 0.855342
f 1240/1902/2653 1252/1687/2653 1413/1897/2653

vn 0.161743 0.504378 0.848199
f 1413/1897/2654 1252/1687/2654 1265/1704/2654

vn 0.148053 0.497237 0.854889
f 1413/1897/2655 1265/1704/2655 1412/1896/2655

vn 0.223034 0.481915 0.847357
v 0.274935 1.25413 1.46106
vt 0.94077 0.854268
f 1412/1896/2656 1265/1704/2656 1414/1903/2656

vn 0.225267 0.361809 0.904626
f 1265/1704/2657 1266/1705/2657 1414/1903/2657

usemtl _auto_19
vt 0.28938 1.90356
vn 0.346053 0.338594 0.874986
f 1414/1904/2658 1266/1706/2658 1267/1707/2658

vn 0.291472 0.323645 0.900166
v 0.353901 1.23665 1.44178
vt 0.31264 1.89555
f 1414/1904/2659 1267/1707/2659 1415/1905/2659

vn -0.178159 0.436783 0.881748
v 0.379446 1.22951 1.45047
vt 0.3191 1.89071
f 1415/1905/2660 1267/1707/2660 1416/1906/2660

vn -0.0827185 0.399583 0.912957
v 0.347817 1.11837 1.49625
vt 0.30347 1.85803
f 1416/1906/2661 1267/1707/2661 1417/1907/2661

vn -0.149018 0.171405 0.973865
f 1267/1707/2662 1268/1708/2662 1417/1907/2662

vn 0.238499 0.15446 0.958781
f 1417/1907/2663 1268/1708/2663 1273/1713/2663

vn 0.258304 0.145114 0.955103
f 1273/1713/2664 1268/1708/2664 1272/1712/2664

vn 0.241722 -0.104787 0.964671
f 1268/1708/2665 1269/1709/2665 1272/1712/2665

vn 0.307114 0.277724 0.910247
f 1275/1715/2666 1417/1907/2666 1273/1713/2666

vn 0.295662 0.29068 0.909994
f 1416/1906/2667 1417/1907/2667 1275/1715/2667

vn 0.373884 0.437111 0.818013
f 1409/1892/2668 1416/1906/2668 1275/1715/2668

vn 0.0625492 0.601535 0.796394
f 1410/1893/2669 1416/1906/2669 1409/1892/2669

vn -0.0966448 0.611256 0.78551
f 1410/1893/2670 1415/1905/2670 1416/1906/2670

vn 0.342239 0.462879 0.817689
f 1411/1894/2671 1415/1905/2671 1410/1893/2671

vn 0.30498 0.45432 0.837007
f 1411/1894/2672 1414/1904/2672 1415/1905/2672

usemtl _auto_18
vn 0.225639 0.482827 0.846148
f 1412/1896/2673 1414/1903/2673 1411/1895/2673

usemtl _auto_19
vn 0.439862 0.423743 0.79181
f 1409/1892/2674 1275/1715/2674 1277/1717/2674

vn 0.506174 0.562601 0.653657
f 1279/1719/2675 1409/1892/2675 1277/1717/2675

usemtl _auto_18
vn 0.321115 0.227101 0.919408
f 1254/1688/2676 1255/1689/2676 1256/1690/2676

vt 0.998223 0.722125
vn 0.0470612 0.998793 0.0140615
vt 0.971271 0.722139
vt 0.971774 0.694935
vt 0.998502 0.694916
f 1129/1908/2677 1198/1909/2677 1126/1910/2677 1127/1911/2677 

vn 0.0434534 0.831283 -0.554149
f 1100/1433/2678 1101/1434/2678 1102/1474/2678

vn -0.781458 0.613586 -0.113293
f 890/1131/2679 891/1132/2679 898/1139/2679

vn -0.781911 0.615745 -0.0973284
f 898/1139/2680 891/1132/2680 896/1137/2680

vn -0.785424 0.612165 -0.0914484
f 891/1132/2681 892/1133/2681 896/1137/2681

vn -0.785417 0.6127 -0.0878563
f 896/1137/2682 892/1133/2682 893/1134/2682

vn -0.611684 0.671627 -0.418042
f 537/668/2683 538/669/2683 881/1122/2683

vn -0.982097 -0.186256 0.0282014
f 583/728/2684 584/729/2684 866/1104/2684

usemtl _auto_19
vn -0.828428 0.42475 0.365096
f 675/844/2685 676/846/2685 768/973/2685

vn -0.660287 0.456911 0.596031
vt 0.097905 1.79542
f 768/973/2686 676/846/2686 677/1912/2686

vn -0.640632 0.491877 0.589617
v -0.620103 0.941349 1.32154
vt 0.0989 1.80579
f 768/973/2687 677/1912/2687 1418/1913/2687

vn -0.607545 0.490762 0.624533
vt 0.141461 1.78968
f 1418/1913/2688 677/1912/2688 678/1914/2688

vn -0.545219 0.578306 0.606876
v -0.514187 0.934093 1.42361
vt 0.143295 1.80137
f 1418/1913/2689 678/1914/2689 1419/1915/2689

vn -0.434696 0.559718 0.705517
vt 0.185265 1.78793
f 1419/1915/2690 678/1914/2690 679/1916/2690

vn -0.427756 0.569113 0.702236
v -0.389245 0.925794 1.50644
vt 0.18915 1.79985
f 1419/1915/2691 679/1916/2691 1420/1917/2691

vn -0.352469 0.540073 0.764256
vt 0.22927 1.78603
f 1420/1917/2692 679/1916/2692 680/1918/2692

vn -0.312147 0.595776 0.74001
f 1420/1917/2693 680/1918/2693 746/952/2693

usemtl _auto_18
vn -0.226866 0.577482 0.784249
f 746/949/2694 680/851/2694 681/852/2694

usemtl _auto_19
vn -0.372058 0.337852 0.86454
f 749/954/2695 1420/1917/2695 746/952/2695

v -0.368221 0.957595 1.50707
vt 0.194317 1.80979
vn -0.321431 0.193991 0.926849
f 1421/1919/2696 1420/1917/2696 749/954/2696

v -0.504436 0.972431 1.41973
vt 0.14507 1.81316
vn -0.489691 0.307444 0.815893
f 1422/1920/2697 1420/1917/2697 1421/1919/2697

vn -0.529243 0.217575 0.8201
f 1422/1920/2698 1419/1915/2698 1420/1917/2698

vn -0.664922 0.24065 0.707083
f 1422/1920/2699 1418/1913/2699 1419/1915/2699

v -0.617342 0.980331 1.31309
vt 0.098383 1.81771
vn -0.664824 0.202892 0.718919
f 1423/1921/2700 1418/1913/2700 1422/1920/2700

vn -0.710938 0.196682 0.675192
f 768/973/2701 1418/1913/2701 1423/1921/2701

vn -0.716578 0.272534 0.64206
f 765/970/2702 768/973/2702 1423/1921/2702

vn -0.741536 0.12168 0.659786
f 765/970/2703 1423/1921/2703 763/968/2703

vn -0.667427 0.117943 0.735276
v -0.504182 1.05694 1.40352
vt 0.142458 1.83856
f 763/968/2704 1423/1921/2704 1424/1922/2704

vn -0.67455 0.141025 0.724634
f 1424/1922/2705 1423/1921/2705 1422/1920/2705

v -0.394792 1.06984 1.48081
vt 0.182074 1.84252
vn -0.582224 0.154849 0.798146
f 1425/1923/2706 1424/1922/2706 1422/1920/2706

v -0.447383 1.16979 1.42255
vt 0.159188 1.87187
vn -0.582173 0.158518 0.797463
f 1426/1924/2707 1424/1922/2707 1425/1923/2707

vn -0.598413 0.169107 0.783138
v -0.508983 1.12682 1.38476
vt 0.138251 1.85947
f 1426/1924/2708 1427/1925/2708 1424/1922/2708

vn -0.634356 0.273461 0.723057
f 759/964/2709 1427/1925/2709 1426/1924/2709

vn -0.632418 0.273966 0.724563
f 759/964/2710 761/966/2710 1427/1925/2710

vn -0.667629 0.202082 0.716543
f 761/966/2711 763/968/2711 1427/1925/2711

vn -0.659779 0.152207 0.735884
f 1427/1925/2712 763/968/2712 1424/1922/2712

vn -0.835793 -0.058737 0.545894
f 759/964/2713 1426/1924/2713 754/959/2713

vn -0.796168 -0.116602 0.593735
v -0.385702 1.09505 1.49058
vt 0.185906 1.85001
f 1426/1924/2714 1428/1926/2714 754/959/2714

vn -0.73823 0.00476075 0.674532
f 1426/1924/2715 1425/1923/2715 1428/1926/2715

vn -0.718858 -0.0101841 0.695082
v -0.363436 0.992972 1.51212
vt 0.195852 1.82024
f 1425/1923/2716 1429/1927/2716 1428/1926/2716

vn -0.711329 -0.00394965 0.702848
f 1425/1923/2717 1421/1919/2717 1429/1927/2717

vn -0.532922 0.0711162 0.84317
f 1425/1923/2718 1422/1920/2718 1421/1919/2718

vn -0.241722 -0.104787 0.964671
f 751/956/2719 1429/1927/2719 1421/1919/2719

vn -0.258304 0.145114 0.955103
f 1428/1926/2720 1429/1927/2720 751/956/2720

vn -0.238499 0.15446 0.958781
f 752/957/2721 1428/1926/2721 751/956/2721

vn -0.307114 0.277724 0.910247
f 754/959/2722 1428/1926/2722 752/957/2722

vn -0.336437 -0.0340897 0.941089
f 751/956/2723 1421/1919/2723 749/954/2723

vn -0.826606 -0.0152945 0.562573
f 759/964/2724 754/959/2724 756/961/2724

usemtl _auto_18
vn 0.180776 -0.354489 0.917419
vt 1 0.96818
f 683/941/2725 684/1928/2725 741/939/2725

vn 0.2107 -0.849119 0.484357
vt 1 0.980997
f 741/939/2726 684/1928/2726 685/1929/2726

vn 0.207865 -0.845687 0.491534
f 739/937/2727 741/939/2727 685/1929/2727

vn 0.163429 -0.975703 -0.145923
vt 1 0.994305
f 739/937/2728 685/1929/2728 686/1930/2728

vn 0.186022 -0.950259 -0.249808
f 739/937/2729 686/1930/2729 735/935/2729

vn 0.180545 -0.277383 -0.943643
f 688/882/2730 697/883/2730 687/929/2730

vn 0.296978 -0.289557 0.909924
f 714/903/2731 715/904/2731 729/923/2731

vn 0.229977 0.556418 0.798442
f 729/921/2732 715/907/2732 716/906/2732

vn 0.25594 0.523628 0.812593
f 729/921/2733 716/906/2733 726/918/2733

vn 0.666262 0.674633 0.31775
f 717/908/2734 718/909/2734 722/914/2734

vn 0.82877 0.559589 0.000382393
f 718/909/2735 719/911/2735 722/914/2735

vn 0.233016 -0.965532 -0.115979
vt 0.205585 0.911605
f 630/792/2736 64/788/2736 66/1931/2736

vn -0.754112 -0.641052 0.142711
f 660/825/2737 625/829/2737 624/785/2737

vn -0.469254 -0.812362 0.34622
f 632/794/2738 646/808/2738 629/791/2738

vn -0.418554 -0.809192 0.412336
f 634/796/2739 646/808/2739 632/794/2739

vn -0.155968 0.35834 -0.920471
f 524/655/2740 525/656/2740 529/660/2740

vn -0.163233 0.353886 -0.920934
f 529/660/2741 525/656/2741 526/657/2741

vn 0.995093 0.0165131 0.0975604
vt 0.00576 0.052965
f 451/603/2742 452/1932/2742 487/601/2742

vn 0.992778 -0.0805005 0.0889486
v -0.30101 0.232817 -0.662932
vt 0.00576 0.049038
f 487/601/2743 452/1932/2743 1430/1933/2743

vn 0.690604 -0.0409105 0.722075
vt 0.325536 0.048957
f 453/562/2744 1430/1934/2744 452/563/2744

vn 0.663137 -0.166651 0.72971
v -0.458092 0.241393 -0.518224
vt 0.293427 0.054049
f 453/562/2745 1431/1935/2745 1430/1934/2745

vn 0.0588159 -0.227874 0.971913
f 455/565/2746 1431/1935/2746 453/562/2746

vn 0.183417 -0.0604549 0.981175
v -0.622633 0.296108 -0.484094
vt 0.264701 0.065804
f 455/565/2747 1432/1936/2747 1431/1935/2747

vn -0.312309 -0.133227 0.940592
f 457/567/2748 1432/1936/2748 455/565/2748

vn -0.306248 -0.120396 0.944308
f 457/567/2749 460/570/2749 1432/1936/2749

vn -0.288192 -0.181855 0.940146
v -0.612069 0.215852 -0.49638
vt 0.265548 0.051377
f 1432/1936/2750 460/570/2750 1433/1937/2750

vn -0.28063 -0.153961 0.947387
f 460/570/2751 462/572/2751 1433/1937/2751

vn -0.237138 -0.263915 0.934941
v -0.603639 0.147107 -0.513646
vt 0.266208 0.038336
f 1433/1937/2752 462/572/2752 1434/1938/2752

vn -0.234799 -0.243348 0.94109
f 462/572/2753 464/574/2753 1434/1938/2753

vn -0.189225 -0.329743 0.924913
v -0.59022 0.0846404 -0.533171
vt 0.268071 0.025561
f 1434/1938/2754 464/574/2754 1435/1939/2754

vn -0.189482 -0.367145 0.91066
f 464/574/2755 466/576/2755 1435/1939/2755

vn -0.227647 -0.327497 0.917019
vt 0.268586 0.005808
f 1435/1939/2756 466/576/2756 472/1940/2756

vn 0.15272 -0.308587 0.938856
v -0.470698 0.0662668 -0.558653
vt 0.293049 0.020916
f 1435/1939/2757 472/1940/2757 1436/1941/2757

vn 0.146799 -0.298637 0.943009
vt 0.292776 0.005808
f 1436/1941/2758 472/1940/2758 471/1942/2758

vn 0.662619 -0.300116 0.686197
vt 0.325536 0.005808
f 1436/1941/2759 471/1942/2759 470/1943/2759

vn 0.606126 -0.386328 0.695242
v -0.351541 0.0571467 -0.667603
vt 0.325536 0.016548
f 1436/1941/2760 470/1943/2760 1437/1944/2760

vt 0.03048 0.005808
vn 0.840806 -0.525309 0.130751
vt 0.00576 0.016493
vt 0.00576 0.005808
f 469/1945/2761 1437/1946/2761 470/1947/2761

vn 0.894024 -0.440486 0.0818148
f 478/592/2762 1437/1946/2762 469/1945/2762

vn 0.91893 -0.385199 0.0847879
v -0.337536 0.0911811 -0.664774
vt 0.00576 0.023087
f 478/592/2763 1438/1948/2763 1437/1946/2763

vn 0.928335 -0.363136 0.079536
f 479/593/2764 1438/1948/2764 478/592/2764

vn 0.949413 -0.302444 0.0845187
v -0.3256 0.128884 -0.663931
vt 0.00576 0.030182
f 479/593/2765 1439/1949/2765 1438/1948/2765

vn 0.954296 -0.28754 0.0814874
f 481/595/2766 1439/1949/2766 479/593/2766

vn 0.945906 -0.314732 0.0787801
v -0.314475 0.162517 -0.663143
vt 0.00576 0.036499
f 481/595/2767 1440/1950/2767 1439/1949/2767

vn 0.963779 -0.257115 0.0708656
f 483/597/2768 1440/1950/2768 481/595/2768

vn 0.973912 -0.213615 0.0765781
v -0.306713 0.197992 -0.662904
vt 0.00576 0.042913
f 483/597/2769 1441/1951/2769 1440/1950/2769

vn 0.973444 -0.215665 0.0767764
f 485/599/2770 1441/1951/2770 483/597/2770

vn 0.983145 -0.160912 0.0867914
f 485/599/2771 1430/1933/2771 1441/1951/2771

vn 0.991485 -0.0987577 0.0848775
f 487/601/2772 1430/1933/2772 485/599/2772

vn 0.670269 -0.109162 0.734045
vt 0.325536 0.042786
f 1431/1935/2773 1441/1952/2773 1430/1934/2773

vn 0.652424 -0.179164 0.736372
v -0.460667 0.196676 -0.526821
vt 0.293149 0.045968
f 1431/1935/2774 1442/1953/2774 1441/1952/2774

vn 0.13675 -0.194633 0.971297
f 1432/1936/2775 1442/1953/2775 1431/1935/2775

vn 0.180244 -0.125619 0.975567
f 1432/1936/2776 1433/1937/2776 1442/1953/2776

vn 0.16202 -0.240198 0.957107
v -0.462641 0.156622 -0.536539
vt 0.293158 0.038485
f 1433/1937/2777 1443/1954/2777 1442/1953/2777

vn 0.170793 -0.220277 0.960369
f 1433/1937/2778 1434/1938/2778 1443/1954/2778

vn 0.170378 -0.206689 0.963458
v -0.464774 0.116892 -0.544685
vt 0.293102 0.030962
f 1443/1954/2779 1434/1938/2779 1444/1955/2779

vn 0.155286 -0.264171 0.951893
f 1434/1938/2780 1435/1939/2780 1444/1955/2780

vn 0.158842 -0.279812 0.946824
f 1444/1955/2781 1435/1939/2781 1436/1941/2781

vn 0.630201 -0.274153 0.72642
vt 0.325536 0.023133
f 1444/1955/2782 1436/1941/2782 1438/1956/2782

vn 0.626648 -0.317058 0.711889
f 1438/1956/2783 1436/1941/2783 1437/1944/2783

vt 0.325536 0.030166
vn 0.645497 -0.220697 0.731182
f 1439/1957/2784 1444/1955/2784 1438/1956/2784

vn 0.648471 -0.186164 0.738125
f 1443/1954/2785 1444/1955/2785 1439/1957/2785

vt 0.325536 0.036379
vn 0.637716 -0.228168 0.735702
f 1440/1958/2786 1443/1954/2786 1439/1957/2786

vn 0.639854 -0.210827 0.739012
f 1442/1953/2787 1443/1954/2787 1440/1958/2787

vn 0.655655 -0.148445 0.740325
f 1441/1952/2788 1442/1953/2788 1440/1958/2788

vn 0.815568 -0.509016 -0.275231
f 468/590/2789 478/592/2789 469/1945/2789

vn 0.892278 0.446857 -0.0644825
f 204/254/2790 205/255/2790 373/471/2790

vn 0.871675 0.478095 -0.10774
f 373/471/2791 205/255/2791 338/420/2791

vn 0.964361 0.254494 -0.0723912
f 373/471/2792 338/420/2792 370/468/2792

vn 0.935299 0.316286 -0.15868
f 370/468/2793 338/420/2793 339/421/2793

vn 0.952429 0.265542 -0.149553
vt 0.788954 0.347551
f 370/466/2794 339/1959/2794 368/464/2794

vn 0.916628 0.333807 -0.219921
v 0.859312 0.82023 0.226724
vt 0.784772 0.327169
f 368/464/2795 339/1959/2795 1445/1960/2795

vn 0.917842 0.392974 0.0560141
vt 0.754928 0.349584
f 339/1959/2796 340/1961/2796 1445/1960/2796

vn 0.935354 0.336261 0.109733
v 0.842132 0.813285 0.394449
vt 0.750389 0.325175
f 1445/1960/2797 340/1961/2797 1446/1962/2797

vn 0.776589 0.390716 0.494218
vt 0.723445 0.337752
f 340/1961/2798 342/1963/2798 1446/1962/2798

vn 0.884484 0.175095 0.43247
f 340/422/2799 341/423/2799 342/426/2799

vn 0.777578 0.379446 0.501391
v 0.783328 0.768299 0.519689
vt 0.722354 0.31697
f 1446/1962/2800 342/1963/2800 1447/1964/2800

vn 0.158035 0.304843 0.939199
v 0.690309 0.751507 0.540791
vt 0.702469 0.316476
f 342/1963/2801 1448/1965/2801 1447/1964/2801

vn 0.774248 -0.545018 -0.321708
vt 0.776655 0.606967
f 342/426/2802 343/427/2802 1448/1966/2802

vn 0.74379 -0.637973 -0.199415
v 0.642742 0.682008 0.585719
vt 0.759126 0.610739
f 1448/1966/2803 343/427/2803 1449/1967/2803

vn 0.591205 -0.63447 -0.497921
vt 0.638891 0.005142
f 343/431/2804 344/430/2804 1449/1968/2804

vn 0.488909 -0.752609 -0.441074
f 344/430/2805 347/437/2805 1449/1968/2805

vn 0.51736 -0.760272 -0.392843
v 0.596351 0.665795 0.556001
vt 0.752783 0.601276
f 1449/1967/2806 347/440/2806 1450/1969/2806

vn 0.539599 -0.753078 -0.37644
f 1450/1969/2807 347/440/2807 349/441/2807

vn 0.618829 -0.581639 0.527965
f 350/442/2808 1450/1969/2808 349/441/2808

vt 0.68182 0.3003
vn -0.069506 -0.162339 0.984284
v 0.624482 0.646143 0.554746
vt 0.687224 0.296569
f 1450/1970/2809 350/443/2809 1451/1971/2809

vn -0.0470453 -0.187482 0.981141
f 1451/1971/2810 350/443/2810 351/445/2810

vn -0.228075 -0.044834 0.972611
v 0.662343 0.547708 0.559087
vt 0.694408 0.278562
f 1451/1971/2811 351/445/2811 1452/1972/2811

vn -0.242451 0.00677695 0.97014
v 0.519806 0.426118 0.524314
vt 0.666215 0.25629
f 1452/1972/2812 351/445/2812 1453/1973/2812

vn -0.623426 -0.0226598 0.781554
f 351/445/2813 352/446/2813 1453/1973/2813

vn -0.619816 -0.0346914 0.78398
v 0.393573 0.307089 0.419247
vt 0.63543 0.234055
f 1453/1973/2814 352/446/2814 1454/1974/2814

vn -0.957989 -0.120075 0.260461
f 354/448/2815 1454/1974/2815 352/446/2815

vn -0.960704 -0.0939431 0.261194
v 0.361335 0.256431 0.282453
vt 0.609518 0.223887
f 354/448/2816 1455/1975/2816 1454/1974/2816

v 0.388148 0.248882 0.129343
vt 0.585549 0.220648
vn -0.972443 -0.167636 -0.162026
f 1456/1976/2817 1455/1975/2817 354/448/2817

vn -0.965534 -0.206126 -0.158919
v 0.395684 0.204151 0.141574
vt 0.585549 0.212353
f 1456/1976/2818 1457/1977/2818 1455/1975/2818

vt 0.918022 0.220563
vn -0.626856 -0.302004 -0.718224
v 0.506755 0.241304 0.0290098
vt 0.889653 0.222908
vt 0.918022 0.212276
f 1456/1978/2819 1458/1979/2819 1457/1980/2819

vn -0.645898 -0.113068 -0.755004
f 358/454/2820 1458/1979/2820 1456/1978/2820

vn -0.292088 -0.179572 -0.939382
f 360/456/2821 1458/1979/2821 358/454/2821

vn -0.302014 -0.163589 -0.939163
v 0.6509 0.234466 -0.016153
vt 0.861835 0.225275
f 360/456/2822 1459/1981/2822 1458/1979/2822

vn 0.253765 -0.245169 -0.935679
f 360/456/2823 362/458/2823 1459/1981/2823

vn 0.265254 -0.279685 -0.922722
v 0.784987 0.164419 0.0436248
vt 0.832966 0.213835
f 362/458/2824 1460/1982/2824 1459/1981/2824

vn 0.73146 -0.274144 -0.624349
v 0.88056 0.196175 0.14165
vt 0.805697 0.219104
f 362/458/2825 1461/1983/2825 1460/1982/2825

vn 0.774274 -0.206787 -0.598113
f 362/458/2826 363/459/2826 1461/1983/2826

vn 0.959603 -0.164804 -0.228038
v 0.91677 0.21618 0.279568
vt 0.77743 0.221727
f 363/459/2827 1462/1984/2827 1461/1983/2827

vn 0.973691 -0.119327 -0.194131
v 0.933851 0.371137 0.269994
vt 0.778354 0.248622
f 363/459/2828 1463/1985/2828 1462/1984/2828

vn 0.976061 0.00941632 -0.217292
f 364/460/2829 1463/1985/2829 363/459/2829

vn 0.978369 0.0277935 -0.204992
v 0.926772 0.528775 0.257581
vt 0.779891 0.274902
f 364/460/2830 1464/1986/2830 1463/1985/2830

vn 0.966935 0.124816 -0.22239
f 366/462/2831 1464/1986/2831 364/460/2831

vn 0.96684 0.155611 -0.2025
v 0.89807 0.693036 0.24677
vt 0.781223 0.303257
f 366/462/2832 1465/1987/2832 1464/1986/2832

vn 0.948495 0.227871 -0.220074
f 368/464/2833 1465/1987/2833 366/462/2833

vn 0.944734 0.255501 -0.205419
f 368/464/2834 1445/1960/2834 1465/1987/2834

vn 0.945875 0.305488 0.109536
f 1445/1960/2835 1446/1962/2835 1465/1987/2835

vn 0.951578 0.275721 0.135934
v 0.876341 0.688365 0.408358
vt 0.750022 0.301889
f 1465/1987/2836 1446/1962/2836 1466/1988/2836

vn 0.826097 0.280635 0.488679
f 1446/1962/2837 1447/1964/2837 1466/1988/2837

vn 0.815323 0.184176 0.548933
v 0.806656 0.644698 0.526512
vt 0.723688 0.294793
f 1466/1988/2838 1447/1964/2838 1467/1989/2838

vn 0.250479 0.100422 0.9629
v 0.692084 0.70263 0.550273
vt 0.701475 0.306741
f 1447/1964/2839 1468/1990/2839 1467/1989/2839

vn 0.183676 0.193628 0.963728
f 1447/1964/2840 1448/1965/2840 1468/1990/2840

vn -0.0143409 0.189921 0.981695
f 1448/1965/2841 1450/1970/2841 1468/1990/2841

vn 0.54731 -0.685228 -0.480536
f 1448/1966/2842 1449/1967/2842 1450/1969/2842

vn 0.054337 0.0140314 0.998424
f 1468/1990/2843 1450/1970/2843 1451/1971/2843

vn 0.0221509 0.0525468 0.998373
f 1468/1990/2844 1451/1971/2844 1452/1972/2844

vn 0.210422 0.015216 0.977492
f 1468/1990/2845 1452/1972/2845 1467/1989/2845

vn 0.209745 0.0162653 0.977621
v 0.818728 0.494972 0.526412
vt 0.724825 0.269075
f 1467/1989/2846 1452/1972/2846 1469/1991/2846

vn 0.205082 0.00173986 0.978743
v 0.671284 0.418302 0.557444
vt 0.696428 0.255623
f 1452/1972/2847 1470/1992/2847 1469/1991/2847

vn -0.214918 -0.0272469 0.976252
f 1452/1972/2848 1453/1973/2848 1470/1992/2848

vn -0.215159 -0.0328653 0.976026
v 0.523512 0.333063 0.521998
vt 0.667329 0.239686
f 1453/1973/2849 1471/1993/2849 1470/1992/2849

vn -0.614228 -0.0440747 0.787897
f 1453/1973/2850 1454/1974/2850 1471/1993/2850

vn -0.617861 -0.0186602 0.786066
v 0.403197 0.252817 0.425524
vt 0.637741 0.224507
f 1471/1993/2851 1454/1974/2851 1472/1994/2851

vn -0.951643 -0.136956 0.274987
f 1455/1975/2852 1472/1994/2852 1454/1974/2852

vn -0.956274 -0.092485 0.277465
v 0.367726 0.207826 0.288277
vt 0.610865 0.215235
f 1455/1975/2853 1473/1995/2853 1472/1994/2853

vn -0.971957 -0.149542 -0.181483
f 1457/1977/2854 1473/1995/2854 1455/1975/2854

vn -0.951893 -0.251471 -0.175106
v 0.40543 0.156828 0.156555
vt 0.585549 0.203457
f 1457/1977/2855 1474/1996/2855 1473/1995/2855

v 0.501863 0.181662 0.0449387
vt 0.890554 0.2122
vn -0.670559 -0.345864 -0.656299
vt 0.918022 0.20325
f 1475/1997/2856 1474/1998/2856 1457/1980/2856

vn -0.733472 -0.140683 -0.665002
v 0.498897 0.109956 0.0633806
vt 0.891163 0.199066
f 1475/1997/2857 1476/1999/2857 1474/1998/2857

vn -0.300793 -0.225854 -0.92656
v 0.633857 0.132953 0.0139621
vt 0.863409 0.206437
f 1475/1997/2858 1477/2000/2858 1476/1999/2858

vn -0.30042 -0.224565 -0.926994
f 1459/1981/2859 1477/2000/2859 1475/1997/2859

vn 0.245301 -0.313345 -0.91741
f 1459/1981/2860 1460/1982/2860 1477/2000/2860

vn 0.258158 -0.419565 -0.870241
v 0.758886 0.06053 0.0859691
vt 0.832763 0.191541
f 1460/1982/2861 1478/2001/2861 1477/2000/2861

vn 0.652322 -0.420829 -0.63038
v 0.846651 0.0742333 0.16764
vt 0.805118 0.194369
f 1460/1982/2862 1479/2002/2862 1478/2001/2862

vn 0.727061 -0.33045 -0.601818
f 1460/1982/2863 1461/1983/2863 1479/2002/2863

vn 0.912119 -0.310646 -0.267465
v 0.885213 0.0880745 0.28307
vt 0.777727 0.196731
f 1461/1983/2864 1480/2003/2864 1479/2002/2864

vn 0.947111 -0.239159 -0.213972
f 1461/1983/2865 1462/1984/2865 1480/2003/2865

vn 0.957451 -0.23113 0.172817
v 0.868273 0.102392 0.396067
vt 0.752494 0.199166
f 1462/1984/2866 1481/2004/2866 1480/2003/2866

vn 0.958368 -0.205667 0.198069
v 0.891583 0.221772 0.407241
vt 0.751782 0.222198
f 1462/1984/2867 1482/2005/2867 1481/2004/2867

vn 0.970706 -0.136851 0.197489
v 0.910389 0.367652 0.415892
vt 0.751211 0.24762
f 1462/1984/2868 1483/2006/2868 1482/2005/2868

vn 0.982859 -0.0987255 0.155697
f 1463/1985/2869 1483/2006/2869 1462/1984/2869

vn 0.986246 0.0428804 0.159624
v 0.903399 0.526136 0.416507
vt 0.750432 0.273981
f 1463/1985/2870 1484/2007/2870 1483/2006/2870

vn 0.987679 0.0558646 0.146185
f 1464/1986/2871 1484/2007/2871 1463/1985/2871

vn 0.974565 0.16989 0.14615
f 1464/1986/2872 1466/1988/2872 1484/2007/2872

vn 0.974336 0.179214 0.136205
f 1465/1987/2873 1466/1988/2873 1464/1986/2873

vn 0.821824 0.164472 0.545485
f 1466/1988/2874 1467/1989/2874 1484/2007/2874

vn 0.781957 0.0626402 0.620177
f 1484/2007/2875 1467/1989/2875 1469/1991/2875

vn 0.78731 0.0323371 0.615709
f 1483/2006/2876 1484/2007/2876 1469/1991/2876

vn 0.74255 -0.0454896 0.668244
v 0.819988 0.341287 0.514551
vt 0.726392 0.242838
f 1483/2006/2877 1469/1991/2877 1485/2008/2877

vn 0.241466 -0.0727086 0.967682
f 1469/1991/2878 1470/1992/2878 1485/2008/2878

vn 0.258104 -0.039268 0.965319
v 0.672384 0.297716 0.552244
vt 0.697333 0.234268
f 1470/1992/2879 1486/2009/2879 1485/2008/2879

vn -0.208938 -0.0440287 0.976937
f 1470/1992/2880 1471/1993/2880 1486/2009/2880

vn -0.205552 -0.0286638 0.978226
v 0.527655 0.239902 0.520139
vt 0.668476 0.222902
f 1471/1993/2881 1487/2010/2881 1486/2009/2881

vn -0.607452 -0.0428431 0.7932
f 1471/1993/2882 1472/1994/2882 1487/2010/2882

vn -0.607975 -0.0577557 0.791852
v 0.415155 0.190038 0.430126
vt 0.640093 0.21324
f 1472/1994/2883 1488/2011/2883 1487/2010/2883

vn -0.942284 -0.15784 0.295274
f 1473/1995/2884 1488/2011/2884 1472/1994/2884

vn -0.945516 -0.125523 0.300407
v 0.376255 0.161936 0.295948
vt 0.612624 0.206954
f 1473/1995/2885 1489/2012/2885 1488/2011/2885

vn -0.958405 -0.210375 -0.19288
f 1474/1996/2886 1489/2012/2886 1473/1995/2886

vn -0.956584 -0.219124 -0.192179
v 0.414228 0.106358 0.170305
vt 0.585549 0.194004
f 1474/1996/2887 1490/2013/2887 1489/2012/2887

vn -0.744702 -0.293174 -0.599556
vt 0.918022 0.193704
f 1476/1999/2888 1490/2014/2888 1474/1998/2888

vn -0.742946 -0.299932 -0.598392
v 0.501007 0.0494698 0.0910773
vt 0.892478 0.186871
f 1476/1999/2889 1491/2015/2889 1490/2014/2889

vn -0.280614 -0.407682 -0.868937
v 0.61816 0.0509758 0.0525376
vt 0.865733 0.189058
f 1476/1999/2890 1492/2016/2890 1491/2015/2890

vn -0.2635 -0.368962 -0.891311
f 1477/2000/2891 1492/2016/2891 1476/1999/2891

vn 0.235194 -0.450342 -0.861322
f 1477/2000/2892 1478/2001/2892 1492/2016/2892

vn 0.233989 -0.471705 -0.850143
v 0.734225 0 0.112767
vt 0.834928 0.173854
f 1478/2001/2893 1493/2017/2893 1492/2016/2893

vn 0.602217 -0.515302 -0.609753
v 0.810821 0 0.188416
vt 0.805237 0.173854
f 1478/2001/2894 1494/2018/2894 1493/2017/2894

vn 0.637496 -0.477021 -0.60502
f 1478/2001/2895 1479/2002/2895 1494/2018/2895

vn 0.843083 -0.476629 -0.24907
v 0.840986 0 0.290523
vt 0.776932 0.173854
f 1479/2002/2896 1495/2019/2896 1494/2018/2896

vn 0.860913 -0.452053 -0.233402
f 1479/2002/2897 1480/2003/2897 1495/2019/2897

vn 0.893673 -0.442408 0.0749936
v 0.833727 0 0.377033
vt 0.753664 0.173854
f 1480/2003/2898 1496/2020/2898 1495/2019/2898

vn 0.921019 -0.344528 0.181725
f 1480/2003/2899 1481/2004/2899 1496/2020/2899

vn 0.738175 -0.355625 0.573262
v 0.775452 0 0.452072
vt 0.728552 0.173854
f 1496/2020/2900 1481/2004/2900 1497/2021/2900

vn 0.72235 -0.319335 0.613381
v 0.799018 0.111829 0.482539
vt 0.728211 0.200457
f 1481/2004/2901 1498/2022/2901 1497/2021/2901

vn 0.752798 -0.205519 0.625346
f 1481/2004/2902 1482/2005/2902 1498/2022/2902

vn 0.753878 -0.207851 0.62327
v 0.811875 0.212907 0.500695
vt 0.727389 0.219995
f 1482/2005/2903 1499/2023/2903 1498/2022/2903

vn 0.761076 -0.116956 0.638032
f 1482/2005/2904 1485/2008/2904 1499/2023/2904

vn 0.748245 -0.134981 0.649546
f 1482/2005/2905 1483/2006/2905 1485/2008/2905

vn 0.278858 -0.120449 0.952749
f 1485/2008/2906 1486/2009/2906 1499/2023/2906

vn 0.28016 -0.118243 0.952643
v 0.672445 0.18889 0.538719
vt 0.698279 0.21429
f 1486/2009/2907 1500/2024/2907 1499/2023/2907

vn -0.16839 -0.121669 0.978183
f 1486/2009/2908 1487/2010/2908 1500/2024/2908

vn -0.173257 -0.136507 0.975371
v 0.535772 0.155751 0.509803
vt 0.669532 0.20711
f 1487/2010/2909 1501/2025/2909 1500/2024/2909

vn -0.574726 -0.154151 0.803696
f 1487/2010/2910 1488/2011/2910 1501/2025/2910

vn -0.568122 -0.100509 0.816783
v 0.427642 0.128395 0.431226
vt 0.641933 0.201848
f 1488/2011/2911 1502/2026/2911 1501/2025/2911

vn -0.933194 -0.183519 0.308981
f 1489/2012/2912 1502/2026/2912 1488/2011/2912

vn -0.931386 -0.199911 0.30423
v 0.390091 0.109441 0.303809
vt 0.614532 0.197152
f 1489/2012/2913 1503/2027/2913 1502/2026/2913

vn -0.947368 -0.274384 -0.164949
f 1490/2013/2914 1503/2027/2914 1489/2012/2914

vn -0.932099 -0.324437 -0.161033
v 0.42908 0.055261 0.187289
vt 0.585549 0.184115
f 1490/2013/2915 1504/2028/2915 1503/2027/2915

vn -0.747076 -0.394871 -0.534746
vt 0.918022 0.183563
f 1491/2015/2916 1504/2029/2916 1490/2014/2916

vn -0.704333 -0.507846 -0.495992
v 0.510949 0 0.127612
vt 0.894492 0.173854
f 1491/2015/2917 1505/2030/2917 1504/2029/2917

vn -0.255273 -0.607065 -0.752535
v 0.608729 0 0.0944433
vt 0.86818 0.173854
f 1491/2015/2918 1506/2031/2918 1505/2030/2918

vn -0.245941 -0.587973 -0.770584
f 1492/2016/2919 1506/2031/2919 1491/2015/2919

vn 0.110617 -0.643271 -0.757606
f 1492/2016/2920 1493/2017/2920 1506/2031/2920

vt 0.52975 0.469329
vt 0.51117 0.445103
vt 0.50666 0.415248
vt 0.512058 0.391228
vt 0.531342 0.372411
v 0.663872 0 0.496014
vt 0.564393 0.3644
v 0.552135 0 0.482824
vt 0.59527 0.372444
v 0.471843 0 0.425861
vt 0.615614 0.391564
v 0.431947 0 0.318186
vt 0.622641 0.423361
v 0.448854 0 0.206473
vt 0.613555 0.454087
vt 0.593049 0.473829
vt 0.564293 0.47935
f 1493/2032/757 1494/2033/757 1495/2034/757 1496/2035/757 1497/2036/757 1507/2037/757 1508/2038/757 1509/2039/757 1510/2040/757 1511/2041/757 1505/2042/757 1506/2043/757 

v 0.670598 0.111682 0.521399
vt 0.698768 0.199006
vn 0.356823 -0.227433 0.906063
vt 0.698493 0.173854
f 1512/2044/2921 1507/2045/2921 1497/2021/2921

vn -0.150167 -0.210521 0.965987
v 0.542229 0.0993333 0.498752
vt 0.670038 0.195798
f 1512/2044/2922 1513/2046/2922 1507/2045/2922

vn -0.150677 -0.206619 0.96675
f 1501/2025/2923 1513/2046/2923 1512/2044/2923

vn -0.536139 -0.220948 0.814701
f 1501/2025/2924 1502/2026/2924 1513/2046/2924

vn -0.539666 -0.301079 0.786201
v 0.450911 0.079948 0.428645
vt 0.644533 0.191792
f 1502/2026/2925 1514/2047/2925 1513/2046/2925

v 0.409786 0.0619755 0.310406
vt 0.61631 0.187552
vn -0.835397 -0.420118 0.354419
f 1515/2048/2926 1514/2047/2926 1502/2026/2926

vn -0.894202 -0.275454 0.352884
vt 0.618955 0.173854
f 1515/2048/2927 1510/2049/2927 1514/2047/2927

vt 0.585549 0.173854
vn -0.926595 -0.34894 -0.140228
f 1511/2050/2928 1510/2049/2928 1515/2048/2928

vn -0.91987 -0.372153 -0.123858
f 1504/2028/2929 1511/2050/2929 1515/2048/2929

vn -0.703878 -0.444274 -0.554234
vt 0.918022 0.173854
f 1505/2030/2930 1511/2051/2930 1504/2029/2930

vn -0.91076 -0.39475 -0.121198
f 1504/2028/2931 1515/2048/2931 1503/2027/2931

vn -0.892215 -0.326912 0.311578
f 1503/2027/2932 1515/2048/2932 1502/2026/2932

vn -0.908057 -0.249465 0.336452
vt 0.647071 0.173854
f 1510/2049/2933 1509/2052/2933 1514/2047/2933

vn -0.569475 -0.177052 0.802715
vt 0.671004 0.173854
f 1514/2047/2934 1509/2052/2934 1508/2053/2934

vn -0.573396 -0.185156 0.798082
f 1513/2046/2935 1514/2047/2935 1508/2053/2935

vn -0.115557 -0.168494 0.978906
f 1513/2046/2936 1508/2053/2936 1507/2045/2936

vn -0.152572 -0.212852 0.965099
f 1500/2024/2937 1501/2025/2937 1512/2044/2937

vn 0.282994 -0.216382 0.934395
f 1500/2024/2938 1512/2044/2938 1498/2022/2938

vn 0.276023 -0.306368 0.911016
f 1498/2022/2939 1512/2044/2939 1497/2021/2939

vn 0.290204 -0.204826 0.934788
f 1499/2023/2940 1500/2024/2940 1498/2022/2940

vn -0.301073 -0.222931 -0.927177
f 1458/1979/2941 1459/1981/2941 1475/1997/2941

vn -0.68243 -0.135843 -0.718217
f 1458/1979/2942 1475/1997/2942 1457/1980/2942

vn -0.6013 -0.229204 -0.765444
f 358/454/2943 1456/1978/2943 356/452/2943

vn -0.97372 -0.153947 -0.167839
f 356/450/2944 1456/1976/2944 354/448/2944

vn -0.459329 -0.869748 0.180431
f 283/348/2945 291/360/2945 298/367/2945

vn -0.492523 -0.833018 0.251996
f 283/348/2946 284/349/2946 291/360/2946

vn -0.460626 -0.869478 0.178416
f 298/367/2947 291/360/2947 295/364/2947

vn -0.688613 -0.691728 0.217541
f 291/360/2948 292/361/2948 295/364/2948

vn 0.613868 0.306127 -0.727635
f 152/186/2949 153/187/2949 192/240/2949

vn 0.620248 0.294626 -0.726972
f 153/187/2950 179/219/2950 192/240/2950

vn 0.993448 -0.11125 -0.0261638
vt 0.746712 0.696788
f 179/218/2951 153/2054/2951 165/202/2951

vn 0.988651 -0.125601 0.0824215
f 165/202/2952 153/2054/2952 163/198/2952

vn 0.992209 -0.0479114 0.115
v 0.793974 1.67507 0.784365
vt 0.731741 0.698615
f 153/2054/2953 1516/2055/2953 163/198/2953

vn 0.984706 -0.101886 0.141329
vt 0.731726 0.706243
f 153/2054/2954 154/2056/2954 1516/2055/2954

vn 0.929988 -0.0220514 0.366929
f 154/2056/2955 155/190/2955 1516/2055/2955

vn 0.925089 -0.030712 0.378505
f 1516/2055/2956 155/190/2956 156/191/2956

vn 0.21325 -0.927283 0.307685
f 1516/2055/2957 156/191/2957 162/197/2957

vn 0.20543 -0.927705 0.311709
f 156/191/2958 161/196/2958 162/197/2958

vn 0.388358 -0.881703 -0.267912
f 156/191/2959 157/192/2959 161/196/2959

vn 0.233203 -0.937997 -0.256471
f 157/192/2960 158/193/2960 161/196/2960

vn -0.0158108 -0.652896 0.757282
f 1516/2055/2961 162/197/2961 163/198/2961

vn 0.978321 -0.206361 -0.0174125
f 166/203/2962 179/218/2962 165/202/2962

vn 0.596225 0.246395 -0.764072
f 192/240/2963 179/219/2963 180/221/2963

vn -0.558292 -0.602818 0.570018
f 48/54/2964 49/55/2964 53/59/2964

g Mesh2 Component_4_1 skp7E49_1 Model

v -0.618952 0.00111371 0.484284
vt 0.276729 0.561079
vn 0.00646198 -0.999834 -0.0170131
v -0.641002 4.318e-007 0.541335
vt 0.256178 0.564939
v -0.668719 0.000755421 0.486438
vt 0.268281 0.546953
f 1517/2057/2965 1518/2058/2965 1519/2059/2965

vt 0.202267 0.524394
vn 0.903815 0.240409 0.354009
v -0.654149 0.0453908 0.544076
vt 0.223798 0.534498
vt 0.211263 0.540703
f 1517/2060/2966 1520/2061/2966 1518/2062/2966

v -0.630321 0.0778236 0.464866
vt 0.220961 0.509169
vn 0.903396 0.22612 0.364343
f 1521/2063/2967 1520/2061/2967 1517/2060/2967

vn 0.633384 0.630481 0.448685
v -0.677466 0.0668469 0.546842
vt 0.231781 0.533134
f 1521/2063/2968 1522/2064/2968 1520/2061/2968

vn 0.55906 0.716376 0.417442
v -0.665825 0.110954 0.455559
vt 0.234947 0.505065
f 1521/2063/2969 1523/2065/2969 1522/2064/2969

vn -0.663008 0.703676 0.255461
v -0.702005 0.0764936 0.456583
vt 0.247796 0.512526
f 1523/2065/2970 1524/2066/2970 1522/2064/2970

vn -0.69577 0.669286 0.260693
v -0.700654 0.0460007 0.538475
vt 0.23931 0.5357
f 1524/2066/2971 1525/2067/2971 1522/2064/2971

vn -0.973856 0.207164 0.0932079
v -0.716905 0.00114823 0.468371
vt 0.263141 0.530598
f 1524/2066/2972 1526/2068/2972 1525/2067/2972

vn -0.970562 0.227341 0.0795353
v -0.711881 4.318e-007 0.532961
vt 0.248852 0.543829
f 1526/2068/2973 1527/2069/2973 1525/2067/2973

vn -0.00153346 -0.999843 -0.0176486
f 1519/2059/2974 1527/2069/2974 1526/2068/2974

vn -0.0103446 -0.999613 -0.0258196
v -0.673633 4.318e-007 0.517637
vt 0.258538 0.551249
f 1519/2059/2975 1528/2070/2975 1527/2069/2975

vn 0.0157646 -0.99964 -0.0217071
f 1518/2058/2976 1528/2070/2976 1519/2059/2976

vt 0.251002 0.542481
vt 0.260644 0.552197
v -0.660484 4.318e-007 0.576562
vt 0.241802 0.563311
v -0.684167 4.318e-007 0.599928
vt 0.231042 0.558975
v -0.701266 4.318e-007 0.571965
vt 0.238747 0.550416
f 1527/2071/757 1528/2072/757 1518/2058/757 1529/2073/757 1530/2074/757 1531/2075/757 

vn 0.826258 0.329389 0.456947
v -0.666471 0.0210082 0.572244
vt 0.225143 0.545469
vt 0.220819 0.551234
f 1518/2062/2977 1532/2076/2977 1529/2077/2977

vn 0.819166 0.204921 0.5357
f 1518/2062/2978 1520/2061/2978 1532/2076/2978

vn 0.664422 0.396275 0.633647
v -0.682567 0.0278874 0.58482
vt 0.23113 0.54684
f 1520/2061/2979 1533/2078/2979 1532/2076/2979

vn 0.56712 0.535654 0.625659
f 1522/2064/2980 1533/2078/2980 1520/2061/2980

vn -0.675582 0.558094 0.481788
f 1525/2067/2981 1533/2078/2981 1522/2064/2981

vn -0.804607 0.374861 0.460529
v -0.69471 0.0212687 0.56899
vt 0.236642 0.545646
f 1525/2067/2982 1534/2079/2982 1533/2078/2982

vn -0.925095 0.186098 0.33101
f 1527/2069/2983 1534/2079/2983 1525/2067/2983

vn -0.915168 0.316922 0.249055
vt 0.240058 0.5506
f 1527/2069/2984 1531/2080/2984 1534/2079/2984

vn -0.811708 0.318654 0.489479
f 1534/2079/2985 1531/2080/2985 1533/2078/2985

vn -0.809778 0.314733 0.495179
vt 0.231775 0.556571
f 1531/2080/2986 1530/2081/2986 1533/2078/2986

vn 0.663845 0.326436 0.672866
f 1533/2078/2987 1530/2081/2987 1529/2077/2987

vn 0.664645 0.32745 0.671583
f 1533/2078/2988 1529/2077/2988 1532/2076/2988

g Mesh3 Component_4_1 skp7E49_1 Model

v 0.668719 0.00075499 0.486438
vt 0.731719 0.546953
vn -0.00646248 -0.999834 -0.0170133
v 0.641002 0 0.541335
vt 0.743822 0.564939
v 0.618952 0.00111331 0.484284
vt 0.723271 0.561079
f 1535/2082/2989 1536/2083/2989 1537/2084/2989

v 0.673633 0 0.517637
vt 0.741462 0.551249
vn -0.0157646 -0.99964 -0.0217071
f 1538/2085/2990 1536/2083/2990 1535/2082/2990

v 0.711881 0 0.532961
vt 0.751346 0.541425
v 0.701266 0 0.571965
vt 0.761299 0.550395
v 0.684167 0 0.599928
vt 0.767098 0.559813
v 0.660484 0 0.576562
vt 0.756905 0.563893
f 1538/2085/757 1539/2086/757 1540/2087/757 1541/2088/757 1542/2089/757 1536/2083/757 

vt 0.751148 0.543829
vn 0.0103446 -0.999613 -0.0258196
f 1539/2090/2991 1538/2085/2991 1535/2082/2991

v 0.716905 0.00114783 0.468371
vt 0.736859 0.530598
vn 0.00153385 -0.999843 -0.0176489
f 1543/2091/2992 1539/2090/2992 1535/2082/2992

vn 0.970562 0.227341 0.0795354
v 0.700654 0.0460001 0.538475
vt 0.76069 0.5357
f 1543/2091/2993 1544/2092/2993 1539/2090/2993

v 0.702005 0.0764934 0.456583
vt 0.752204 0.512526
vn 0.973856 0.207164 0.0932085
f 1545/2093/2994 1544/2092/2994 1543/2091/2994

vn 0.69577 0.669285 0.260695
v 0.677466 0.0668465 0.546842
vt 0.768219 0.533134
f 1545/2093/2995 1546/2094/2995 1544/2092/2995

vn 0.663005 0.703678 0.255463
v 0.665825 0.110954 0.455559
vt 0.765053 0.505065
f 1545/2093/2996 1547/2095/2996 1546/2094/2996

vn -0.55906 0.716376 0.417442
v 0.630321 0.0778231 0.464866
vt 0.779039 0.509169
f 1546/2094/2997 1547/2095/2997 1548/2096/2997

vn -0.633385 0.63048 0.448685
v 0.654149 0.0453903 0.544076
vt 0.776202 0.534498
f 1548/2096/2998 1549/2097/2998 1546/2094/2998

vn -0.903395 0.226121 0.364343
vt 0.797733 0.524394
f 1548/2096/2999 1537/2098/2999 1549/2097/2999

vn -0.903815 0.24041 0.354009
vt 0.788737 0.540703
f 1537/2098/3000 1536/2099/3000 1549/2097/3000

vn -0.819136 0.20491 0.53575
v 0.666473 0.0210077 0.572244
vt 0.774857 0.545469
f 1536/2099/3001 1550/2100/3001 1549/2097/3001

vn -0.826231 0.329478 0.456932
vt 0.779182 0.551234
f 1536/2099/3002 1542/2101/3002 1550/2100/3002

v 0.682567 0.0278869 0.58482
vt 0.76887 0.546841
vn -0.664706 0.327527 0.671485
f 1551/2102/3003 1550/2100/3003 1542/2101/3003

vn -0.664483 0.396176 0.633646
f 1549/2097/3004 1550/2100/3004 1551/2102/3004

vn -0.567121 0.535654 0.625659
f 1546/2094/3005 1549/2097/3005 1551/2102/3005

vn 0.675583 0.558093 0.481788
f 1544/2092/3006 1546/2094/3006 1551/2102/3006

vn 0.804606 0.374863 0.460529
v 0.69471 0.0212683 0.56899
vt 0.763358 0.545646
f 1544/2092/3007 1551/2102/3007 1552/2103/3007

vn 0.811708 0.318654 0.48948
vt 0.759942 0.550601
f 1552/2103/3008 1551/2102/3008 1540/2104/3008

vn 0.809778 0.314733 0.495179
vt 0.768225 0.556571
f 1540/2104/3009 1551/2102/3009 1541/2105/3009

vn -0.663845 0.326437 0.672866
f 1551/2102/3010 1542/2101/3010 1541/2105/3010

vn 0.915168 0.316922 0.249055
f 1539/2090/3011 1552/2103/3011 1540/2104/3011

vn 0.925095 0.186098 0.33101
f 1539/2090/3012 1544/2092/3012 1552/2103/3012

g Mesh4 Component_4_1 skp7E49_1 Model

v 0.582981 0.717796 1.29093
vt 0.546059 0.548221
vn -0.536299 -0.278768 -0.796662
v 0.604086 0.715427 1.27755
vt 0.54816 0.538372
v 0.590967 0.682247 1.29799
vt 0.5625 0.5474
f 1553/2106/3013 1554/2107/3013 1555/2108/3013

vt 0.548136 0.53842
vn -0.538979 -0.230549 -0.810154
vt 0.545132 0.548292
v 0.566697 0.803463 1.27738
vt 0.510268 0.543676
v 0.628856 0.800026 1.23701
vt 0.51774 0.514095
f 1554/2109/3014 1553/2110/3014 1556/2111/3014 1557/2112/3014 

vt 0.615317 0.539607
vn -0.871393 -0.233867 -0.431255
vt 0.580057 0.547515
v 0.573451 0.713189 1.31268
vt 0.576447 0.53845
f 1556/2113/3015 1553/2114/3015 1558/2115/3015

vn -0.856584 -0.278708 -0.434265
f 1553/2114/3016 1555/2108/3016 1558/2115/3016

v 0.592724 0.714202 1.32637
vt 0.570323 0.532219
vn -0.451779 -0.578286 0.679324
f 1559/2116/3017 1558/2115/3017 1555/2108/3017

v 0.580593 0.800628 1.36572
vt 0.588821 0.499325
vn -0.512174 -0.414444 0.752273
f 1560/2117/3018 1558/2115/3018 1559/2116/3018

v 0.533636 0.802917 1.33948
vt 0.607364 0.511768
vn -0.455508 -0.434177 0.777176
f 1561/2118/3019 1558/2115/3019 1560/2117/3019

vn -0.855371 -0.242939 -0.457515
f 1556/2113/3020 1558/2115/3020 1561/2118/3020

v 0.639585 0.800956 1.34106
vt 0.5625 0.493955
vn 0.363823 -0.343237 0.865922
f 1562/2119/3021 1560/2117/3021 1559/2116/3021

vn 0.314132 -0.321059 0.893444
v 0.616494 0.716862 1.31896
vt 0.5625 0.529021
f 1562/2119/3022 1559/2116/3022 1563/2120/3022

vn 0.29223 -0.643885 0.707117
f 1563/2120/3023 1559/2116/3023 1555/2108/3023

v 0.620001 0.716864 1.29395
vt 0.553592 0.531745
vn 0.767893 -0.631475 0.107608
f 1564/2121/3024 1563/2120/3024 1555/2108/3024

vn 0.946332 -0.294714 0.132662
f 1564/2121/3025 1562/2119/3025 1563/2120/3025

v 0.661513 0.79774 1.27969
vt 0.535289 0.500177
vn 0.8626 -0.384855 0.328342
f 1565/2122/3026 1562/2119/3026 1564/2121/3026

vn 0.661493 -0.445847 -0.603032
f 1554/2107/3027 1565/2122/3027 1564/2121/3027

vt 0.517764 0.514048
vn 0.690011 -0.467042 -0.552952
f 1557/2123/3028 1565/2122/3028 1554/2107/3028

vn 0.611185 -0.576059 -0.542779
f 1554/2107/3029 1564/2121/3029 1555/2108/3029

g Mesh5 Component_4_1 skp7E49_1 Model

v -0.582981 0.717796 1.29093
vt 0.453941 0.548221
vn 0.536299 -0.278768 -0.796662
v -0.590967 0.682247 1.29799
vt 0.4375 0.5474
v -0.604086 0.715427 1.27755
vt 0.45184 0.538372
f 1566/2124/3030 1567/2125/3030 1568/2126/3030

vt 0.419943 0.547515
vn 0.856584 -0.278708 -0.434265
v -0.573451 0.713189 1.31268
vt 0.423553 0.53845
f 1566/2127/3031 1569/2128/3031 1567/2125/3031

v -0.566697 0.803463 1.27738
vt 0.384683 0.539607
vn 0.871393 -0.233867 -0.431255
f 1570/2129/3032 1569/2128/3032 1566/2127/3032

vn 0.855371 -0.242939 -0.457515
v -0.533636 0.802917 1.33948
vt 0.392636 0.511768
f 1570/2129/3033 1571/2130/3033 1569/2128/3033

vn 0.455508 -0.434177 0.777176
v -0.580593 0.800628 1.36572
vt 0.411179 0.499325
f 1571/2130/3034 1572/2131/3034 1569/2128/3034

vn 0.512174 -0.414444 0.752273
v -0.592724 0.714202 1.32637
vt 0.429677 0.532219
f 1572/2131/3035 1573/2132/3035 1569/2128/3035

v -0.639585 0.800956 1.34106
vt 0.4375 0.493955
vn -0.363823 -0.343237 0.865922
f 1574/2133/3036 1573/2132/3036 1572/2131/3036

vn -0.314132 -0.321059 0.893444
v -0.616494 0.716862 1.31896
vt 0.4375 0.529021
f 1574/2133/3037 1575/2134/3037 1573/2132/3037

v -0.620001 0.716864 1.29395
vt 0.446408 0.531745
vn -0.946332 -0.294714 0.132662
f 1576/2135/3038 1575/2134/3038 1574/2133/3038

vn -0.767893 -0.631475 0.107608
f 1576/2135/3039 1567/2125/3039 1575/2134/3039

vn -0.611185 -0.576059 -0.542779
f 1568/2126/3040 1567/2125/3040 1576/2135/3040

vn -0.661493 -0.445847 -0.603032
v -0.661513 0.79774 1.27969
vt 0.464711 0.500177
f 1568/2126/3041 1576/2135/3041 1577/2136/3041

vn -0.8626 -0.384855 0.328342
f 1577/2136/3042 1576/2135/3042 1574/2133/3042

v -0.628856 0.800026 1.23701
vt 0.482236 0.514048
vn -0.690011 -0.467042 -0.552952
f 1578/2137/3043 1568/2126/3043 1577/2136/3043

vt 0.451864 0.53842
vn 0.538979 -0.230549 -0.810154
vt 0.48226 0.514095
vt 0.489732 0.543676
vt 0.454868 0.548292
f 1568/2138/3044 1578/2139/3044 1570/2140/3044 1566/2141/3044 

vn -0.29223 -0.643885 0.707117
f 1575/2134/3045 1567/2125/3045 1573/2132/3045

vn 0.451779 -0.578286 0.679324
f 1573/2132/3046 1567/2125/3046 1569/2128/3046

g Mesh6 Component_4_1 skp7E49_1 Model

v -0.78806 0.0793877 0.386476
vt 0.056021 0.110425
vn -0.708399 0.705281 0.0273787
v -0.796653 0.0668469 0.487197
vt 0.037677 0.132302
v -0.75593 0.110954 0.404675
vt 0.041697 0.104613
f 1579/2142/3047 1580/2143/3047 1581/2144/3047

vn -0.742704 0.669322 0.0199749
v -0.815856 0.0460007 0.471736
vt 0.046119 0.135305
f 1579/2142/3048 1582/2145/3048 1580/2143/3048

vn -0.951123 0.207296 -0.228896
v -0.808566 0.00113624 0.400815
vt 0.069819 0.132946
f 1579/2142/3049 1583/2146/3049 1582/2145/3049

vn -0.943574 0.22734 -0.240799
v -0.824675 4.318e-007 0.462864
vt 0.055651 0.144567
f 1583/2146/3050 1584/2147/3050 1582/2145/3050

v -0.774385 0.00055786 0.44388
vt 0.069031 0.150855
vn 0.00462724 -0.999843 -0.0171007
f 1585/2148/3051 1584/2147/3051 1583/2146/3051

vn -0.00166948 -0.999428 -0.0337689
v -0.783521 4.318e-007 0.46083
vt 0.063556 0.152665
f 1585/2148/3052 1586/2149/3052 1584/2147/3052

v -0.73311 0.000770661 0.461508
vt 0.07274 0.163739
vn 0.0156016 -0.999579 -0.0244641
f 1587/2150/3053 1586/2149/3053 1585/2148/3053

vn 0.0154215 -0.999823 -0.0108024
v -0.760385 4.318e-007 0.49386
vt 0.060089 0.164206
f 1587/2150/3054 1588/2151/3054 1586/2149/3054

vt 0.011009 0.131384
vn 0.739304 0.240396 0.628998
v -0.773707 0.0453908 0.492171
vt 0.029208 0.134742
vt 0.018365 0.142475
f 1587/2152/3055 1589/2153/3055 1588/2154/3055

v -0.733466 0.0724024 0.436255
vt 0.026309 0.11289
vn 0.734303 0.228936 0.639052
f 1590/2155/3056 1589/2153/3056 1587/2152/3056

vn 0.452851 0.630438 0.630456
f 1590/2155/3057 1580/2143/3057 1589/2153/3057

vn 0.403824 0.708946 0.578206
f 1590/2155/3058 1581/2144/3058 1580/2143/3058

vn 0.332579 0.535601 0.776223
v -0.813841 0.0278874 0.521444
vt 0.036918 0.14768
f 1580/2143/3059 1591/2156/3059 1589/2153/3059

vn -0.795606 0.558119 0.235615
f 1582/2145/3060 1591/2156/3060 1580/2143/3060

vn -0.910682 0.374902 0.173514
v -0.820171 0.0212687 0.502524
vt 0.042856 0.146122
f 1582/2145/3061 1592/2157/3061 1591/2156/3061

vn -0.982464 0.186082 0.0117704
f 1584/2147/3062 1592/2157/3062 1582/2145/3062

vn -0.946415 0.316858 -0.0624547
v -0.827336 4.318e-007 0.503202
vt 0.04614 0.151407
f 1584/2147/3063 1593/2158/3063 1592/2157/3063

vt 0.0624722 0.153813
vt 0.0585982 0.165334
v -0.790273 4.318e-007 0.520824
vt 0.0478947 0.163334
v -0.820273 4.318e-007 0.535206
vt 0.0400125 0.158979
f 1584/2147/757 1586/2159/757 1588/2160/757 1594/2161/757 1595/2162/757 1593/2158/757 

v -0.79453 0.0210082 0.514795
vt 0.031043 0.146337
vn 0.632477 0.329393 0.701051
vt 0.027747 0.151883
f 1596/2163/3064 1594/2164/3064 1588/2154/3064

vn 0.409799 0.327421 0.851387
f 1591/2156/3065 1594/2164/3065 1596/2163/3065

vn 0.408606 0.32639 0.852356
vt 0.037994 0.15677
f 1591/2156/3066 1595/2165/3066 1594/2164/3066

vn -0.92688 0.314711 0.204576
f 1593/2158/3067 1595/2165/3067 1591/2156/3067

vn -0.926849 0.318591 0.198621
f 1592/2157/3068 1593/2158/3068 1591/2156/3068

vn 0.421945 0.396269 0.815435
f 1589/2153/3069 1591/2156/3069 1596/2163/3069

vn 0.600133 0.204915 0.773208
f 1589/2153/3070 1596/2163/3070 1588/2154/3070

g Mesh7 Component_4_1 skp7E49_1 Model

v -0.545226 0.0668469 0.509374
vt 0.31288 0.11597
vn -0.507007 0.700079 0.502825
v -0.568437 0.105484 0.432176
vt 0.316285 0.087031
v -0.597741 0.0706544 0.451122
vt 0.330942 0.097319
f 1597/2166/3071 1598/2167/3071 1599/2168/3071

v -0.534116 0.0735193 0.426199
vt 0.299899 0.092258
vn 0.687714 0.710555 0.148862
f 1600/2169/3072 1598/2167/3072 1597/2166/3072

vn 0.761137 0.630469 0.152245
v -0.525051 0.0453908 0.497362
vt 0.303165 0.117912
f 1600/2169/3073 1597/2166/3073 1601/2170/3073

vn 0.772589 0.535615 0.340914
v -0.534441 0.0278874 0.546143
vt 0.311671 0.132138
f 1601/2170/3074 1597/2166/3074 1602/2171/3074

vn -0.421204 0.558115 0.714909
v -0.569813 0.0460007 0.511162
vt 0.322313 0.119363
f 1597/2166/3075 1603/2172/3075 1602/2171/3075

vn -0.529565 0.669301 0.52115
f 1597/2166/3076 1599/2168/3076 1603/2172/3076

vn -0.849295 0.21363 0.482762
v -0.598881 0.000616661 0.480108
vt 0.342185 0.122593
f 1599/2168/3077 1604/2173/3077 1603/2172/3077

vn -0.854304 0.227334 0.467423
v -0.582313 4.318e-007 0.51069
vt 0.332786 0.129551
f 1604/2173/3078 1605/2174/3078 1603/2172/3078

v -0.555048 0.000321996 0.474917
vt 0.343934 0.138749
vn -0.00855855 -0.999843 -0.0155103
f 1606/2175/3079 1605/2174/3079 1604/2173/3079

v -0.553606 4.318e-007 0.481137
vt 0.341803 0.139221
vn -0.0428834 -0.998211 -0.0416561
f 1607/2176/3080 1605/2174/3080 1606/2175/3080

vt 0.340526 0.14005
v -0.514157 4.318e-007 0.489514
vt 0.336153 0.152537
v -0.517624 4.318e-007 0.529618
vt 0.324025 0.14982
v -0.529758 4.318e-007 0.560596
vt 0.315089 0.14465
v -0.556753 4.318e-007 0.542006
vt 0.322021 0.136615
f 1607/2177/757 1608/2178/757 1609/2179/757 1610/2180/757 1611/2181/757 1605/2174/757 

vt 0.337638 0.152615
vn 0.00391095 -0.999823 -0.0184175
v -0.516301 0.00078011 0.446733
vt 0.352389 0.152618
f 1608/2182/3081 1607/2176/3081 1612/2183/3081

vn -0.0220277 -0.998675 -0.0465171
f 1612/2183/3082 1607/2176/3082 1606/2175/3082

vt 0.282026 0.113711
vn 0.969673 0.240374 -0.0442094
vt 0.290618 0.126236
f 1612/2184/3083 1601/2170/3083 1608/2185/3083

vn 0.97289 0.228832 -0.0334838
f 1600/2169/3084 1601/2170/3084 1612/2184/3084

vn 0.966242 0.2049 0.156183
v -0.52485 0.0210082 0.528109
vt 0.304996 0.130487
f 1608/2185/3085 1601/2170/3085 1613/2186/3085

vn 0.864661 0.396344 0.308664
f 1601/2170/3086 1602/2171/3086 1613/2186/3086

vn 0.880307 0.327463 0.343261
vt 0.301243 0.137086
f 1613/2186/3087 1602/2171/3087 1609/2187/3087

vn 0.880103 0.326473 0.344724
vt 0.312697 0.142806
f 1609/2187/3088 1602/2171/3088 1610/2188/3088

vn -0.538351 0.314726 0.781745
f 1602/2171/3089 1611/2181/3089 1610/2188/3089

vn -0.542416 0.318632 0.777341
v -0.551972 0.0212687 0.536623
vt 0.318374 0.130832
f 1602/2171/3090 1614/2189/3090 1611/2181/3090

vn -0.547712 0.374909 0.747967
f 1603/2172/3091 1614/2189/3091 1602/2171/3091

vn -0.710512 0.186093 0.678633
f 1605/2174/3092 1614/2189/3092 1603/2172/3092

vn -0.734773 0.316918 0.599726
f 1605/2174/3093 1611/2181/3093 1614/2189/3093

vn 0.940676 0.329417 0.0813239
f 1608/2185/3094 1613/2186/3094 1609/2187/3094

g Mesh8 Component_4_1 skp7E49_1 Model

v 0.78806 0.0793872 0.386476
vt 0.943979 0.110425
vn 0.708397 0.705283 0.027379
v 0.755929 0.110954 0.404675
vt 0.958303 0.104613
v 0.796653 0.0668465 0.487197
vt 0.962323 0.132302
f 1615/2190/3095 1616/2191/3095 1617/2192/3095

vn -0.403823 0.708946 0.578206
v 0.733466 0.0724019 0.436255
vt 0.97369 0.11289
f 1617/2192/3096 1616/2191/3096 1618/2193/3096

vn -0.45285 0.630436 0.630457
v 0.773707 0.0453903 0.492171
vt 0.970792 0.134742
f 1618/2193/3097 1619/2194/3097 1617/2192/3097

vn -0.734302 0.228934 0.639054
v 0.73311 0.00077023 0.461508
vt 0.988991 0.131384
f 1618/2193/3098 1620/2195/3098 1619/2194/3098

vn -0.739304 0.240397 0.628998
v 0.760385 0 0.49386
vt 0.981635 0.142475
f 1620/2195/3099 1621/2196/3099 1619/2194/3099

v 0.783521 0 0.46083
vt 0.936445 0.152665
vn -0.0154215 -0.999823 -0.0108024
vt 0.939911 0.164206
vt 0.92726 0.163739
f 1622/2197/3100 1621/2198/3100 1620/2199/3100

vt 0.937529 0.153813
v 0.824674 0 0.462864
vt 0.944349 0.144567
v 0.827336 0 0.503202
vt 0.95386 0.151408
v 0.820273 0 0.535206
vt 0.959988 0.158981
v 0.790273 0 0.520824
vt 0.952106 0.163335
vt 0.941403 0.165334
f 1622/2200/757 1623/2201/757 1624/2202/757 1625/2203/757 1626/2204/757 1621/2205/757 

vn 0.00166956 -0.999428 -0.0337704
v 0.774385 0.000557454 0.44388
vt 0.930969 0.150855
f 1623/2201/3101 1622/2197/3101 1627/2206/3101

vn -0.0156016 -0.999579 -0.0244656
f 1622/2197/3102 1620/2199/3102 1627/2206/3102

vn -0.00462781 -0.999843 -0.0171006
v 0.808566 0.00113581 0.400815
vt 0.930181 0.132946
f 1623/2201/3103 1627/2206/3103 1628/2207/3103

vn 0.943576 0.227335 -0.240796
v 0.815856 0.0460001 0.471736
vt 0.953881 0.135305
f 1628/2207/3104 1629/2208/3104 1623/2201/3104

vn 0.951123 0.207296 -0.228895
f 1615/2190/3105 1629/2208/3105 1628/2207/3105

vn 0.742704 0.669321 0.0199746
f 1615/2190/3106 1617/2192/3106 1629/2208/3106

vn 0.795606 0.558119 0.235614
v 0.813841 0.0278869 0.521444
vt 0.963082 0.14768
f 1629/2208/3107 1617/2192/3107 1630/2209/3107

vn -0.33258 0.5356 0.776223
f 1617/2192/3108 1619/2194/3108 1630/2209/3108

vn -0.421944 0.39627 0.815434
v 0.79453 0.0210077 0.514795
vt 0.968957 0.146337
f 1619/2194/3109 1631/2210/3109 1630/2209/3109

vn -0.600133 0.204915 0.773208
f 1619/2194/3110 1621/2196/3110 1631/2210/3110

vn -0.632477 0.329393 0.701051
vt 0.972253 0.151883
f 1631/2210/3111 1621/2196/3111 1626/2211/3111

vn -0.409799 0.327421 0.851388
f 1630/2209/3112 1631/2210/3112 1626/2211/3112

vn -0.408605 0.326391 0.852356
vt 0.962006 0.15677
f 1630/2209/3113 1626/2211/3113 1625/2212/3113

vn 0.926879 0.314712 0.204576
f 1624/2202/3114 1630/2209/3114 1625/2212/3114

v 0.820171 0.0212683 0.502524
vt 0.957143 0.146122
vn 0.926849 0.318591 0.198622
f 1632/2213/3115 1630/2209/3115 1624/2202/3115

vn 0.910681 0.374903 0.173514
f 1629/2208/3116 1630/2209/3116 1632/2213/3116

vn 0.982465 0.186078 0.0117664
f 1623/2201/3117 1629/2208/3117 1632/2213/3117

vn 0.946414 0.316858 -0.0624606
f 1623/2201/3118 1632/2213/3118 1624/2202/3118

g Mesh9 Component_4_1 skp7E49_1 Model

v 0.597741 0.0706539 0.451122
vt 0.669058 0.097319
vn 0.507007 0.700079 0.502825
v 0.568437 0.105484 0.432176
vt 0.683715 0.087031
v 0.545226 0.0668465 0.509374
vt 0.68712 0.11597
f 1633/2214/3119 1634/2215/3119 1635/2216/3119

vn -0.687714 0.710555 0.148862
v 0.534116 0.0735188 0.426199
vt 0.700101 0.092258
f 1634/2215/3120 1636/2217/3120 1635/2216/3120

vn -0.761138 0.630468 0.152244
v 0.525051 0.0453903 0.497362
vt 0.696835 0.117912
f 1636/2217/3121 1637/2218/3121 1635/2216/3121

vn -0.97289 0.228833 -0.0334831
v 0.516301 0.000779678 0.44673
vt 0.717974 0.113711
f 1636/2217/3122 1638/2219/3122 1637/2218/3122

vn -0.969673 0.240374 -0.0442068
v 0.514157 0 0.489514
vt 0.709382 0.126236
f 1638/2219/3123 1639/2220/3123 1637/2218/3123

v 0.553606 0 0.481137
vt 0.658197 0.139221
vn -0.00391072 -0.999823 -0.0184164
vt 0.662362 0.152615
vt 0.647611 0.152618
f 1640/2221/3124 1639/2222/3124 1638/2223/3124

vt 0.663847 0.152534
vt 0.659473 0.140049
v 0.582313 0 0.51069
vt 0.667213 0.129551
v 0.556753 0 0.542006
vt 0.677979 0.136615
v 0.529758 0 0.560596
vt 0.684912 0.144649
v 0.517624 0 0.529618
vt 0.675976 0.149819
f 1639/2224/757 1640/2225/757 1641/2226/757 1642/2227/757 1643/2228/757 1644/2229/757 

vn 0.0428868 -0.998211 -0.0416594
v 0.555048 0.000321589 0.474917
vt 0.656066 0.138749
f 1641/2226/3125 1640/2221/3125 1645/2230/3125

vn 0.0220334 -0.998674 -0.0465199
f 1645/2230/3126 1640/2221/3126 1638/2223/3126

v 0.598881 0.000616229 0.480108
vt 0.657814 0.122593
vn 0.00855801 -0.999843 -0.0155106
f 1646/2231/3127 1641/2226/3127 1645/2230/3127

vn 0.854304 0.227334 0.467423
v 0.569813 0.0460001 0.511162
vt 0.677687 0.119364
f 1646/2231/3128 1647/2232/3128 1641/2226/3128

vn 0.849295 0.21363 0.482763
f 1633/2214/3129 1647/2232/3129 1646/2231/3129

vn 0.529566 0.6693 0.52115
f 1633/2214/3130 1635/2216/3130 1647/2232/3130

vn 0.421205 0.558114 0.714909
v 0.534441 0.0278869 0.546143
vt 0.688329 0.132138
f 1635/2216/3131 1648/2233/3131 1647/2232/3131

vn -0.77259 0.535615 0.340913
f 1637/2218/3132 1648/2233/3132 1635/2216/3132

vn -0.864732 0.396214 0.308631
v 0.524853 0.0210077 0.528109
vt 0.695004 0.130487
f 1637/2218/3133 1649/2234/3133 1648/2233/3133

vn -0.966233 0.204886 0.156252
f 1639/2220/3134 1649/2234/3134 1637/2218/3134

vn -0.940641 0.329518 0.0813208
vt 0.698757 0.137086
f 1639/2220/3135 1644/2235/3135 1649/2234/3135

vn -0.880328 0.327566 0.343109
f 1649/2234/3136 1644/2235/3136 1648/2233/3136

vn -0.880103 0.326474 0.344724
vt 0.687303 0.142806
f 1644/2235/3137 1643/2236/3137 1648/2233/3137

vn 0.538351 0.314726 0.781745
f 1648/2233/3138 1643/2236/3138 1642/2227/3138

vn 0.542416 0.318632 0.777341
v 0.551972 0.0212683 0.536623
vt 0.681626 0.130832
f 1648/2233/3139 1642/2227/3139 1650/2237/3139

vn 0.734773 0.316918 0.599726
f 1641/2226/3140 1650/2237/3140 1642/2227/3140

vn 0.710512 0.186093 0.678633
f 1641/2226/3141 1647/2232/3141 1650/2237/3141

vn 0.547712 0.374911 0.747966
f 1647/2232/3142 1648/2233/3142 1650/2237/3142

g Mesh10 Component_4_1 skp7E49_1 Model

v 0.821466 0.0668886 -0.640479
vt 0.897627 0.839163
vn 0.658276 0.705298 -0.26311
v 0.77265 0.0794294 -0.728995
vt 0.880661 0.815039
v 0.750697 0.110996 -0.699303
vt 0.895383 0.81005
f 1651/2238/3143 1652/2239/3143 1653/2240/3143

vn 0.686648 0.669281 -0.28386
v 0.832718 0.0460424 -0.662412
vt 0.890084 0.841351
f 1652/2239/3144 1651/2238/3144 1654/2241/3144

vn 0.822683 0.558075 -0.108376
v 0.851096 0.0279291 -0.616184
vt 0.897493 0.852606
f 1654/2241/3145 1651/2238/3145 1655/2242/3145

vn 0.0119391 0.535627 0.84437
v 0.802526 0.0454324 -0.6266
vt 0.905501 0.841079
f 1651/2238/3146 1656/2243/3146 1655/2242/3146

v 0.725668 0.0803214 -0.671436
vt 0.910409 0.813104
vn -0.157231 0.63047 0.760122
f 1657/2244/3147 1656/2243/3147 1651/2238/3147

vn -0.413666 0.223063 0.88268
v 0.712658 0.00162781 -0.657647
vt 0.932739 0.826166
f 1657/2244/3148 1658/2245/3148 1656/2243/3148

vn -0.419496 0.240179 0.875407
v 0.791042 0 -0.619638
vt 0.917546 0.84859
f 1656/2243/3149 1658/2245/3149 1659/2246/3149

v 0.798746 0 -0.659224
vt 0.871774 0.855899
vn -0.0189727 -0.999813 -0.00369229
vt 0.873196 0.868192
vt 0.846907 0.862977
f 1660/2247/3150 1659/2248/3150 1658/2249/3150

vt 0.873056 0.857455
v 0.837169 0 -0.674103
vt 0.880727 0.849155
v 0.856005 0 -0.638338
vt 0.888755 0.855727
v 0.862571 0 -0.606227
vt 0.8935 0.862872
v 0.829315 0 -0.607162
vt 0.885491 0.866643
vt 0.875145 0.868165
f 1660/2250/757 1661/2251/757 1662/2252/757 1663/2253/757 1664/2254/757 1659/2255/757 

vn -0.0069078 -0.999817 -0.0178379
v 0.782302 0.00160185 -0.74264
vt 0.861931 0.831815
f 1661/2251/3151 1660/2247/3151 1665/2256/3151

vt 0.847801 0.864723
vn -0.0191664 -0.999698 -0.0154001
v 0.746976 0.00161356 -0.699742
vt 0.855659 0.849045
vt 0.863774 0.833039
vt 0.873452 0.857205
f 1658/2257/3152 1666/2258/3152 1665/2259/3152 1660/2260/3152 

vn 0.762789 0.227441 -0.605329
f 1665/2256/3153 1654/2241/3153 1661/2251/3153

vn 0.775358 0.201114 -0.598643
f 1665/2256/3154 1652/2239/3154 1654/2241/3154

vn 0.902298 0.185977 -0.388936
v 0.849183 0.0213104 -0.636041
vt 0.892253 0.851172
f 1661/2251/3155 1654/2241/3155 1667/2261/3155

vn 0.902524 0.374907 -0.211885
f 1654/2241/3156 1655/2242/3156 1667/2261/3156

vn 0.927724 0.318057 -0.195364
f 1662/2252/3157 1667/2261/3157 1655/2242/3157

vn 0.839351 0.316346 -0.442058
f 1661/2251/3158 1667/2261/3158 1662/2252/3158

vn 0.930062 0.314353 -0.190176
vt 0.896232 0.86187
f 1662/2252/3159 1655/2242/3159 1663/2262/3159

vn -0.0265608 0.325983 0.945002
vt 0.907021 0.857539
f 1655/2242/3160 1664/2263/3160 1663/2262/3160

vn -0.0278517 0.326878 0.944656
v 0.83075 0.0210499 -0.614403
vt 0.903365 0.851698
f 1655/2242/3161 1668/2264/3161 1664/2263/3161

vn -0.0537691 0.396258 0.916563
f 1656/2243/3162 1668/2264/3162 1655/2242/3162

vn -0.233853 0.204759 0.950467
f 1656/2243/3163 1659/2246/3163 1668/2264/3163

vn -0.292699 0.328843 0.897881
f 1668/2264/3164 1659/2246/3164 1664/2263/3164

vn -0.120166 0.719476 0.684043
f 1651/2238/3165 1653/2240/3165 1657/2244/3165

g Mesh11 Component_4_1 skp7E49_1 Model

v 0.713461 0.0794294 -0.632064
vt 0.636023 0.751579
vn 0.708072 0.705299 -0.034457
v 0.683036 0.110996 -0.611132
vt 0.650799 0.746221
v 0.730799 0.0668886 -0.532473
vt 0.652792 0.775253
f 1669/2265/3166 1670/2266/3166 1671/2267/3166

vn -0.336365 0.719445 0.607665
v 0.650301 0.0803214 -0.592935
vt 0.665806 0.749382
f 1671/2267/3167 1670/2266/3167 1672/2268/3167

vn -0.396177 0.630441 0.667524
v 0.708373 0.0454324 -0.525518
vt 0.66065 0.777118
f 1672/2268/3168 1673/2269/3168 1671/2267/3168

vn -0.678505 0.223082 0.699904
v 0.633509 0.00162781 -0.584131
vt 0.687028 0.762202
f 1672/2268/3169 1674/2270/3169 1673/2269/3169

vn -0.681647 0.240185 0.691136
v 0.695249 0 -0.522674
vt 0.672631 0.784509
f 1673/2269/3170 1674/2270/3170 1675/2271/3170

v 0.715419 0 -0.557596
vt 0.626788 0.791588
vn -0.0167377 -0.999813 -0.00966718
vt 0.628098 0.803901
vt 0.60186 0.798531
f 1676/2272/3171 1675/2273/3171 1674/2274/3171

vt 0.628051 0.793428
v 0.756592 0 -0.559156
vt 0.635799 0.785091
v 0.762759 0 -0.519204
vt 0.643771 0.791715
v 0.758513 0 -0.486705
vt 0.648453 0.798911
v 0.727372 0 -0.498417
vt 0.640408 0.802691
vt 0.630045 0.804205
f 1676/2275/757 1677/2276/757 1678/2277/757 1679/2278/757 1680/2279/757 1675/2280/757 

vn -0.000721565 -0.999818 -0.0190498
v 0.727131 0.00160185 -0.642112
vt 0.617148 0.767696
f 1677/2276/3172 1676/2272/3172 1681/2281/3172

vt 0.60199 0.79852
vn -0.0131325 -0.999698 -0.020758
v 0.679661 0.00161356 -0.61276
vt 0.609935 0.783455
vt 0.618121 0.767985
vt 0.627677 0.791915
f 1674/2282/3173 1682/2283/3173 1681/2284/3173 1676/2285/3173 

vn 0.919089 0.227104 -0.322024
v 0.748581 0.0460424 -0.549549
vt 0.645229 0.777449
f 1681/2281/3174 1683/2286/3174 1677/2276/3174

vn 0.92785 0.203341 -0.312645
f 1681/2281/3175 1669/2265/3175 1683/2286/3175

vn 0.741608 0.669334 -0.0448242
f 1669/2265/3176 1671/2267/3176 1683/2286/3176

vn 0.813109 0.558119 0.165401
v 0.750905 0.0279291 -0.499854
vt 0.652538 0.788671
f 1683/2286/3177 1671/2267/3177 1684/2287/3177

vn -0.263662 0.535607 0.802251
f 1671/2267/3178 1673/2269/3178 1684/2287/3178

vn -0.349321 0.396187 0.849124
v 0.731088 0.0210499 -0.504797
vt 0.65842 0.787872
f 1673/2269/3179 1685/2288/3179 1684/2287/3179

vn -0.530551 0.204766 0.822549
f 1673/2269/3180 1675/2271/3180 1685/2288/3180

vn -0.569085 0.328899 0.753636
vt 0.662024 0.793818
f 1685/2288/3181 1675/2271/3181 1680/2289/3181

vn -0.333994 0.326931 0.884061
f 1684/2287/3182 1685/2288/3182 1680/2289/3182

vn -0.3328 0.325966 0.884867
vt 0.651194 0.797932
f 1684/2287/3183 1680/2289/3183 1679/2290/3183

vn 0.941317 0.31431 0.123008
f 1678/2277/3184 1684/2287/3184 1679/2290/3184

v 0.755561 0.0213104 -0.519255
vt 0.647311 0.787196
vn 0.940789 0.318065 0.117264
f 1686/2291/3185 1684/2287/3185 1678/2277/3185

vn 0.922372 0.374822 0.0934815
f 1683/2286/3186 1684/2287/3186 1686/2291/3186

vn 0.979779 0.18591 -0.0739691
f 1677/2276/3187 1683/2286/3187 1686/2291/3187

vn 0.937541 0.316343 -0.144723
f 1677/2276/3188 1686/2291/3188 1678/2277/3188

g Mesh12 Component_4_1 skp7E49_1 Model

v 0.615645 0.0794294 -0.610946
vt 0.681391 0.84649
vn 0.660899 0.705273 0.25652
v 0.579341 0.110996 -0.6042
vt 0.695298 0.840771
v 0.590979 0.0668886 -0.512917
vt 0.698832 0.868844
f 1687/2292/3189 1688/2293/3189 1689/2294/3189

vn -0.554402 0.719472 0.418329
v 0.542031 0.0803214 -0.60089
vt 0.710111 0.843281
f 1689/2294/3190 1688/2293/3190 1690/2295/3190

vn -0.633385 0.630479 0.448686
v 0.567662 0.0454324 -0.515684
vt 0.70718 0.870452
f 1690/2295/3191 1691/2296/3191 1689/2294/3191

vn -0.904521 0.223071 0.363429
v 0.52311 0.00162781 -0.599679
vt 0.731965 0.854951
f 1690/2295/3192 1692/2297/3192 1691/2296/3192

vn -0.903825 0.240182 0.354136
v 0.554515 0 -0.518424
vt 0.717477 0.877068
f 1692/2297/3193 1693/2298/3193 1691/2296/3193

v 0.587146 0 -0.542122
vt 0.67317 0.88604
vn -0.0113582 -0.999813 -0.0156398
vt 0.675715 0.897949
vt 0.649919 0.893581
f 1694/2299/3194 1693/2300/3194 1692/2301/3194

vt 0.673939 0.887623
v 0.625396 0 -0.526799
vt 0.681242 0.879254
v 0.614782 0 -0.487794
vt 0.690169 0.885598
v 0.597682 0 -0.459831
vt 0.69572 0.892576
v 0.573997 0 -0.483197
vt 0.687683 0.896468
vt 0.677019 0.898182
f 1694/2302/757 1695/2303/757 1696/2304/757 1697/2305/757 1698/2306/757 1693/2307/757 

v 0.632221 0.00160185 -0.614566
vt 0.663167 0.862977
vn 0.00708965 -0.999818 -0.0176965
f 1699/2308/3195 1695/2303/3195 1694/2299/3195

vn 0.970605 0.227128 0.0796218
v 0.614169 0.0460424 -0.521282
vt 0.690437 0.871354
f 1699/2308/3196 1700/2309/3196 1695/2303/3196

vn 0.974797 0.203349 0.0917616
f 1699/2308/3197 1687/2292/3197 1700/2309/3197

vn 0.695715 0.669346 0.260684
f 1687/2292/3198 1689/2294/3198 1700/2309/3198

vn 0.675511 0.558135 0.48184
v 0.59608 0.0279291 -0.474939
vt 0.699455 0.882246
f 1700/2309/3199 1689/2294/3199 1701/2310/3199

vn -0.567121 0.535653 0.625659
f 1689/2294/3200 1691/2296/3200 1701/2310/3200

v 0.579986 0.0210499 -0.487515
vt 0.705222 0.881049
f 1691/2296/3004 1702/2311/3004 1701/2310/3004

vn -0.819235 0.204754 0.535658
f 1693/2298/3201 1702/2311/3201 1691/2296/3201

vn -0.82641 0.32889 0.457031
vt 0.708163 0.886675
f 1693/2298/3202 1698/2312/3202 1702/2311/3202

vn -0.66469 0.32693 0.671791
f 1701/2310/3203 1702/2311/3203 1698/2312/3203

vn -0.663924 0.325962 0.673018
vt 0.698017 0.891361
f 1701/2310/3204 1698/2312/3204 1697/2313/3204

vn 0.80988 0.314372 0.495242
f 1696/2304/3205 1701/2310/3205 1697/2313/3205

v 0.608226 0.0213105 -0.490769
vt 0.693712 0.88096
vn 0.811709 0.318076 0.489854
f 1703/2314/3206 1701/2310/3206 1696/2304/3206

vn 0.804547 0.37491 0.460594
f 1700/2309/3207 1701/2310/3207 1703/2314/3207

vn 0.92516 0.185936 0.330919
f 1695/2303/3208 1700/2309/3208 1703/2314/3208

vn 0.91535 0.316357 0.249104
f 1695/2303/3209 1703/2314/3209 1696/2304/3209

vt 0.650149 0.893381
vn -0.00355383 -0.999698 -0.0243053
v 0.576918 0.00161356 -0.60706
vt 0.656985 0.878278
vt 0.66403 0.862768
vt 0.673956 0.885871
f 1692/2315/3210 1704/2316/3210 1699/2317/3210 1694/2318/3210 

g Mesh13 Component_4_1 skp7E49_1 Model

v -0.750697 0.110996 -0.699303
vt 0.104617 0.81005
vn -0.658275 0.705299 -0.263112
v -0.77265 0.0794294 -0.728995
vt 0.119339 0.815039
v -0.821467 0.0668886 -0.640479
vt 0.102373 0.839163
f 1705/2319/3211 1706/2320/3211 1707/2321/3211

vn -0.686647 0.669282 -0.283862
v -0.832719 0.0460424 -0.662412
vt 0.109916 0.841351
f 1706/2320/3212 1708/2322/3212 1707/2321/3212

v -0.782302 0.00160185 -0.74264
vt 0.138069 0.831815
vn -0.775357 0.201114 -0.598645
f 1709/2323/3213 1708/2322/3213 1706/2320/3213

vn -0.76279 0.227437 -0.605329
v -0.837169 0 -0.674103
vt 0.119273 0.849155
f 1709/2323/3214 1710/2324/3214 1708/2322/3214

vn 0.0069078 -0.999817 -0.0178379
v -0.798746 0 -0.659224
vt 0.128226 0.855899
f 1709/2323/3215 1711/2325/3215 1710/2324/3215

vt 0.137146 0.832425
vn 0.0191853 -0.999697 -0.0154153
v -0.712658 0.00162781 -0.657647
vt 0.153018 0.864159
vt 0.127386 0.856551
f 1709/2326/3216 1712/2327/3216 1711/2328/3216

vn -0.00794144 -0.999945 0.00681267
v -0.746976 0.00161356 -0.699742
vt 0.14521 0.848456
f 1712/2327/3217 1709/2326/3217 1713/2329/3217

vt 0.153093 0.862977
vn 0.0189727 -0.999813 -0.00369229
v -0.791042 0 -0.619638
vt 0.126804 0.868192
f 1712/2330/3218 1714/2331/3218 1711/2325/3218

v -0.802526 0.0454325 -0.6266
vt 0.094499 0.841079
vn 0.419496 0.240179 0.875407
vt 0.082454 0.84859
vt 0.067261 0.826166
f 1715/2332/3219 1714/2333/3219 1712/2334/3219

vn 0.233853 0.204759 0.950467
v -0.83075 0.0210499 -0.614403
vt 0.096635 0.851698
f 1715/2332/3220 1716/2335/3220 1714/2333/3220

vn 0.0537684 0.396258 0.916563
v -0.851096 0.0279291 -0.616184
vt 0.102507 0.852606
f 1715/2332/3221 1717/2336/3221 1716/2335/3221

vn -0.0119397 0.535628 0.84437
f 1707/2321/3222 1717/2336/3222 1715/2332/3222

vn -0.822683 0.558075 -0.108376
f 1708/2322/3223 1717/2336/3223 1707/2321/3223

vn -0.902528 0.374894 -0.211892
v -0.849183 0.0213105 -0.636041
vt 0.107747 0.851172
f 1708/2322/3224 1718/2337/3224 1717/2336/3224

vn -0.9023 0.185972 -0.388934
f 1710/2324/3225 1718/2337/3225 1708/2322/3225

vn -0.839351 0.316345 -0.442059
v -0.856005 0 -0.638338
vt 0.111245 0.855727
f 1710/2324/3226 1719/2338/3226 1718/2337/3226

vt 0.126944 0.857455
vt 0.124855 0.868165
v -0.829315 0 -0.607162
vt 0.114509 0.866643
v -0.862571 0 -0.606227
vt 0.1065 0.862872
f 1710/2324/757 1711/2339/757 1714/2340/757 1720/2341/757 1721/2342/757 1719/2338/757 

vn 0.292699 0.328843 0.897881
vt 0.092979 0.857539
f 1716/2335/3227 1720/2343/3227 1714/2333/3227

vn 0.0278514 0.326878 0.944656
f 1717/2336/3228 1720/2343/3228 1716/2335/3228

vn 0.0265608 0.325983 0.945002
vt 0.103768 0.86187
f 1717/2336/3229 1721/2344/3229 1720/2343/3229

vn -0.930064 0.314345 -0.190177
f 1719/2338/3230 1721/2344/3230 1717/2336/3230

vn -0.927722 0.318057 -0.195375
f 1719/2338/3231 1717/2336/3231 1718/2337/3231

v -0.725668 0.0803214 -0.671436
vt 0.089591 0.813104
vn 0.15723 0.630472 0.760121
f 1722/2345/3232 1707/2321/3232 1715/2332/3232

vn 0.120165 0.719476 0.684043
f 1722/2345/3233 1705/2319/3233 1707/2321/3233

vn 0.413666 0.223063 0.88268
f 1722/2345/3234 1715/2332/3234 1712/2334/3234

g Mesh14 Component_4_1 skp7E49_1 Model

v -0.713461 0.0794294 -0.632064
vt 0.363977 0.751579
vn -0.708072 0.705299 -0.034457
v -0.730799 0.0668886 -0.532473
vt 0.347208 0.775253
v -0.683036 0.110996 -0.611132
vt 0.349201 0.746221
f 1723/2346/3235 1724/2347/3235 1725/2348/3235

vn -0.741608 0.669334 -0.0448242
v -0.748581 0.0460424 -0.549549
vt 0.354771 0.777449
f 1723/2346/3236 1726/2349/3236 1724/2347/3236

v -0.727131 0.00160185 -0.642112
vt 0.382852 0.767696
vn -0.92785 0.203341 -0.312645
f 1727/2350/3237 1726/2349/3237 1723/2346/3237

vn -0.919089 0.227104 -0.322024
v -0.756592 0 -0.559156
vt 0.364201 0.785091
f 1727/2350/3238 1728/2351/3238 1726/2349/3238

v -0.715419 0 -0.557596
vt 0.373212 0.791588
vn 0.000721565 -0.999818 -0.0190498
f 1729/2352/3239 1728/2351/3239 1727/2350/3239

vt 0.371949 0.793428
v -0.695249 0 -0.522674
vt 0.369955 0.804205
v -0.727372 0 -0.498417
vt 0.359592 0.802691
v -0.758513 0 -0.486705
vt 0.351547 0.79891
v -0.762759 0 -0.519204
vt 0.356229 0.791715
f 1728/2351/757 1729/2353/757 1730/2354/757 1731/2355/757 1732/2356/757 1733/2357/757 

v -0.633509 0.00162781 -0.584131
vt 0.39814 0.798531
vn 0.0167377 -0.999813 -0.00966718
vt 0.371902 0.803901
f 1734/2358/3240 1730/2359/3240 1729/2352/3240

v -0.708373 0.0454324 -0.525518
vt 0.33935 0.777118
vn 0.681647 0.240185 0.691136
vt 0.327369 0.784509
vt 0.312972 0.762202
f 1735/2360/3241 1730/2361/3241 1734/2362/3241

vn 0.530551 0.204766 0.822549
v -0.731088 0.0210499 -0.504797
vt 0.34158 0.787872
f 1735/2360/3242 1736/2363/3242 1730/2361/3242

vn 0.349321 0.396187 0.849124
v -0.750905 0.0279291 -0.499854
vt 0.347462 0.788671
f 1735/2360/3243 1737/2364/3243 1736/2363/3243

vn 0.263662 0.535607 0.802251
f 1724/2347/3244 1737/2364/3244 1735/2360/3244

vn -0.813109 0.558119 0.165401
f 1726/2349/3245 1737/2364/3245 1724/2347/3245

vn -0.922371 0.374823 0.093482
v -0.755561 0.0213105 -0.519255
vt 0.352689 0.787196
f 1726/2349/3246 1738/2365/3246 1737/2364/3246

vn -0.979779 0.18591 -0.0739694
f 1728/2351/3247 1738/2365/3247 1726/2349/3247

vn -0.937541 0.316342 -0.144723
f 1728/2351/3248 1733/2357/3248 1738/2365/3248

vn -0.940789 0.318064 0.117266
f 1738/2365/3249 1733/2357/3249 1737/2364/3249

vn -0.941317 0.31431 0.123008
vt 0.348806 0.797932
f 1733/2357/3250 1732/2366/3250 1737/2364/3250

vn 0.3328 0.325966 0.884867
vt 0.337976 0.793818
f 1737/2364/3251 1732/2366/3251 1731/2367/3251

vn 0.333994 0.326931 0.884061
f 1737/2364/3252 1731/2367/3252 1736/2363/3252

vn 0.569085 0.328899 0.753636
f 1736/2363/3253 1731/2367/3253 1730/2361/3253

v -0.650301 0.0803214 -0.592935
vt 0.334194 0.749382
vn 0.396177 0.630441 0.667524
f 1739/2368/3254 1724/2347/3254 1735/2360/3254

vn 0.336365 0.719445 0.607665
f 1739/2368/3255 1725/2348/3255 1724/2347/3255

vn 0.678505 0.223082 0.699904
f 1739/2368/3256 1735/2360/3256 1734/2362/3256

vt 0.381879 0.767985
vn 0.0131325 -0.999698 -0.020758
v -0.679661 0.00161356 -0.61276
vt 0.390065 0.783455
vt 0.39801 0.79852
vt 0.372323 0.791915
f 1727/2369/3257 1740/2370/3257 1734/2371/3257 1729/2372/3257 

g Mesh15 Component_4_1 skp7E49_1 Model

v -0.579341 0.110996 -0.6042
vt 0.304702 0.840771
vn -0.660899 0.705273 0.25652
v -0.615645 0.0794294 -0.610946
vt 0.31861 0.84649
v -0.590979 0.0668886 -0.512917
vt 0.301168 0.868844
f 1741/2373/3258 1742/2374/3258 1743/2375/3258

vn -0.695715 0.669346 0.260684
v -0.614169 0.0460424 -0.521282
vt 0.309563 0.871354
f 1742/2374/3259 1744/2376/3259 1743/2375/3259

v -0.632221 0.00160185 -0.614566
vt 0.336833 0.862977
vn -0.974797 0.203349 0.0917616
f 1745/2377/3260 1744/2376/3260 1742/2374/3260

vn -0.970605 0.227128 0.0796218
v -0.625396 0 -0.526799
vt 0.318758 0.879254
f 1745/2377/3261 1746/2378/3261 1744/2376/3261

v -0.587146 0 -0.542122
vt 0.32683 0.88604
vn -0.00708965 -0.999818 -0.0176965
f 1747/2379/3262 1746/2378/3262 1745/2377/3262

vt 0.326061 0.887623
v -0.554515 0 -0.518424
vt 0.322981 0.898181
v -0.573997 0 -0.483197
vt 0.312317 0.896468
v -0.597682 0 -0.459831
vt 0.30428 0.892576
v -0.614782 0 -0.487794
vt 0.309831 0.885598
f 1746/2378/757 1747/2380/757 1748/2381/757 1749/2382/757 1750/2383/757 1751/2384/757 

v -0.52311 0.00162781 -0.599679
vt 0.350081 0.893581
vn 0.0113582 -0.999813 -0.0156398
vt 0.324285 0.897949
f 1752/2385/3263 1748/2386/3263 1747/2379/3263

vt 0.268035 0.854951
vn 0.903825 0.240182 0.354136
v -0.567662 0.0454324 -0.515684
vt 0.29282 0.870452
vt 0.282523 0.877068
f 1752/2387/3264 1753/2388/3264 1748/2389/3264

v -0.542031 0.0803214 -0.60089
vt 0.289889 0.843281
vn 0.904521 0.223071 0.363429
f 1754/2390/3265 1753/2388/3265 1752/2387/3265

vn 0.633385 0.630479 0.448686
f 1754/2390/3266 1743/2375/3266 1753/2388/3266

vn 0.554402 0.719472 0.418329
f 1754/2390/3267 1741/2373/3267 1743/2375/3267

vn 0.567121 0.535653 0.625659
v -0.59608 0.0279291 -0.474939
vt 0.300545 0.882246
f 1743/2375/3268 1755/2391/3268 1753/2388/3268

vn -0.675511 0.558135 0.48184
f 1744/2376/3269 1755/2391/3269 1743/2375/3269

vn -0.804547 0.37491 0.460594
v -0.608226 0.0213105 -0.490769
vt 0.306288 0.88096
f 1744/2376/3270 1756/2392/3270 1755/2391/3270

vn -0.92516 0.185936 0.330919
f 1746/2378/3271 1756/2392/3271 1744/2376/3271

vn -0.91535 0.316357 0.249104
f 1746/2378/3272 1751/2384/3272 1756/2392/3272

vn -0.811709 0.318076 0.489854
f 1756/2392/3273 1751/2384/3273 1755/2391/3273

vn -0.80988 0.314372 0.495242
vt 0.301983 0.891361
f 1751/2384/3274 1750/2393/3274 1755/2391/3274

vn 0.663924 0.325962 0.673018
vt 0.291837 0.886675
f 1755/2391/3275 1750/2393/3275 1749/2394/3275

vn 0.66469 0.32693 0.671791
v -0.579986 0.0210499 -0.487515
vt 0.294778 0.881049
f 1755/2391/3276 1749/2394/3276 1757/2395/3276

vn 0.82641 0.32889 0.457031
f 1748/2389/3277 1757/2395/3277 1749/2394/3277

vn 0.819235 0.204754 0.535658
f 1748/2389/3278 1753/2388/3278 1757/2395/3278

vn 0.664483 0.396176 0.633646
f 1753/2388/3279 1755/2391/3279 1757/2395/3279

vt 0.33597 0.862768
vn 0.00355383 -0.999698 -0.0243053
v -0.576918 0.00161356 -0.60706
vt 0.343015 0.878278
vt 0.349851 0.893381
vt 0.326044 0.885871
f 1745/2396/3280 1758/2397/3280 1752/2398/3280 1747/2399/3280 

g Mesh16 Component_4_1 skp7E49_1 Model

usemtl _auto_20
v 0 1.939 -0.288928
vt 0.856452 0.883598
vn 0.548054 0.666543 -0.505329
v -0.136651 1.7904 -0.633133
vt 0.843686 0.954427
v -0.295735 1.83525 -0.746514
vt 0.823483 0.978968
f 1759/2400/3281 1760/2401/3281 1761/2402/3281

v -0.105891 1.88524 -0.81219
vt 0.85642 0.979499
vn -0.85433 0.505459 0.120963
f 1762/2403/3282 1760/2401/3282 1759/2400/3282

vt 0.280674 0.98555
vn -0.721098 -0.553323 -0.416955
v -0.0649064 1.6758 -0.605127
vt 0.279037 0.923048
vt 0.292807 0.945673
f 1762/2404/3283 1763/2405/3283 1760/2406/3283

vn 0.384984 -0.609673 -0.692882
v 0.00318503 1.78722 -0.665335
vt 0.262869 0.947414
f 1762/2404/3284 1764/2407/3284 1763/2405/3284

vn 0.798703 0.56038 -0.219198
vt 0.869935 0.954125
f 1762/2403/3285 1759/2400/3285 1764/2408/3285

v 0.0582425 1.83571 -0.751627
vt 0.880748 0.964583
vn -0.816715 0.532744 -0.221724
f 1765/2409/3286 1764/2408/3286 1759/2400/3286

vt 0.703954 0.968066
vn -0.465148 -0.611282 -0.640291
v 0.0667342 1.6758 -0.605127
vt 0.698643 0.922602
vt 0.713903 0.947059
f 1765/2410/3287 1766/2411/3287 1764/2412/3287

v 0.122137 1.90875 -0.849099
vt 0.693838 0.993385
vn -0.312116 -0.650717 -0.692207
f 1767/2413/3288 1766/2411/3288 1765/2410/3288

v 0.129554 1.81853 -0.732051
vt 0.689995 0.963422
vn 0.441608 -0.69687 -0.565114
f 1768/2414/3289 1766/2411/3289 1767/2413/3289

vn 0.818351 -0.538565 -0.200622
v 0.142036 1.80239 -0.637791
vt 0.684182 0.946171
f 1768/2414/3290 1769/2415/3290 1766/2411/3290

vt 0.90051 0.954632
vn 0.721721 0.691804 0.0229409
vt 0.897405 0.940154
f 1768/2416/3291 1759/2400/3291 1769/2417/3291

vt 0.897261 0.976419
vn 0.92998 0.317296 0.185638
f 1767/2418/3292 1759/2400/3292 1768/2416/3292

vn -0.858188 0.467356 -0.212348
f 1767/2418/3293 1765/2409/3293 1759/2400/3293

v 0.312461 1.86005 -0.745147
vt 0.925617 0.95095
vn -0.53964 0.685842 -0.488272
f 1770/2419/3294 1769/2417/3294 1759/2400/3294

vt 0.669699 0.974789
vn -0.3161 -0.530321 -0.786664
v 0.192041 1.67004 -0.568668
vt 0.670239 0.92395
f 1770/2420/3295 1771/2421/3295 1769/2415/3295

vn 0.88674 -0.444682 0.126295
v 0.258054 1.8058 -0.554167
vt 0.657043 0.945995
f 1770/2420/3296 1772/2422/3296 1771/2421/3296

vn 0.698369 0.611131 0.372557
vt 0.911796 0.922483
f 1770/2419/3297 1759/2400/3297 1772/2423/3297

vn -0.361945 0.642937 -0.675003
v 0.367218 1.81627 -0.602732
vt 0.930248 0.927394
f 1759/2400/3298 1773/2424/3298 1772/2423/3298

vn -0.512264 0.404444 -0.757635
v 0.455719 1.88176 -0.627609
vt 0.945942 0.923015
f 1759/2400/3299 1774/2425/3299 1773/2424/3299

vn 0.533497 0.574469 0.620778
v 0.413515 1.82205 -0.536077
vt 0.937283 0.907468
f 1759/2400/3300 1775/2426/3300 1774/2425/3300

vn 0.468723 0.779616 0.415329
v 0.338651 1.81043 -0.429786
vt 0.920766 0.895616
f 1775/2426/3301 1759/2400/3301 1776/2427/3301

vn -0.136632 0.54583 -0.826681
v 0.527106 1.91249 -0.393545
vt 0.946152 0.880822
f 1759/2400/3302 1777/2428/3302 1776/2427/3302

vn 0.187109 0.573718 0.797394
v 0.375945 1.81758 -0.289789
vt 0.920456 0.868649
f 1759/2400/3303 1778/2429/3303 1777/2428/3303

vn 0.19942 0.622858 -0.756491
v 0.53069 1.90278 -0.178852
vt 0.939906 0.846238
f 1759/2400/3304 1779/2430/3304 1778/2429/3304

vn -0.137851 0.527642 0.838207
v 0.350378 1.82656 -0.160526
vt 0.911971 0.847615
f 1759/2400/3305 1780/2431/3305 1779/2430/3305

vn 0.43631 0.525613 -0.730318
v 0.434718 1.87791 -0.0731807
vt 0.921796 0.831042
f 1759/2400/3306 1781/2432/3306 1780/2431/3306

v 0.482595 1.98127 0.034655
vt 0.924198 0.808373
vn 0.432519 0.547242 -0.716557
f 1782/2433/3307 1781/2432/3307 1759/2400/3307

v 0.325664 1.73312 -0.0782175
vt 0.559126 0.932676
vn 0.774937 -0.591449 0.222847
vt 0.567796 0.967118
vt 0.556523 0.993751
f 1783/2434/3308 1781/2435/3308 1782/2436/3308

vt 0.573802 0.945312
vn 0.740327 -0.543882 -0.395106
f 1780/2437/3309 1781/2435/3309 1783/2434/3309

v 0.293621 1.74029 -0.166209
vt 0.573264 0.927529
vn 0.798015 -0.503201 -0.331604
f 1784/2438/3310 1780/2437/3310 1783/2434/3310

vn 0.430737 -0.338514 0.836585
v 0.359659 1.71924 -0.208727
vt 0.586242 0.930185
f 1780/2437/3311 1784/2438/3311 1785/2439/3311

vn 0.513889 -0.107062 0.85115
v 0.288762 1.6981 -0.168582
vt 0.573455 0.919454
f 1784/2438/3312 1786/2440/3312 1785/2439/3312

vn 0.933665 -0.0880046 -0.347167
f 1786/2440/3313 1784/2438/3313 1783/2434/3313

vn 0.884776 -0.421965 -0.197783
v 0.25636 1.60704 -0.119241
vt 0.560619 0.901283
f 1786/2440/3314 1783/2434/3314 1787/2441/3314

vn 0.259434 -0.424783 0.867325
v 0.225733 1.70238 -0.0633837
vt 0.545019 0.918337
f 1783/2434/3315 1788/2442/3315 1787/2441/3315

v 0.22876 1.74457 -0.0603677
vt 0.544225 0.926438
vn 0.171106 -0.0824515 0.981797
f 1789/2443/3316 1788/2442/3316 1783/2434/3316

vn 0.967874 -0.0863124 0.236159
v 0.206678 1.73758 0.0275768
vt 0.529056 0.929828
f 1788/2442/3317 1789/2443/3317 1790/2444/3317

vn 0.882321 -0.431823 0.187185
v 0.267332 1.83922 -0.0238376
vt 0.543597 0.945223
f 1789/2443/3318 1791/2445/3318 1790/2444/3318

vn 0.12016 -0.399703 0.908735
f 1791/2445/3319 1789/2443/3319 1783/2434/3319

v 0.364023 1.88086 0.0251
vt 0.547216 0.966183
vn -0.190862 -0.528806 0.827004
f 1792/2446/3320 1791/2445/3320 1783/2434/3320

vn -0.548428 0.432306 0.715778
vt 0.88957 0.823753
vt 0.903115 0.812715
f 1759/2400/3321 1791/2447/3321 1792/2448/3321

vn 0.697197 0.498013 -0.515654
v 0.311861 1.86855 0.0646938
vt 0.892457 0.807788
f 1759/2400/3322 1793/2449/3322 1791/2447/3322

vn 0.613398 0.67742 -0.406012
v 0.309367 1.93239 0.167441
vt 0.88783 0.791274
f 1793/2449/3323 1759/2400/3323 1794/2450/3323

vn -0.502224 0.789905 0.351883
v 0.20604 1.88795 0.119721
vt 0.874798 0.804375
f 1794/2450/3324 1759/2400/3324 1795/2451/3324

vn -0.776067 0.444999 0.446874
v 0.145611 1.84935 0.0532148
vt 0.867108 0.817328
f 1759/2400/3325 1796/2452/3325 1795/2451/3325

vn 0.835878 0.500906 -0.2245
v 0.121244 1.95549 0.199294
vt 0.856091 0.79624
f 1759/2400/3326 1797/2453/3326 1796/2452/3326

vn -0.764576 0.62202 0.168861
v 0.000583895 1.83613 0.0926424
vt 0.842429 0.817311
f 1759/2400/3327 1798/2454/3327 1797/2453/3327

vn 0.839803 0.524499 0.140115
v -0.11786 1.98203 0.256413
vt 0.815597 0.797242
f 1759/2400/3328 1799/2455/3328 1798/2454/3328

vn -0.869914 0.440046 -0.22273
v -0.150286 1.82513 0.073074
vt 0.813037 0.830035
f 1759/2400/3329 1800/2456/3329 1799/2455/3329

vn 0.539421 0.712858 0.448172
v -0.294424 1.90494 0.119612
vt 0.791507 0.827936
f 1759/2400/3330 1801/2457/3330 1800/2456/3330

vn -0.733208 0.472515 -0.489015
v -0.256522 1.80893 -0.0299867
vt 0.799442 0.850084
f 1759/2400/3331 1802/2458/3331 1801/2457/3331

vn 0.450793 0.534379 0.715
v -0.372194 1.86348 0.00216878
vt 0.780192 0.850874
f 1759/2400/3332 1803/2459/3332 1802/2458/3332

vn 0.444593 0.545997 0.710088
v -0.461157 1.9199 0.0144867
vt 0.764605 0.855475
f 1759/2400/3333 1804/2460/3333 1803/2459/3333

vn -0.477043 0.543254 -0.690873
v -0.405757 1.87182 -0.061577
vt 0.77654 0.867175
f 1759/2400/3334 1805/2461/3334 1804/2460/3334

vn -0.428004 0.715193 -0.55255
v -0.346535 1.83984 -0.148846
vt 0.789951 0.876637
f 1759/2400/3335 1806/2462/3335 1805/2461/3335

vn 0.106016 0.668906 0.735748
v -0.501101 1.91717 -0.196876
vt 0.768394 0.890494
f 1759/2400/3336 1807/2463/3336 1806/2462/3336

vn -0.176156 0.520443 -0.835529
v -0.376042 1.81391 -0.287558
vt 0.790265 0.902841
f 1759/2400/3337 1808/2464/3337 1807/2463/3337

vn -0.226085 0.687249 0.690344
v -0.508323 1.87488 -0.391571
vt 0.773776 0.924322
f 1759/2400/3338 1809/2465/3338 1808/2464/3338

vn 0.0840104 0.603427 -0.79298
v -0.340393 1.80333 -0.428229
vt 0.800272 0.925126
f 1759/2400/3339 1810/2466/3339 1809/2465/3339

vn -0.485392 0.445307 0.752394
v -0.421472 1.84543 -0.505457
vt 0.792059 0.942065
f 1759/2400/3340 1811/2467/3340 1810/2466/3340

vn -0.444808 0.694245 0.565835
v -0.45785 1.90122 -0.602503
vt 0.790523 0.960176
f 1759/2400/3341 1812/2468/3341 1811/2467/3341

vn 0.40945 0.616904 -0.672146
v -0.363327 1.83402 -0.6066
vt 0.806876 0.958858
f 1759/2400/3342 1813/2469/3342 1812/2468/3342

vn 0.535687 0.398634 -0.744399
v -0.260789 1.79607 -0.553133
vt 0.822481 0.947502
f 1759/2400/3343 1814/2470/3343 1813/2469/3343

vn -0.654205 0.70951 0.26194
f 1759/2400/3344 1761/2402/3344 1814/2470/3344

vt 0.308477 0.974816
vn -0.867047 -0.495022 0.0564091
v -0.190213 1.67068 -0.568711
vt 0.308256 0.92452
vt 0.322932 0.945457
f 1761/2471/3345 1815/2472/3345 1814/2473/3345

vn 0.368537 -0.562963 -0.739766
f 1761/2471/3346 1760/2406/3346 1815/2472/3346

vn 0.30869 -0.554118 -0.773087
v -0.110207 1.71747 -0.570299
vt 0.291718 0.926904
f 1760/2406/3347 1816/2474/3347 1815/2472/3347

vn -0.763459 -0.557594 -0.325912
f 1760/2406/3348 1763/2405/3348 1816/2474/3348

vn -0.756573 -0.374426 -0.536099
v -0.102034 1.67992 -0.55561
vt 0.291068 0.919251
f 1763/2405/3349 1817/2475/3349 1816/2474/3349

vn -0.754119 -0.382918 -0.533552
v -0.0611642 1.58723 -0.546852
vt 0.281142 0.900076
f 1763/2405/3350 1818/2476/3350 1817/2475/3350

v 0.000913892 1.6802 -0.575297
vt 0.26618 0.918356
vn 0.385793 -0.495671 -0.778122
f 1819/2477/3351 1818/2476/3351 1763/2405/3351

vt 0.150476 0.800616
vn 0.767375 -0.589535 -0.25216
v 0 1.54473 -0.261356
vt 0.150008 0.872896
vt 0.139119 0.812639
f 1819/2478/3352 1820/2479/3352 1818/2480/3352

vn -0.705629 -0.649844 -0.282472
v 0.0576412 1.60893 -0.553039
vt 0.160229 0.810374
f 1819/2478/3353 1821/2481/3353 1820/2479/3353

vt 0.711218 0.917404
vn -0.377871 -0.536425 -0.754627
vt 0.697664 0.904347
f 1819/2482/3354 1766/2411/3354 1821/2483/3354

v 0.000913892 1.71713 -0.609018
vt 0.712207 0.928016
vn -0.355038 -0.630327 -0.690388
f 1822/2484/3355 1766/2411/3355 1819/2482/3355

vn -0.324203 -0.586135 -0.742521
f 1764/2412/3356 1766/2411/3356 1822/2484/3356

vn 0.331991 -0.597361 -0.730029
vt 0.265447 0.928796
f 1764/2407/3357 1822/2485/3357 1763/2405/3357

vn 0.355038 -0.630327 -0.690388
f 1822/2485/3358 1819/2477/3358 1763/2405/3358

vn 0.676001 -0.507845 -0.533963
v 0.10782 1.67631 -0.553598
vt 0.686139 0.917674
f 1766/2411/3359 1823/2486/3359 1821/2483/3359

vn 0.743494 -0.315419 -0.589684
v 0.112035 1.71747 -0.570299
vt 0.686174 0.925897
f 1766/2411/3360 1824/2487/3360 1823/2486/3360

vn 0.765155 -0.544012 -0.344367
f 1769/2415/3361 1824/2487/3361 1766/2411/3361

vn -0.296615 -0.527785 -0.795904
f 1769/2415/3362 1771/2421/3362 1824/2487/3362

vn -0.190168 -0.352342 -0.916347
f 1824/2487/3363 1771/2421/3363 1823/2486/3363

vn -0.189816 -0.437179 -0.879116
v 0.155307 1.55445 -0.50325
vt 0.668461 0.893185
f 1823/2486/3364 1771/2421/3364 1825/2488/3364

vn 0.902742 -0.38982 -0.181924
v 0.21086 1.68041 -0.497484
vt 0.65619 0.920321
f 1771/2421/3365 1826/2489/3365 1825/2488/3365

vn 0.957376 -0.17844 -0.227134
v 0.217064 1.72219 -0.504162
vt 0.656432 0.928147
f 1771/2421/3366 1827/2490/3366 1826/2489/3366

vn 0.899087 -0.43774 0.00509566
f 1771/2421/3367 1772/2422/3367 1827/2490/3367

vn -0.0103729 -0.509507 -0.860404
v 0.305946 1.70087 -0.492605
vt 0.641803 0.932332
f 1772/2422/3368 1828/2491/3368 1827/2490/3368

vt 0.648689 0.966471
vn -0.284638 -0.578404 -0.76448
f 1773/2492/3369 1828/2491/3369 1772/2422/3369

vt 0.641622 0.988579
vn 0.388499 -0.735708 -0.554799
f 1774/2493/3370 1828/2491/3370 1773/2492/3370

vn 0.723025 -0.681779 -0.111412
vt 0.634491 0.965749
f 1774/2493/3371 1775/2494/3371 1828/2491/3371

vn 0.737939 -0.487715 0.466455
vt 0.626301 0.945416
f 1775/2494/3372 1776/2495/3372 1828/2491/3372

vn 0.838788 -0.436759 0.325077
v 0.284081 1.72828 -0.399357
vt 0.626225 0.927365
f 1828/2491/3373 1776/2495/3373 1829/2496/3373

vn 0.417468 -0.546277 -0.726156
v 0.34398 1.70843 -0.349992
vt 0.613202 0.928174
f 1776/2495/3374 1830/2497/3374 1829/2496/3374

vt 0.613365 0.98206
vn 0.431994 -0.541599 -0.721146
f 1777/2498/3375 1830/2497/3375 1776/2495/3375

vn 0.681108 -0.496357 0.538257
vt 0.600481 0.946791
f 1777/2498/3376 1778/2499/3376 1830/2497/3376

vn 0.699579 -0.491147 0.519003
v 0.315163 1.73727 -0.283865
vt 0.600677 0.928603
f 1830/2497/3377 1778/2499/3377 1831/2500/3377

vn 0.661636 -0.53914 -0.521119
f 1778/2499/3378 1785/2439/3378 1831/2500/3378

vn 0.666447 -0.536835 -0.517356
vt 0.583687 0.979532
f 1778/2499/3379 1779/2501/3379 1785/2439/3379

vn 0.250574 -0.378546 0.891019
f 1779/2501/3380 1780/2437/3380 1785/2439/3380

vn 0.836795 -0.140395 -0.52921
v 0.308933 1.69537 -0.282603
vt 0.60084 0.920496
f 1831/2500/3381 1785/2439/3381 1832/2502/3381

vn 0.819188 -0.360643 -0.445945
v 0.286812 1.56891 -0.220965
vt 0.587401 0.893268
f 1832/2502/3382 1785/2439/3382 1833/2503/3382

vn 0.537462 -0.323815 0.778639
f 1785/2439/3383 1786/2440/3383 1833/2503/3383

vt 0.212544 0.902172
vn -0.098532 -0.372636 0.922732
vt 0.205928 0.884826
f 1786/2504/3384 1820/2479/3384 1833/2505/3384

vn 0.504201 -0.543154 -0.67139
vt 0.199767 0.908885
f 1786/2504/3385 1787/2506/3385 1820/2479/3385

vt 0.199061 0.92474
vn -0.297663 -0.551953 0.778938
f 1788/2507/3386 1820/2479/3386 1787/2506/3386

vn 0.7391 -0.518839 -0.429577
v 0.1677 1.5919 -0.029798
vt 0.181901 0.926211
f 1820/2479/3387 1788/2507/3387 1834/2508/3387

vn 0.874714 -0.361277 0.32304
vt 0.531329 0.893926
f 1788/2442/3388 1790/2444/3388 1834/2509/3388

vn -0.126866 -0.333926 0.934023
v 0.123108 1.70426 0.00431348
vt 0.515748 0.916373
f 1790/2444/3389 1835/2510/3389 1834/2509/3389

v 0.124707 1.74647 0.00805505
vt 0.514922 0.924628
vn -0.238862 -0.076758 0.968015
f 1836/2511/3390 1835/2510/3390 1790/2444/3390

vn 0.736466 -0.0873649 0.670809
v 0.0755767 1.74761 0.0621429
vt 0.501848 0.92689
f 1835/2510/3391 1836/2511/3391 1837/2512/3391

vn 0.671523 -0.407943 0.618579
vt 0.514365 0.946719
f 1836/2511/3392 1796/2513/3392 1837/2512/3392

vn -0.252701 -0.34536 0.903808
f 1796/2513/3393 1836/2511/3393 1790/2444/3393

vt 0.51919 0.962935
vn -0.515901 -0.449161 0.729453
f 1795/2514/3394 1796/2513/3394 1790/2444/3394

vt 0.530933 0.98215
vn -0.166372 -0.515699 0.840461
f 1794/2515/3395 1795/2514/3395 1790/2444/3395

vn 0.649607 -0.638601 0.412553
vt 0.540201 0.961418
f 1790/2444/3396 1793/2516/3396 1794/2515/3396

vn 0.790623 -0.576351 -0.206724
f 1791/2445/3397 1793/2516/3397 1790/2444/3397

vn 0.746575 -0.472811 0.468055
vt 0.502051 0.979535
f 1796/2513/3398 1797/2517/3398 1837/2512/3398

vn -0.246121 -0.495514 0.833001
vt 0.488521 0.943582
f 1797/2517/3399 1798/2518/3399 1837/2512/3399

vn -0.145624 -0.430309 0.890858
v 0.000913892 1.74343 0.0479212
vt 0.488521 0.922608
f 1798/2518/3400 1838/2519/3400 1837/2512/3400

vn 0.141606 -0.429733 0.891783
v -0.0737913 1.75594 0.0658091
vt 0.473539 0.927901
f 1798/2518/3401 1839/2520/3401 1838/2519/3401

vt 0.472625 0.988291
vn 0.340029 -0.566526 0.750619
f 1799/2521/3402 1839/2520/3402 1798/2518/3402

vn -0.497044 -0.613888 0.613261
vt 0.460816 0.943158
f 1839/2520/3403 1799/2521/3403 1800/2522/3403

vn -0.528598 -0.642617 0.554642
v -0.122879 1.74647 0.00805505
vt 0.459865 0.922164
f 1839/2520/3404 1800/2522/3404 1840/2523/3404

vn 0.0269629 -0.631272 0.775093
v -0.186625 1.73349 -0.000292252
vt 0.447911 0.923207
f 1800/2522/3405 1841/2524/3405 1840/2523/3405

vt 0.44634 0.972822
vn -0.0783432 -0.603967 0.79315
f 1801/2525/3406 1841/2524/3406 1800/2522/3406

vt 0.435244 0.938913
vn -0.756897 -0.620142 0.20623
f 1802/2526/3407 1841/2524/3407 1801/2525/3407

v -0.226932 1.74457 -0.0603677
vt 0.434406 0.92424
vn -0.74515 -0.532282 0.401779
f 1842/2527/3408 1841/2524/3408 1802/2526/3408

vn -0.822925 -0.262959 0.503633
v -0.213237 1.70389 -0.0592348
vt 0.435359 0.916051
f 1842/2527/3409 1843/2528/3409 1841/2524/3409

vn -0.292083 -0.071757 0.953697
v -0.291772 1.73098 -0.0812485
vt 0.421789 0.927711
f 1842/2527/3410 1844/2529/3410 1843/2528/3410

vn -0.174388 -0.484786 0.857071
f 1802/2526/3411 1844/2529/3411 1842/2527/3411

vt 0.429832 0.963216
vn -0.0222748 -0.542284 0.8399
f 1803/2530/3412 1844/2529/3412 1802/2526/3412

vt 0.424523 0.984052
vn -0.302381 -0.632478 0.713118
f 1804/2531/3413 1844/2529/3413 1803/2530/3413

vn -0.776412 -0.602601 -0.184546
vt 0.416001 0.964886
f 1844/2529/3414 1804/2531/3414 1805/2532/3414

vt 0.407232 0.948664
vn -0.760446 -0.57269 -0.306183
f 1806/2533/3415 1844/2529/3415 1805/2532/3415

v -0.291793 1.74029 -0.166209
vt 0.406609 0.927056
vn -0.878855 -0.474272 -0.0517686
f 1845/2534/3416 1844/2529/3416 1806/2533/3416

vn -0.965567 -0.25863 -0.0281141
v -0.281755 1.70262 -0.164348
vt 0.406301 0.919411
f 1845/2534/3417 1846/2535/3417 1844/2529/3417

vn -0.517092 -0.0957537 0.850557
v -0.357833 1.71924 -0.208727
vt 0.393216 0.930454
f 1845/2534/3418 1847/2536/3418 1846/2535/3418

vn -0.41526 -0.373077 0.829682
f 1806/2533/3419 1847/2536/3419 1845/2534/3419

vt 0.393943 0.978228
vn -0.43836 -0.366453 0.820702
f 1807/2537/3420 1847/2536/3420 1806/2533/3420

vt 0.379557 0.947448
vn -0.739579 -0.508986 -0.440405
f 1808/2538/3421 1847/2536/3421 1807/2537/3421

vn -0.649592 -0.556395 -0.518125
v -0.313337 1.73727 -0.283865
vt 0.378694 0.92914
f 1808/2538/3422 1848/2539/3422 1847/2536/3422

v -0.337411 1.69748 -0.348036
vt 0.365488 0.926505
vn -0.654079 -0.5081 0.56037
f 1849/2540/3423 1848/2539/3423 1808/2538/3423

vn -0.858152 -0.225035 0.461449
v -0.302367 1.69833 -0.282453
vt 0.37858 0.921332
f 1849/2540/3424 1850/2541/3424 1848/2539/3424

v -0.276344 1.57221 -0.349585
vt 0.362821 0.895625
vn -0.806726 -0.39865 0.436201
f 1851/2542/3425 1850/2541/3425 1849/2540/3425

vt 0.082351 0.878347
vn -0.308495 -0.495783 0.811807
vt 0.09378 0.863073
f 1850/2543/3426 1851/2544/3426 1820/2479/3426

v -0.275344 1.68641 -0.394117
vt 0.08753 0.847846
vn 0.252433 -0.353456 -0.900748
f 1852/2545/3427 1820/2479/3427 1851/2544/3427

vn -0.573042 -0.520478 0.633029
v -0.238247 1.59286 -0.437449
vt 0.099872 0.840832
f 1852/2545/3428 1853/2546/3428 1820/2479/3428

v -0.285633 1.69319 -0.472874
vt 0.337638 0.927241
vn -0.91218 -0.40095 0.0846603
vt 0.33736 0.901712
vt 0.351576 0.919763
f 1854/2547/3429 1853/2548/3429 1852/2549/3429

vn -0.283441 -0.435559 -0.854371
v -0.205202 1.68304 -0.494383
vt 0.322877 0.920033
f 1854/2547/3430 1855/2550/3430 1853/2548/3430

v -0.215236 1.72219 -0.504162
vt 0.323184 0.927647
vn -0.281586 -0.299827 -0.91149
f 1856/2551/3431 1855/2550/3431 1854/2547/3431

vn -0.949156 -0.279448 -0.144956
f 1815/2472/3432 1855/2550/3432 1856/2551/3432

vn -0.953898 -0.2605 -0.149062
v -0.167587 1.54716 -0.497639
vt 0.311096 0.892902
f 1815/2472/3433 1857/2552/3433 1855/2550/3433

vn 0.177608 -0.466158 -0.86669
f 1817/2475/3434 1857/2552/3434 1815/2472/3434

vt 0.126519 0.806593
vn 0.679409 -0.548375 -0.487533
vt 0.117608 0.824593
f 1817/2553/3435 1820/2479/3435 1857/2554/3435

vn -0.911061 -0.38873 0.137318
f 1817/2553/3436 1818/2480/3436 1820/2479/3436

vn -0.794285 -0.233329 0.560953
vt 0.100067 0.826131
f 1857/2554/3437 1820/2479/3437 1855/2555/3437

vn 0.399653 -0.589605 -0.701885
f 1855/2555/3438 1820/2479/3438 1853/2546/3438

vn 0.17227 -0.326135 -0.929494
f 1816/2474/3439 1817/2475/3439 1815/2472/3439

vn -0.866761 -0.495202 0.0591537
f 1815/2472/3440 1856/2551/3440 1814/2473/3440

vn -0.108838 -0.594947 -0.796362
f 1814/2473/3441 1856/2551/3441 1854/2547/3441

vt 0.327639 0.96894
vn 0.162093 -0.630974 -0.758681
f 1813/2556/3442 1814/2473/3442 1854/2547/3442

vn -0.530611 -0.71898 -0.448909
vt 0.337881 0.989742
f 1854/2547/3443 1812/2557/3443 1813/2556/3443

vn -0.72891 -0.674923 -0.114756
vt 0.347763 0.968494
f 1812/2557/3444 1854/2547/3444 1811/2558/3444

vn -0.711041 -0.537362 0.453501
vt 0.352049 0.9459
f 1811/2558/3445 1854/2547/3445 1810/2559/3445

vn -0.807804 -0.516662 0.28375
v -0.282252 1.72828 -0.399357
vt 0.351662 0.927668
f 1854/2547/3446 1858/2560/3446 1810/2559/3446

vn -0.982264 -0.14761 0.115624
f 1854/2547/3447 1852/2549/3447 1858/2560/3447

vn -0.606842 -0.196518 -0.770145
f 1858/2560/3448 1852/2549/3448 1849/2540/3448

vn -0.603642 -0.285048 -0.744557
f 1849/2540/3449 1852/2549/3449 1851/2542/3449

vn -0.367764 -0.568143 -0.736181
f 1810/2559/3450 1858/2560/3450 1849/2540/3450

vt 0.365226 0.976459
vn -0.397585 -0.561212 -0.725925
f 1809/2561/3451 1810/2559/3451 1849/2540/3451

vn -0.665069 -0.505971 0.549251
f 1809/2561/3452 1849/2540/3452 1808/2538/3452

vn -0.25635 -0.607861 -0.751525
v -0.287602 1.61237 -0.217967
vt 0.092603 0.889058
f 1850/2543/3453 1820/2479/3453 1859/2562/3453

vt 0.088156 0.903064
vn 0.00940531 -0.511238 0.859388
f 1846/2563/3454 1859/2562/3454 1820/2479/3454

vn -0.524825 -0.409417 0.746281
vt 0.391668 0.90375
f 1847/2536/3455 1859/2564/3455 1846/2535/3455

vn -0.765843 -0.46487 -0.444275
f 1850/2541/3456 1859/2564/3456 1847/2536/3456

vn -0.806738 -0.24676 -0.536921
f 1848/2539/3457 1850/2541/3457 1847/2536/3457

vn -0.533484 -0.565666 -0.628821
v -0.237291 1.59012 -0.10087
vt 0.104129 0.911627
f 1846/2563/3458 1820/2479/3458 1860/2565/3458

vt 0.106048 0.929304
vn 0.463782 -0.389298 0.795835
f 1843/2566/3459 1860/2565/3459 1820/2479/3459

vn -0.342323 -0.258231 0.9034
vt 0.420754 0.893352
f 1844/2529/3460 1860/2567/3460 1843/2528/3460

vn -0.932088 -0.362057 0.0112279
f 1846/2535/3461 1860/2567/3461 1844/2529/3461

vn -0.697427 -0.690423 -0.192123
v -0.157106 1.63753 -0.0245299
vt 0.119109 0.929779
f 1820/2479/3462 1861/2568/3462 1843/2566/3462

v -0.12128 1.70426 0.00431348
vt 0.123979 0.941322
vn 0.568897 -0.564113 0.598441
f 1862/2569/3463 1861/2568/3463 1820/2479/3463

vn -0.198722 -0.297013 0.933966
vt 0.448218 0.900584
vt 0.459491 0.913851
f 1841/2524/3464 1861/2570/3464 1862/2571/3464

vn -0.763625 -0.368749 0.530001
f 1843/2528/3465 1861/2570/3465 1841/2524/3465

vn -0.110876 -0.0919195 0.989574
f 1840/2523/3466 1841/2524/3466 1862/2571/3466

vn -0.752072 -0.0864122 0.653391
f 1862/2571/3467 1839/2520/3467 1840/2523/3467

vn -0.608414 -0.310175 0.730496
v -0.0527096 1.60586 0.0196441
vt 0.475679 0.893336
f 1839/2520/3468 1862/2571/3468 1863/2572/3468

vn -0.818017 -0.57449 -0.0284649
vt 0.140054 0.936928
f 1820/2479/3469 1863/2573/3469 1862/2569/3469

vn 0.81765 -0.511304 0.264605
v 0.000913892 1.69722 0.0304889
vt 0.152012 0.946461
f 1820/2479/3470 1864/2574/3470 1863/2573/3470

v 0.058851 1.63679 0.0174814
vt 0.161414 0.93835
vn -0.63359 -0.684888 0.359851
f 1865/2575/3471 1864/2574/3471 1820/2479/3471

vt 0.502414 0.900612
vn -0.156439 -0.348779 0.924056
vt 0.501847 0.926899
vt 0.48687 0.923228
vt 0.48852 0.91252
f 1865/2576/3472 1837/2577/3472 1838/2578/3472 1864/2579/3472 

vn 0.552781 -0.381933 0.740648
vt 0.502416 0.900603
f 1837/2512/3473 1865/2580/3473 1835/2510/3473

vn 0.729164 -0.680663 0.0708348
vt 0.174112 0.942282
f 1820/2479/3474 1835/2581/3474 1865/2575/3474

vn -0.679057 -0.44643 0.582736
f 1820/2479/3475 1834/2508/3475 1835/2581/3475

vn 0.162754 -0.34827 0.923157
vt 0.488521 0.912511
f 1839/2520/3476 1864/2582/3476 1838/2519/3476

vn 0.243139 -0.253828 0.936191
f 1839/2520/3477 1863/2572/3477 1864/2582/3477

vt 0.218366 0.870554
vn 0.161679 -0.455071 -0.875654
f 1832/2583/3478 1833/2505/3478 1820/2479/3478

vn 0.275938 -0.445779 0.851551
v 0.286977 1.59427 -0.328414
vt 0.207185 0.85984
f 1832/2583/3479 1820/2479/3479 1866/2584/3479

v 0.27717 1.68641 -0.394117
vt 0.211558 0.845078
vn -0.0875881 -0.58451 -0.806645
f 1867/2585/3480 1866/2584/3480 1820/2479/3480

vn 0.592229 -0.425075 -0.684526
vt 0.612713 0.899982
vt 0.62671 0.91928
f 1830/2497/3481 1866/2586/3481 1867/2587/3481

vn 0.855506 -0.35611 0.375892
f 1830/2497/3482 1832/2502/3482 1866/2586/3482

vn 0.890139 -0.119129 0.439842
f 1830/2497/3483 1831/2500/3483 1832/2502/3483

vn 0.584484 -0.19505 -0.787613
f 1829/2496/3484 1830/2497/3484 1867/2587/3484

vn 0.957105 -0.125292 0.261251
f 1828/2491/3485 1829/2496/3485 1867/2587/3485

vn 0.909057 -0.358087 0.213045
v 0.246111 1.59063 -0.422577
vt 0.639578 0.901708
f 1828/2491/3486 1867/2587/3486 1868/2588/3486

vn 0.553595 -0.397039 0.732046
vt 0.198528 0.8394
f 1867/2585/3487 1820/2479/3487 1868/2589/3487

vn -0.31018 -0.677909 -0.666505
vt 0.197965 0.822488
f 1868/2589/3488 1820/2479/3488 1826/2590/3488

vt 0.17965 0.822645
vn 0.788393 -0.370205 0.491309
f 1825/2591/3489 1826/2590/3489 1820/2479/3489

vt 0.171146 0.805314
vn -0.727231 -0.484333 -0.486371
f 1823/2592/3490 1825/2591/3490 1820/2479/3490

vn 0.80185 -0.596912 0.0270793
f 1823/2592/3491 1820/2479/3491 1821/2481/3491

vn 0.167814 -0.591891 -0.788355
f 1828/2491/3492 1868/2588/3492 1826/2489/3492

vn 0.0869044 -0.169776 -0.981643
f 1827/2490/3493 1828/2491/3493 1826/2489/3493

vn -0.503793 0.530002 0.682123
f 1782/2433/3494 1759/2400/3494 1792/2448/3494

vn 0.443551 -0.588129 0.676289
f 1782/2436/3495 1792/2446/3495 1783/2434/3495

g Mesh17 Component_4_1 skp7E49_1 Model

v 0.260322 1.39437 -0.358051
vt 0.619752 0.780221
vn 0.829717 -0.103431 -0.548517
v 0.19945 1.38802 -0.448935
vt 0.641223 0.780221
v 0.216782 1.7553 -0.49197
vt 0.641223 0.876968
v 0.282964 1.76221 -0.393167
vt 0.617881 0.876968
f 1869/2593/3496 1870/2594/3496 1871/2595/3496 1872/2596/3496 

v 0.108347 1.38377 -0.509659
vt 0.664561 0.780219
vn 0.554398 -0.122616 -0.823169
v 0.117736 1.75068 -0.55799
vt 0.664561 0.876967
vt 0.641219 0.876967
vt 0.643091 0.780219
f 1873/2597/3497 1874/2598/3497 1871/2599/3497 1870/2600/3497 

v 0 1.38228 -0.530982
vt 0.687894 0.78022
vn 0.193197 -0.133008 -0.972103
v 0 1.74906 -0.581172
vt 0.687893 0.876967
vt 0.664552 0.876967
vt 0.666415 0.78022
f 1875/2601/3498 1876/2602/3498 1874/2603/3498 1873/2604/3498 

vt 0.313912 0.780221
vn -0.193197 -0.133008 -0.972103
v -0.108347 1.38377 -0.509659
vt 0.335392 0.780221
v -0.117736 1.75068 -0.55799
vt 0.335394 0.876969
vt 0.312052 0.87697
f 1875/2605/3499 1877/2606/3499 1878/2607/3499 1876/2608/3499 

vt 0.337257 0.780219
vn -0.554398 -0.122616 -0.823169
v -0.19945 1.38802 -0.448935
vt 0.358726 0.780219
v -0.216782 1.7553 -0.49197
vt 0.358726 0.876967
vt 0.335385 0.876967
f 1877/2609/3500 1879/2610/3500 1880/2611/3500 1878/2612/3500 

v -0.260322 1.39437 -0.358051
vt 0.382064 0.78022
vn -0.829717 -0.103431 -0.548517
v -0.282964 1.76221 -0.393167
vt 0.382064 0.876967
vt 0.358722 0.876967
vt 0.360594 0.78022
f 1881/2613/3501 1882/2614/3501 1880/2615/3501 1879/2616/3501 

v -0.281699 1.40187 -0.25085
vt 0.405409 0.78022
vn -0.978716 -0.078348 -0.189675
v -0.306202 1.77036 -0.276619
vt 0.405409 0.876967
vt 0.382068 0.876967
vt 0.38394 0.78022
f 1883/2617/3502 1884/2618/3502 1882/2619/3502 1881/2620/3502 

v -0.260322 1.40936 -0.143649
vt 0.428748 0.78022
vn -0.978716 -0.0511869 0.198731
v -0.282964 1.77851 -0.16007
vt 0.428748 0.876967
vt 0.405407 0.876967
vt 0.407279 0.78022
f 1885/2621/3503 1886/2622/3503 1884/2623/3503 1883/2624/3503 

v -0.19945 1.41572 -0.0527674
vt 0.452091 0.78022
vn -0.829717 -0.0260851 0.557575
v -0.216782 1.78541 -0.0612648
vt 0.452091 0.876967
vt 0.428749 0.876967
vt 0.430622 0.78022
f 1887/2625/3504 1888/2626/3504 1886/2627/3504 1885/2628/3504 

vt 0.453963 0.78022
vn -0.554399 -0.00686314 0.832223
v -0.108347 1.41996 0.00795736
vt 0.475432 0.78022
v -0.117736 1.79003 0.00475478
vt 0.475432 0.876967
f 1887/2629/3505 1889/2630/3505 1890/2631/3505 1888/2626/3505 

vt 0.477391 0.78022
vn -0.193203 0.00357551 0.981152
v 0 1.42146 0.0292817
vt 0.500002 0.78022
v 0 1.79165 0.0279377
vt 0.500003 0.876967
f 1889/2632/3506 1891/2633/3506 1892/2634/3506 1890/2631/3506 

v 0.108347 1.41996 0.00795736
vt 0.524513 0.78022
vn 0.193203 0.00357551 0.981152
v 0.117736 1.79003 0.00475478
vt 0.524512 0.876967
vt 0.501959 0.78022
f 1893/2635/3507 1894/2636/3507 1892/2634/3507 1891/2637/3507 

v 0.19945 1.41572 -0.0527674
vt 0.547854 0.780219
vn 0.554399 -0.00686314 0.832223
v 0.216782 1.78541 -0.0612648
vt 0.547854 0.876966
vt 0.524512 0.876966
vt 0.526384 0.780219
f 1895/2638/3508 1896/2639/3508 1894/2640/3508 1893/2641/3508 

vt 0.549726 0.78022
vn 0.829717 -0.0260851 0.557575
v 0.260322 1.40936 -0.143649
vt 0.571196 0.78022
v 0.282964 1.77851 -0.16007
vt 0.571196 0.876967
vt 0.547854 0.876967
f 1895/2642/3509 1897/2643/3509 1898/2644/3509 1896/2645/3509 

vt 0.573069 0.78022
vn 0.978716 -0.0511869 0.198731
v 0.281699 1.40187 -0.25085
vt 0.594538 0.78022
v 0.306202 1.77036 -0.276619
vt 0.594538 0.876967
vt 0.571197 0.876967
f 1897/2646/3510 1899/2647/3510 1900/2648/3510 1898/2649/3510 

vt 0.596408 0.780218
vn 0.978716 -0.078348 -0.189675
vt 0.617877 0.780219
vt 0.617877 0.876967
vt 0.594536 0.876967
f 1899/2650/3511 1869/2651/3511 1872/2652/3511 1900/2653/3511 

g Mesh18 Component_4_1 skp7E49_1 Model

v 1.07243 1.73046 -0.585092
vt 0.19072 0.190272
vn 0.26263 -0.924693 0.275623
v 1.0567 1.81838 -0.275115
vt 0.123763 0.190506
v 0.822869 1.66351 -0.571899
vt 0.188665 0.143789
f 1901/2654/3512 1902/2655/3512 1903/2656/3512

v 1.28015 1.86297 -0.277452
vt 0.123763 0.231041
vn 0.190805 -0.941786 0.276827
f 1904/2657/3513 1902/2655/3513 1901/2654/3513

vn 0.190804 -0.965563 -0.176867
v 1.07243 1.76334 0.042354
vt 0.057073 0.190272
f 1904/2657/3514 1905/2658/3514 1902/2655/3514

v 1.30359 1.81531 0.0366796
vt 0.057643 0.233228
vn 0.212648 -0.963595 -0.162066
f 1906/2659/3515 1905/2658/3515 1904/2657/3515

vn 0.204593 -0.939912 -0.273326
v 1.2579 1.74565 0.242029
vt 0.014688 0.221149
f 1906/2659/3516 1907/2660/3516 1905/2658/3516

v 1.36581 1.77089 0.23003
vt 0.015549 0.238841
vn 0.189533 -0.941889 -0.277348
f 1908/2661/3517 1907/2660/3517 1906/2659/3517

vn 0.218314 -0.972373 -0.082649
v 1.26419 1.74258 0.29466
vt 0.005606 0.221215
f 1908/2661/3518 1909/2662/3518 1907/2660/3518

v 1.40931 1.77768 0.274765
vt 0.00719 0.246996
vn 0.225195 -0.971685 -0.0715275
f 1910/2663/3519 1909/2662/3519 1908/2661/3519

vt 0.492055 0.246995
vn -0.0744667 0.706727 0.703557
v 1.36384 1.80604 0.24147
vt 0.483114 0.239507
vt 0.49464 0.221214
f 1910/2664/3520 1911/2665/3520 1909/2666/3520

vn 0.482356 0.871957 0.0838048
v 1.34794 1.82915 0.0924545
vt 0.453643 0.240019
f 1910/2664/3521 1912/2667/3521 1911/2665/3521

vn 0.519269 -0.760664 -0.38955
vt 0.04558 0.240019
f 1910/2663/3522 1908/2661/3522 1912/2668/3522

vn 0.661859 -0.655567 -0.363558
f 1906/2659/3523 1912/2668/3523 1908/2661/3523

v 1.52578 1.80246 0.205844
vt 0.022128 0.271166
vn -0.448264 -0.716616 0.534342
f 1913/2669/3524 1912/2668/3524 1906/2659/3524

v 1.53768 1.80687 0.248895
vt 0.012971 0.272266
vn -0.249463 -0.953933 0.166671
f 1914/2670/3525 1912/2668/3525 1913/2669/3525

v 1.52603 1.83849 0.215539
vt 0.477108 0.271166
vn -0.499092 0.535179 0.681535
vt 0.48627 0.272266
f 1915/2671/3526 1912/2667/3526 1914/2672/3526

v 1.30259 1.86193 0.0464985
vt 0.441584 0.233228
vn -0.549864 0.320588 0.77128
f 1916/2673/3527 1912/2667/3527 1915/2671/3527

vn 0.534036 0.842245 0.0736821
f 1911/2665/3528 1912/2667/3528 1916/2673/3528

vn -0.179727 0.929231 0.322844
v 1.25592 1.78107 0.253264
vt 0.484551 0.221149
f 1911/2665/3529 1916/2673/3529 1917/2674/3529

vn -0.202058 0.926713 0.31682
v 1.06965 1.80902 0.0526862
vt 0.44216 0.190272
f 1916/2673/3530 1918/2675/3530 1917/2674/3530

vn -0.215397 0.965504 0.146309
v 1.05716 1.85284 -0.254871
vt 0.382722 0.190507
f 1916/2673/3531 1919/2676/3531 1918/2675/3531

vn -0.19246 0.972999 0.127403
v 1.28398 1.89879 -0.263169
vt 0.380943 0.231041
f 1916/2673/3532 1920/2677/3532 1919/2676/3532

v 1.51873 1.8968 0.00380924
vt 0.433084 0.272836
vn -0.133888 0.983071 0.125081
f 1921/2678/3533 1920/2677/3533 1916/2673/3533

vn -0.0839702 0.993149 0.0812632
v 1.50422 1.91784 -0.268402
vt 0.378521 0.270649
f 1921/2678/3534 1922/2679/3534 1920/2677/3534

v 1.68866 1.90886 -0.0727631
vt 0.417521 0.303525
vn -0.0351385 0.996263 0.0789009
f 1923/2680/3535 1922/2679/3535 1921/2678/3535

vn -0.019725 0.997727 0.0644371
v 1.65209 1.92155 -0.280523
vt 0.375203 0.297177
f 1923/2680/3536 1924/2681/3536 1922/2679/3536

v 1.82705 1.90647 -0.196655
vt 0.392425 0.328407
vn 0.061979 0.996824 0.0499999
f 1925/2682/3537 1924/2681/3537 1923/2680/3537

vn 0.053648 0.996291 0.0672838
v 1.7805 1.91461 -0.280157
vt 0.375203 0.320059
f 1925/2682/3538 1926/2683/3538 1924/2681/3538

v 1.91752 1.87821 -0.278249
vt 0.375203 0.34508
vn 0.25707 0.965141 -0.0491653
f 1927/2684/3539 1926/2683/3539 1925/2682/3539

vn 0.25707 0.964993 -0.0519915
v 1.82705 1.89778 -0.362351
vt 0.358196 0.328407
f 1927/2684/3540 1928/2685/3540 1926/2683/3540

v 2.00332 1.84014 -0.452359
vt 0.341314 0.361082
vn 0.275788 0.958392 -0.0736613
f 1929/2686/3541 1928/2685/3541 1927/2684/3541

vn -0.199254 0.600243 -0.7746
v 1.87227 1.86075 -0.402679
vt 0.348947 0.337928
f 1928/2685/3542 1929/2686/3542 1930/2687/3542

v 2.04872 1.80289 -0.502049
vt 0.330092 0.370516
vn -0.141006 0.725974 -0.673111
f 1931/2688/3543 1930/2687/3543 1929/2686/3543

vt 0.169088 0.370516
vn -0.508229 -0.708223 -0.490023
v 1.99011 1.80749 -0.447924
vt 0.157866 0.361081
vt 0.150233 0.337928
f 1931/2689/3544 1932/2690/3544 1930/2691/3544

v 2.10148 1.79607 -0.394
vt 0.147303 0.380154
vn -0.0938843 -0.995439 -0.0169589
f 1933/2692/3545 1932/2690/3545 1931/2689/3545

vn -0.0995306 -0.995021 -0.00520909
v 2.02517 1.80358 -0.370055
vt 0.143154 0.366945
f 1933/2692/3546 1934/2693/3546 1932/2690/3546

vn 0.0422317 -0.907002 0.419003
v 1.96438 1.84399 -0.276456
vt 0.123764 0.355475
f 1933/2692/3547 1935/2694/3547 1934/2693/3547

vt 0.351876 0.380155
vn 0.583349 0.712484 0.389962
v 2.03841 1.83696 -0.374363
vt 0.356031 0.366946
vt 0.375203 0.355475
f 1933/2695/3548 1936/2696/3548 1935/2697/3548

vt 0.341332 0.361088
vn 0.492736 0.849844 -0.187021
vt 0.357109 0.367448
vt 0.351895 0.38016
vt 0.33011 0.370522
f 1929/2698/3549 1936/2699/3549 1933/2700/3549 1931/2701/3549 

vn 0.264489 0.96108 -0.0798169
f 1936/2696/3550 1929/2686/3550 1927/2684/3550

vn 0.542364 0.761236 0.355474
f 1936/2696/3551 1927/2684/3551 1935/2697/3551

v 2.03841 1.84723 -0.178352
vt 0.394593 0.366946
vn 0.54236 0.719915 -0.433091
f 1937/2702/3552 1935/2697/3552 1927/2684/3552

v 2.10148 1.80862 -0.154548
vt 0.398742 0.380155
vn 0.583355 0.667813 -0.462302
f 1938/2703/3553 1935/2697/3553 1937/2702/3553

vt 0.100437 0.380154
vn 0.0422189 -0.945832 -0.321899
v 2.02517 1.81358 -0.179148
vt 0.104592 0.366946
f 1938/2704/3554 1939/2705/3554 1935/2694/3554

vn -0.0995477 -0.989025 0.109176
v 1.99011 1.82561 -0.102113
vt 0.089875 0.361081
f 1938/2704/3555 1940/2706/3555 1939/2705/3555

vn -0.0938962 -0.988212 0.120916
v 2.04872 1.82669 -0.0478039
vt 0.078653 0.370516
f 1938/2704/3556 1941/2707/3556 1940/2706/3556

v 2.00332 1.85855 -0.101117
vt 0.409288 0.361084
vn 0.492742 0.864734 0.0971627
vt 0.420508 0.370519
vt 0.398723 0.380157
vt 0.39351 0.367445
f 1942/2708/3557 1941/2709/3557 1938/2710/3557 1937/2711/3557 

vt 0.420527 0.370516
vn -0.140999 0.792362 0.593533
vt 0.409306 0.361082
v 1.87227 1.87385 -0.152678
vt 0.401672 0.337928
f 1941/2712/3558 1942/2713/3558 1943/2714/3558

vn -0.199255 0.677913 0.707624
f 1925/2682/3559 1943/2714/3559 1942/2713/3559

vn 0.747377 0.565096 -0.349419
v 1.94834 1.86442 -0.00522956
vt 0.431366 0.349117
f 1925/2682/3560 1944/2715/3560 1943/2714/3560

vn 0.197045 0.976294 0.0895735
v 1.89831 1.86937 0.0508925
vt 0.441846 0.340658
f 1944/2715/3561 1925/2682/3561 1945/2716/3561

vn 0.118756 0.986401 0.113623
f 1945/2716/3562 1925/2682/3562 1923/2680/3562

vn -0.310756 0.616258 0.723641
v 1.73639 1.87737 -0.025452
vt 0.428361 0.312647
f 1923/2680/3563 1946/2717/3563 1945/2716/3563

vn 0.694873 0.673185 -0.252927
v 1.80088 1.87107 0.134959
vt 0.460507 0.321584
f 1923/2680/3564 1947/2718/3564 1946/2717/3564

vn -0.0263211 0.980912 0.192662
v 1.73806 1.86275 0.168728
vt 0.466619 0.31104
f 1947/2718/3565 1923/2680/3565 1948/2719/3565

vn 0.0135639 0.982675 0.18484
f 1948/2719/3566 1923/2680/3566 1921/2678/3566

vn -0.5156 0.385382 0.76527
v 1.55975 1.86429 0.0478107
vt 0.444337 0.279686
f 1921/2678/3567 1949/2720/3567 1948/2719/3567

v 1.59833 1.84701 0.202881
vt 0.475456 0.283311
vn 0.673748 0.733962 -0.0858131
f 1950/2721/3568 1949/2720/3568 1921/2678/3568

v 1.64912 1.82025 0.238548
vt 0.484435 0.292444
vn 0.47752 0.878372 -0.0208968
f 1951/2722/3569 1949/2720/3569 1950/2721/3569

vt 0.014806 0.292444
vn 0.514667 -0.750546 -0.414486
v 1.59802 1.81091 0.191993
vt 0.023777 0.28331
vt 0.054882 0.279686
f 1951/2723/3570 1952/2724/3570 1949/2725/3570

vn 0.124587 -0.990285 0.061747
f 1951/2723/3571 1914/2670/3571 1952/2724/3571

vn -0.0344685 0.775185 0.630793
f 1951/2722/3572 1950/2721/3572 1914/2672/3572

vn 0.0331873 0.731073 0.681492
f 1950/2721/3573 1915/2671/3573 1914/2672/3573

vn -0.0665077 0.961388 0.267039
f 1950/2721/3574 1921/2678/3574 1915/2671/3574

vn -0.101772 0.958202 0.267377
f 1915/2671/3575 1921/2678/3575 1916/2673/3575

vn 0.128472 -0.98952 0.0659207
f 1952/2724/3576 1914/2670/3576 1913/2669/3576

vn 0.0708031 -0.971989 -0.224109
v 1.51696 1.85072 -0.00626364
vt 0.06614 0.272836
f 1952/2724/3577 1913/2669/3577 1953/2726/3577

vn 0.115306 -0.967525 -0.224945
f 1913/2669/3578 1906/2659/3578 1953/2726/3578

vn 0.130591 -0.978727 -0.158239
f 1953/2726/3579 1906/2659/3579 1904/2657/3579

vn 0.0316722 -0.996852 -0.0726787
v 1.5033 1.87008 -0.277825
vt 0.123763 0.270649
f 1953/2726/3580 1904/2657/3580 1954/2727/3580

v 1.51696 1.82244 -0.545874
vt 0.181644 0.272836
vn 0.0316727 -0.983794 0.176482
f 1955/2728/3581 1954/2727/3581 1904/2657/3581

v 1.68149 1.84256 -0.474883
vt 0.166082 0.303524
vn 0.0438601 -0.983233 0.177003
f 1956/2729/3582 1954/2727/3582 1955/2728/3582

vn -0.0396394 -0.993893 0.102985
v 1.64769 1.86436 -0.277523
vt 0.123764 0.297177
f 1956/2729/3583 1957/2730/3583 1954/2727/3583

v 1.81527 1.85078 -0.356324
vt 0.140986 0.328406
vn -0.0314348 -0.994038 0.104406
f 1958/2731/3584 1957/2730/3584 1956/2729/3584

vn -0.0231402 -0.992292 0.121745
v 1.77134 1.86149 -0.277373
vt 0.123763 0.320059
f 1958/2731/3585 1959/2732/3585 1957/2730/3585

v 1.90464 1.83265 -0.275862
vt 0.123764 0.34508
vn -0.211647 -0.977234 0.0147965
f 1960/2733/3586 1959/2732/3586 1958/2731/3586

vn -0.211647 -0.973428 0.0874299
v 1.81527 1.85909 -0.197737
vt 0.106757 0.328406
f 1960/2733/3587 1961/2734/3587 1959/2732/3587

vn -0.225125 -0.971708 0.0714307
f 1940/2706/3588 1961/2734/3588 1960/2733/3588

vt 0.097508 0.337928
vn -0.496619 -0.412908 0.763464
f 1943/2735/3589 1961/2734/3589 1940/2706/3589

v 1.9377 1.83003 -0.00917324
vt 0.067814 0.349117
vn 0.546354 -0.698376 -0.462351
f 1962/2736/3590 1961/2734/3590 1943/2735/3590

vn -0.150848 -0.987071 -0.0541823
v 1.88768 1.8346 0.0467828
vt 0.057333 0.340658
f 1962/2736/3591 1963/2737/3591 1961/2734/3591

v 2.00125 1.83134 0.0351737
vt 0.05943 0.360127
vn -0.0224138 -0.997856 0.0614976
f 1964/2738/3592 1963/2737/3592 1962/2736/3592

vn -0.0219194 -0.997562 0.0662521
v 1.93216 1.83779 0.109452
vt 0.044454 0.347479
f 1964/2738/3593 1965/2739/3593 1963/2737/3593

vt 0.43975 0.360127
vn 0.369576 0.890172 0.266473
vt 0.454726 0.347479
f 1964/2740/3594 1945/2716/3594 1965/2741/3594

vn 0.368918 0.895229 0.24993
f 1964/2740/3595 1944/2715/3595 1945/2716/3595

vn 0.658395 0.69229 -0.295382
f 1964/2740/3596 1943/2714/3596 1944/2715/3596

vn 0.297042 -0.866969 -0.400164
f 1964/2738/3597 1962/2736/3597 1943/2735/3597

vn -0.224627 0.797497 0.559948
f 1965/2741/3598 1945/2716/3598 1946/2717/3598

vn -0.398024 -0.857484 0.326035
vt 0.070818 0.312647
f 1965/2739/3599 1946/2742/3599 1963/2737/3599

vn -0.476862 -0.596271 0.645804
v 1.68149 1.86331 -0.0789665
vt 0.081545 0.303524
f 1946/2742/3600 1966/2743/3600 1963/2737/3600

v 1.79705 1.83417 0.124817
vt 0.038663 0.321584
vn 0.59658 -0.674611 -0.434732
f 1967/2744/3601 1966/2743/3601 1946/2742/3601

vn 0.041716 -0.985487 -0.164544
v 1.73423 1.82586 0.158683
vt 0.032531 0.311039
f 1967/2744/3602 1968/2745/3602 1966/2743/3602

vn 0.140779 -0.989875 0.0181191
v 1.75721 1.83011 0.212162
vt 0.0215 0.314171
f 1967/2744/3603 1969/2746/3603 1968/2745/3603

v 1.84844 1.84053 0.168308
vt 0.030747 0.330968
vn 0.116877 -0.993121 0.00706677
f 1970/2747/3604 1969/2746/3604 1967/2744/3604

vt 0.468433 0.330968
vn 0.160729 0.831357 0.531989
vt 0.477702 0.31417
f 1970/2748/3605 1947/2718/3605 1969/2749/3605

vn 0.63341 0.740205 -0.225585
f 1970/2748/3606 1946/2717/3606 1947/2718/3606

vn 0.444361 -0.797268 -0.408541
f 1970/2747/3607 1967/2744/3607 1946/2742/3607

vn 0.180675 0.822856 0.538762
f 1947/2718/3608 1948/2719/3608 1969/2749/3608

vn -0.439115 0.61451 0.655405
f 1949/2720/3609 1969/2749/3609 1948/2719/3609

vn -0.34051 -0.914402 0.21891
f 1969/2746/3610 1949/2725/3610 1968/2745/3610

vn -0.501998 -0.657209 0.562205
f 1968/2745/3611 1949/2725/3611 1953/2726/3611

vn 0.698174 -0.59097 -0.404114
f 1953/2726/3612 1949/2725/3612 1952/2724/3612

vn 0.00619036 -0.987581 -0.15699
f 1968/2745/3613 1953/2726/3613 1966/2743/3613

vn 0.0438609 -0.996348 -0.073256
f 1966/2743/3614 1953/2726/3614 1954/2727/3614

vn -0.0396379 -0.999213 0.0014694
f 1966/2743/3615 1954/2727/3615 1957/2730/3615

vn -0.0314377 -0.999506 7.17485e-005
f 1961/2734/3616 1966/2743/3616 1957/2730/3616

vn -0.0946847 -0.992943 -0.0714021
f 1963/2737/3617 1966/2743/3617 1961/2734/3617

vn -0.0231405 -0.999581 -0.0173611
f 1961/2734/3618 1957/2730/3618 1959/2732/3618

vn -0.50823 -0.653127 0.561362
f 1941/2707/3619 1943/2735/3619 1940/2706/3619

vn -0.202952 -0.977331 0.0602949
f 1939/2705/3620 1940/2706/3620 1960/2733/3620

vn 0.168152 -0.906122 -0.38816
f 1939/2705/3621 1960/2733/3621 1935/2694/3621

vn 0.168152 -0.860588 0.480743
f 1934/2693/3622 1935/2694/3622 1960/2733/3622

vn -0.202954 -0.978279 0.0421915
f 1934/2693/3623 1960/2733/3623 1932/2690/3623

vn -0.225127 -0.973851 0.0305295
f 1932/2690/3624 1960/2733/3624 1958/2731/3624

vn -0.496618 -0.490458 -0.716115
f 1930/2691/3625 1932/2690/3625 1958/2731/3625

v 1.9377 1.80217 -0.540817
vt 0.179926 0.349117
vn 0.546358 -0.646217 0.532819
f 1971/2750/3626 1930/2691/3626 1958/2731/3626

v 2.00125 1.79883 -0.585059
vt 0.188311 0.360127
vn 0.29705 -0.820387 0.488596
f 1972/2751/3627 1930/2691/3627 1971/2750/3627

vt 0.310869 0.360127
vn 0.658415 0.719349 0.221422
v 1.94834 1.83596 -0.548335
vt 0.319253 0.349117
f 1972/2752/3628 1973/2753/3628 1930/2687/3628

vn 0.368895 0.864186 -0.342198
v 1.89831 1.83501 -0.604665
vt 0.308773 0.340658
f 1972/2752/3629 1974/2754/3629 1973/2753/3629

vn 0.369549 0.857457 -0.358052
v 1.93216 1.79748 -0.659602
vt 0.295893 0.347479
f 1972/2752/3630 1975/2755/3630 1974/2754/3630

vn -0.0218872 -0.999024 0.038363
v 1.88768 1.80086 -0.596943
vt 0.190407 0.340658
vt 0.203287 0.347479
f 1972/2751/3631 1976/2756/3631 1975/2757/3631

vn -0.022388 -0.998816 0.0431839
f 1972/2751/3632 1971/2750/3632 1976/2756/3632

vn -0.150806 -0.976002 0.157089
f 1971/2750/3633 1958/2731/3633 1976/2756/3633

vn -0.0946906 -0.980038 0.174813
f 1976/2756/3634 1958/2731/3634 1956/2729/3634

vn -0.476865 -0.660519 -0.579927
v 1.73639 1.85095 -0.529575
vt 0.176922 0.312647
f 1976/2756/3635 1956/2729/3635 1977/2758/3635

v 1.79705 1.79228 -0.674507
vt 0.209068 0.321584
vn 0.596565 -0.625496 0.502857
f 1978/2759/3636 1977/2758/3636 1956/2729/3636

v 1.84844 1.79406 -0.718424
vt 0.216993 0.330968
vn 0.444324 -0.75023 0.489623
f 1979/2760/3637 1977/2758/3637 1978/2759/3637

vt 0.282187 0.330968
vn 0.633429 0.75971 0.146997
v 1.80088 1.82792 -0.688449
vt 0.290102 0.321584
vt 0.322258 0.312647
f 1979/2761/3638 1980/2762/3638 1977/2763/3638

vn 0.16075 0.771188 -0.615977
v 1.75721 1.77911 -0.760948
vt 0.272939 0.31417
f 1979/2761/3639 1981/2764/3639 1980/2762/3639

vn 0.116864 -0.98842 0.0967959
vt 0.226262 0.314171
f 1979/2760/3640 1978/2759/3640 1981/2765/3640

vn 0.140785 -0.986345 0.0854561
v 1.73423 1.78048 -0.707319
vt 0.21518 0.311039
f 1978/2759/3641 1982/2766/3641 1981/2765/3641

vn 0.0417253 -0.962889 0.266652
f 1978/2759/3642 1956/2729/3642 1982/2766/3642

vn 0.00619119 -0.965762 0.259356
f 1982/2766/3643 1956/2729/3643 1955/2728/3643

vn -0.501982 -0.712404 -0.490402
v 1.55975 1.83029 -0.601071
vt 0.192898 0.279686
f 1982/2766/3644 1955/2728/3644 1983/2767/3644

v 1.59802 1.76213 -0.738883
vt 0.224017 0.28331
vn 0.698155 -0.545515 0.463673
f 1984/2768/3645 1983/2767/3645 1955/2728/3645

v 1.64912 1.76654 -0.786158
vt 0.232995 0.292444
vn 0.514688 -0.703099 0.490661
f 1985/2769/3646 1983/2767/3646 1984/2768/3646

vt 0.266245 0.292444
vn 0.47747 0.875771 -0.0710469
v 1.59833 1.79689 -0.753483
vt 0.275217 0.283311
vt 0.306321 0.279686
f 1985/2770/3647 1986/2771/3647 1983/2772/3647

vn -0.0344947 0.705032 -0.708336
v 1.53768 1.75216 -0.79505
vt 0.26441 0.272266
f 1986/2771/3648 1985/2770/3648 1987/2773/3648

vn 0.124615 -0.991313 0.0420758
vt 0.234831 0.272266
f 1985/2769/3649 1984/2768/3649 1987/2774/3649

vn 0.128438 -0.990993 0.0379111
v 1.52578 1.75227 -0.751774
vt 0.225668 0.271166
f 1984/2768/3650 1988/2775/3650 1987/2774/3650

vn 0.0707851 -0.943241 0.324477
f 1984/2768/3651 1955/2728/3651 1988/2775/3651

vn 0.11531 -0.938713 0.324842
v 1.30359 1.78273 -0.584881
vt 0.190145 0.233228
f 1988/2775/3652 1955/2728/3652 1989/2776/3652

vn 0.130593 -0.956824 0.25968
f 1955/2728/3653 1904/2657/3653 1989/2776/3653

vn 0.212643 -0.941376 0.261905
f 1989/2776/3654 1904/2657/3654 1901/2654/3654

vn 0.204588 -0.906195 0.370074
v 1.2579 1.69199 -0.781822
vt 0.233112 0.221149
f 1989/2776/3655 1901/2654/3655 1990/2777/3655

vn -0.311077 -0.944153 -0.108654
v 1.11396 1.7264 -0.668731
vt 0.208228 0.196159
f 1990/2777/3656 1901/2654/3656 1991/2778/3656

vn 0.648248 -0.673815 0.354611
v 1.09656 1.65505 -0.772493
vt 0.232001 0.189598
f 1991/2778/3657 1901/2654/3657 1992/2779/3657

vn 0.240789 -0.889289 0.388827
v 0.957557 1.61961 -0.767484
vt 0.230689 0.165293
f 1992/2779/3658 1901/2654/3658 1993/2780/3658

vn 0.258488 -0.889158 0.377601
f 1901/2654/3659 1903/2656/3659 1993/2780/3659

vn -0.542111 -0.818648 -0.189555
v 0.847369 1.6659 -0.65228
vt 0.204783 0.14685
f 1993/2780/3660 1903/2656/3660 1994/2781/3660

v 0.837212 1.5856 -0.760715
vt 0.229929 0.139866
vn 0.860212 -0.445021 0.248983
f 1995/2782/3661 1994/2781/3661 1903/2656/3661

v 0.876391 1.59245 -0.811756
vt 0.240155 0.146352
vn 0.649131 -0.639121 0.412497
f 1996/2783/3662 1994/2781/3662 1995/2782/3662

vt 0.25909 0.146352
vn 0.227924 0.899482 -0.372805
v 0.832848 1.61833 -0.775929
vt 0.269307 0.139865
vt 0.294441 0.146851
f 1996/2784/3663 1997/2785/3663 1994/2786/3663

vn -0.287193 0.576111 -0.765256
v 0.667601 1.5288 -0.781317
vt 0.265277 0.108178
f 1997/2785/3664 1996/2784/3664 1998/2787/3664

vn 0.304104 -0.946681 0.106375
vt 0.233964 0.108178
f 1996/2783/3665 1995/2782/3665 1998/2788/3665

vn 0.333541 -0.917663 -0.215975
v 0.684256 1.52507 -0.739785
vt 0.225926 0.112094
f 1995/2782/3666 1999/2789/3666 1998/2788/3666

vn 0.384921 -0.842489 0.376893
f 1995/2782/3667 1903/2656/3667 1999/2789/3667

vn 0.390411 -0.842114 0.372052
v 0.57722 1.56608 -0.534665
vt 0.18194 0.095666
f 1903/2656/3668 2000/2790/3668 1999/2789/3668

vn 0.388574 -0.893226 0.226179
v 0.808942 1.73373 -0.270678
vt 0.123764 0.147242
f 1903/2656/3669 2001/2791/3669 2000/2790/3669

vn 0.318415 -0.919841 0.229139
f 1902/2655/3670 2001/2791/3670 1903/2656/3670

vn 0.318414 -0.938754 -0.131732
v 0.822869 1.69538 0.0362321
vt 0.059126 0.143789
f 1902/2655/3671 2002/2792/3671 2001/2791/3671

vn 0.262625 -0.948439 -0.177457
f 1905/2658/3672 2002/2792/3672 1902/2655/3672

vn 0.258483 -0.923757 -0.282594
v 0.957557 1.67216 0.235334
vt 0.01711 0.165293
f 1905/2658/3673 2003/2793/3673 2002/2792/3673

v 1.09656 1.70794 0.236612
vt 0.015799 0.189598
vn 0.240798 -0.92506 -0.293736
f 2004/2794/3674 2003/2793/3674 1905/2658/3674

vn 0.249254 -0.968438 0.00101994
v 0.948525 1.66989 0.284371
vt 0.007244 0.162667
f 2004/2794/3675 2005/2795/3675 2003/2793/3675

v 1.13984 1.71797 0.289082
vt 0.005208 0.196846
vn 0.24411 -0.969618 -0.0158634
f 2006/2796/3676 2005/2795/3676 2004/2794/3676

vt 0.494038 0.196846
vn -0.197722 0.721615 0.663459
v 1.09342 1.74272 0.248331
vt 0.48344 0.189598
vt 0.492001 0.162667
f 2006/2797/3677 2007/2798/3677 2005/2799/3677

vn 0.284419 0.928223 0.239807
v 1.11396 1.76805 0.125961
vt 0.459668 0.196159
f 2006/2797/3678 2008/2800/3678 2007/2798/3678

vn 0.566956 -0.757955 -0.322591
vt 0.039558 0.196159
f 2006/2796/3679 2004/2794/3679 2008/2801/3679

vn 0.648258 -0.707184 -0.28223
f 2008/2801/3680 2004/2794/3680 1905/2658/3680

vn -0.311092 -0.927616 0.206763
f 1907/2660/3681 2008/2801/3681 1905/2658/3681

vn -0.119353 -0.991902 -0.0434199
f 1909/2662/3682 2008/2801/3682 1907/2660/3682

vn -0.593761 0.526763 0.608251
f 1917/2674/3683 2008/2800/3683 1909/2666/3683

vn -0.612098 0.472264 0.634273
f 1918/2675/3684 2008/2800/3684 1917/2674/3684

vn 0.401764 0.881032 0.249737
f 2008/2800/3685 1918/2675/3685 2007/2798/3685

vn -0.238776 0.910514 0.337565
v 0.954301 1.70692 0.246505
vt 0.482129 0.165293
f 2007/2798/3686 1918/2675/3686 2009/2802/3686

vn -0.255173 0.909772 0.327417
v 0.818926 1.74048 0.0477528
vt 0.440105 0.143789
f 1918/2675/3687 2010/2803/3687 2009/2802/3687

vn -0.263603 0.953795 0.14418
v 0.828485 1.78805 -0.249457
vt 0.383282 0.147243
f 1918/2675/3688 2011/2804/3688 2010/2803/3688

vn -0.266471 0.952637 0.146549
f 1918/2675/3689 1919/2676/3689 2011/2804/3689

vn -0.235232 0.866876 0.439536
v 1.04905 1.86207 -0.277404
vt 0.375202 0.190506
f 1919/2676/3690 2012/2805/3690 2011/2804/3690

v 1.27892 1.90747 -0.279784
vt 0.375202 0.231041
vn -0.171124 0.888679 0.425402
f 2013/2806/3691 2012/2805/3691 1919/2676/3691

vn -0.171122 0.839323 -0.515999
v 1.05716 1.85054 -0.298849
vt 0.367829 0.190507
f 2013/2806/3692 2014/2807/3692 2012/2805/3692

v 1.28398 1.89711 -0.295399
vt 0.369605 0.231041
vn -0.155246 0.799159 -0.580727
f 2015/2808/3693 2014/2807/3693 2013/2806/3693

v 1.30259 1.82807 -0.599519
vt 0.309083 0.233228
vn -0.192467 0.954351 -0.228409
f 2016/2809/3694 2014/2807/3694 2015/2808/3694

vn -0.215403 0.944921 -0.246427
v 1.06965 1.77481 -0.600141
vt 0.308512 0.190272
f 2016/2809/3695 2017/2810/3695 2014/2807/3695

vn -0.202065 0.888522 -0.411944
v 1.25592 1.72604 -0.796699
vt 0.266127 0.221149
f 2016/2809/3696 2018/2811/3696 2017/2810/3696

v 1.36384 1.7521 -0.787578
vt 0.266988 0.23884
vn -0.179686 0.8904 -0.418212
f 2019/2812/3697 2018/2811/3697 2016/2809/3697

vn -0.0914328 0.644323 -0.759268
v 1.26419 1.68344 -0.833844
vt 0.257046 0.221214
f 2019/2812/3698 2020/2813/3698 2018/2811/3698

vn -0.0744702 0.629333 -0.773559
v 1.40931 1.72043 -0.817728
vt 0.258628 0.246995
f 2019/2812/3699 2021/2814/3699 2020/2813/3699

vn 0.48234 0.858427 -0.174504
v 1.34794 1.79067 -0.641797
vt 0.297019 0.240019
f 2021/2814/3700 2019/2812/3700 2022/2815/3700

vn 0.534045 0.829922 -0.161324
f 2019/2812/3701 2016/2809/3701 2022/2815/3701

vn -0.549862 0.238211 -0.800567
v 1.52603 1.78709 -0.765183
vt 0.273567 0.271166
f 2016/2809/3702 2023/2816/3702 2022/2815/3702

vn -0.101763 0.925004 -0.366076
v 1.51873 1.86721 -0.560708
vt 0.317579 0.272836
f 2023/2816/3703 2016/2809/3703 2024/2817/3703

vn -0.133881 0.964613 -0.227152
f 2024/2817/3704 2016/2809/3704 2015/2808/3704

vn -0.083967 0.979215 -0.18463
v 1.50422 1.9166 -0.292186
vt 0.372059 0.270649
f 2024/2817/3705 2015/2808/3705 2025/2818/3705

v 1.50459 1.92543 -0.280726
vt 0.375236 0.270649
vn -0.0611921 0.791645 -0.607909
f 2026/2819/3706 2025/2818/3706 2015/2808/3706

vn 0.0216435 0.791658 -0.610581
f 1924/2681/3707 2025/2818/3707 2026/2819/3707

v 1.68866 1.88721 -0.485816
vt 0.332984 0.303525
vn -0.0197323 0.985526 -0.168371
f 2027/2820/3708 2025/2818/3708 1924/2681/3708

vn -0.0351509 0.982557 -0.182607
f 2027/2820/3709 2024/2817/3709 2025/2818/3709

v 1.73807 1.81611 -0.721164
vt 0.28397 0.31104
vn 0.0135537 0.957969 -0.28655
f 2028/2821/3710 2024/2817/3710 2027/2820/3710

vn -0.515595 0.303283 -0.801362
f 2024/2817/3711 2028/2821/3711 1983/2772/3711

vn -0.439107 0.542654 -0.716039
f 1983/2772/3712 2028/2821/3712 1981/2764/3712

vn 0.18067 0.762039 -0.621816
f 1980/2762/3713 1981/2764/3713 2028/2821/3713

vn -0.0263307 0.955398 -0.294146
f 1980/2762/3714 2028/2821/3714 2027/2820/3714

vn 0.6949 0.695903 0.181199
f 1980/2762/3715 2027/2820/3715 1977/2763/3715

vn -0.310767 0.537196 -0.78412
f 2027/2820/3716 1974/2754/3716 1977/2763/3716

vn 0.118772 0.969118 -0.216111
f 1974/2754/3717 2027/2820/3717 1928/2685/3717

vn 0.0619849 0.986138 -0.153916
f 1928/2685/3718 2027/2820/3718 1924/2681/3718

vn 0.0536519 0.9838 -0.171054
f 1928/2685/3719 1924/2681/3719 1926/2683/3719

vn 0.196983 0.96159 -0.191162
f 1973/2753/3720 1974/2754/3720 1928/2685/3720

vn 0.747375 0.598525 0.288441
f 1973/2753/3721 1928/2685/3721 1930/2687/3721

vn -0.224605 0.734628 -0.640215
f 1975/2755/3722 1977/2763/3722 1974/2754/3722

vn -0.398049 -0.88684 -0.234674
f 1975/2757/3723 1976/2756/3723 1977/2758/3723

vn -0.340506 -0.932275 -0.122145
f 1981/2765/3724 1982/2766/3724 1983/2767/3724

vn 0.673765 0.738895 0.00863504
f 1986/2771/3725 2024/2817/3725 1983/2772/3725

vn -0.0665107 0.928206 -0.366073
f 1986/2771/3726 2023/2816/3726 2024/2817/3726

vn 0.0331947 0.65584 -0.75417
f 1986/2771/3727 1987/2773/3727 2023/2816/3727

vn -0.499087 0.461013 -0.733743
f 2022/2815/3728 2023/2816/3728 1987/2773/3728

vn -0.24942 -0.966145 -0.0659867
vt 0.202204 0.240019
f 1987/2774/3729 1988/2775/3729 2022/2822/3729

vn -0.448255 -0.768546 -0.456513
f 1988/2775/3730 1989/2776/3730 2022/2822/3730

v 1.36581 1.71835 -0.772528
vt 0.231675 0.239507
vn 0.661858 -0.613979 0.430085
f 2029/2823/3731 2022/2822/3731 1989/2776/3731

vt 0.240615 0.246996
vn 0.519215 -0.715817 0.466929
f 2021/2824/3732 2022/2822/3732 2029/2823/3732

vn 0.22517 -0.958881 0.17276
vt 0.243201 0.221215
f 2021/2824/3733 2029/2823/3733 2020/2825/3733

vn 0.218332 -0.958405 0.183823
f 2029/2823/3734 1990/2777/3734 2020/2825/3734

vn 0.18955 -0.907739 0.374275
f 2029/2823/3735 1989/2776/3735 1990/2777/3735

vn -0.119361 -0.981931 0.146846
f 2020/2825/3736 1990/2777/3736 1991/2778/3736

vt 0.290998 0.196159
vn -0.593783 0.460257 -0.659989
f 1991/2826/3737 2018/2811/3737 2020/2813/3737

vn -0.612108 0.403367 -0.680161
f 2017/2810/3738 2018/2811/3738 1991/2826/3738

vn 0.401769 0.8501 -0.340458
v 1.09342 1.68842 -0.787784
vt 0.267238 0.189598
f 1991/2826/3739 2030/2827/3739 2017/2810/3739

v 1.13984 1.65955 -0.825726
vt 0.256646 0.196846
vn 0.284427 0.898071 -0.335515
f 2031/2828/3740 2030/2827/3740 1991/2826/3740

vn -0.197731 0.648313 -0.73525
v 0.948525 1.61222 -0.816013
vt 0.258684 0.162667
f 2030/2827/3741 2031/2828/3741 2032/2829/3741

vt 0.242599 0.196846
vn 0.244119 -0.962645 0.117136
vt 0.240561 0.162667
f 2031/2830/3742 1992/2779/3742 2032/2831/3742

vn 0.566962 -0.72008 0.400049
f 2031/2830/3743 1991/2778/3743 1992/2779/3743

vn 0.249249 -0.963235 0.100268
f 1992/2779/3744 1993/2780/3744 2032/2831/3744

vn -0.209701 -0.960065 0.185205
f 1993/2780/3745 1994/2781/3745 2032/2831/3745

vn -0.61593 0.552438 -0.561643
v 0.954301 1.65301 -0.782226
vt 0.268549 0.165293
f 2032/2829/3746 1994/2786/3746 2033/2832/3746

vn -0.661542 0.462553 -0.59026
v 0.818926 1.70715 -0.588071
vt 0.310566 0.143789
f 2033/2832/3747 1994/2786/3747 2034/2833/3747

vn 0.388268 0.843897 -0.370252
f 1994/2786/3748 1997/2785/3748 2034/2833/3748

vn -0.343726 0.838852 -0.422113
v 0.679788 1.56617 -0.754946
vt 0.273308 0.112094
f 1997/2785/3749 2035/2834/3749 2034/2833/3749

vn -0.308711 0.613515 -0.72684
f 1997/2785/3750 1998/2787/3750 2035/2834/3750

vn -0.62879 0.574649 -0.523834
v 0.596072 1.57885 -0.640545
vt 0.296026 0.097754
f 1998/2787/3751 2036/2835/3751 2035/2834/3751

vn -0.43777 -0.894006 0.0954521
vt 0.203154 0.097753
f 1999/2789/3752 2036/2836/3752 1998/2788/3752

vn -0.667463 -0.715807 -0.205214
f 1999/2789/3753 2000/2790/3753 2036/2836/3753

v 0.568701 1.49654 -0.696874
vt 0.216526 0.087007
vn 0.915773 -0.384379 0.116672
f 2037/2837/3754 2036/2836/3754 2000/2790/3754

v 0.601703 1.51632 -0.761469
vt 0.229487 0.092684
vn 0.835515 -0.471234 0.282582
f 2038/2838/3755 2036/2836/3755 2037/2837/3755

vt 0.269751 0.092684
vn -0.096215 0.882313 -0.460723
v 0.558749 1.53853 -0.709971
vt 0.282706 0.087008
f 2038/2839/3756 2039/2840/3756 2036/2835/3756

vn -0.503292 0.557522 -0.660202
v 0.339829 1.41092 -0.650839
vt 0.292045 0.043842
f 2039/2840/3757 2038/2839/3757 2040/2841/3757

vn 0.326526 -0.937509 -0.12024
vt 0.207182 0.043842
f 2038/2838/3758 2037/2837/3758 2040/2842/3758

vn 0.280115 -0.911205 -0.30206
v 0.358546 1.40064 -0.60245
vt 0.197025 0.048172
f 2037/2837/3759 2041/2843/3759 2040/2842/3759

vn 0.507886 -0.801087 0.31672
f 2000/2790/3760 2041/2843/3760 2037/2837/3760

vn 0.575424 -0.809203 0.118651
v 0.16471 1.29811 -0.36165
vt 0.146686 0.005983
f 2000/2790/3761 2042/2844/3761 2041/2843/3761

v 0.581688 1.60704 -0.264038
vt 0.123763 0.097639
vn 0.574219 -0.81083 0.113256
f 2043/2845/3762 2042/2844/3762 2000/2790/3762

vn 0.586974 -0.80806 0.050003
v 0.156046 1.29885 -0.247887
vt 0.123764 0.005983
f 2043/2845/3763 2044/2846/3763 2042/2844/3763

vn 0.586974 -0.808861 0.0347309
v 0.16471 1.31 -0.134669
vt 0.100911 0.005983
f 2043/2845/3764 2045/2847/3764 2044/2846/3764

vn 0.574219 -0.818227 -0.0278847
v 0.57722 1.59459 0.00938621
vt 0.065858 0.095666
f 2043/2845/3765 2046/2848/3765 2045/2847/3765

vn 0.485957 -0.873402 -0.03184
f 2001/2791/3766 2046/2848/3766 2043/2845/3766

vn 0.388581 -0.911973 -0.13157
f 2002/2792/3767 2046/2848/3767 2001/2791/3767

vn 0.390418 -0.876388 -0.281988
v 0.684256 1.57525 0.217669
vt 0.021869 0.112094
f 2002/2792/3768 2047/2849/3768 2046/2848/3768

v 0.837212 1.63763 0.232158
vt 0.017868 0.139866
vn 0.384924 -0.877267 -0.286767
f 2048/2850/3769 2047/2849/3769 2002/2792/3769

vn 0.333545 -0.890062 0.310704
v 0.667601 1.58329 0.258585
vt 0.013838 0.108178
f 2048/2850/3770 2049/2851/3770 2047/2849/3770

v 0.876391 1.64978 0.282204
vt 0.00765 0.146352
vn 0.30411 -0.952612 -0.00682878
f 2050/2852/3771 2049/2851/3771 2048/2850/3771

v 0.832848 1.67177 0.243869
vt 0.481369 0.139865
vn -0.287199 0.652949 0.700839
vt 0.485403 0.108178
vt 0.491594 0.146352
f 2051/2853/3772 2049/2854/3772 2050/2855/3772

vn -0.308699 0.686106 0.658759
v 0.679788 1.61771 0.228452
vt 0.477365 0.112094
f 2051/2853/3773 2052/2856/3773 2049/2854/3773

vn -0.343715 0.878383 0.332119
f 2051/2853/3774 2010/2803/3774 2052/2856/3774

v 0.847369 1.70616 0.115923
vt 0.456222 0.146851
vn 0.388206 0.877998 0.280027
f 2053/2857/3775 2010/2803/3775 2051/2853/3775

vn -0.661511 0.521765 0.538669
f 2010/2803/3776 2053/2857/3776 2009/2802/3776

vn -0.615889 0.608173 0.500806
f 2053/2857/3777 2005/2799/3777 2009/2802/3777

vn -0.209764 -0.974155 -0.0837931
vt 0.043002 0.14685
f 2003/2793/3778 2005/2795/3778 2053/2858/3778

vn -0.54213 -0.794333 0.2741
f 2003/2793/3779 2053/2858/3779 2002/2792/3779

vn 0.860219 -0.468596 -0.2011
f 2002/2792/3780 2053/2858/3780 2048/2850/3780

vn 0.649144 -0.678724 -0.343432
f 2050/2852/3781 2048/2850/3781 2053/2858/3781

vn 0.227883 0.933529 0.276755
f 2050/2855/3782 2053/2857/3782 2051/2853/3782

vn -0.193103 0.716058 0.6708
f 2007/2798/3783 2009/2802/3783 2005/2799/3783

vn -0.32284 0.879718 0.3491
v 0.560766 1.6559 0.0221487
vt 0.43338 0.095666
f 2010/2803/3784 2054/2859/3784 2052/2856/3784

vn -0.318084 0.943847 0.089303
v 0.552493 1.67818 -0.242859
vt 0.383452 0.097639
f 2010/2803/3785 2055/2860/3785 2054/2859/3785

vn -0.36361 0.921598 0.135811
f 2011/2804/3786 2055/2860/3786 2010/2803/3786

vn -0.326553 0.845698 0.422088
v 0.820379 1.79717 -0.274003
vt 0.375202 0.147242
f 2011/2804/3787 2056/2861/3787 2055/2860/3787

vn -0.24372 0.880077 0.407511
f 2012/2805/3788 2056/2861/3788 2011/2804/3788

vn -0.243727 0.83269 -0.497216
v 0.828485 1.78553 -0.297462
vt 0.367353 0.147243
f 2012/2805/3789 2057/2862/3789 2056/2861/3789

vn -0.235215 0.816168 -0.527772
f 2014/2807/3790 2057/2862/3790 2012/2805/3790

vn -0.266459 0.932103 -0.245322
f 2017/2810/3791 2057/2862/3791 2014/2807/3791

vn -0.263602 0.933499 -0.243094
f 2017/2810/3792 2034/2833/3792 2057/2862/3792

vn -0.255171 0.870569 -0.42071
f 2017/2810/3793 2033/2832/3793 2034/2833/3793

vn -0.238762 0.870246 -0.430888
f 2030/2827/3794 2033/2832/3794 2017/2810/3794

vn -0.193077 0.641971 -0.742021
f 2030/2827/3795 2032/2829/3795 2033/2832/3795

vn -0.363614 0.902351 -0.231404
v 0.552493 1.67558 -0.292539
vt 0.367098 0.097639
f 2057/2862/3796 2034/2833/3796 2058/2863/3796

vn -0.318085 0.929341 -0.187475
v 0.560766 1.62571 -0.553766
vt 0.317297 0.095666
f 2034/2833/3797 2059/2864/3797 2058/2863/3797

vn -0.322841 0.838405 -0.439148
f 2034/2833/3798 2035/2834/3798 2059/2864/3798

vn -0.668367 0.506019 -0.545188
f 2035/2834/3799 2036/2835/3799 2059/2864/3799

vn -0.0376797 0.872781 -0.486655
f 2036/2835/3800 2039/2840/3800 2059/2864/3800

vn -0.464785 0.775687 -0.426948
v 0.348338 1.46309 -0.617974
vt 0.3022 0.048172
f 2059/2864/3801 2039/2840/3801 2060/2865/3801

vn -0.491794 0.520154 -0.698268
f 2039/2840/3802 2040/2841/3802 2060/2865/3802

vn -0.678309 0.467692 -0.56671
v 0.0966648 1.34324 -0.415646
vt 0.336118 0.005983
f 2040/2841/3803 2061/2866/3803 2060/2865/3803

vn 0.0514677 -0.97261 -0.226672
vt 0.163084 0.005983
f 2041/2843/3804 2061/2867/3804 2040/2842/3804

vn -0.168907 -0.850509 -0.498102
f 2041/2843/3805 2042/2844/3805 2061/2867/3805

vn -0.682421 0.346418 -0.643659
v 0.08631 1.42122 -0.362699
vt 0.35235 0.005983
f 2060/2865/3806 2061/2866/3806 2062/2868/3806

vn -0.489955 0.787562 -0.373751
f 2059/2864/3807 2060/2865/3807 2062/2868/3807

vn -0.449884 0.874515 -0.181183
f 2059/2864/3808 2062/2868/3808 2058/2863/3808

vn -0.441567 0.869905 -0.219735
v 0.0790158 1.4382 -0.28082
vt 0.365953 0.005983
f 2058/2863/3809 2062/2868/3809 2063/2869/3809

vn -0.363511 0.694404 -0.621017
v 0.0740908 1.45763 -0.25621
vt 0.375202 0.005983
f 2058/2863/3810 2063/2869/3810 2064/2870/3810

vn -0.393978 0.785145 -0.477837
v 0.544571 1.68642 -0.268199
vt 0.375202 0.097639
f 2058/2863/3811 2064/2870/3811 2065/2871/3811

vn -0.393978 0.830787 0.393159
f 2055/2860/3812 2065/2871/3812 2064/2870/3812

vn -0.336979 0.859365 0.384625
f 2056/2861/3813 2065/2871/3813 2055/2860/3813

vn -0.33698 0.814458 -0.472338
f 2056/2861/3814 2058/2863/3814 2065/2871/3814

vn -0.326568 0.796973 -0.508122
f 2057/2862/3815 2058/2863/3815 2056/2861/3815

vn -0.363515 0.755517 0.545023
v 0.0790158 1.44088 -0.229701
vt 0.384456 0.005983
f 2055/2860/3816 2064/2870/3816 2066/2872/3816

vn -0.441571 0.888109 0.127582
v 0.08631 1.43255 -0.146496
vt 0.398125 0.005983
f 2055/2860/3817 2066/2872/3817 2067/2873/3817

vn -0.449884 0.888664 0.0887767
f 2054/2859/3818 2055/2860/3818 2067/2873/3818

vn -0.489956 0.822316 0.289379
v 0.348338 1.50087 0.103006
vt 0.448464 0.048172
f 2054/2859/3819 2067/2873/3819 2068/2874/3819

vn -0.682423 0.4118 0.60392
v 0.0966648 1.36054 -0.0856887
vt 0.414524 0.005983
f 2067/2873/3820 2069/2875/3820 2068/2874/3820

vn -0.678311 0.524365 0.514719
v 0.339829 1.45243 0.141144
vt 0.458622 0.043842
f 2069/2875/3821 2070/2876/3821 2068/2874/3821

v 0.358546 1.43714 0.0940931
vt 0.050761 0.048172
vn 0.0514792 -0.943592 0.327084
vt 0.040605 0.043842
vt 0.084679 0.005983
f 2071/2877/3822 2070/2878/3822 2069/2879/3822

v 0.568701 1.54239 0.177977
vt 0.031267 0.087007
vn 0.280122 -0.874644 0.395637
f 2072/2880/3823 2070/2878/3823 2071/2877/3823

v 0.601703 1.56882 0.240149
vt 0.018312 0.092684
vn 0.326524 -0.919801 0.217597
f 2073/2881/3824 2070/2878/3824 2072/2880/3824

vt 0.480927 0.092684
vn -0.503292 0.623464 0.598322
v 0.558749 1.58552 0.186612
vt 0.467965 0.087008
f 2073/2882/3825 2074/2883/3825 2070/2876/3825

vn -0.0961754 0.925648 0.36596
v 0.596072 1.61836 0.113351
vt 0.454593 0.097754
f 2073/2882/3826 2075/2884/3826 2074/2883/3826

vt 0.044587 0.097753
vn 0.835514 -0.498195 -0.231771
f 2075/2885/3827 2073/2881/3827 2072/2880/3827

vn 0.915772 -0.394471 -0.0758502
f 2046/2848/3828 2075/2885/3828 2072/2880/3828

vn -0.667468 -0.690428 0.278918
f 2047/2849/3829 2075/2885/3829 2046/2848/3829

vn -0.437766 -0.899088 -0.00148469
f 2047/2849/3830 2049/2851/3830 2075/2885/3830

vn -0.628815 0.626228 0.460901
f 2075/2884/3831 2049/2854/3831 2052/2856/3831

vn -0.668392 0.560201 0.489312
f 2054/2859/3832 2075/2884/3832 2052/2856/3832

vn -0.0376264 0.918875 0.392751
f 2075/2884/3833 2054/2859/3833 2074/2883/3833

vn -0.464789 0.816068 0.343519
f 2054/2859/3834 2068/2874/3834 2074/2883/3834

vn -0.491796 0.59029 0.640074
f 2074/2883/3835 2068/2874/3835 2070/2876/3835

vn 0.507885 -0.829808 -0.231239
f 2046/2848/3836 2072/2880/3836 2071/2877/3836

vn 0.575422 -0.817174 -0.0334086
f 2046/2848/3837 2071/2877/3837 2045/2847/3837

vn -0.168913 -0.793777 0.584283
f 2071/2877/3838 2069/2879/3838 2045/2847/3838

vn 0.485958 -0.86529 0.122956
f 2001/2791/3839 2043/2845/3839 2000/2790/3839

vn 0.0216455 0.851236 0.524336
f 1924/2681/3840 2026/2819/3840 1922/2679/3840

vn -0.0612074 0.850943 0.52168
f 2026/2819/3841 1920/2677/3841 1922/2679/3841

vn -0.0676839 0.875771 0.477958
f 2026/2819/3842 2013/2806/3842 1920/2677/3842

vn -0.0676897 0.821008 -0.56689
f 2026/2819/3843 2015/2808/3843 2013/2806/3843

vn -0.155241 0.855488 0.494004
f 1920/2677/3844 2013/2806/3844 1919/2676/3844

vn -0.0914781 0.720178 0.687732
f 1911/2665/3845 1917/2674/3845 1909/2666/3845

vn 0.275791 0.960841 -0.0269203
f 1942/2713/3846 1927/2684/3846 1925/2682/3846

vn 0.264499 0.964156 -0.0210826
f 1937/2702/3847 1927/2684/3847 1942/2713/3847

g Mesh19 Component_4_1 skp7E49_1 Model

v 0.501495 1.59201 0.33811
vt 0.729952 0.478903
vn 0.169203 -0.911565 0.374726
v 0.438026 1.56718 0.306365
vt 0.71699 0.473226
v 0.396535 1.46741 0.0824062
vt 0.707647 0.430061
f 2076/2886/3848 2077/2887/3848 2078/2888/3848

v 0.377464 1.64775 0.32955
vt 0.703618 0.483973
vn -0.257518 -0.440961 0.85979
f 2079/2889/3849 2077/2887/3849 2076/2886/3849

vn -0.0963962 -0.34148 0.934933
v 0.272397 1.62849 0.311681
vt 0.682405 0.481886
f 2079/2889/3850 2080/2890/3850 2077/2887/3850

v 0.479384 1.60392 0.420152
vt 0.726391 0.498314
vn 0.242412 -0.738024 -0.629727
f 2081/2891/3851 2080/2890/3851 2079/2889/3851

vn -0.32747 -0.838818 0.434911
v 0.304483 1.74046 0.5518
vt 0.68913 0.530009
f 2081/2891/3852 2082/2892/3852 2080/2890/3852

v 0.497119 1.67338 0.569679
vt 0.730394 0.526085
vn -0.332278 -0.839731 0.429469
f 2083/2893/3853 2082/2892/3853 2081/2891/3853

v 0.38463 1.74832 0.57592
vt 0.705247 0.53307
vn -0.225336 -0.411747 0.883
f 2084/2894/3854 2082/2892/3854 2083/2893/3854

v 0.502097 1.71395 0.688061
vt 0.731154 0.551514
vn 0.232107 -0.834902 -0.499065
f 2085/2895/3855 2082/2892/3855 2084/2894/3855

vn -0.330544 -0.892931 0.305638
v 0.314152 1.82097 0.797479
vt 0.691185 0.576491
f 2085/2895/3856 2086/2896/3856 2082/2892/3856

v 0.505244 1.75683 0.825012
vt 0.732466 0.575818
vn -0.34175 -0.894575 0.287997
f 2087/2897/3857 2086/2896/3857 2085/2895/3857

v 0.397891 1.82347 0.838939
vt 0.708693 0.582379
vn -0.318856 -0.656547 0.683577
f 2088/2898/3858 2086/2896/3858 2087/2897/3858

v 0.512628 1.8026 0.984169
vt 0.733576 0.607368
vn 0.15795 -0.952158 -0.261623
f 2089/2899/3859 2086/2896/3859 2088/2898/3859

vn -0.322136 -0.912347 0.252689
v 0.311206 1.88519 1.0256
vt 0.690609 0.619448
f 2089/2899/3860 2090/2900/3860 2086/2896/3860

vn -0.326253 -0.914895 0.237753
v 0.501968 1.83405 1.09057
vt 0.73214 0.625727
f 2089/2899/3861 2091/2901/3861 2090/2900/3861

v 0.565026 1.79712 0.990755
vt 0.743666 0.607434
vn -0.133465 -0.953957 0.268614
f 2092/2902/3862 2091/2901/3862 2089/2899/3862

vn -0.122338 -0.953493 0.275472
v 0.546997 1.84076 1.13379
vt 0.74108 0.633215
f 2092/2902/3863 2093/2903/3863 2091/2901/3863

vt 0.75564 0.607434
vn 0.739573 0.664127 -0.109393
v 0.515231 1.8684 1.08681
vt 0.765583 0.62506
vt 0.757223 0.633215
f 2092/2904/3864 2094/2905/3864 2093/2906/3864

v 0.525701 1.83723 0.980374
vt 0.764721 0.607369
vn 0.724513 0.677445 -0.127081
f 2095/2907/3865 2094/2905/3865 2092/2904/3865

vn 0.371032 0.900414 -0.227135
v 0.323451 1.93112 1.02219
vt 0.807677 0.619448
f 2095/2907/3866 2096/2908/3866 2094/2905/3866

vn 0.364877 0.897046 -0.249346
v 0.326862 1.86585 0.792345
vt 0.807106 0.576492
f 2095/2907/3867 2097/2909/3867 2096/2908/3867

vn 0.658119 0.405787 -0.634205
vt 0.789592 0.582379
f 2097/2909/3868 2095/2907/3868 2088/2910/3868

vn 0.635003 0.462414 -0.618826
f 2088/2910/3869 2095/2907/3869 2092/2904/3869

vn -0.0953239 -0.993161 -0.0674193
f 2092/2902/3870 2089/2899/3870 2088/2898/3870

v 0.51877 1.79075 0.820087
vt 0.765833 0.575817
vn 0.295505 0.886595 0.355846
f 2098/2911/3871 2097/2909/3871 2088/2910/3871

vn 0.384752 0.877883 -0.285108
v 0.515071 1.74786 0.683024
vt 0.767143 0.551513
f 2098/2911/3872 2099/2912/3872 2097/2909/3872

v 0.550949 1.70864 0.679295
vt 0.757278 0.548886
vn 0.707365 0.668924 -0.228421
f 2100/2913/3873 2099/2912/3873 2098/2911/3873

vt 0.793035 0.53307
vn 0.531951 0.548086 -0.645469
f 2084/2914/3874 2099/2912/3874 2100/2913/3874

v 0.318348 1.78462 0.545536
vt 0.809159 0.530009
vn 0.565243 0.457538 -0.686411
f 2101/2915/3875 2099/2912/3875 2084/2914/3875

vn 0.374579 0.876816 -0.30147
f 2099/2912/3876 2101/2915/3876 2097/2909/3876

vn 0.1939 0.929853 -0.312691
v 0.0240352 1.8481 0.551779
vt 0.865948 0.533462
f 2097/2909/3877 2101/2915/3877 2102/2916/3877

vn 0.183856 0.892941 -0.410918
v 0.0248739 1.72374 0.28193
vt 0.865692 0.483858
f 2101/2915/3878 2103/2917/3878 2102/2916/3878

vn 0.138575 0.919944 -0.366743
v 0.288351 1.6881 0.292082
vt 0.815891 0.481885
f 2101/2915/3879 2104/2918/3879 2103/2917/3879

v 0.492374 1.64547 0.413499
vt 0.771903 0.498314
vn 0.394657 0.842164 -0.367431
f 2105/2919/3880 2104/2918/3880 2101/2915/3880

vn 0.517942 0.498164 -0.695391
vt 0.794621 0.483972
f 2104/2918/3881 2105/2919/3881 2079/2920/3881

vn 0.493038 0.567527 -0.659413
v 0.520664 1.60893 0.40321
vt 0.763871 0.494398
f 2079/2920/3882 2105/2919/3882 2106/2921/3882

vn 0.693756 0.633652 -0.342326
v 0.510598 1.70659 0.563568
vt 0.767902 0.526085
f 2106/2921/3883 2105/2919/3883 2107/2922/3883

vn 0.377645 0.84063 -0.388235
f 2107/2922/3884 2105/2919/3884 2101/2915/3884

vn 0.32558 0.881242 0.342652
f 2107/2922/3885 2101/2915/3885 2084/2914/3885

v 0.547731 1.68493 0.608307
vt 0.757684 0.532571
vn 0.325223 0.928438 0.179537
f 2108/2923/3886 2107/2922/3886 2084/2914/3886

vn 0.734045 0.599511 -0.319006
f 2106/2921/3887 2107/2922/3887 2108/2923/3887

vt 0.74062 0.532572
vn -0.0566932 -0.933732 0.353455
vt 0.734429 0.494398
f 2108/2924/3888 2083/2893/3888 2106/2925/3888

vn -0.378493 -0.624956 0.682768
f 2084/2894/3889 2083/2893/3889 2108/2924/3889

vn 0.263751 -0.886392 0.380453
f 2106/2925/3890 2083/2893/3890 2081/2891/3890

vn -0.0485257 -0.919446 -0.390211
f 2106/2925/3891 2081/2891/3891 2079/2889/3891

v 0.448907 1.60921 0.294196
vt 0.7813 0.473227
vn 0.440299 0.893858 -0.0845844
f 2109/2926/3892 2104/2918/3892 2079/2920/3892

vn 0.385753 0.771558 -0.505858
v 0.360985 1.51816 0.0882688
vt 0.800794 0.434391
f 2109/2926/3893 2110/2927/3893 2104/2918/3893

vt 0.790639 0.430061
vn 0.670085 0.529488 -0.52022
f 2078/2928/3894 2110/2927/3894 2109/2926/3894

vn 0.54145 0.460538 -0.703375
v 0.165205 1.3749 -0.156243
vt 0.834712 0.392203
f 2110/2927/3895 2078/2928/3895 2111/2929/3895

vn 0.277265 -0.955406 0.101609
v 0.34875 1.4556 0.10177
vt 0.69749 0.434391
vt 0.663549 0.392203
f 2078/2888/3896 2112/2930/3896 2111/2931/3896

vn 0.349341 -0.878263 0.326519
f 2077/2887/3897 2112/2930/3897 2078/2888/3897

vn -0.274362 -0.788867 0.549923
f 2077/2887/3898 2080/2890/3898 2112/2930/3898

vn -0.0761413 -0.783073 0.617251
v 0.113646 1.33062 -0.0857847
vt 0.647151 0.392203
f 2112/2930/3899 2080/2890/3899 2113/2932/3899

vn -0.0706614 -0.784479 0.616116
v 0 1.65543 0.314744
vt 0.624229 0.483859
f 2080/2890/3900 2114/2933/3900 2113/2932/3900

vn -0.0774976 -0.843905 0.530865
v 0 1.79401 0.535046
vt 0.624229 0.533462
f 2080/2890/3901 2115/2934/3901 2114/2933/3901

vn -0.17913 -0.882261 0.435348
f 2082/2892/3902 2115/2934/3902 2080/2890/3902

vn -0.180693 -0.912635 0.366672
v 0 1.89163 0.778025
vt 0.624229 0.576726
f 2082/2892/3903 2116/2935/3903 2115/2934/3903

vn -0.226852 -0.922821 0.311352
f 2086/2896/3904 2116/2935/3904 2082/2892/3904

vn -0.22716 -0.943686 0.240531
v 0 1.94792 0.998835
vt 0.624229 0.617261
f 2086/2896/3905 2117/2936/3905 2116/2935/3905

vn -0.212281 -0.941355 0.262274
f 2086/2896/3906 2090/2900/3906 2117/2936/3906

vn -0.209251 -0.96094 0.181133
v 0.270175 1.93392 1.2367
vt 0.682109 0.659055
f 2090/2900/3907 2118/2937/3907 2117/2936/3907

v 0.479466 1.87517 1.24862
vt 0.726133 0.657386
vn -0.275268 -0.947084 0.165104
f 2119/2938/3908 2118/2937/3908 2090/2900/3908

vn -0.274666 -0.953914 0.120856
v 0.466077 1.8881 1.32027
vt 0.724482 0.66953
f 2119/2938/3909 2120/2939/3909 2118/2937/3909

v 0.522689 1.87794 1.26038
vt 0.735296 0.658485
vn 0.0139722 -0.983543 0.180134
f 2121/2940/3910 2120/2939/3910 2119/2938/3910

vn 0.00985764 -0.984275 0.176369
v 0.513055 1.89765 1.37095
vt 0.73346 0.678663
f 2121/2940/3911 2122/2941/3911 2120/2939/3911

vt 0.763004 0.658485
vn 0.67047 0.738314 -0.0732299
v 0.478838 1.92354 1.31873
vt 0.773811 0.66953
vt 0.764839 0.678664
f 2121/2942/3912 2123/2943/3912 2122/2944/3912

v 0.491033 1.91061 1.24701
vt 0.772161 0.657385
vn 0.718829 0.69518 -0.00316818
f 2124/2945/3913 2123/2943/3913 2121/2942/3913

vn 0.316986 0.941322 -0.115899
v 0.282646 1.97944 1.2361
vt 0.816173 0.659055
f 2124/2945/3914 2125/2946/3914 2123/2943/3914

vn 0.317158 0.936278 -0.150979
f 2124/2945/3915 2096/2908/3915 2125/2946/3915

vn 0.786995 0.25066 -0.563744
v 0.367629 1.89841 1.06931
vt 0.795613 0.626239
f 2096/2908/3916 2124/2945/3916 2126/2947/3916

vn 0.708614 0.471971 -0.524509
f 2126/2947/3917 2124/2945/3917 2121/2942/3917

vn 0.116407 -0.973118 -0.198724
vt 0.702668 0.626239
f 2121/2940/3918 2119/2938/3918 2126/2948/3918

vn 0.496068 -0.766084 -0.408696
f 2119/2938/3919 2090/2900/3919 2126/2948/3919

vn -0.397356 -0.600145 0.694215
f 2126/2948/3920 2090/2900/3920 2091/2901/3920

vn -0.42882 -0.711092 0.557191
f 2093/2903/3921 2126/2948/3921 2091/2901/3921

vn 0.129318 0.890435 0.436352
f 2093/2906/3922 2094/2905/3922 2126/2947/3922

vn 0.117647 0.864024 0.489511
f 2094/2905/3923 2096/2908/3923 2126/2947/3923

vn 0.176365 0.966834 -0.184738
v 0.0161369 1.9831 1.00082
vt 0.868199 0.617261
f 2096/2908/3924 2127/2949/3924 2125/2946/3924

vn 0.178157 0.953601 -0.242704
v 0.0220183 1.92497 0.77674
vt 0.866424 0.576726
f 2096/2908/3925 2128/2950/3925 2127/2949/3925

vn 0.19664 0.94394 -0.265161
f 2097/2909/3926 2128/2950/3926 2096/2908/3926

vn 0.196207 0.928423 -0.31549
f 2097/2909/3927 2102/2916/3927 2128/2950/3927

vn 0.484246 0.829249 -0.279019
v 0 1.93492 0.768104
vt 0.873796 0.576726
f 2102/2916/3928 2129/2951/3928 2128/2950/3928

vn 0.45297 0.843635 -0.288268
v 0 1.85805 0.543143
vt 0.873797 0.533462
f 2102/2916/3929 2130/2952/3929 2129/2951/3929

vn 0.465726 0.804247 -0.369169
f 2103/2917/3930 2130/2952/3930 2102/2916/3930

vn 0.429145 0.819243 -0.380363
v 0 1.73287 0.273517
vt 0.873797 0.483858
f 2103/2917/3931 2131/2953/3931 2130/2952/3931

vn 0.43617 0.787315 -0.435763
v 0 1.47946 -0.184328
vt 0.873797 0.392203
f 2103/2917/3932 2132/2954/3932 2131/2953/3932

v 0.0255948 1.46162 -0.178461
vt 0.864547 0.392203
vn 0.583838 0.705926 -0.400999
f 2133/2955/3933 2132/2954/3933 2103/2917/3933

v 0.10825 1.44935 -0.170514
vt 0.850944 0.392203
vn 0.173866 0.855904 -0.48703
f 2134/2956/3934 2133/2955/3934 2103/2917/3934

vn 0.135162 0.858049 -0.495463
f 2104/2918/3935 2134/2956/3935 2103/2917/3935

vn 0.33202 0.779301 -0.531463
f 2110/2927/3936 2134/2956/3936 2104/2918/3936

vn 0.624651 0.343387 -0.701353
f 2110/2927/3937 2111/2929/3937 2134/2956/3937

vn -0.43617 0.787316 -0.435764
v -0.0248739 1.72374 0.28193
vt 0.882047 0.483859
f 2132/2954/3938 2135/2957/3938 2131/2953/3938

vn -0.583838 0.705926 -0.401
v -0.0255948 1.46162 -0.178461
vt 0.88305 0.392203
f 2132/2954/3939 2136/2958/3939 2135/2957/3939

vn -0.173866 0.855904 -0.48703
v -0.10825 1.44935 -0.170514
vt 0.896719 0.392203
f 2135/2957/3940 2136/2958/3940 2137/2959/3940

vn -0.135162 0.858049 -0.495463
v -0.288351 1.6881 0.292082
vt 0.931974 0.481885
f 2135/2957/3941 2137/2959/3941 2138/2960/3941

vn -0.33202 0.779301 -0.531463
v -0.360985 1.51816 0.0882688
vt 0.947058 0.434391
f 2137/2959/3942 2139/2961/3942 2138/2960/3942

vn -0.624651 0.343387 -0.701353
v -0.165205 1.3749 -0.156243
vt 0.913118 0.392203
f 2139/2961/3943 2137/2959/3943 2140/2962/3943

vn -0.54145 0.460538 -0.703375
v -0.396535 1.46741 0.0824062
vt 0.957215 0.430062
f 2139/2961/3944 2140/2962/3944 2141/2963/3944

vt 0.585144 0.392203
vn -0.277265 -0.955406 0.101609
v -0.34875 1.4556 0.10177
vt 0.551226 0.434391
vt 0.54107 0.430061
f 2140/2964/3945 2142/2965/3945 2141/2966/3945

v -0.113646 1.33062 -0.0857847
vt 0.601376 0.392203
vn -0.541931 -0.830987 -0.125587
f 2143/2967/3946 2142/2965/3946 2140/2964/3946

vn 0.0761414 -0.783073 0.617251
v -0.272397 1.62849 0.311681
vt 0.566323 0.481886
f 2143/2967/3947 2144/2968/3947 2142/2965/3947

vn 0.0706614 -0.784479 0.616116
f 2114/2933/3948 2144/2968/3948 2143/2967/3948

vn 0.0774976 -0.843905 0.530865
f 2115/2934/3949 2144/2968/3949 2114/2933/3949

vn 0.17913 -0.882261 0.435348
v -0.304483 1.74046 0.5518
vt 0.559591 0.530009
f 2115/2934/3950 2145/2969/3950 2144/2968/3950

vn 0.180693 -0.912635 0.366672
f 2116/2935/3951 2145/2969/3951 2115/2934/3951

vn 0.226852 -0.922821 0.311352
v -0.314152 1.82097 0.797479
vt 0.557538 0.576491
f 2116/2935/3952 2146/2970/3952 2145/2969/3952

vn 0.22716 -0.943686 0.240531
f 2117/2936/3953 2146/2970/3953 2116/2935/3953

vn 0.212281 -0.941355 0.262274
v -0.311206 1.88519 1.0256
vt 0.558108 0.619448
f 2117/2936/3954 2147/2971/3954 2146/2970/3954

vn 0.209251 -0.96094 0.181133
v -0.270175 1.93392 1.2367
vt 0.566604 0.659055
f 2117/2936/3955 2148/2972/3955 2147/2971/3955

v 0 1.96671 1.2213
vt 0.624229 0.656869
vn 0.124746 -0.988667 0.0835196
f 2149/2973/3956 2148/2972/3956 2117/2936/3956

vn 0.125297 -0.987495 0.0956803
v -0.198231 1.95889 1.40015
vt 0.582011 0.689744
f 2149/2973/3957 2150/2974/3957 2148/2972/3957

v 0 1.96854 1.3658
vt 0.624229 0.683397
vn 0.050815 -0.998628 0.0126411
f 2151/2975/3958 2150/2974/3958 2149/2973/3958

vn 0.0522282 -0.998417 0.020854
v -0.0794024 1.96789 1.53365
vt 0.607222 0.714626
f 2151/2975/3959 2152/2976/3959 2150/2974/3959

v 0 1.97214 1.48943
vt 0.624229 0.706278
vn 0.069629 -0.997149 0.0290904
f 2153/2977/3960 2152/2976/3960 2151/2975/3960

v 0 1.95028 1.62406
vt 0.624229 0.731299
vn -0.0363799 -0.986409 -0.160233
f 2154/2978/3961 2152/2976/3961 2153/2977/3961

vn -0.020481 -0.984562 -0.173836
v -0.173143 1.93866 1.71026
vt 0.59034 0.747301
f 2154/2978/3962 2155/2979/3962 2152/2976/3962

vn -0.00906998 -0.988425 -0.151437
v -0.0955843 1.93252 1.74568
vt 0.605057 0.753165
f 2154/2978/3963 2156/2980/3963 2155/2979/3963

v 0 1.96474 1.68312
vt 0.624229 0.741694
vn 0.435015 -0.874577 0.214188
f 2157/2981/3964 2156/2980/3964 2154/2978/3964

vn 0.370916 -0.924229 0.0906779
v -0.11989 1.93027 1.82222
vt 0.600902 0.766374
f 2157/2981/3965 2158/2982/3965 2156/2980/3965

vt 0.873797 0.741695
vn 0.426705 0.720697 0.546369
v -0.09814 1.96673 1.75715
vt 0.893187 0.753165
vt 0.897337 0.766374
f 2157/2983/3966 2159/2984/3966 2158/2985/3966

v 0 1.99652 1.63453
vt 0.873797 0.7313
vn 0.394841 0.768936 0.50283
f 2160/2986/3967 2159/2984/3967 2157/2983/3967

vn -0.0294168 0.976458 0.213694
v -0.175861 1.97214 1.72173
vt 0.9079 0.747301
f 2160/2986/3968 2161/2987/3968 2159/2984/3968

vn -0.0234136 0.974048 0.225127
v -0.0829617 2.01569 1.54294
vt 0.891019 0.714626
f 2160/2986/3969 2162/2988/3969 2161/2987/3969

v 0 2.02574 1.49579
vt 0.873797 0.706279
vn -0.00140817 0.978523 0.206131
f 2163/2989/3970 2162/2988/3970 2160/2986/3970

v 0 2.02596 1.3672
vt 0.873797 0.683397
vn -0.119327 0.992854 0.00168453
f 2164/2990/3971 2162/2988/3971 2163/2989/3971

vn -0.102092 0.994725 0.00992948
v -0.206809 2.00436 1.40495
vt 0.916115 0.689744
f 2164/2990/3972 2165/2991/3972 2162/2988/3972

vn -0.116555 0.990595 -0.0716629
v -0.0119089 2.01389 1.21976
vt 0.877115 0.656868
f 2164/2990/3973 2166/2992/3973 2165/2991/3973

v 0 2.02212 1.2197
vt 0.87383 0.656869
vn -0.568206 0.822607 -0.0214325
f 2167/2993/3974 2166/2992/3974 2164/2990/3974

vn -0.565544 0.818114 -0.104162
v -0.0161369 1.9831 1.00082
vt 0.879537 0.617261
f 2167/2993/3975 2168/2994/3975 2166/2992/3975

v 0 1.99235 0.995274
vt 0.873797 0.617261
vn -0.523116 0.844863 -0.112059
f 2169/2995/3976 2168/2994/3976 2167/2993/3976

vn -0.538082 0.819212 -0.198394
v -0.0220183 1.92497 0.77674
vt 0.881315 0.576726
f 2169/2995/3977 2170/2996/3977 2168/2994/3977

vn -0.471276 0.855081 -0.216186
f 2129/2951/3978 2170/2996/3978 2169/2995/3978

vn -0.484245 0.82925 -0.279019
v -0.0240353 1.8481 0.551779
vt 0.881876 0.533462
f 2129/2951/3979 2171/2997/3979 2170/2996/3979

vn -0.452969 0.843635 -0.288268
f 2130/2952/3980 2171/2997/3980 2129/2951/3980

vn -0.465725 0.804247 -0.36917
f 2130/2952/3981 2135/2957/3981 2171/2997/3981

vn -0.429145 0.819243 -0.380363
f 2131/2953/3982 2135/2957/3982 2130/2952/3982

vn -0.183856 0.892941 -0.410918
v -0.318348 1.78462 0.545536
vt 0.938698 0.530009
f 2171/2997/3983 2135/2957/3983 2172/2998/3983

vn -0.138575 0.919944 -0.366743
f 2135/2957/3984 2138/2960/3984 2172/2998/3984

vn -0.394657 0.842164 -0.367431
v -0.492374 1.64547 0.413499
vt 0.975959 0.498314
f 2138/2960/3985 2173/2999/3985 2172/2998/3985

vn -0.517942 0.498164 -0.695391
v -0.377464 1.64775 0.32955
vt 0.953187 0.483972
f 2138/2960/3986 2174/3000/3986 2173/2999/3986

vn -0.440299 0.893858 -0.0845844
v -0.448907 1.60921 0.294196
vt 0.966559 0.473227
f 2138/2960/3987 2175/3001/3987 2174/3000/3987

vn -0.385753 0.771558 -0.505858
f 2138/2960/3988 2139/2961/3988 2175/3001/3988

vn -0.670085 0.529488 -0.52022
f 2141/2963/3989 2175/3001/3989 2139/2961/3989

vn -0.630126 0.564152 -0.533548
v -0.501495 1.59201 0.33811
vt 0.979521 0.478903
f 2141/2963/3990 2176/3002/3990 2175/3001/3990

vn -0.169203 -0.911565 0.374726
v -0.438026 1.56718 0.306365
vt 0.531732 0.473226
vt 0.518777 0.478903
f 2141/2966/3991 2177/3003/3991 2176/3004/3991

vn -0.349341 -0.878263 0.326519
f 2142/2965/3992 2177/3003/3992 2141/2966/3992

vn 0.274362 -0.788867 0.549923
f 2144/2968/3993 2177/3003/3993 2142/2965/3993

vt 0.545052 0.483973
vn 0.0963962 -0.34148 0.934933
f 2174/3005/3994 2177/3003/3994 2144/2968/3994

vn 0.257518 -0.440961 0.85979
f 2174/3005/3995 2176/3004/3995 2177/3003/3995

vn -0.413912 0.898943 -0.143449
f 2174/3000/3996 2175/3001/3996 2176/3002/3996

vn -0.242412 -0.738024 -0.629727
v -0.479384 1.60392 0.420152
vt 0.522334 0.498314
f 2144/2968/3997 2178/3006/3997 2174/3005/3997

vn 0.32747 -0.838818 0.434911
f 2144/2968/3998 2145/2969/3998 2178/3006/3998

vn 0.332278 -0.839731 0.429469
v -0.497119 1.67338 0.569679
vt 0.518333 0.526085
f 2145/2969/3999 2179/3007/3999 2178/3006/3999

v -0.38463 1.74832 0.57592
vt 0.543467 0.53307
vn 0.225336 -0.411747 0.883
f 2180/3008/4000 2179/3007/4000 2145/2969/4000

vn 0.378493 -0.624956 0.682768
v -0.547731 1.68493 0.608307
vt 0.508115 0.532571
f 2180/3008/4001 2181/3009/4001 2179/3007/4001

vt 0.954816 0.53307
vn -0.325223 0.928438 0.179537
v -0.510598 1.70659 0.563568
vt 0.979963 0.526085
vt 0.990189 0.532571
f 2180/3010/4002 2182/3011/4002 2181/3012/4002

vn -0.32558 0.881242 0.342652
f 2172/2998/4003 2182/3011/4003 2180/3010/4003

vn -0.377645 0.84063 -0.388235
f 2172/2998/4004 2173/2999/4004 2182/3011/4004

v -0.520664 1.60893 0.40321
vt 0.983997 0.494398
vn -0.693756 0.633652 -0.342326
f 2183/3013/4005 2182/3011/4005 2173/2999/4005

vn -0.734045 0.599511 -0.319006
f 2183/3013/4006 2181/3012/4006 2182/3011/4006

vn 0.0566932 -0.933732 0.353455
vt 0.514303 0.494398
f 2179/3007/4007 2181/3009/4007 2183/3014/4007

vn -0.263751 -0.886392 0.380453
f 2178/3006/4008 2179/3007/4008 2183/3014/4008

vn 0.0485257 -0.919446 -0.390211
f 2174/3005/4009 2178/3006/4009 2183/3014/4009

vn -0.493038 0.567527 -0.659413
f 2174/3000/4010 2183/3013/4010 2173/2999/4010

vn -0.565243 0.457538 -0.686411
v -0.515071 1.74786 0.683024
vt 0.980723 0.551513
f 2172/2998/4011 2180/3010/4011 2184/3015/4011

vn -0.531951 0.548086 -0.645469
v -0.550949 1.70864 0.679295
vt 0.990595 0.548886
f 2180/3010/4012 2185/3016/4012 2184/3015/4012

vn 0.134675 -0.97809 -0.158755
v -0.502097 1.71395 0.688061
vt 0.517575 0.551513
vt 0.507709 0.548886
f 2180/3008/4013 2186/3017/4013 2185/3018/4013

vn -0.232107 -0.834902 -0.499065
f 2145/2969/4014 2186/3017/4014 2180/3008/4014

vn 0.330544 -0.892931 0.305638
f 2145/2969/4015 2146/2970/4015 2186/3017/4015

vn 0.34175 -0.894575 0.287997
v -0.505244 1.75683 0.825012
vt 0.516264 0.575818
f 2146/2970/4016 2187/3019/4016 2186/3017/4016

v -0.397891 1.82347 0.838939
vt 0.540023 0.582379
vn 0.318856 -0.656547 0.683577
f 2188/3020/4017 2187/3019/4017 2146/2970/4017

vn 0.36181 -0.709314 0.604953
v -0.558168 1.76637 0.867842
vt 0.505672 0.583065
f 2188/3020/4018 2189/3021/4018 2187/3019/4018

vt 0.958262 0.582379
vn -0.288058 0.928035 0.236165
v -0.51877 1.79075 0.820087
vt 0.982034 0.575818
vt 0.992632 0.583066
f 2188/3022/4019 2190/3023/4019 2189/3024/4019

v -0.326862 1.86585 0.792345
vt 0.940754 0.576491
vn -0.295505 0.886595 0.355846
f 2191/3025/4020 2190/3023/4020 2188/3022/4020

vn -0.384752 0.877883 -0.285108
f 2191/3025/4021 2184/3015/4021 2190/3023/4021

vn -0.374579 0.876816 -0.30147
f 2172/2998/4022 2184/3015/4022 2191/3025/4022

vn -0.1939 0.929853 -0.312691
f 2171/2997/4023 2172/2998/4023 2191/3025/4023

vn -0.196207 0.928423 -0.31549
f 2170/2996/4024 2171/2997/4024 2191/3025/4024

vn -0.19664 0.94394 -0.265161
v -0.323451 1.93112 1.02219
vt 0.940178 0.619448
f 2170/2996/4025 2191/3025/4025 2192/3026/4025

vn -0.364877 0.897046 -0.249346
v -0.525701 1.83723 0.980374
vt 0.983145 0.607369
f 2192/3026/4026 2191/3025/4026 2193/3027/4026

vn -0.658119 0.405787 -0.634205
f 2191/3025/4027 2188/3022/4027 2193/3027/4027

vn -0.635003 0.462414 -0.618826
v -0.565026 1.79712 0.990755
vt 0.993234 0.607434
f 2188/3022/4028 2194/3028/4028 2193/3027/4028

vn 0.0953239 -0.993161 -0.0674193
v -0.512628 1.8026 0.984169
vt 0.515153 0.607369
vt 0.506072 0.607434
f 2188/3020/4029 2195/3029/4029 2194/3030/4029

vn -0.15795 -0.952158 -0.261623
f 2146/2970/4030 2195/3029/4030 2188/3020/4030

vn 0.322136 -0.912347 0.252689
f 2147/2971/4031 2195/3029/4031 2146/2970/4031

vn 0.326255 -0.914896 0.237747
v -0.501968 1.83405 1.09058
vt 0.516014 0.62506
f 2147/2971/4032 2196/3031/4032 2195/3029/4032

v -0.367629 1.89841 1.06931
vt 0.546045 0.626239
vn 0.397364 -0.600132 0.694221
f 2197/3032/4033 2196/3031/4033 2147/2971/4033

vn 0.428823 -0.711066 0.557222
v -0.546997 1.84076 1.13379
vt 0.507655 0.633215
f 2197/3032/4034 2198/3033/4034 2196/3031/4034

vt 0.952237 0.626239
vn -0.129318 0.890435 0.436352
v -0.515231 1.8684 1.08681
vt 0.981708 0.625727
vt 0.990649 0.633215
f 2197/3034/4035 2199/3035/4035 2198/3036/4035

vn -0.117647 0.864024 0.489511
f 2192/3026/4036 2199/3035/4036 2197/3034/4036

vn -0.371032 0.900414 -0.227135
f 2192/3026/4037 2193/3027/4037 2199/3035/4037

vn -0.724513 0.677445 -0.127081
f 2193/3027/4038 2194/3028/4038 2199/3035/4038

vn -0.739573 0.664127 -0.109393
f 2194/3028/4039 2198/3036/4039 2199/3035/4039

vn 0.122324 -0.953494 0.275474
f 2196/3031/4040 2198/3033/4040 2194/3030/4040

vn 0.133464 -0.953958 0.268608
f 2196/3031/4041 2194/3030/4041 2195/3029/4041

vn -0.786995 0.25066 -0.563744
v -0.491033 1.91061 1.24701
vt 0.975702 0.657386
f 2192/3026/4042 2197/3034/4042 2200/3037/4042

vn -0.708614 0.471971 -0.524509
v -0.522689 1.87794 1.26038
vt 0.984864 0.658485
f 2197/3034/4043 2201/3038/4043 2200/3037/4043

vn -0.116407 -0.973118 -0.198724
v -0.479466 1.87517 1.24862
vt 0.522593 0.657386
vt 0.513436 0.658485
f 2197/3032/4044 2202/3039/4044 2201/3040/4044

vn -0.496068 -0.766084 -0.408696
f 2147/2971/4045 2202/3039/4045 2197/3032/4045

vn 0.275268 -0.947084 0.165104
f 2148/2972/4046 2202/3039/4046 2147/2971/4046

vn 0.274666 -0.953914 0.120856
v -0.466077 1.8881 1.32027
vt 0.524243 0.66953
f 2148/2972/4047 2203/3041/4047 2202/3039/4047

v -0.324886 1.94687 1.27887
vt 0.555347 0.665906
vn 0.434489 -0.531703 0.726988
f 2204/3042/4048 2203/3041/4048 2148/2972/4048

vn 0.453197 -0.699892 0.552054
v -0.513055 1.89765 1.37095
vt 0.515271 0.678664
f 2204/3042/4049 2205/3043/4049 2203/3041/4049

vt 0.942931 0.665905
vn -0.0251101 0.902064 0.430871
v -0.478838 1.92355 1.31873
vt 0.97405 0.66953
vt 0.983029 0.678664
f 2204/3044/4050 2206/3045/4050 2205/3046/4050

v -0.282646 1.97944 1.2361
vt 0.931678 0.659055
vn 0.0472858 0.771695 0.634233
f 2207/3047/4051 2206/3045/4051 2204/3044/4051

vn -0.316986 0.941318 -0.115932
f 2207/3047/4052 2200/3037/4052 2206/3045/4052

vn -0.317158 0.936278 -0.150979
f 2207/3047/4053 2192/3026/4053 2200/3037/4053

vn -0.176365 0.966834 -0.184738
f 2168/2994/4054 2192/3026/4054 2207/3047/4054

vn -0.178157 0.953601 -0.242704
f 2168/2994/4055 2170/2996/4055 2192/3026/4055

vn -0.133134 0.981787 -0.135536
f 2166/2992/4056 2168/2994/4056 2207/3047/4056

vn -0.130939 0.98757 -0.0869562
f 2166/2992/4057 2207/3047/4057 2165/2991/4057

vn -0.236024 0.97103 -0.0373176
v -0.445557 1.94834 1.45736
vt 0.965213 0.697259
f 2165/2991/4058 2207/3047/4058 2208/3048/4058

vn -0.784388 0.31736 -0.532934
f 2207/3047/4059 2204/3044/4059 2208/3048/4059

vn -0.686669 0.55559 -0.468834
v -0.487223 1.91452 1.4783
vt 0.976295 0.70039
f 2204/3044/4060 2209/3049/4060 2208/3048/4060

vn -0.170731 -0.941172 -0.291628
v -0.433596 1.91188 1.45543
vt 0.532996 0.697259
vt 0.521965 0.70039
f 2204/3042/4061 2210/3050/4061 2209/3051/4061

vn -0.527004 -0.711106 -0.465397
f 2148/2972/4062 2210/3050/4062 2204/3042/4062

vn 0.208462 -0.976346 0.0573718
f 2150/2974/4063 2210/3050/4063 2148/2972/4063

vn 0.215894 -0.972006 0.0927057
v -0.40021 1.92523 1.51763
vt 0.539128 0.707803
f 2150/2974/4064 2211/3052/4064 2210/3050/4064

v -0.252408 1.97298 1.45438
vt 0.571283 0.698866
vn 0.469448 -0.618814 0.629831
f 2212/3053/4065 2211/3052/4065 2150/2974/4065

vn 0.449703 -0.750501 0.484268
v -0.443974 1.93198 1.56874
vt 0.531212 0.717187
f 2212/3053/4066 2213/3054/4066 2211/3052/4066

vt 0.926955 0.698866
vn 0.186544 0.783108 0.593249
v -0.41227 1.96169 1.51956
vt 0.959101 0.707803
vt 0.967027 0.717187
f 2212/3055/4067 2214/3056/4067 2213/3057/4067

vn 0.217365 0.720895 0.658075
f 2165/2991/4068 2214/3056/4068 2212/3055/4068

vn -0.243742 0.966777 -0.0770247
f 2165/2991/4069 2208/3048/4069 2214/3056/4069

vn -0.58108 0.801908 0.138886
f 2214/3056/4070 2208/3048/4070 2209/3049/4070

vn -0.574777 0.809677 0.118551
f 2214/3056/4071 2209/3049/4071 2213/3057/4071

vn 0.0449427 -0.984658 0.168608
f 2211/3052/4072 2213/3054/4072 2209/3051/4072

vn 0.0337252 -0.980745 0.192361
f 2211/3052/4073 2209/3051/4073 2210/3050/4073

vn -0.75491 0.560478 -0.340552
v -0.328229 1.96949 1.61672
vt 0.94044 0.726878
f 2165/2991/4074 2212/3055/4074 2215/3058/4074

vn -0.600884 0.754327 -0.264442
v -0.385056 1.93671 1.65233
vt 0.95332 0.733698
f 2212/3055/4075 2216/3059/4075 2215/3058/4075

vn -0.280736 -0.892995 -0.351777
v -0.322306 1.93448 1.60791
vt 0.557799 0.726878
vt 0.544919 0.733698
f 2212/3053/4076 2217/3060/4076 2216/3061/4076

vn -0.613676 -0.653388 -0.443267
f 2150/2974/4077 2217/3060/4077 2212/3053/4077

vn 0.123279 -0.991446 -0.042862
f 2152/2976/4078 2217/3060/4078 2150/2974/4078

vn 0.105775 -0.989429 -0.0992075
v -0.266187 1.93546 1.65794
vt 0.568279 0.735337
f 2152/2976/4079 2218/3062/4079 2217/3060/4079

vn 0.498257 -0.643741 0.580807
v -0.125172 1.98324 1.58992
vt 0.597973 0.724147
f 2152/2976/4080 2219/3063/4080 2218/3062/4080

vn -0.740816 -0.477657 -0.472266
f 2152/2976/4081 2155/2979/4081 2219/3063/4081

vn -0.526415 -0.707273 -0.47186
v -0.227434 1.93996 1.76887
vt 0.579118 0.756736
f 2219/3063/4082 2155/2979/4082 2220/3064/4082

vn -0.0690512 -0.996737 -0.0418
f 2158/2982/4083 2220/3064/4083 2155/2979/4083

vt 0.919084 0.756721
vn -0.142267 0.883084 0.447127
vt 0.897299 0.766357
vt 0.892086 0.753643
vt 0.907864 0.747285
f 2220/3065/4084 2158/3066/4084 2159/3067/4084 2161/3068/4084 

vt 0.900267 0.724147
vn -0.63414 0.751841 -0.180559
vt 0.919121 0.756736
f 2219/3069/4085 2220/3070/4085 2161/2987/4085

vn -0.74213 0.628652 -0.232464
f 2162/2988/4086 2219/3069/4086 2161/2987/4086

vn 0.31936 0.620925 0.715864
v -0.271925 1.97011 1.66678
vt 0.929959 0.735336
f 2162/2988/4087 2221/3071/4087 2219/3069/4087

vn -0.140561 0.979253 0.145968
f 2162/2988/4088 2215/3058/4088 2221/3071/4088

vn -0.165096 0.983975 0.0673586
f 2162/2988/4089 2165/2991/4089 2215/3058/4089

vn -0.296461 0.899017 0.322304
v -0.31054 1.93777 1.72146
vt 0.938344 0.746346
f 2221/3071/4090 2215/3058/4090 2222/3072/4090

vn -0.312686 0.893155 0.323268
f 2222/3072/4091 2215/3058/4091 2216/3059/4091

vt 0.559895 0.746347
vn -0.0139709 -0.999439 0.030443
f 2222/3073/4092 2216/3061/4092 2217/3060/4092

vn -0.00919326 -0.999509 0.02995
f 2218/3062/4093 2222/3073/4093 2217/3060/4093

vn 0.444984 -0.828143 0.340834
f 2219/3063/4094 2222/3073/4094 2218/3062/4094

vn 0.258732 0.740306 0.620487
f 2219/3069/4095 2221/3071/4095 2222/3072/4095

vn -0.0572672 -0.997231 -0.0474418
f 2156/2980/4096 2158/2982/4096 2155/2979/4096

vn -0.718834 0.695175 -0.00319113
f 2200/3037/4097 2201/3038/4097 2206/3045/4097

vn -0.670497 0.73829 -0.0732233
f 2206/3045/4098 2201/3038/4098 2205/3046/4098

vn -0.00985764 -0.984275 0.176369
f 2203/3041/4099 2205/3043/4099 2201/3040/4099

vn -0.0139722 -0.983543 0.180134
f 2203/3041/4100 2201/3040/4100 2202/3039/4100

vn -0.707365 0.668924 -0.228421
f 2185/3016/4101 2190/3023/4101 2184/3015/4101

vn -0.700323 0.674609 -0.233346
f 2185/3016/4102 2189/3024/4102 2190/3023/4102

vn 0.0665467 -0.953356 0.29442
f 2187/3019/4103 2189/3021/4103 2185/3018/4103

vn 0.0497007 -0.952795 0.299518
f 2186/3017/4104 2187/3019/4104 2185/3018/4104

vn 0.471276 0.85508 -0.216186
f 2128/2950/4105 2129/2951/4105 2169/2995/4105

vn 0.538083 0.819211 -0.198394
f 2128/2950/4106 2169/2995/4106 2127/2949/4106

vn 0.523116 0.844862 -0.112059
f 2127/2949/4107 2169/2995/4107 2167/2993/4107

vn 0.565546 0.818113 -0.104161
v 0.0119088 2.01389 1.21976
vt 0.870653 0.656869
f 2127/2949/4108 2167/2993/4108 2223/3074/4108

vn 0.568208 0.822606 -0.0214324
f 2223/3074/4109 2167/2993/4109 2164/2990/4109

v 0.206809 2.00436 1.40495
vt 0.831579 0.689744
vn 0.116556 0.990595 -0.0716629
f 2224/3075/4110 2223/3074/4110 2164/2990/4110

vn 0.130938 0.98757 -0.0869549
f 2125/2946/4111 2223/3074/4111 2224/3075/4111

vn 0.133134 0.981787 -0.135536
f 2125/2946/4112 2127/2949/4112 2223/3074/4112

v 0.445557 1.94834 1.45736
vt 0.782564 0.697259
vn 0.236023 0.971031 -0.0373173
f 2225/3076/4113 2125/2946/4113 2224/3075/4113

vn 0.784388 0.31736 -0.532934
v 0.324886 1.94687 1.27887
vt 0.804915 0.665906
f 2125/2946/4114 2225/3076/4114 2226/3077/4114

vn 0.686669 0.55559 -0.468834
v 0.487223 1.91452 1.4783
vt 0.771533 0.70039
f 2226/3077/4115 2225/3076/4115 2227/3078/4115

vn 0.58108 0.801908 0.138886
v 0.41227 1.96169 1.51956
vt 0.788696 0.707803
f 2227/3078/4116 2225/3076/4116 2228/3079/4116

vn 0.243741 0.966777 -0.0770251
f 2225/3076/4117 2224/3075/4117 2228/3079/4117

vn -0.217378 0.720867 0.658102
v 0.252407 1.97298 1.45438
vt 0.820852 0.698866
f 2228/3079/4118 2224/3075/4118 2229/3080/4118

vn 0.754901 0.560492 -0.340548
v 0.328229 1.96949 1.61672
vt 0.807367 0.726878
f 2224/3075/4119 2230/3081/4119 2229/3080/4119

vn 0.165096 0.983975 0.0673596
v 0.0829617 2.01569 1.54294
vt 0.856791 0.714626
f 2230/3081/4120 2224/3075/4120 2231/3082/4120

vn 0.102092 0.994725 0.00992955
f 2224/3075/4121 2164/2990/4121 2231/3082/4121

vn 0.119327 0.992854 0.00168453
f 2231/3082/4122 2164/2990/4122 2163/2989/4122

vn 0.00140817 0.978523 0.206131
f 2231/3082/4123 2163/2989/4123 2160/2986/4123

v 0.175861 1.97214 1.72173
vt 0.839908 0.747301
vn 0.0234136 0.974048 0.225127
f 2232/3083/4124 2231/3082/4124 2160/2986/4124

vn 0.74213 0.628652 -0.232464
v 0.125172 1.98324 1.58992
vt 0.847541 0.724147
f 2231/3082/4125 2232/3083/4125 2233/3084/4125

v 0.227434 1.93996 1.76887
vt 0.828686 0.756736
vn 0.63414 0.751841 -0.180559
f 2234/3085/4126 2233/3084/4126 2232/3083/4126

vt 0.669552 0.756736
vn 0.526415 -0.707273 -0.47186
v 0.173143 1.93866 1.71026
vt 0.658332 0.747301
vt 0.650698 0.724147
f 2234/3086/4127 2235/3087/4127 2233/3088/4127

vn 0.0690512 -0.996737 -0.0418
v 0.11989 1.93027 1.82222
vt 0.647768 0.766374
f 2234/3086/4128 2236/3089/4128 2235/3087/4128

v 0.09814 1.96673 1.75715
vt 0.855722 0.753643
vn 0.142267 0.883084 0.447127
vt 0.850509 0.766357
vt 0.828723 0.756721
vt 0.839944 0.747285
f 2237/3090/4129 2236/3091/4129 2234/3092/4129 2232/3093/4129 

vt 0.850471 0.766374
vn -0.426705 0.720697 0.546369
vt 0.854626 0.753165
f 2236/3094/4130 2237/3095/4130 2157/2983/4130

vn -0.394841 0.768936 0.50283
f 2237/3095/4131 2160/2986/4131 2157/2983/4131

vn 0.0294168 0.976458 0.213694
f 2232/3083/4132 2160/2986/4132 2237/3095/4132

vn -0.370916 -0.924229 0.0906779
v 0.0955843 1.93252 1.74568
vt 0.643619 0.753165
f 2236/3089/4133 2157/2981/4133 2238/3096/4133

vn -0.435015 -0.874577 0.214188
f 2238/3096/4134 2157/2981/4134 2154/2978/4134

vn 0.00906998 -0.988425 -0.151437
f 2235/3087/4135 2238/3096/4135 2154/2978/4135

vn 0.0572672 -0.997231 -0.0474418
f 2235/3087/4136 2236/3089/4136 2238/3096/4136

vn 0.020481 -0.984562 -0.173836
v 0.0794024 1.96789 1.53365
vt 0.641451 0.714626
f 2235/3087/4137 2154/2978/4137 2239/3097/4137

vn 0.0363799 -0.986409 -0.160233
f 2239/3097/4138 2154/2978/4138 2153/2977/4138

vn -0.069629 -0.997149 0.0290904
f 2239/3097/4139 2153/2977/4139 2151/2975/4139

v 0.198231 1.95889 1.40015
vt 0.666546 0.689744
vn -0.0522282 -0.998417 0.020854
f 2240/3098/4140 2239/3097/4140 2151/2975/4140

v 0.322306 1.93448 1.60791
vt 0.690872 0.726878
vn -0.123279 -0.991446 -0.042862
f 2241/3099/4141 2239/3097/4141 2240/3098/4141

vn -0.105775 -0.989429 -0.0992075
v 0.266187 1.93546 1.65794
vt 0.680391 0.735337
f 2241/3099/4142 2242/3100/4142 2239/3097/4142

vn 0.00919326 -0.999509 0.02995
v 0.31054 1.93777 1.72146
vt 0.688776 0.746347
f 2241/3099/4143 2243/3101/4143 2242/3100/4143

v 0.385056 1.93671 1.65233
vt 0.703752 0.733698
vn 0.0139709 -0.999439 0.030443
f 2244/3102/4144 2243/3101/4144 2241/3099/4144

vt 0.794487 0.733698
vn 0.312686 0.893155 0.323268
vt 0.809463 0.746346
f 2244/3103/4145 2230/3081/4145 2243/3104/4145

vn 0.600884 0.754326 -0.264443
f 2244/3103/4146 2229/3080/4146 2230/3081/4146

vn 0.280736 -0.892995 -0.351777
vt 0.677387 0.698866
f 2244/3102/4147 2241/3099/4147 2229/3105/4147

vn 0.613679 -0.653384 -0.443269
f 2241/3099/4148 2240/3098/4148 2229/3105/4148

vn -0.469447 -0.618817 0.629829
v 0.40021 1.92523 1.51763
vt 0.709533 0.707803
f 2229/3105/4149 2240/3098/4149 2245/3106/4149

v 0.433596 1.91188 1.45543
vt 0.715645 0.697259
vn -0.215894 -0.972006 0.0927057
f 2246/3107/4150 2245/3106/4150 2240/3098/4150

vt 0.726727 0.70039
vn -0.0337252 -0.980745 0.192361
f 2227/3108/4151 2245/3106/4151 2246/3107/4151

vn -0.0449427 -0.984658 0.168608
v 0.443974 1.93198 1.56874
vt 0.717458 0.717187
f 2227/3108/4152 2247/3109/4152 2245/3106/4152

vn 0.574777 0.809677 0.118551
vt 0.780781 0.717187
f 2227/3078/4153 2228/3079/4153 2247/3110/4153

vn -0.186543 0.783108 0.593248
f 2247/3110/4154 2228/3079/4154 2229/3080/4154

vn -0.449702 -0.750501 0.484268
f 2247/3109/4155 2229/3105/4155 2245/3106/4155

vn 0.170731 -0.941172 -0.291628
vt 0.693362 0.665906
f 2227/3108/4156 2246/3107/4156 2226/3111/4156

vn 0.527004 -0.711106 -0.465397
f 2246/3107/4157 2118/2937/4157 2226/3111/4157

vn -0.208462 -0.976346 0.0573718
f 2246/3107/4158 2240/3098/4158 2118/2937/4158

vn -0.125297 -0.987495 0.0956803
f 2118/2937/4159 2240/3098/4159 2149/2973/4159

vn -0.050815 -0.998628 0.0126411
f 2240/3098/4160 2151/2975/4160 2149/2973/4160

vn -0.124746 -0.988667 0.0835196
f 2118/2937/4161 2149/2973/4161 2117/2936/4161

vn -0.434489 -0.531703 0.726988
f 2226/3111/4162 2118/2937/4162 2120/2939/4162

vn -0.453197 -0.699892 0.552054
f 2122/2941/4163 2226/3111/4163 2120/2939/4163

vn 0.0251424 0.902088 0.430818
f 2122/2944/4164 2123/2943/4164 2226/3077/4164

vn -0.0472693 0.771704 0.634223
f 2123/2943/4165 2125/2946/4165 2226/3077/4165

vn 0.296461 0.899017 0.322304
v 0.271925 1.97011 1.66678
vt 0.817847 0.735336
f 2230/3081/4166 2248/3112/4166 2243/3104/4166

vn 0.140561 0.979253 0.145968
f 2230/3081/4167 2231/3082/4167 2248/3112/4167

vn -0.31936 0.620925 0.715864
f 2231/3082/4168 2233/3084/4168 2248/3112/4168

vn -0.258732 0.740306 0.620487
f 2243/3104/4169 2248/3112/4169 2233/3084/4169

vn -0.444984 -0.828143 0.340834
f 2243/3101/4170 2233/3088/4170 2242/3100/4170

vn -0.498257 -0.643741 0.580807
f 2242/3100/4171 2233/3088/4171 2239/3097/4171

vn 0.740816 -0.477657 -0.472266
f 2239/3097/4172 2233/3088/4172 2235/3087/4172

vn 0.00764567 -0.777744 0.628534
v 0 1.32497 -0.0941634
vt 0.624229 0.392203
f 2114/2933/4173 2143/2967/4173 2249/3113/4173

vn -0.00764569 -0.777744 0.628534
f 2113/2932/4174 2114/2933/4174 2249/3113/4174

vn 0.54193 -0.830988 -0.125586
f 2112/2930/4175 2113/2932/4175 2111/2931/4175

vn 0.630126 0.564152 -0.533548
vt 0.768345 0.478903
f 2078/2928/4176 2109/2926/4176 2076/3114/4176

vn 0.413912 0.898943 -0.143449
f 2076/3114/4177 2109/2926/4177 2079/2920/4177

vt 0.741026 0.548886
vn -0.134675 -0.97809 -0.158755
f 2100/3115/4178 2085/2895/4178 2084/2894/4178

vn -0.0497007 -0.952795 0.299518
f 2100/3115/4179 2087/2897/4179 2085/2895/4179

v 0.558168 1.76637 0.867842
vt 0.743064 0.583065
vn -0.0665467 -0.953356 0.29442
f 2250/3116/4180 2087/2897/4180 2100/3115/4180

vn -0.36181 -0.709314 0.604953
f 2250/3116/4181 2088/2898/4181 2087/2897/4181

vt 0.755241 0.583066
vn 0.288058 0.928035 0.236165
f 2250/3117/4182 2098/2911/4182 2088/2910/4182

vn 0.700323 0.674609 -0.233346
f 2100/2913/4183 2098/2911/4183 2250/3117/4183

g Mesh20 Component_4_1 skp7E49_1 Model

v -0.339829 1.45243 0.141143
vt 0.707647 0.043842
vn -0.326522 -0.9198 0.217602
v -0.601703 1.56882 0.240149
vt 0.729952 0.092684
v -0.568701 1.54239 0.177976
vt 0.71699 0.087007
f 2251/3118/4184 2252/3119/4184 2253/3120/4184

vt 0.790639 0.043842
vn 0.503292 0.623464 0.598322
v -0.558749 1.58552 0.186612
vt 0.7813 0.087007
vt 0.768345 0.092684
f 2251/3121/4185 2254/3122/4185 2252/3123/4185

vn 0.491796 0.59029 0.640073
v -0.348338 1.50087 0.103006
vt 0.800794 0.048172
f 2254/3122/4186 2251/3121/4186 2255/3124/4186

v -0.0966648 1.36054 -0.0856887
vt 0.834712 0.005983
vn 0.678311 0.524365 0.514719
f 2256/3125/4187 2255/3124/4187 2251/3121/4187

v -0.08631 1.43255 -0.146496
vt 0.850944 0.005983
vn 0.682423 0.4118 0.603921
f 2257/3126/4188 2255/3124/4188 2256/3125/4188

vn 0.489955 0.822317 0.289378
v -0.560766 1.6559 0.0221486
vt 0.815891 0.095666
f 2257/3126/4189 2258/3127/4189 2255/3124/4189

vn 0.449883 0.888664 0.0887767
v -0.552493 1.67818 -0.242859
vt 0.865692 0.097639
f 2257/3126/4190 2259/3128/4190 2258/3127/4190

v -0.0790158 1.44088 -0.229701
vt 0.864547 0.005983
vn 0.44157 0.88811 0.127582
f 2260/3129/4191 2259/3128/4191 2257/3126/4191

v -0.0740908 1.45763 -0.25621
vt 0.873796 0.005983
vn 0.363515 0.755518 0.545023
f 2261/3130/4192 2259/3128/4192 2260/3129/4192

vn 0.393977 0.830788 0.393159
v -0.544571 1.68642 -0.268199
vt 0.873796 0.097639
f 2261/3130/4193 2262/3131/4193 2259/3128/4193

vn 0.393979 0.785149 -0.477831
v -0.552493 1.67558 -0.292539
vt 0.882046 0.097639
f 2261/3130/4194 2263/3132/4194 2262/3131/4194

vn 0.363511 0.694404 -0.621018
v -0.0790158 1.4382 -0.28082
vt 0.88305 0.005983
f 2261/3130/4195 2264/3133/4195 2263/3132/4195

vn 0.441566 0.869906 -0.219735
v -0.08631 1.42122 -0.362699
vt 0.896719 0.005983
f 2264/3133/4196 2265/3134/4196 2263/3132/4196

vn 0.449884 0.874516 -0.181183
v -0.560766 1.62571 -0.553766
vt 0.931974 0.095666
f 2265/3134/4197 2266/3135/4197 2263/3132/4197

vn 0.489955 0.787562 -0.373751
v -0.348338 1.46309 -0.617974
vt 0.947058 0.048172
f 2265/3134/4198 2267/3136/4198 2266/3135/4198

vn 0.68242 0.346418 -0.643659
v -0.0966648 1.34324 -0.415646
vt 0.913118 0.005983
f 2267/3136/4199 2265/3134/4199 2268/3137/4199

v -0.339829 1.41092 -0.650839
vt 0.957215 0.043842
vn 0.678309 0.467694 -0.566709
f 2269/3138/4200 2267/3136/4200 2268/3137/4200

v -0.558749 1.53853 -0.709971
vt 0.966559 0.087007
vn 0.491794 0.520156 -0.698267
f 2270/3139/4201 2267/3136/4201 2269/3138/4201

vn 0.464785 0.775687 -0.426948
f 2267/3136/4202 2270/3139/4202 2266/3135/4202

vn 0.0376797 0.872781 -0.486655
v -0.596072 1.57885 -0.640545
vt 0.953187 0.097753
f 2270/3139/4203 2271/3140/4203 2266/3135/4203

vn 0.0962183 0.882314 -0.460722
v -0.601703 1.51632 -0.761469
vt 0.979521 0.092684
f 2270/3139/4204 2272/3141/4204 2271/3140/4204

vn 0.503292 0.557524 -0.6602
f 2270/3139/4205 2269/3138/4205 2272/3141/4205

vt 0.54107 0.043842
vn -0.326524 -0.937509 -0.120245
v -0.568701 1.49654 -0.696874
vt 0.531732 0.087007
vt 0.518776 0.092684
f 2269/3142/4206 2273/3143/4206 2272/3144/4206

vn -0.280115 -0.911206 -0.30206
v -0.358546 1.40064 -0.60245
vt 0.551225 0.048172
f 2269/3142/4207 2274/3145/4207 2273/3143/4207

vt 0.585143 0.005983
vn -0.0514677 -0.97261 -0.226672
f 2268/3146/4208 2274/3145/4208 2269/3142/4208

vn 0.168907 -0.850509 -0.498102
v -0.16471 1.29811 -0.36165
vt 0.601375 0.005983
f 2268/3146/4209 2275/3147/4209 2274/3145/4209

vn -0.575424 -0.809203 0.118651
v -0.57722 1.56608 -0.534665
vt 0.566322 0.095666
f 2275/3147/4210 2276/3148/4210 2274/3145/4210

vn -0.574218 -0.810831 0.113256
v -0.581688 1.60704 -0.264038
vt 0.624228 0.097639
f 2275/3147/4211 2277/3149/4211 2276/3148/4211

v -0.156046 1.29885 -0.247887
vt 0.624228 0.005983
vn -0.586973 -0.808061 0.050003
f 2278/3150/4212 2277/3149/4212 2275/3147/4212

vn -0.586973 -0.808861 0.034731
v -0.16471 1.31 -0.134669
vt 0.64715 0.005983
f 2278/3150/4213 2279/3151/4213 2277/3149/4213

vn -0.574219 -0.818227 -0.027884
v -0.57722 1.59459 0.00938616
vt 0.682405 0.095666
f 2279/3151/4214 2280/3152/4214 2277/3149/4214

vn -0.575422 -0.817174 -0.0334099
v -0.358546 1.43714 0.094093
vt 0.69749 0.048172
f 2279/3151/4215 2281/3153/4215 2280/3152/4215

vt 0.663549 0.005983
vn 0.168913 -0.793777 0.584283
f 2256/3154/4216 2281/3153/4216 2279/3151/4216

vn -0.0514759 -0.943591 0.327087
f 2256/3154/4217 2251/3118/4217 2281/3153/4217

vn -0.28012 -0.874643 0.395641
f 2251/3118/4218 2253/3120/4218 2281/3153/4218

vn -0.507885 -0.829807 -0.23124
f 2281/3153/4219 2253/3120/4219 2280/3152/4219

vn -0.915773 -0.39447 -0.0758505
v -0.596072 1.61836 0.11335
vt 0.703618 0.097753
f 2280/3152/4220 2253/3120/4220 2282/3155/4220

vn -0.835515 -0.498193 -0.23177
f 2282/3155/4221 2253/3120/4221 2252/3119/4221

vn 0.0961754 0.925648 0.36596
vt 0.79462 0.097753
f 2254/3122/4222 2282/3156/4222 2252/3123/4222

vn 0.037632 0.918876 0.392749
f 2254/3122/4223 2258/3127/4223 2282/3156/4223

vn 0.464788 0.816069 0.343517
f 2255/3124/4224 2258/3127/4224 2254/3122/4224

vn 0.66839 0.560206 0.48931
v -0.679788 1.61771 0.228452
vt 0.771902 0.112094
f 2258/3127/4225 2283/3157/4225 2282/3156/4225

vn 0.32284 0.879719 0.349098
v -0.818926 1.74048 0.0477527
vt 0.809159 0.143789
f 2258/3127/4226 2284/3158/4226 2283/3157/4226

vn 0.318084 0.943847 0.089303
f 2259/3128/4227 2284/3158/4227 2258/3127/4227

vn 0.36361 0.921598 0.135811
v -0.828485 1.78805 -0.249457
vt 0.865947 0.147242
f 2259/3128/4228 2285/3159/4228 2284/3158/4228

vn 0.326553 0.845698 0.422088
v -0.820379 1.79717 -0.274003
vt 0.873796 0.147242
f 2259/3128/4229 2286/3160/4229 2285/3159/4229

vn 0.336979 0.859365 0.384625
f 2262/3131/4230 2286/3160/4230 2259/3128/4230

vn 0.336981 0.814461 -0.472331
f 2262/3131/4231 2263/3132/4231 2286/3160/4231

vn 0.326567 0.796973 -0.508122
v -0.828485 1.78553 -0.297462
vt 0.881876 0.147242
f 2263/3132/4232 2287/3161/4232 2286/3160/4232

vn 0.363613 0.902351 -0.231404
v -0.818926 1.70715 -0.588071
vt 0.938699 0.143789
f 2263/3132/4233 2288/3162/4233 2287/3161/4233

vn 0.318085 0.929341 -0.187475
f 2263/3132/4234 2266/3135/4234 2288/3162/4234

vn 0.322841 0.838405 -0.439148
v -0.679788 1.56617 -0.754946
vt 0.975959 0.112094
f 2266/3135/4235 2289/3163/4235 2288/3162/4235

vn 0.668367 0.506019 -0.545188
f 2289/3163/4236 2266/3135/4236 2271/3140/4236

v -0.667601 1.5288 -0.781317
vt 0.983997 0.108178
vn 0.628788 0.574651 -0.523833
f 2290/3164/4237 2289/3163/4237 2271/3140/4237

v -0.832848 1.61833 -0.775929
vt 0.979963 0.139865
vn 0.308713 0.613517 -0.726838
f 2291/3165/4238 2289/3163/4238 2290/3164/4238

vn 0.343727 0.838852 -0.422112
f 2289/3163/4239 2291/3165/4239 2288/3162/4239

vn -0.388271 0.843896 -0.37025
v -0.847369 1.6659 -0.65228
vt 0.954816 0.14685
f 2288/3162/4240 2291/3165/4240 2292/3166/4240

vn -0.227925 0.899482 -0.372804
v -0.876391 1.59245 -0.811756
vt 0.990189 0.146352
f 2291/3165/4241 2293/3167/4241 2292/3166/4241

vn 0.287193 0.576111 -0.765256
f 2291/3165/4242 2290/3164/4242 2293/3167/4242

vt 0.514302 0.108178
vn -0.304104 -0.946681 0.106375
v -0.837212 1.5856 -0.760715
vt 0.518333 0.139865
vt 0.508115 0.146352
f 2290/3168/4243 2294/3169/4243 2293/3170/4243

vn -0.333541 -0.917663 -0.215975
v -0.684256 1.52507 -0.739785
vt 0.522334 0.112094
f 2290/3168/4244 2295/3171/4244 2294/3169/4244

vt 0.545051 0.097753
vn 0.437768 -0.894007 0.0954514
f 2271/3172/4245 2295/3171/4245 2290/3168/4245

vn 0.667462 -0.715808 -0.205214
f 2276/3148/4246 2295/3171/4246 2271/3172/4246

vn -0.39041 -0.842115 0.372051
v -0.822869 1.66351 -0.571899
vt 0.559591 0.143789
f 2276/3148/4247 2296/3173/4247 2295/3171/4247

vn -0.388573 -0.893227 0.22618
v -0.808942 1.73373 -0.270678
vt 0.624228 0.147242
f 2276/3148/4248 2297/3174/4248 2296/3173/4248

vn -0.485958 -0.86529 0.122956
f 2276/3148/4249 2277/3149/4249 2297/3174/4249

vn -0.485957 -0.873402 -0.0318392
f 2280/3152/4250 2297/3174/4250 2277/3149/4250

vn -0.38858 -0.911973 -0.13157
v -0.822869 1.69538 0.0362321
vt 0.68913 0.143789
f 2280/3152/4251 2298/3175/4251 2297/3174/4251

vn -0.390417 -0.876389 -0.281987
v -0.684256 1.57525 0.217669
vt 0.72639 0.112094
f 2280/3152/4252 2299/3176/4252 2298/3175/4252

vn 0.667468 -0.690428 0.278918
f 2280/3152/4253 2282/3155/4253 2299/3176/4253

vn 0.437766 -0.899088 -0.00148469
v -0.667601 1.58329 0.258585
vt 0.734428 0.108178
f 2282/3155/4254 2300/3177/4254 2299/3176/4254

vn 0.628815 0.626229 0.460901
vt 0.763871 0.108178
f 2282/3156/4255 2283/3157/4255 2300/3178/4255

vn 0.308698 0.686107 0.658759
v -0.832848 1.67177 0.243869
vt 0.767901 0.139865
f 2300/3178/4256 2283/3157/4256 2301/3179/4256

vn 0.343713 0.878384 0.332119
f 2283/3157/4257 2284/3158/4257 2301/3179/4257

vn -0.388198 0.878001 0.280029
v -0.847369 1.70616 0.115923
vt 0.793035 0.14685
f 2284/3158/4258 2302/3180/4258 2301/3179/4258

vn 0.66151 0.521768 0.538668
v -0.954301 1.70692 0.246505
vt 0.767143 0.165293
f 2284/3158/4259 2303/3181/4259 2302/3180/4259

vn 0.255175 0.909771 0.327417
v -1.06965 1.80902 0.0526862
vt 0.807106 0.190272
f 2284/3158/4260 2304/3182/4260 2303/3181/4260

vn 0.263605 0.953795 0.14418
f 2284/3158/4261 2285/3159/4261 2304/3182/4261

vn 0.266474 0.952636 0.14655
v -1.05716 1.85284 -0.254871
vt 0.866423 0.190506
f 2285/3159/4262 2305/3183/4262 2304/3182/4262

vn 0.235235 0.866875 0.439536
v -1.04905 1.86207 -0.277404
vt 0.873796 0.190507
f 2285/3159/4263 2306/3184/4263 2305/3183/4263

vn 0.243723 0.880076 0.407512
f 2286/3160/4264 2306/3184/4264 2285/3159/4264

vn 0.24373 0.832689 -0.497216
f 2286/3160/4265 2287/3161/4265 2306/3184/4265

vn 0.235218 0.816167 -0.527772
v -1.05716 1.85054 -0.298849
vt 0.881315 0.190506
f 2287/3161/4266 2307/3185/4266 2306/3184/4266

vn 0.266462 0.932102 -0.245322
v -1.06965 1.77481 -0.600141
vt 0.940754 0.190272
f 2287/3161/4267 2308/3186/4267 2307/3185/4267

vn 0.263603 0.933498 -0.243093
f 2288/3162/4268 2308/3186/4268 2287/3161/4268

vn 0.255172 0.870569 -0.420711
v -0.954301 1.65301 -0.782226
vt 0.980723 0.165293
f 2288/3162/4269 2309/3187/4269 2308/3186/4269

vn 0.661542 0.462553 -0.59026
f 2309/3187/4270 2288/3162/4270 2292/3166/4270

v -0.948525 1.61222 -0.816013
vt 0.990595 0.162667
vn 0.615927 0.552443 -0.561641
f 2310/3188/4271 2309/3187/4271 2292/3166/4271

v -1.09342 1.68842 -0.787784
vt 0.982034 0.189598
vn 0.193078 0.641974 -0.742018
f 2311/3189/4272 2309/3187/4272 2310/3188/4272

vn 0.238764 0.870245 -0.430889
f 2309/3187/4273 2311/3189/4273 2308/3186/4273

vn -0.401762 0.850103 -0.34046
v -1.11396 1.7264 -0.668731
vt 0.958262 0.196159
f 2308/3186/4274 2311/3189/4274 2312/3190/4274

vn -0.28443 0.898069 -0.335517
v -1.13984 1.65955 -0.825726
vt 0.992632 0.196846
f 2311/3189/4275 2313/3191/4275 2312/3190/4275

vn 0.19773 0.648312 -0.735252
f 2311/3189/4276 2310/3188/4276 2313/3191/4276

vt 0.507709 0.162667
vn -0.244118 -0.962645 0.117136
v -1.09656 1.65505 -0.772493
vt 0.516264 0.189598
vt 0.505672 0.196846
f 2310/3192/4277 2314/3193/4277 2313/3194/4277

vn -0.249247 -0.963235 0.100267
v -0.957557 1.61961 -0.767484
vt 0.517575 0.165294
f 2310/3192/4278 2315/3195/4278 2314/3193/4278

vt 0.543467 0.14685
vn 0.209698 -0.960065 0.185206
f 2292/3196/4279 2315/3195/4279 2310/3192/4279

vn 0.542111 -0.818647 -0.189557
f 2296/3173/4280 2315/3195/4280 2292/3196/4280

vn -0.258489 -0.889158 0.377599
v -1.07243 1.73046 -0.585092
vt 0.557537 0.190272
f 2296/3173/4281 2316/3197/4281 2315/3195/4281

vn -0.262631 -0.924693 0.275624
v -1.0567 1.81838 -0.275115
vt 0.624228 0.190506
f 2296/3173/4282 2317/3198/4282 2316/3197/4282

vn -0.318417 -0.91984 0.22914
f 2297/3174/4283 2317/3198/4283 2296/3173/4283

vn -0.318416 -0.938753 -0.131732
f 2297/3174/4284 2298/3175/4284 2317/3198/4284

vn -0.262625 -0.948439 -0.177459
v -1.07243 1.76334 0.042354
vt 0.691185 0.190272
f 2298/3175/4285 2318/3199/4285 2317/3198/4285

vn -0.258483 -0.923757 -0.282593
v -0.957557 1.67216 0.235334
vt 0.731154 0.165294
f 2298/3175/4286 2319/3200/4286 2318/3199/4286

vn 0.542128 -0.794334 0.274099
vt 0.705247 0.14685
f 2298/3175/4287 2302/3201/4287 2319/3200/4287

vn -0.860219 -0.468596 -0.2011
v -0.837212 1.63763 0.232158
vt 0.730394 0.139866
f 2298/3175/4288 2320/3202/4288 2302/3201/4288

vn -0.384923 -0.877268 -0.286767
f 2299/3176/4289 2320/3202/4289 2298/3175/4289

vn -0.333544 -0.890063 0.310703
f 2300/3177/4290 2320/3202/4290 2299/3176/4290

vn -0.304109 -0.952613 -0.00682778
v -0.876391 1.64978 0.282204
vt 0.74062 0.146352
f 2300/3177/4291 2321/3203/4291 2320/3202/4291

vn 0.287199 0.652952 0.700835
vt 0.757684 0.146352
f 2301/3179/4292 2321/3204/4292 2300/3178/4292

vn -0.227876 0.93353 0.276757
f 2301/3179/4293 2302/3180/4293 2321/3204/4293

vn -0.649144 -0.678724 -0.343432
f 2320/3202/4294 2321/3203/4294 2302/3201/4294

vn 0.209753 -0.974157 -0.0838022
v -0.948525 1.66989 0.284371
vt 0.741026 0.162667
f 2302/3201/4295 2322/3205/4295 2319/3200/4295

vn 0.615888 0.608174 0.500806
vt 0.757278 0.162667
f 2302/3180/4296 2303/3181/4296 2322/3206/4296

vn 0.193103 0.716056 0.670802
v -1.09342 1.74272 0.248331
vt 0.765832 0.189598
f 2322/3206/4297 2303/3181/4297 2323/3207/4297

vn 0.238776 0.910513 0.337567
f 2303/3181/4298 2304/3182/4298 2323/3207/4298

vn -0.401761 0.881033 0.249739
v -1.11396 1.76805 0.125961
vt 0.789591 0.196159
f 2304/3182/4299 2324/3208/4299 2323/3207/4299

vn 0.6121 0.472261 0.634274
v -1.25592 1.78107 0.253264
vt 0.764721 0.221149
f 2304/3182/4300 2325/3209/4300 2324/3208/4300

vn 0.202058 0.926714 0.316819
v -1.30259 1.86193 0.0464985
vt 0.807676 0.233228
f 2304/3182/4301 2326/3210/4301 2325/3209/4301

vn 0.215397 0.965504 0.146309
f 2305/3183/4302 2326/3210/4302 2304/3182/4302

vn 0.192461 0.972999 0.127405
v -1.28398 1.8988 -0.263169
vt 0.868199 0.231041
f 2305/3183/4303 2327/3211/4303 2326/3210/4303

vn 0.155242 0.855487 0.494006
v -1.27892 1.90747 -0.279784
vt 0.873796 0.231041
f 2305/3183/4304 2328/3212/4304 2327/3211/4304

vn 0.171125 0.888679 0.425402
f 2306/3184/4305 2328/3212/4305 2305/3183/4305

vn 0.171123 0.839322 -0.515999
f 2306/3184/4306 2307/3185/4306 2328/3212/4306

vn 0.155244 0.799152 -0.580737
v -1.28398 1.89711 -0.295399
vt 0.879537 0.231041
f 2307/3185/4307 2329/3213/4307 2328/3212/4307

vn 0.192466 0.954351 -0.228409
v -1.30259 1.82807 -0.599519
vt 0.940178 0.233228
f 2307/3185/4308 2330/3214/4308 2329/3213/4308

vn 0.215403 0.944921 -0.246427
f 2307/3185/4309 2308/3186/4309 2330/3214/4309

vn 0.202065 0.888522 -0.411944
v -1.25592 1.72604 -0.796699
vt 0.983145 0.221149
f 2308/3186/4310 2331/3215/4310 2330/3214/4310

vn 0.612108 0.403367 -0.680161
f 2308/3186/4311 2312/3190/4311 2331/3215/4311

vn 0.593783 0.460255 -0.65999
v -1.26419 1.68344 -0.833844
vt 0.993234 0.221214
f 2312/3190/4312 2332/3216/4312 2331/3215/4312

vt 0.540023 0.196159
vn 0.119363 -0.981931 0.146846
v -1.2579 1.69199 -0.781822
vt 0.515152 0.221149
vt 0.506071 0.221214
f 2312/3217/4313 2333/3218/4313 2332/3219/4313

vn 0.311085 -0.94415 -0.108664
f 2316/3197/4314 2333/3218/4314 2312/3217/4314

vn -0.20459 -0.906194 0.370075
v -1.30359 1.78273 -0.584881
vt 0.558108 0.233228
f 2316/3197/4315 2334/3220/4315 2333/3218/4315

vn -0.212645 -0.941376 0.261904
v -1.28015 1.86297 -0.277452
vt 0.624229 0.231041
f 2316/3197/4316 2335/3221/4316 2334/3220/4316

vn -0.190805 -0.941785 0.276828
f 2317/3198/4317 2335/3221/4317 2316/3197/4317

vn -0.190804 -0.965563 -0.176869
f 2317/3198/4318 2318/3199/4318 2335/3221/4318

vn -0.212649 -0.963595 -0.162067
v -1.30359 1.81531 0.0366796
vt 0.690609 0.233228
f 2318/3199/4319 2336/3222/4319 2335/3221/4319

vn -0.204594 -0.939912 -0.273326
v -1.2579 1.74565 0.242029
vt 0.733576 0.221149
f 2318/3199/4320 2337/3223/4320 2336/3222/4320

vn 0.311094 -0.927614 0.206767
vt 0.708693 0.196159
f 2318/3199/4321 2324/3224/4321 2337/3223/4321

vn -0.64826 -0.707182 -0.282229
v -1.09656 1.70794 0.236612
vt 0.732466 0.189598
f 2318/3199/4322 2338/3225/4322 2324/3224/4322

vn -0.240797 -0.92506 -0.293736
f 2319/3200/4323 2338/3225/4323 2318/3199/4323

vn -0.249252 -0.968438 0.00101097
f 2322/3205/4324 2338/3225/4324 2319/3200/4324

vn -0.244112 -0.969617 -0.0158617
v -1.13984 1.71797 0.289082
vt 0.743063 0.196846
f 2322/3205/4325 2339/3226/4325 2338/3225/4325

vn 0.197724 0.721616 0.663457
vt 0.75524 0.196846
f 2322/3206/4326 2323/3207/4326 2339/3227/4326

vn -0.284413 0.928225 0.239809
f 2323/3207/4327 2324/3208/4327 2339/3227/4327

vn -0.566957 -0.757954 -0.322591
f 2338/3225/4328 2339/3226/4328 2324/3224/4328

vn 0.119357 -0.991902 -0.0434147
v -1.26419 1.74258 0.29466
vt 0.743666 0.221214
f 2324/3224/4329 2340/3228/4329 2337/3223/4329

vn 0.593763 0.526759 0.608252
vt 0.75564 0.221214
f 2325/3209/4330 2340/3229/4330 2324/3208/4330

vn 0.0914763 0.720178 0.687732
v -1.36384 1.80604 0.24147
vt 0.765582 0.23884
f 2325/3209/4331 2341/3230/4331 2340/3229/4331

vn 0.179725 0.929231 0.322844
f 2325/3209/4332 2326/3210/4332 2341/3230/4332

vn -0.534036 0.842245 0.0736821
v -1.34794 1.82915 0.0924545
vt 0.795613 0.240019
f 2326/3210/4333 2342/3231/4333 2341/3230/4333

vn 0.549864 0.320587 0.77128
v -1.52603 1.83849 0.215539
vt 0.772161 0.271166
f 2326/3210/4334 2343/3232/4334 2342/3231/4334

vn 0.101773 0.958203 0.267376
v -1.51873 1.8968 0.00380921
vt 0.816173 0.272835
f 2326/3210/4335 2344/3233/4335 2343/3232/4335

vn 0.133888 0.983071 0.125083
f 2327/3211/4336 2344/3233/4336 2326/3210/4336

vn 0.0839691 0.993149 0.0812632
v -1.50422 1.91784 -0.268402
vt 0.870653 0.270649
f 2327/3211/4337 2345/3234/4337 2344/3233/4337

vn 0.0612064 0.850943 0.52168
v -1.50459 1.92543 -0.280726
vt 0.87383 0.270649
f 2327/3211/4338 2346/3235/4338 2345/3234/4338

vn 0.0676828 0.875771 0.477959
f 2328/3212/4339 2346/3235/4339 2327/3211/4339

vn 0.0676882 0.821002 -0.566899
f 2328/3212/4340 2329/3213/4340 2346/3235/4340

vn 0.0611921 0.791645 -0.607909
v -1.50422 1.9166 -0.292186
vt 0.877115 0.270649
f 2329/3213/4341 2347/3236/4341 2346/3235/4341

vn 0.083967 0.979215 -0.18463
v -1.51873 1.86721 -0.560708
vt 0.931678 0.272835
f 2329/3213/4342 2348/3237/4342 2347/3236/4342

vn 0.133882 0.964612 -0.227153
f 2329/3213/4343 2330/3214/4343 2348/3237/4343

vn 0.101764 0.925004 -0.366076
v -1.52603 1.78709 -0.765183
vt 0.975702 0.271166
f 2330/3214/4344 2349/3238/4344 2348/3237/4344

vn 0.549861 0.238212 -0.800567
v -1.34794 1.79067 -0.641797
vt 0.952237 0.240019
f 2330/3214/4345 2350/3239/4345 2349/3238/4345

vn -0.534046 0.829922 -0.161322
v -1.36384 1.7521 -0.787578
vt 0.981708 0.239507
f 2330/3214/4346 2351/3240/4346 2350/3239/4346

vn 0.179688 0.8904 -0.418211
f 2331/3215/4347 2351/3240/4347 2330/3214/4347

vn 0.0914342 0.644322 -0.759269
f 2351/3240/4348 2331/3215/4348 2332/3216/4348

vn 0.0744695 0.629331 -0.773561
v -1.40931 1.72043 -0.817728
vt 0.990649 0.246995
f 2351/3240/4349 2332/3216/4349 2352/3241/4349

vn -0.225171 -0.958881 0.172761
v -1.36581 1.71835 -0.772528
vt 0.516014 0.23884
vt 0.507654 0.246995
f 2332/3219/4350 2353/3242/4350 2352/3243/4350

vn -0.218332 -0.958405 0.183823
f 2333/3218/4351 2353/3242/4351 2332/3219/4351

vn -0.18955 -0.907738 0.374276
f 2333/3218/4352 2334/3220/4352 2353/3242/4352

vn -0.661854 -0.613983 0.430087
vt 0.546044 0.240019
f 2353/3242/4353 2334/3220/4353 2350/3244/4353

vn 0.448253 -0.768549 -0.45651
v -1.52578 1.75227 -0.751774
vt 0.522592 0.271166
f 2334/3220/4354 2354/3245/4354 2350/3244/4354

vn -0.115309 -0.938713 0.32484
v -1.51696 1.82244 -0.545874
vt 0.566604 0.272835
f 2334/3220/4355 2355/3246/4355 2354/3245/4355

vn -0.130592 -0.956824 0.25968
f 2335/3221/4356 2355/3246/4356 2334/3220/4356

vn -0.0316726 -0.983794 0.176483
v -1.5033 1.87009 -0.277825
vt 0.624228 0.270649
f 2335/3221/4357 2356/3247/4357 2355/3246/4357

vn -0.0316722 -0.996852 -0.0726777
v -1.51696 1.85072 -0.00626367
vt 0.682109 0.272835
f 2335/3221/4358 2357/3248/4358 2356/3247/4358

vn -0.130593 -0.978727 -0.158239
f 2335/3221/4359 2336/3222/4359 2357/3248/4359

vn -0.115308 -0.967524 -0.224946
v -1.52578 1.80246 0.205844
vt 0.726133 0.271166
f 2336/3222/4360 2358/3249/4360 2357/3248/4360

vn 0.448264 -0.716614 0.534344
vt 0.702668 0.240019
f 2336/3222/4361 2342/3250/4361 2358/3249/4361

vn -0.661856 -0.65557 -0.363558
v -1.36581 1.77089 0.23003
vt 0.732139 0.239507
f 2336/3222/4362 2359/3251/4362 2342/3250/4362

vn -0.189535 -0.941889 -0.277348
f 2337/3223/4363 2359/3251/4363 2336/3222/4363

vn -0.218317 -0.972372 -0.0826447
f 2337/3223/4364 2340/3228/4364 2359/3251/4364

vn -0.225194 -0.971685 -0.0715313
v -1.40931 1.77768 0.274765
vt 0.74108 0.246995
f 2340/3228/4365 2360/3252/4365 2359/3251/4365

vn 0.0744658 0.706727 0.703556
vt 0.757222 0.246995
f 2340/3229/4366 2341/3230/4366 2360/3253/4366

vn -0.482356 0.871957 0.0838048
f 2342/3231/4367 2360/3253/4367 2341/3230/4367

vn -0.519265 -0.760668 -0.389549
f 2342/3250/4368 2359/3251/4368 2360/3252/4368

vn 0.249463 -0.953933 0.166673
v -1.53768 1.80687 0.248895
vt 0.735296 0.272265
f 2342/3250/4369 2361/3254/4369 2358/3249/4369

vn 0.499094 0.535176 0.681536
vt 0.763004 0.272266
f 2343/3232/4370 2361/3255/4370 2342/3231/4370

vn -0.0331931 0.731071 0.681494
v -1.59833 1.84701 0.202881
vt 0.773811 0.283311
f 2343/3232/4371 2362/3256/4371 2361/3255/4371

vn 0.0665015 0.961389 0.267037
f 2344/3233/4372 2362/3256/4372 2343/3232/4372

vn -0.673751 0.733959 -0.0858128
v -1.55975 1.86429 0.0478107
vt 0.804915 0.279686
f 2344/3233/4373 2363/3257/4373 2362/3256/4373

vn 0.515601 0.385378 0.765271
v -1.73806 1.86275 0.168728
vt 0.782564 0.311039
f 2344/3233/4374 2364/3258/4374 2363/3257/4374

vn -0.0135639 0.982675 0.18484
v -1.68866 1.90886 -0.0727631
vt 0.831578 0.303524
f 2344/3233/4375 2365/3259/4375 2364/3258/4375

vn 0.0351385 0.996263 0.0789009
f 2345/3234/4376 2365/3259/4376 2344/3233/4376

vn 0.019725 0.997727 0.0644371
v -1.65209 1.92155 -0.280523
vt 0.873797 0.297177
f 2345/3234/4377 2366/3260/4377 2365/3259/4377

vn -0.0216455 0.851236 0.524336
f 2345/3234/4378 2346/3235/4378 2366/3260/4378

vn -0.0216435 0.791658 -0.610581
f 2347/3236/4379 2366/3260/4379 2346/3235/4379

vn 0.0197323 0.985526 -0.168371
v -1.68866 1.88721 -0.485816
vt 0.916115 0.303524
f 2347/3236/4380 2367/3261/4380 2366/3260/4380

vn 0.035151 0.982557 -0.182607
f 2347/3236/4381 2348/3237/4381 2367/3261/4381

vn -0.0135537 0.957969 -0.28655
v -1.73807 1.81611 -0.721164
vt 0.965213 0.311039
f 2348/3237/4382 2368/3262/4382 2367/3261/4382

vn 0.515596 0.303282 -0.801362
v -1.55975 1.83029 -0.601071
vt 0.942931 0.279686
f 2348/3237/4383 2369/3263/4383 2368/3262/4383

vn -0.673765 0.738895 0.00863519
v -1.59833 1.79689 -0.753483
vt 0.97405 0.283311
f 2348/3237/4384 2370/3264/4384 2369/3263/4384

vn 0.0665142 0.928206 -0.366073
f 2348/3237/4385 2349/3238/4385 2370/3264/4385

vn -0.0331926 0.655839 -0.754171
v -1.53768 1.75216 -0.79505
vt 0.984864 0.272266
f 2370/3264/4386 2349/3238/4386 2371/3265/4386

vn 0.499087 0.461013 -0.733743
f 2350/3239/4387 2371/3265/4387 2349/3238/4387

vn 0.249419 -0.966145 -0.065988
vt 0.513436 0.272265
f 2350/3244/4388 2354/3245/4388 2371/3266/4388

vn -0.128441 -0.990992 0.0379127
v -1.59802 1.76213 -0.738883
vt 0.524242 0.28331
f 2354/3245/4389 2372/3267/4389 2371/3266/4389

vn -0.0707886 -0.943242 0.324476
f 2355/3246/4390 2372/3267/4390 2354/3245/4390

vn -0.698156 -0.545515 0.463671
vt 0.555346 0.279686
f 2372/3267/4391 2355/3246/4391 2369/3268/4391

vn 0.501984 -0.7124 -0.490407
v -1.73423 1.78048 -0.707319
vt 0.532996 0.311039
f 2355/3246/4392 2373/3269/4392 2369/3268/4392

vn -0.00619256 -0.965762 0.259357
v -1.68149 1.84256 -0.474883
vt 0.58201 0.303524
f 2355/3246/4393 2374/3270/4393 2373/3269/4393

vn -0.0438612 -0.983232 0.177004
f 2356/3247/4394 2374/3270/4394 2355/3246/4394

vn 0.0396395 -0.993893 0.102985
v -1.64769 1.86436 -0.277523
vt 0.624228 0.297177
f 2356/3247/4395 2375/3271/4395 2374/3270/4395

vn 0.039638 -0.999213 0.00146814
v -1.68149 1.86331 -0.0789666
vt 0.666546 0.303524
f 2356/3247/4396 2376/3272/4396 2375/3271/4396

vn -0.0438584 -0.996348 -0.0732549
f 2356/3247/4397 2357/3248/4397 2376/3272/4397

vn -0.00618803 -0.987581 -0.156988
v -1.73423 1.82586 0.158683
vt 0.715644 0.311039
f 2357/3248/4398 2377/3273/4398 2376/3272/4398

vn 0.501996 -0.657216 0.562199
vt 0.693362 0.279686
f 2357/3248/4399 2363/3274/4399 2377/3273/4399

vn -0.698167 -0.590979 -0.404112
v -1.59802 1.81091 0.191993
vt 0.724482 0.28331
f 2357/3248/4400 2378/3275/4400 2363/3274/4400

vn -0.0708063 -0.971988 -0.224111
f 2357/3248/4401 2358/3249/4401 2378/3275/4401

vn -0.128475 -0.98952 0.0659191
f 2358/3249/4402 2361/3254/4402 2378/3275/4402

vn -0.12459 -0.990285 0.0617445
v -1.64912 1.82025 0.238548
vt 0.73346 0.292444
f 2361/3254/4403 2379/3276/4403 2378/3275/4403

vn 0.0344712 0.775189 0.630788
vt 0.764839 0.292444
f 2361/3255/4404 2362/3256/4404 2379/3277/4404

vn -0.477512 0.878377 -0.0208933
f 2363/3257/4405 2379/3277/4405 2362/3256/4405

vn -0.514665 -0.750549 -0.414483
f 2363/3274/4406 2378/3275/4406 2379/3276/4406

vn 0.340509 -0.914403 0.21891
v -1.75721 1.83011 0.212162
vt 0.726727 0.31417
f 2363/3274/4407 2380/3278/4407 2377/3273/4407

vn 0.439115 0.614512 0.655403
vt 0.771533 0.31417
f 2363/3257/4408 2364/3258/4408 2380/3279/4408

vn -0.180673 0.822856 0.538763
v -1.80088 1.87107 0.134959
vt 0.788696 0.321584
f 2364/3258/4409 2381/3280/4409 2380/3279/4409

vn 0.0263247 0.980912 0.192663
f 2365/3259/4410 2381/3280/4410 2364/3258/4410

vn -0.694871 0.673189 -0.252926
v -1.73639 1.87737 -0.0254521
vt 0.820851 0.312647
f 2365/3259/4411 2382/3281/4411 2381/3280/4411

vn 0.310757 0.616256 0.723643
v -1.89831 1.86937 0.0508925
vt 0.807367 0.340658
f 2365/3259/4412 2383/3282/4412 2382/3281/4412

vn -0.118756 0.986401 0.113625
v -1.82705 1.90647 -0.196655
vt 0.85679 0.328407
f 2365/3259/4413 2384/3283/4413 2383/3282/4413

vn -0.0619775 0.996824 0.0500003
f 2366/3260/4414 2384/3283/4414 2365/3259/4414

vn -0.0536481 0.996291 0.067281
v -1.7805 1.91461 -0.280157
vt 0.873797 0.320059
f 2366/3260/4415 2385/3284/4415 2384/3283/4415

vn -0.0536519 0.9838 -0.171055
v -1.82705 1.89778 -0.362351
vt 0.891019 0.328407
f 2366/3260/4416 2386/3285/4416 2385/3284/4416

vn -0.061985 0.986138 -0.153916
f 2366/3260/4417 2367/3261/4417 2386/3285/4417

vn -0.118772 0.969118 -0.216111
v -1.89831 1.83501 -0.604665
vt 0.94044 0.340658
f 2367/3261/4418 2387/3286/4418 2386/3285/4418

vn 0.310768 0.537193 -0.784121
v -1.73639 1.85095 -0.529575
vt 0.926955 0.312647
f 2367/3261/4419 2388/3287/4419 2387/3286/4419

vn -0.694897 0.695907 0.181196
v -1.80088 1.82792 -0.688449
vt 0.959101 0.321584
f 2367/3261/4420 2389/3288/4420 2388/3287/4420

vn 0.0263307 0.955398 -0.294146
f 2367/3261/4421 2368/3262/4421 2389/3288/4421

vn -0.18067 0.762039 -0.621816
v -1.75721 1.77911 -0.760948
vt 0.976295 0.31417
f 2368/3262/4422 2390/3289/4422 2389/3288/4422

vn 0.439108 0.542651 -0.71604
f 2369/3263/4423 2390/3289/4423 2368/3262/4423

vn 0.340508 -0.932274 -0.122147
vt 0.521964 0.31417
f 2369/3268/4424 2373/3269/4424 2390/3290/4424

vn -0.140784 -0.986345 0.0854565
v -1.79705 1.79229 -0.674507
vt 0.539127 0.321584
f 2373/3269/4425 2391/3291/4425 2390/3290/4425

vn -0.0417251 -0.962889 0.266652
f 2374/3270/4426 2391/3291/4426 2373/3269/4426

vn -0.596562 -0.625499 0.502857
vt 0.571283 0.312647
f 2374/3270/4427 2388/3292/4427 2391/3291/4427

vn 0.476865 -0.660517 -0.579929
v -1.88768 1.80087 -0.596943
vt 0.557798 0.340658
f 2374/3270/4428 2392/3293/4428 2388/3292/4428

vn 0.0946899 -0.980038 0.174812
v -1.81527 1.85078 -0.356324
vt 0.607222 0.328406
f 2374/3270/4429 2393/3294/4429 2392/3293/4429

vn 0.0314348 -0.994038 0.104406
f 2375/3271/4430 2393/3294/4430 2374/3270/4430

vn 0.0231422 -0.992292 0.121741
v -1.77134 1.86149 -0.277373
vt 0.624228 0.320059
f 2375/3271/4431 2394/3295/4431 2393/3294/4431

vn 0.0231426 -0.999581 -0.0173599
v -1.81527 1.85909 -0.197737
vt 0.64145 0.328406
f 2375/3271/4432 2395/3296/4432 2394/3295/4432

vn 0.0314387 -0.999506 7.06378e-005
f 2375/3271/4433 2376/3272/4433 2395/3296/4433

vn 0.094684 -0.992943 -0.0714013
v -1.88768 1.8346 0.0467827
vt 0.690872 0.340658
f 2376/3272/4434 2396/3297/4434 2395/3296/4434

vt 0.677387 0.312647
vn 0.476864 -0.596265 0.645809
f 2382/3298/4435 2396/3297/4435 2376/3272/4435

vn 0.398024 -0.857483 0.326036
v -1.93216 1.83779 0.109452
vt 0.703751 0.347478
f 2382/3298/4436 2397/3299/4436 2396/3297/4436

vn 0.224627 0.797497 0.559948
vt 0.794487 0.347479
f 2382/3281/4437 2383/3282/4437 2397/3300/4437

vn -0.369575 0.890172 0.266474
v -2.00125 1.83134 0.0351737
vt 0.809463 0.360127
f 2383/3282/4438 2398/3301/4438 2397/3300/4438

vn -0.368917 0.89523 0.249926
v -1.94834 1.86442 -0.00522958
vt 0.817847 0.349117
f 2383/3282/4439 2399/3302/4439 2398/3301/4439

vn -0.197048 0.976293 0.0895733
f 2384/3283/4440 2399/3302/4440 2383/3282/4440

vn -0.747381 0.565088 -0.349423
v -1.87227 1.87385 -0.152678
vt 0.847541 0.337928
f 2384/3283/4441 2400/3303/4441 2399/3302/4441

vn 0.199259 0.677905 0.707631
v -2.00332 1.85855 -0.101117
vt 0.839908 0.361081
f 2384/3283/4442 2401/3304/4442 2400/3303/4442

vn -0.275793 0.96084 -0.0269233
v -1.91752 1.87821 -0.278249
vt 0.873797 0.34508
f 2384/3283/4443 2402/3305/4443 2401/3304/4443

vn -0.257072 0.965141 -0.0491688
f 2385/3284/4444 2402/3305/4444 2384/3283/4444

vn -0.257072 0.964993 -0.051991
f 2385/3284/4445 2386/3285/4445 2402/3305/4445

vn -0.275788 0.958392 -0.0736591
v -2.00332 1.84014 -0.452359
vt 0.9079 0.361081
f 2386/3285/4446 2403/3306/4446 2402/3305/4446

vn 0.199253 0.600244 -0.7746
v -1.87227 1.86075 -0.402679
vt 0.900266 0.337928
f 2386/3285/4447 2404/3307/4447 2403/3306/4447

v -1.94834 1.83596 -0.548335
vt 0.92996 0.349117
vn -0.747376 0.598523 0.288443
f 2405/3308/4448 2404/3307/4448 2386/3285/4448

vn -0.658415 0.719348 0.221423
v -2.00125 1.79883 -0.585059
vt 0.938344 0.360127
f 2404/3307/4449 2405/3308/4449 2406/3309/4449

vn -0.368894 0.864186 -0.342199
f 2387/3286/4450 2406/3309/4450 2405/3308/4450

vn -0.369548 0.857457 -0.358053
v -1.93216 1.79748 -0.659602
vt 0.95332 0.347479
f 2387/3286/4451 2407/3310/4451 2406/3309/4451

vn 0.224605 0.734627 -0.640215
f 2388/3287/4452 2407/3310/4452 2387/3286/4452

vn 0.398046 -0.886842 -0.234669
vt 0.544919 0.347478
f 2388/3292/4453 2392/3293/4453 2407/3311/4453

vn 0.0218896 -0.999024 0.0383653
vt 0.559895 0.360127
f 2392/3293/4454 2406/3312/4454 2407/3311/4454

vn 0.0223899 -0.998816 0.0431811
v -1.9377 1.80217 -0.540817
vt 0.568279 0.349117
f 2392/3293/4455 2408/3313/4455 2406/3312/4455

vn 0.150808 -0.976002 0.157087
f 2393/3294/4456 2408/3313/4456 2392/3293/4456

vn -0.546358 -0.646217 0.532819
vt 0.597972 0.337927
f 2393/3294/4457 2404/3314/4457 2408/3313/4457

vn 0.496617 -0.490461 -0.716114
v -1.99011 1.80749 -0.447924
vt 0.590339 0.361081
f 2404/3314/4458 2393/3294/4458 2409/3315/4458

vn 0.225126 -0.973851 0.0305283
v -1.90464 1.83265 -0.275862
vt 0.624228 0.345079
f 2393/3294/4459 2410/3316/4459 2409/3315/4459

vn 0.211646 -0.977235 0.0147944
f 2394/3295/4460 2410/3316/4460 2393/3294/4460

vn 0.211645 -0.973428 0.087429
f 2394/3295/4461 2395/3296/4461 2410/3316/4461

vn 0.225123 -0.971708 0.07143
v -1.99011 1.82562 -0.102113
vt 0.658331 0.361081
f 2395/3296/4462 2411/3317/4462 2410/3316/4462

vt 0.650698 0.337927
vn 0.496618 -0.41291 0.763463
f 2400/3318/4463 2411/3317/4463 2395/3296/4463

vn 0.508228 -0.653132 0.561358
v -2.04872 1.82669 -0.0478039
vt 0.669552 0.370516
f 2400/3318/4464 2412/3319/4464 2411/3317/4464

vn 0.141001 0.792361 0.593534
vt 0.828686 0.370516
f 2400/3303/4465 2401/3304/4465 2412/3320/4465

v -2.10148 1.80862 -0.154548
vt 0.850488 0.380157
vn -0.492742 0.864734 0.0971642
vt 0.828704 0.370519
vt 0.839925 0.361084
v -2.03841 1.84723 -0.178352
vt 0.855702 0.367444
f 2413/3321/4466 2412/3322/4466 2401/3323/4466 2414/3324/4466 

vn 0.0938963 -0.988212 0.120916
vt 0.647768 0.380154
f 2411/3317/4467 2412/3319/4467 2413/3325/4467

vn 0.0995475 -0.989025 0.109176
v -2.02517 1.81358 -0.179148
vt 0.643619 0.366945
f 2411/3317/4468 2413/3325/4468 2415/3326/4468

v -1.96438 1.84399 -0.276456
vt 0.624228 0.355475
vn -0.0422187 -0.945832 -0.321899
f 2416/3327/4469 2415/3326/4469 2413/3325/4469

vn -0.168152 -0.906122 -0.38816
f 2410/3316/4470 2415/3326/4470 2416/3327/4470

vn 0.202952 -0.97733 0.0602954
f 2410/3316/4471 2411/3317/4471 2415/3326/4471

vn -0.168152 -0.860588 0.480743
v -2.02517 1.80358 -0.370055
vt 0.605057 0.366945
f 2410/3316/4472 2416/3327/4472 2417/3328/4472

vn -0.0422315 -0.907002 0.419003
v -2.10148 1.79607 -0.394
vt 0.600902 0.380154
f 2416/3327/4473 2418/3329/4473 2417/3328/4473

vt 0.873797 0.355475
vn -0.583346 0.712489 0.389958
v -2.03841 1.83696 -0.374363
vt 0.893187 0.366946
vt 0.897336 0.380154
f 2416/3330/4474 2419/3331/4474 2418/3332/4474

vn -0.542362 0.761239 0.35547
f 2402/3305/4475 2419/3331/4475 2416/3330/4475

vn -0.264491 0.96108 -0.0798139
f 2402/3305/4476 2403/3306/4476 2419/3331/4476

vt 0.89732 0.380158
vn -0.492736 0.849844 -0.187021
vt 0.892107 0.367446
vt 0.907885 0.361086
v -2.04872 1.80289 -0.502049
vt 0.919106 0.370521
f 2418/3333/4477 2419/3334/4477 2403/3335/4477 2420/3336/4477 

vn 0.141007 0.725972 -0.673113
vt 0.919121 0.370516
f 2404/3307/4478 2420/3337/4478 2403/3306/4478

vn 0.508227 -0.708234 -0.490011
vt 0.579118 0.370516
f 2404/3314/4479 2409/3315/4479 2420/3338/4479

vn 0.0938888 -0.995438 -0.0169541
f 2409/3315/4480 2418/3329/4480 2420/3338/4480

vn 0.0995313 -0.995021 -0.00521235
f 2409/3315/4481 2417/3328/4481 2418/3329/4481

vn 0.202956 -0.978278 0.0421887
f 2410/3316/4482 2417/3328/4482 2409/3315/4482

vn -0.542358 0.719917 -0.433091
vt 0.854625 0.366946
f 2402/3305/4483 2416/3330/4483 2414/3339/4483

vn -0.583355 0.667812 -0.462304
vt 0.85047 0.380154
f 2416/3330/4484 2413/3340/4484 2414/3339/4484

vn -0.264495 0.964157 -0.0210823
f 2402/3305/4485 2414/3339/4485 2401/3304/4485

vn -0.546354 -0.698377 -0.46235
v -1.9377 1.83003 -0.00917326
vt 0.680391 0.349117
f 2395/3296/4486 2421/3341/4486 2400/3318/4486

vn 0.150847 -0.987071 -0.0541816
f 2395/3296/4487 2396/3297/4487 2421/3341/4487

vn 0.0224138 -0.997856 0.0614976
vt 0.688775 0.360127
f 2396/3297/4488 2398/3342/4488 2421/3341/4488

vn 0.0219193 -0.997562 0.0662521
f 2396/3297/4489 2397/3299/4489 2398/3342/4489

vn -0.297039 -0.866971 -0.400162
f 2400/3318/4490 2421/3341/4490 2398/3342/4490

vn -0.658393 0.692292 -0.295382
f 2400/3303/4491 2398/3301/4491 2399/3302/4491

vn -0.297049 -0.820388 0.488596
f 2404/3314/4492 2406/3312/4492 2408/3313/4492

vn -0.196982 0.96159 -0.191162
f 2386/3285/4493 2387/3286/4493 2405/3308/4493

vn -0.59658 -0.674611 -0.434732
v -1.79705 1.83417 0.124817
vt 0.709532 0.321584
f 2376/3272/4494 2422/3343/4494 2382/3298/4494

vn -0.0417164 -0.985487 -0.164543
f 2376/3272/4495 2377/3273/4495 2422/3343/4495

vn -0.140778 -0.989875 0.0181193
f 2377/3273/4496 2380/3278/4496 2422/3343/4496

vn -0.116877 -0.993121 0.00706702
v -1.84844 1.84053 0.168308
vt 0.717458 0.330967
f 2380/3278/4497 2423/3344/4497 2422/3343/4497

vn -0.16073 0.831355 0.531992
vt 0.780781 0.330968
f 2380/3279/4498 2381/3280/4498 2423/3345/4498

vn -0.63341 0.740205 -0.225585
f 2382/3281/4499 2423/3345/4499 2381/3280/4499

vn -0.444362 -0.797268 -0.408541
f 2382/3298/4500 2422/3343/4500 2423/3344/4500

vn -0.444324 -0.75023 0.489623
v -1.84844 1.79406 -0.718424
vt 0.531212 0.330967
f 2388/3292/4501 2424/3346/4501 2391/3291/4501

vn -0.633426 0.759713 0.146995
vt 0.967026 0.330968
f 2388/3287/4502 2389/3288/4502 2424/3347/4502

vn -0.160749 0.771189 -0.615977
f 2390/3289/4503 2424/3347/4503 2389/3288/4503

vn -0.116864 -0.98842 0.0967959
f 2390/3290/4504 2391/3291/4504 2424/3346/4504

vn -0.51468 -0.703105 0.49066
v -1.64912 1.76654 -0.786158
vt 0.51527 0.292444
f 2369/3268/4505 2425/3348/4505 2372/3267/4505

vn -0.477479 0.875766 -0.0710431
vt 0.983029 0.292444
f 2369/3263/4506 2370/3264/4506 2425/3349/4506

vn 0.0344924 0.705028 -0.70834
f 2370/3264/4507 2371/3265/4507 2425/3349/4507

vn -0.124612 -0.991313 0.0420837
f 2371/3266/4508 2372/3267/4508 2425/3348/4508

vn -0.519215 -0.715817 0.466929
f 2350/3244/4509 2352/3243/4509 2353/3242/4509

vn -0.482345 0.858424 -0.174501
f 2350/3239/4510 2351/3240/4510 2352/3241/4510

vn -0.648253 -0.673811 0.354609
f 2316/3197/4511 2312/3217/4511 2314/3193/4511

vn -0.566961 -0.720079 0.400051
f 2314/3193/4512 2312/3217/4512 2313/3194/4512

vn -0.240788 -0.889289 0.388827
f 2315/3195/4513 2316/3197/4513 2314/3193/4513

vn -0.860212 -0.445021 0.248982
f 2294/3169/4514 2296/3173/4514 2292/3196/4514

vn -0.384921 -0.84249 0.376891
f 2295/3171/4515 2296/3173/4515 2294/3169/4515

vn -0.64913 -0.639122 0.412497
f 2293/3170/4516 2294/3169/4516 2292/3196/4516

vn -0.915773 -0.384379 0.116672
f 2273/3143/4517 2276/3148/4517 2271/3172/4517

vn -0.507886 -0.801087 0.31672
f 2274/3145/4518 2276/3148/4518 2273/3143/4518

vn -0.835516 -0.471233 0.282581
f 2272/3144/4519 2273/3143/4519 2271/3172/4519

g Mesh21 Component_4_1 skp7E49_1 Model

v -0.397701 1.4319 -0.595155
vt 0.207182 0.429872
vn -0.169209 -0.945742 -0.277382
v -0.502661 1.52909 -0.862482
vt 0.229487 0.478714
v -0.439191 1.50771 -0.828317
vt 0.216525 0.473037
f 2426/3350/4520 2427/3351/4520 2428/3352/4520

vt 0.269751 0.478714
vn -0.630136 0.616824 0.471652
vt 0.292044 0.429872
v -0.450073 1.55079 -0.820605
vt 0.282706 0.473038
f 2427/3353/4521 2426/3354/4521 2429/3355/4521

vn -0.670077 0.580973 0.462025
v -0.362151 1.48176 -0.60629
vt 0.302199 0.434202
f 2429/3355/4522 2426/3354/4522 2430/3356/4522

vn -0.541446 0.531547 0.651379
v -0.166371 1.36484 -0.348143
vt 0.336118 0.392013
f 2430/3356/4523 2426/3354/4523 2431/3357/4523

vt 0.163084 0.392013
vn -0.277289 -0.960786 -0.00115855
v -0.349915 1.41813 -0.613179
vt 0.197025 0.434202
f 2431/3358/4524 2426/3350/4524 2432/3359/4524

vn -0.349371 -0.907575 -0.232913
f 2432/3359/4525 2426/3350/4525 2428/3352/4525

v -0.273566 1.56813 -0.840011
vt 0.18194 0.481696
vn 0.274369 -0.842024 -0.464453
f 2433/3360/4526 2432/3359/4526 2428/3352/4526

v -0.114813 1.301 -0.413588
vt 0.146686 0.392013
vn 0.0412487 -0.839745 -0.541412
f 2434/3361/4527 2432/3359/4527 2433/3360/4527

vn -0.600174 -0.755115 0.263802
f 2434/3361/4528 2431/3358/4528 2432/3359/4528

v 0 1.59461 -0.845873
vt 0.123764 0.483669
vn 0.0689459 -0.833681 -0.547925
f 2435/3362/4529 2434/3361/4529 2433/3360/4529

v 0 1.29625 -0.404663
vt 0.123764 0.392013
vn 0.00929539 -0.828344 -0.560143
f 2436/3363/4530 2434/3361/4530 2435/3362/4530

v 0.114813 1.301 -0.413588
vt 0.100911 0.392013
vn -0.00929539 -0.828344 -0.560143
f 2437/3364/4531 2436/3363/4531 2435/3362/4531

v 0.273566 1.56813 -0.840011
vt 0.065857 0.481696
vn -0.0689459 -0.833681 -0.547925
f 2438/3365/4532 2437/3364/4532 2435/3362/4532

v 0.349915 1.41813 -0.613179
vt 0.05076 0.434202
vn -0.0412487 -0.839745 -0.541412
f 2439/3366/4533 2437/3364/4533 2438/3365/4533

vn 0.600174 -0.755115 0.263802
v 0.166371 1.36484 -0.348143
vt 0.084679 0.392013
f 2439/3366/4534 2440/3367/4534 2437/3364/4534

v 0.397701 1.4319 -0.595155
vt 0.040605 0.429872
vn 0.277289 -0.960786 -0.00115855
f 2441/3368/4535 2440/3367/4535 2439/3366/4535

v 0.362151 1.48176 -0.60629
vt 0.448464 0.434202
vn 0.541446 0.531547 0.651379
vt 0.414524 0.392013
vt 0.458621 0.429872
f 2442/3369/4536 2440/3370/4536 2441/3371/4536

vn 0.624651 0.414822 0.661615
v 0.109416 1.44038 -0.341732
vt 0.398125 0.392013
f 2442/3369/4537 2443/3372/4537 2440/3370/4537

vn 0.332031 0.830576 0.4471
v 0.289519 1.62947 -0.826749
vt 0.43338 0.481696
f 2442/3369/4538 2444/3373/4538 2443/3372/4538

v 0.450073 1.55079 -0.820605
vt 0.467965 0.473038
vn 0.38577 0.820198 0.422442
f 2445/3374/4539 2444/3373/4539 2442/3369/4539

vn 0.440319 0.897792 -0.0093619
v 0.37863 1.58542 -0.859795
vt 0.454593 0.483783
f 2445/3374/4540 2446/3375/4540 2444/3373/4540

v 0.502661 1.52909 -0.862482
vt 0.480926 0.478714
vn 0.41391 0.909014 0.048698
f 2447/3376/4541 2446/3375/4541 2445/3374/4541

vt 0.044587 0.483783
vn -0.257517 -0.528402 -0.808997
vt 0.018311 0.478714
v 0.439191 1.50771 -0.828317
vt 0.031267 0.473037
f 2446/3377/4542 2447/3378/4542 2448/3379/4542

vn 0.169209 -0.945742 -0.277382
f 2447/3378/4543 2441/3368/4543 2448/3379/4543

vn 0.630136 0.616824 0.471652
f 2447/3376/4544 2445/3374/4544 2441/3371/4544

vn 0.670077 0.580973 0.462025
f 2445/3374/4545 2442/3369/4545 2441/3371/4545

vn 0.349371 -0.907575 -0.232913
f 2448/3379/4546 2441/3368/4546 2439/3366/4546

vn -0.274369 -0.842024 -0.464453
f 2448/3379/4547 2439/3366/4547 2438/3365/4547

vn -0.0964 -0.437321 -0.894124
f 2446/3377/4548 2448/3379/4548 2438/3365/4548

vn 0.242411 -0.668174 0.703407
v 0.48055 1.53236 -0.945319
vt 0.021869 0.498125
f 2446/3377/4549 2438/3365/4549 2449/3380/4549

vn -0.327463 -0.879687 -0.344846
v 0.305648 1.65439 -1.09052
vt 0.059126 0.529819
f 2449/3380/4550 2438/3365/4550 2450/3381/4550

vn -0.178471 -0.923076 -0.340705
v 0 1.7094 -1.07945
vt 0.123764 0.533272
f 2450/3381/4551 2438/3365/4551 2451/3382/4551

vn -0.0771793 -0.894799 -0.439748
f 2438/3365/4552 2435/3362/4552 2451/3382/4552

vn 0.0771793 -0.894799 -0.439748
f 2435/3362/4553 2433/3360/4553 2451/3382/4553

vn 0.178471 -0.923076 -0.340705
v -0.305648 1.65439 -1.09052
vt 0.188665 0.529819
f 2451/3382/4554 2433/3360/4554 2452/3383/4554

vn 0.327463 -0.879687 -0.344846
v -0.48055 1.53236 -0.945319
vt 0.225926 0.498125
f 2433/3360/4555 2453/3384/4555 2452/3383/4555

v -0.37863 1.58542 -0.859795
vt 0.203154 0.483783
vn -0.242411 -0.668174 0.703407
f 2454/3385/4556 2453/3384/4556 2433/3360/4556

vn 0.0485656 -0.873652 0.484122
v -0.52183 1.53911 -0.928995
vt 0.233963 0.494208
f 2454/3385/4557 2455/3386/4557 2453/3384/4557

vt 0.296026 0.483783
vn -0.493045 0.633333 0.596486
v -0.49354 1.57437 -0.943046
vt 0.273308 0.498124
vt 0.265277 0.494208
f 2454/3387/4558 2456/3388/4558 2455/3389/4558

v -0.289519 1.62947 -0.826749
vt 0.317297 0.481696
vn -0.517967 0.568057 0.639548
f 2457/3390/4559 2456/3388/4559 2454/3387/4559

vn -0.394668 0.875958 0.277371
v -0.319514 1.69897 -1.08891
vt 0.310565 0.529819
f 2457/3390/4560 2458/3391/4560 2456/3388/4560

v -0.0260401 1.66597 -0.820379
vt 0.367097 0.483669
vn -0.138564 0.953245 0.268558
f 2459/3392/4561 2458/3391/4561 2457/3390/4561

v -0.0252015 1.76144 -1.10175
vt 0.367353 0.533273
vn -0.183862 0.931 0.31533
f 2460/3393/4562 2458/3391/4562 2459/3392/4562

vn -0.193906 0.957441 0.213792
v -0.328028 1.75395 -1.34285
vt 0.308512 0.576302
f 2460/3393/4563 2461/3394/4563 2458/3391/4563

v -0.0231846 1.81437 -1.33351
vt 0.367829 0.576537
vn -0.196201 0.956317 0.21671
f 2462/3395/4564 2461/3394/4564 2460/3393/4564

vn -0.196634 0.966487 0.165036
v -0.324617 1.79484 -1.57826
vt 0.309082 0.619259
f 2462/3395/4565 2463/3396/4565 2461/3394/4565

v -0.0173031 1.84876 -1.56244
vt 0.369605 0.617071
vn -0.178154 0.973747 0.141697
f 2464/3397/4566 2463/3396/4566 2462/3395/4566

vn -0.176363 0.980848 0.0826636
v -0.283812 1.82053 -1.79605
vt 0.317579 0.658866
f 2464/3397/4567 2465/3398/4567 2463/3396/4567

v -0.0130751 1.8565 -1.7834
vt 0.372058 0.656679
vn -0.133126 0.990577 0.0321606
f 2466/3399/4568 2465/3398/4568 2464/3397/4568

vn -0.13093 0.99125 -0.0167526
v -0.207975 1.82766 -1.96658
vt 0.332984 0.689555
f 2466/3399/4569 2467/3400/4569 2465/3398/4569

v 0 1.8531 -1.93129
vt 0.375202 0.683208
vn -0.115782 0.992723 -0.0331017
f 2468/3401/4570 2467/3400/4570 2466/3399/4570

vn -0.101616 0.988336 -0.113427
v -0.0841281 1.82451 -2.105
vt 0.358196 0.714437
f 2468/3401/4571 2469/3402/4571 2467/3400/4571

v 0 1.83944 -2.05916
vt 0.375203 0.706089
vn -0.117709 0.98743 -0.105484
f 2470/3403/4572 2469/3402/4572 2468/3401/4572

v 0 1.79587 -2.19408
vt 0.375203 0.73111
vn -0.00139867 0.951613 -0.307295
f 2471/3404/4573 2469/3402/4573 2470/3403/4573

vn -0.0231971 0.945153 -0.325803
v -0.177028 1.76251 -2.27826
vt 0.341314 0.747112
f 2471/3404/4574 2472/3405/4574 2469/3402/4574

vn -0.0293186 0.948841 -0.314391
v -0.0993061 1.75343 -2.31292
vt 0.356031 0.752975
f 2471/3404/4575 2473/3406/4575 2472/3405/4575

v 0 1.75919 -2.23909
vt 0.375203 0.741505
vn 0.390928 0.713458 -0.581509
f 2474/3407/4576 2473/3406/4576 2471/3404/4576

vn 0.421753 0.662545 -0.618999
v -0.121057 1.71037 -2.37382
vt 0.351876 0.766185
f 2474/3407/4577 2475/3408/4577 2473/3406/4577

vt 0.123764 0.741505
vn 0.366127 -0.930529 0.00818385
v -0.0967506 1.7206 -2.29794
vt 0.143154 0.752976
vt 0.147303 0.766184
f 2474/3409/4578 2476/3410/4578 2475/3411/4578

v 0 1.75097 -2.17883
vt 0.123763 0.73111
vn 0.430742 -0.894209 -0.121865
f 2477/3412/4579 2476/3410/4579 2474/3409/4579

vn -0.00903378 -0.967165 0.253989
v -0.174309 1.73041 -2.26335
vt 0.157866 0.747111
f 2477/3412/4580 2478/3413/4580 2476/3410/4580

vn -0.0202844 -0.961029 0.275701
v -0.0805688 1.77794 -2.09076
vt 0.140985 0.714436
f 2477/3412/4581 2479/3414/4581 2478/3413/4581

v 0 1.7868 -2.04723
vt 0.123764 0.706089
vn -0.0358416 -0.964276 0.262463
f 2480/3415/4582 2479/3414/4582 2477/3412/4582

v 0 1.79613 -1.9239
vt 0.123763 0.683208
vn 0.0686345 -0.994795 0.0753119
f 2481/3416/4583 2479/3414/4583 2480/3415/4583

vn 0.051973 -0.99516 0.0833966
v -0.199397 1.78294 -1.95706
vt 0.166082 0.689555
f 2481/3416/4584 2482/3417/4584 2479/3414/4584

v 0 1.80942 -1.78
vt 0.123764 0.656679
vn 0.0505262 -0.994492 0.0918305
f 2483/3418/4585 2482/3417/4585 2481/3416/4585

vn 0.124787 -0.992152 0.0078481
v -0.271341 1.7752 -1.79189
vt 0.181644 0.658866
f 2483/3418/4586 2484/3419/4586 2482/3417/4586

v 0 1.81398 -1.55679
vt 0.123764 0.617071
vn 0.124229 -0.992046 0.0202744
f 2485/3420/4587 2484/3419/4587 2483/3418/4587

vn 0.208511 -0.974755 -0.0798503
v -0.312372 1.74881 -1.57685
vt 0.190144 0.619258
f 2485/3420/4588 2486/3421/4588 2484/3419/4588

vn 0.211526 -0.963772 -0.162479
v -0.315318 1.70878 -1.34327
vt 0.19072 0.576302
f 2485/3420/4589 2487/3422/4589 2486/3421/4589

v 0 1.78109 -1.33131
vt 0.123764 0.576536
vn 0.22637 -0.963842 -0.140592
f 2488/3423/4590 2487/3422/4590 2485/3420/4590

vn 0.226064 -0.950496 -0.213194
f 2488/3423/4591 2452/3383/4591 2487/3422/4591

vn 0.180026 -0.946078 -0.269309
f 2451/3382/4592 2452/3383/4592 2488/3423/4592

vn -0.180026 -0.946078 -0.269309
f 2450/3381/4593 2451/3382/4593 2488/3423/4593

v 0.315318 1.70878 -1.34327
vt 0.057073 0.576302
vn -0.226064 -0.950496 -0.213194
f 2489/3424/4594 2450/3381/4594 2488/3423/4594

v 0.503263 1.61378 -1.22326
vt 0.01711 0.551324
vn -0.33054 -0.919989 -0.210626
f 2490/3425/4595 2450/3381/4595 2489/3424/4595

vn 0.232138 -0.778128 0.583634
v 0.385796 1.65969 -1.11533
vt 0.043002 0.532881
f 2490/3425/4596 2491/3426/4596 2450/3381/4596

v 0.552115 1.60942 -1.21399
vt 0.007244 0.548697
vn -0.134675 -0.956135 0.260132
f 2492/3427/4597 2491/3426/4597 2490/3425/4597

vt 0.492001 0.548697
vn 0.531956 0.612535 0.584657
v 0.516237 1.64803 -1.2218
vt 0.482128 0.551324
vt 0.456221 0.532881
f 2492/3428/4598 2493/3429/4598 2491/3430/4598

v 0.519935 1.67636 -1.36259
vt 0.48344 0.575628
vn 0.707369 0.689132 0.157247
f 2494/3431/4599 2493/3429/4599 2492/3428/4599

vn 0.384755 0.902875 0.191782
v 0.328028 1.75395 -1.34285
vt 0.442159 0.576302
f 2494/3431/4600 2495/3432/4600 2493/3429/4600

vn 0.295497 0.844528 -0.446603
v 0.399057 1.70693 -1.38476
vt 0.459668 0.582189
f 2494/3431/4601 2496/3433/4601 2495/3432/4601

v 0.559336 1.64712 -1.40754
vt 0.494038 0.582876
vn 0.288048 0.898267 -0.331882
f 2497/3434/4602 2496/3433/4602 2494/3431/4602

vt 0.005207 0.582876
vn -0.361808 -0.768688 -0.527459
v 0.506413 1.64212 -1.36395
vt 0.015799 0.575628
vt 0.039558 0.582189
f 2497/3435/4603 2498/3436/4603 2496/3437/4603

vn -0.0665828 -0.978907 -0.193153
f 2497/3435/4604 2492/3427/4604 2498/3436/4604

vn 0.700312 0.695314 0.161559
f 2497/3434/4605 2494/3431/4605 2492/3428/4605

vn -0.0497063 -0.978882 -0.198291
f 2492/3427/4606 2490/3425/4606 2498/3436/4606

vn -0.341738 -0.91978 -0.192924
f 2498/3436/4607 2490/3425/4607 2489/3424/4607

vn -0.318847 -0.72442 -0.611189
f 2498/3436/4608 2489/3424/4608 2496/3437/4608

v 0.513794 1.67099 -1.52701
vt 0.014687 0.607179
vn 0.157939 -0.919596 0.35972
f 2499/3438/4609 2496/3437/4609 2489/3424/4609

v 0.566191 1.66486 -1.53299
vt 0.005606 0.607245
vn -0.0952526 -0.980668 0.170929
f 2500/3439/4610 2496/3437/4610 2499/3438/4610

vt 0.49464 0.607245
vn 0.634985 0.524613 0.567077
v 0.526867 1.70583 -1.52686
vt 0.484551 0.607179
f 2500/3440/4611 2501/3441/4611 2496/3433/4611

v 0.516397 1.7257 -1.63597
vt 0.483114 0.625537
vn 0.724497 0.687034 0.0555825
f 2502/3442/4612 2501/3441/4612 2500/3440/4612

vn 0.371035 0.919221 0.13178
v 0.324617 1.79484 -1.57826
vt 0.441583 0.619259
f 2501/3441/4613 2502/3442/4613 2503/3443/4613

vn 0.117651 0.808136 -0.577126
v 0.368795 1.75738 -1.62171
vt 0.453642 0.626049
f 2502/3442/4614 2504/3444/4614 2503/3443/4614

v 0.548162 1.69331 -1.67981
vt 0.492055 0.633025
vn 0.129319 0.839951 -0.527029
f 2505/3445/4615 2504/3444/4615 2502/3442/4615

vt 0.007189 0.633026
vn -0.428822 -0.765441 -0.479804
v 0.503133 1.69115 -1.63613
vt 0.015549 0.624871
vt 0.045579 0.626049
f 2505/3446/4616 2506/3447/4616 2504/3448/4616

vn -0.122329 -0.977067 -0.174285
f 2500/3439/4617 2506/3447/4617 2505/3446/4617

vn -0.133414 -0.976813 -0.167443
f 2500/3439/4618 2499/3438/4618 2506/3447/4618

vn -0.326259 -0.934731 -0.140827
v 0.312372 1.74881 -1.57685
vt 0.057643 0.619258
f 2499/3438/4619 2507/3449/4619 2506/3447/4619

vn -0.322144 -0.933759 -0.155941
f 2499/3438/4620 2489/3424/4620 2507/3449/4620

vn -0.211526 -0.963772 -0.162479
f 2489/3424/4621 2485/3420/4621 2507/3449/4621

vn -0.22637 -0.963842 -0.140592
f 2489/3424/4622 2488/3423/4622 2485/3420/4622

vn -0.208511 -0.974755 -0.0798503
v 0.271341 1.7752 -1.79189
vt 0.066139 0.658866
f 2507/3449/4623 2485/3420/4623 2508/3450/4623

vn -0.124229 -0.992046 0.0202744
f 2508/3450/4624 2485/3420/4624 2483/3418/4624

vn -0.124787 -0.992152 0.0078481
v 0.199397 1.78294 -1.95706
vt 0.081545 0.689555
f 2508/3450/4625 2483/3418/4625 2509/3451/4625

vn -0.0505262 -0.994492 0.0918305
f 2509/3451/4626 2483/3418/4626 2481/3416/4626

vn -0.051973 -0.99516 0.0833966
v 0.0805688 1.77794 -2.09076
vt 0.106757 0.714437
f 2509/3451/4627 2481/3416/4627 2510/3452/4627

vn -0.0686345 -0.994795 0.0753119
f 2510/3452/4628 2481/3416/4628 2480/3415/4628

vn 0.0358416 -0.964276 0.262463
f 2510/3452/4629 2480/3415/4629 2477/3412/4629

v 0.174309 1.73041 -2.26335
vt 0.089875 0.747111
vn 0.0202844 -0.961029 0.275701
f 2511/3453/4630 2510/3452/4630 2477/3412/4630

vn 0.740827 -0.425655 0.519609
v 0.126338 1.78732 -2.14833
vt 0.097507 0.723958
f 2511/3453/4631 2512/3454/4631 2510/3452/4631

v 0.228601 1.72558 -2.32178
vt 0.078653 0.756546
vn 0.526421 -0.654065 0.543213
f 2513/3455/4632 2512/3454/4632 2511/3453/4632

vt 0.420527 0.756546
vn 0.634178 0.766561 0.101008
v 0.177028 1.76251 -2.27826
vt 0.409305 0.747112
vt 0.401672 0.723958
f 2513/3456/4633 2514/3457/4633 2512/3458/4633

v 0.0993061 1.75343 -2.31292
vt 0.393508 0.753464
vn 0.142287 0.831502 -0.536991
vt 0.409286 0.747104
vt 0.420507 0.756538
v 0.121057 1.71037 -2.37382
vt 0.398722 0.766177
f 2515/3459/4634 2514/3460/4634 2513/3461/4634 2516/3462/4634 

vn 0.0293186 0.948841 -0.314391
vt 0.394593 0.752975
f 2514/3457/4635 2515/3463/4635 2471/3404/4635

vn -0.390928 0.713458 -0.581509
f 2515/3463/4636 2474/3407/4636 2471/3404/4636

vt 0.398742 0.766185
vn -0.421753 0.662545 -0.618999
f 2516/3464/4637 2474/3407/4637 2515/3463/4637

vt 0.100437 0.766184
vn -0.366127 -0.930529 0.00818385
v 0.0967506 1.7206 -2.29794
vt 0.104592 0.752976
f 2516/3465/4638 2517/3466/4638 2474/3409/4638

vn 0.0572737 -0.986814 0.151388
f 2511/3453/4639 2517/3466/4639 2516/3465/4639

vn 0.00903378 -0.967165 0.253989
f 2511/3453/4640 2477/3412/4640 2517/3466/4640

vn -0.430742 -0.894209 -0.121865
f 2517/3466/4641 2477/3412/4641 2474/3409/4641

vn 0.0690291 -0.986912 0.145739
f 2513/3455/4642 2511/3453/4642 2516/3465/4642

vn 0.0231971 0.945153 -0.325803
v 0.0841281 1.82451 -2.105
vt 0.392424 0.714437
f 2514/3457/4643 2471/3404/4643 2518/3467/4643

vn 0.00139867 0.951613 -0.307295
f 2518/3467/4644 2471/3404/4644 2470/3403/4644

vn 0.117709 0.98743 -0.105484
f 2518/3467/4645 2470/3403/4645 2468/3401/4645

v 0.207975 1.82766 -1.96658
vt 0.417521 0.689555
vn 0.101616 0.988336 -0.113427
f 2519/3468/4646 2518/3467/4646 2468/3401/4646

v 0.329395 1.77085 -2.17354
vt 0.441846 0.726687
vn 0.165093 0.971544 -0.16984
f 2520/3469/4647 2518/3467/4647 2519/3468/4647

vn 0.140554 0.958629 -0.247539
v 0.273091 1.76623 -2.22339
vt 0.431365 0.735147
f 2520/3469/4648 2521/3470/4648 2518/3467/4648

vn 0.29646 0.860397 -0.414522
v 0.311706 1.72836 -2.2744
vt 0.43975 0.746157
f 2520/3469/4649 2522/3471/4649 2521/3470/4649

v 0.386222 1.73453 -2.20553
vt 0.454726 0.733509
vn 0.312671 0.854471 -0.414868
f 2523/3472/4650 2522/3471/4650 2520/3469/4650

vt 0.044453 0.733509
vn 0.0139705 -0.997144 0.0742157
v 0.323472 1.73695 -2.16112
vt 0.057333 0.726688
vt 0.05943 0.746157
f 2523/3473/4651 2524/3474/4651 2522/3475/4651

vn 0.280708 -0.851352 0.443174
v 0.253574 1.79129 -2.01246
vt 0.070818 0.698677
f 2523/3473/4652 2525/3476/4652 2524/3474/4652

vn 0.600901 0.777818 0.184169
vt 0.428361 0.698677
f 2523/3472/4653 2520/3469/4653 2525/3477/4653

vn 0.754923 0.592978 0.280122
f 2520/3469/4654 2519/3468/4654 2525/3477/4654

vn -0.217383 0.648139 -0.729836
v 0.413436 1.77325 -2.0761
vt 0.460507 0.707614
f 2519/3468/4655 2526/3478/4655 2525/3477/4655

v 0.446723 1.76648 -2.01284
vt 0.466619 0.69707
vn 0.243732 0.969534 -0.024463
f 2527/3479/4656 2526/3478/4656 2519/3468/4656

v 0.488389 1.73065 -2.03014
vt 0.477701 0.7002
vn 0.581099 0.782979 -0.221964
f 2528/3480/4657 2526/3478/4657 2527/3479/4657

vn 0.57479 0.79284 -0.202535
v 0.44514 1.73856 -2.12191
vt 0.468432 0.716998
f 2528/3480/4658 2529/3481/4658 2526/3478/4658

vt 0.021499 0.700201
vn -0.0449623 -0.996887 -0.064765
v 0.401376 1.73719 -2.07037
vt 0.038663 0.707614
vt 0.030747 0.716998
f 2528/3482/4659 2530/3483/4659 2529/3484/4659

vn -0.033743 -0.995478 -0.0888014
v 0.434762 1.73042 -2.00712
vt 0.032531 0.69707
f 2528/3482/4660 2531/3485/4660 2530/3483/4660

vn 0.170737 -0.905527 0.38842
v 0.326052 1.78367 -1.83518
vt 0.054881 0.665716
f 2528/3482/4661 2532/3486/4661 2531/3485/4661

vn 0.686685 0.601525 0.408205
vt 0.444337 0.665716
f 2528/3480/4662 2527/3479/4662 2532/3487/4662

vn 0.784381 0.371354 0.496834
v 0.283812 1.82053 -1.79605
vt 0.433083 0.658866
f 2527/3479/4663 2533/3488/4663 2532/3487/4663

vn 0.236015 0.969614 -0.0643895
f 2527/3479/4664 2519/3468/4664 2533/3488/4664

vn 0.13093 0.99125 -0.0167526
v 0.0130751 1.8565 -1.7834
vt 0.378521 0.656679
f 2533/3488/4665 2519/3468/4665 2534/3489/4665

vn 0.115782 0.992723 -0.0331017
f 2519/3468/4666 2468/3401/4666 2534/3489/4666

vn 0.532528 0.843795 -0.066516
v 0 1.86469 -1.7842
vt 0.375236 0.656679
f 2534/3489/4667 2468/3401/4667 2535/3490/4667

vn -0.532528 0.843795 -0.066516
f 2468/3401/4668 2466/3399/4668 2535/3490/4668

vn -0.529833 0.847876 0.0195695
f 2535/3490/4669 2466/3399/4669 2464/3397/4669

vn -0.496856 0.867513 0.0235534
v 0 1.85855 -1.55789
vt 0.375202 0.617072
f 2535/3490/4670 2464/3397/4670 2536/3491/4670

vn -0.511743 0.85144 0.114754
f 2536/3491/4671 2464/3397/4671 2462/3395/4671

vn -0.452602 0.882622 0.127004
v 0 1.82518 -1.32596
vt 0.375202 0.576537
f 2536/3491/4672 2462/3395/4672 2537/3492/4672

vn -0.465377 0.863763 0.193229
f 2537/3492/4673 2462/3395/4673 2460/3393/4673

vn -0.436082 0.877316 0.200374
v 0 1.77224 -1.0942
vt 0.375202 0.533272
f 2537/3492/4674 2460/3393/4674 2538/3493/4674

vn -0.448613 0.846745 0.285954
f 2538/3493/4675 2460/3393/4675 2459/3392/4675

vn -0.413221 0.861507 0.295049
v 0 1.67592 -0.812968
vt 0.375202 0.483669
f 2538/3493/4676 2459/3392/4676 2539/3494/4676

vn -0.420099 0.835563 0.354051
v 0 1.47176 -0.331142
vt 0.375202 0.392013
f 2539/3494/4677 2459/3392/4677 2540/3495/4677

vn -0.566644 0.755043 0.329887
v -0.0267609 1.45341 -0.335112
vt 0.365952 0.392013
f 2540/3495/4678 2459/3392/4678 2541/3496/4678

vn -0.173868 0.902124 0.394896
v -0.109416 1.44038 -0.341732
vt 0.35235 0.392013
f 2459/3392/4679 2542/3497/4679 2541/3496/4679

vn -0.135151 0.905139 0.403061
f 2459/3392/4680 2457/3390/4680 2542/3497/4680

vn -0.332031 0.830576 0.4471
f 2542/3497/4681 2457/3390/4681 2430/3356/4681

vn -0.38577 0.820198 0.422442
f 2457/3390/4682 2429/3355/4682 2430/3356/4682

vn -0.440319 0.897792 -0.0093619
f 2457/3390/4683 2454/3387/4683 2429/3355/4683

vn -0.41391 0.909014 0.048698
f 2454/3387/4684 2427/3353/4684 2429/3355/4684

vn 0.257517 -0.528402 -0.808997
f 2454/3385/4685 2428/3352/4685 2427/3351/4685

vn 0.0964 -0.437321 -0.894124
f 2454/3385/4686 2433/3360/4686 2428/3352/4686

vn -0.624651 0.414822 0.661615
f 2430/3356/4687 2431/3357/4687 2542/3497/4687

v 0.0260401 1.66597 -0.820379
vt 0.383452 0.483669
vn 0.420099 0.835563 0.354051
f 2543/3498/4688 2539/3494/4688 2540/3495/4688

vn 0.413221 0.861507 0.295049
f 2543/3498/4689 2538/3493/4689 2539/3494/4689

vn 0.448613 0.846745 0.285954
v 0.0252015 1.76144 -1.10175
vt 0.383281 0.533273
f 2543/3498/4690 2544/3499/4690 2538/3493/4690

v 0.319514 1.69897 -1.08891
vt 0.440104 0.529819
vn 0.183862 0.931 0.31533
f 2545/3500/4691 2544/3499/4691 2543/3498/4691

vn 0.193906 0.957441 0.213792
f 2495/3432/4692 2544/3499/4692 2545/3500/4692

vn 0.196201 0.956317 0.21671
v 0.0231846 1.81437 -1.33351
vt 0.382721 0.576537
f 2495/3432/4693 2546/3501/4693 2544/3499/4693

vn 0.196634 0.966487 0.165036
f 2495/3432/4694 2503/3443/4694 2546/3501/4694

vn 0.364883 0.918194 0.154209
f 2501/3441/4695 2503/3443/4695 2495/3432/4695

vn 0.65813 0.469838 0.588317
f 2501/3441/4696 2495/3432/4696 2496/3433/4696

vn 0.178154 0.973747 0.141697
v 0.0173031 1.84876 -1.56244
vt 0.380942 0.617071
f 2503/3443/4697 2547/3502/4697 2546/3501/4697

vn 0.176363 0.980848 0.0826636
f 2503/3443/4698 2533/3488/4698 2547/3502/4698

v 0.492199 1.75094 -1.79971
vt 0.477107 0.657197
vn 0.317157 0.946931 0.0522833
f 2548/3503/4699 2533/3488/4699 2503/3443/4699

vn 0.316986 0.948279 0.0169186
v 0.480007 1.75631 -1.87238
vt 0.475456 0.669341
f 2548/3503/4700 2549/3504/4700 2533/3488/4700

vn 0.718819 0.691718 -0.0694583
v 0.523855 1.71705 -1.80959
vt 0.48627 0.658296
f 2549/3504/4701 2548/3503/4701 2550/3505/4701

vn 0.70862 0.524192 0.472314
f 2550/3505/4702 2548/3503/4702 2504/3444/4702

vn 0.787003 0.308169 0.53447
f 2548/3503/4703 2503/3443/4703 2504/3444/4703

vt 0.01297 0.658296
vn 0.116511 -0.946981 0.299421
v 0.480632 1.71552 -1.7976
vt 0.022127 0.657196
f 2550/3506/4704 2504/3448/4704 2551/3507/4704

vn 0.496048 -0.71918 0.486535
f 2551/3507/4705 2504/3448/4705 2507/3449/4705

vn -0.397357 -0.669419 -0.627683
f 2506/3447/4706 2507/3449/4706 2504/3448/4706

vn -0.27527 -0.959154 -0.0651975
f 2551/3507/4707 2507/3449/4707 2508/3450/4707

vn -0.274669 -0.96132 -0.0205104
v 0.467243 1.7209 -1.87021
vt 0.023777 0.66934
f 2551/3507/4708 2508/3450/4708 2552/3508/4708

vn -0.434484 -0.604774 -0.667436
f 2532/3486/4709 2552/3508/4709 2508/3450/4709

v 0.514223 1.72509 -1.92161
vt 0.014805 0.678474
vn -0.453195 -0.753778 -0.47585
f 2553/3509/4710 2552/3508/4710 2532/3486/4710

vn 0.00983378 -0.997321 -0.0724866
f 2550/3506/4711 2552/3508/4711 2553/3509/4711

vn 0.0140225 -0.99698 -0.0763763
f 2550/3506/4712 2551/3507/4712 2552/3508/4712

vn 0.670514 0.741884 -0.00436042
vt 0.484434 0.678474
f 2550/3505/4713 2553/3510/4713 2549/3504/4713

vn 0.0251022 0.852068 -0.52283
f 2553/3510/4714 2532/3487/4714 2549/3504/4714

vn -0.0472862 0.701163 -0.711431
f 2533/3488/4715 2549/3504/4715 2532/3487/4715

vn 0.527021 -0.658541 0.537189
f 2531/3485/4716 2532/3486/4716 2508/3450/4716

vn -0.208457 -0.976996 0.0450039
f 2531/3485/4717 2508/3450/4717 2509/3451/4717

vn -0.215894 -0.976372 0.00938531
f 2531/3485/4718 2509/3451/4718 2530/3483/4718

vn -0.469425 -0.681308 -0.561658
f 2530/3483/4719 2509/3451/4719 2525/3476/4719

vn 0.613691 -0.603465 0.509131
f 2524/3474/4720 2525/3476/4720 2509/3451/4720

vn -0.123271 -0.981537 0.146253
f 2524/3474/4721 2509/3451/4721 2510/3452/4721

vn -0.105767 -0.973641 0.202078
v 0.267353 1.7327 -2.21098
vt 0.067814 0.735147
f 2524/3474/4722 2510/3452/4722 2554/3511/4722

vn -0.498269 -0.700893 -0.51037
f 2554/3511/4723 2510/3452/4723 2512/3454/4723

vn -0.444982 -0.85924 -0.252382
f 2522/3475/4724 2554/3511/4724 2512/3454/4724

vn 0.0091739 -0.997163 0.0747153
f 2524/3474/4725 2554/3511/4725 2522/3475/4725

vn -0.258734 0.671382 -0.69448
f 2512/3458/4726 2521/3470/4726 2522/3471/4726

vn -0.31935 0.542713 -0.776838
f 2518/3467/4727 2521/3470/4727 2512/3458/4727

vn 0.74212 0.64952 0.165475
f 2514/3457/4728 2518/3467/4728 2512/3458/4728

vn -0.449678 -0.79704 -0.403133
f 2529/3484/4729 2530/3483/4729 2525/3476/4729

vn -0.186577 0.716759 -0.671897
f 2529/3481/4730 2525/3477/4730 2526/3478/4730

vn 0.133126 0.990577 0.0321606
f 2533/3488/4731 2534/3489/4731 2547/3502/4731

vn 0.529833 0.847876 0.0195695
f 2547/3502/4732 2534/3489/4732 2535/3490/4732

vn 0.496856 0.867513 0.0235534
f 2547/3502/4733 2535/3490/4733 2536/3491/4733

vn 0.511743 0.85144 0.114754
f 2546/3501/4734 2547/3502/4734 2536/3491/4734

vn 0.452602 0.882622 0.127004
f 2546/3501/4735 2536/3491/4735 2537/3492/4735

vn 0.465377 0.863763 0.193229
f 2544/3499/4736 2546/3501/4736 2537/3492/4736

vn 0.436082 0.877316 0.200374
f 2544/3499/4737 2537/3492/4737 2538/3493/4737

vn 0.374575 0.903524 0.208176
f 2493/3429/4738 2495/3432/4738 2545/3500/4738

vn 0.565236 0.526792 0.634822
f 2545/3500/4739 2491/3430/4739 2493/3429/4739

v 0.511767 1.61947 -1.09868
vt 0.481369 0.525895
vn 0.325583 0.840633 -0.432819
f 2555/3512/4740 2491/3430/4740 2545/3500/4740

v 0.548897 1.59326 -1.14091
vt 0.491594 0.532382
vn 0.325224 0.904585 -0.275599
f 2556/3513/4741 2491/3430/4741 2555/3512/4741

vt 0.00765 0.532382
vn -0.378494 -0.692912 -0.61369
v 0.498285 1.58581 -1.10129
vt 0.017868 0.525896
f 2556/3514/4742 2557/3515/4742 2491/3426/4742

vn -0.0566891 -0.96556 -0.253931
v 0.52183 1.53911 -0.928995
vt 0.013837 0.494208
f 2556/3514/4743 2558/3516/4743 2557/3515/4743

vn 0.734062 0.629549 0.254598
vt 0.485402 0.494208
f 2556/3513/4744 2555/3512/4744 2558/3517/4744

vn 0.693759 0.665955 0.274229
v 0.49354 1.57437 -0.943046
vt 0.477365 0.498124
f 2555/3512/4745 2559/3518/4745 2558/3517/4745

vn 0.377634 0.876607 0.298249
f 2555/3512/4746 2545/3500/4746 2559/3518/4746

vn 0.394668 0.875958 0.277371
f 2559/3518/4747 2545/3500/4747 2444/3373/4747

vn 0.138564 0.953245 0.268558
f 2545/3500/4748 2543/3498/4748 2444/3373/4748

vn 0.135151 0.905139 0.403061
f 2444/3373/4749 2543/3498/4749 2443/3372/4749

vn 0.173868 0.902124 0.394896
v 0.0267609 1.45341 -0.335112
vt 0.384456 0.392013
f 2443/3372/4750 2543/3498/4750 2560/3519/4750

vn 0.566644 0.755043 0.329887
f 2560/3519/4751 2543/3498/4751 2540/3495/4751

vn 0.517967 0.568057 0.639548
f 2444/3373/4752 2446/3375/4752 2559/3518/4752

vn 0.493045 0.633333 0.596486
f 2558/3517/4753 2559/3518/4753 2446/3375/4753

vn -0.0485656 -0.873652 0.484122
f 2558/3516/4754 2446/3377/4754 2449/3380/4754

vn 0.263674 -0.921324 -0.285724
f 2558/3516/4755 2449/3380/4755 2557/3515/4755

vn -0.332274 -0.880026 -0.339336
f 2557/3515/4756 2449/3380/4756 2450/3381/4756

vn -0.225332 -0.501808 -0.835113
f 2491/3426/4757 2557/3515/4757 2450/3381/4757

vn 0.739573 0.671924 0.0393659
f 2505/3445/4758 2502/3442/4758 2500/3440/4758

vn 0.33054 -0.919989 -0.210626
v -0.503263 1.61378 -1.22326
vt 0.230689 0.551324
f 2452/3383/4759 2561/3520/4759 2487/3422/4759

vn -0.232138 -0.778128 0.583634
v -0.385796 1.65969 -1.11533
vt 0.204782 0.532881
f 2452/3383/4760 2562/3521/4760 2561/3520/4760

vn 0.225332 -0.501808 -0.835113
v -0.498285 1.58581 -1.10129
vt 0.229929 0.525896
f 2562/3521/4761 2452/3383/4761 2563/3522/4761

vn 0.332274 -0.880026 -0.339336
f 2452/3383/4762 2453/3384/4762 2563/3522/4762

vn -0.263674 -0.921324 -0.285724
f 2453/3384/4763 2455/3386/4763 2563/3522/4763

vn 0.0566891 -0.96556 -0.253931
v -0.548897 1.59326 -1.14091
vt 0.240155 0.532382
f 2563/3522/4764 2455/3386/4764 2564/3523/4764

vt 0.25909 0.532382
vn -0.734062 0.629549 0.254598
v -0.511767 1.61947 -1.09868
vt 0.269307 0.525895
f 2564/3524/4765 2455/3389/4765 2565/3525/4765

vn -0.693759 0.665955 0.274229
f 2565/3525/4766 2455/3389/4766 2456/3388/4766

vn -0.377634 0.876607 0.298249
f 2458/3391/4767 2565/3525/4767 2456/3388/4767

vn -0.325583 0.840633 -0.432819
vt 0.294441 0.532881
f 2458/3391/4768 2562/3526/4768 2565/3525/4768

vn -0.565236 0.526792 0.634822
v -0.516237 1.64803 -1.2218
vt 0.268549 0.551324
f 2458/3391/4769 2566/3527/4769 2562/3526/4769

vn -0.374575 0.903524 0.208176
f 2458/3391/4770 2461/3394/4770 2566/3527/4770

vn -0.384755 0.902875 0.191782
v -0.519935 1.67636 -1.36259
vt 0.267238 0.575628
f 2461/3394/4771 2567/3528/4771 2566/3527/4771

vn -0.295497 0.844528 -0.446603
v -0.399057 1.70693 -1.38476
vt 0.290997 0.582189
f 2461/3394/4772 2568/3529/4772 2567/3528/4772

v -0.526867 1.70583 -1.52686
vt 0.266127 0.607179
vn -0.65813 0.469838 0.588317
f 2569/3530/4773 2568/3529/4773 2461/3394/4773

v -0.566191 1.66486 -1.53299
vt 0.257045 0.607245
vn -0.634985 0.524613 0.567077
f 2570/3531/4774 2568/3529/4774 2569/3530/4774

vt 0.208228 0.582189
vn 0.0952526 -0.980668 0.170929
vt 0.243201 0.607245
v -0.513794 1.67099 -1.52701
vt 0.233111 0.607179
f 2568/3532/4775 2570/3533/4775 2571/3534/4775

v -0.503133 1.69115 -1.63613
vt 0.231675 0.625537
vn 0.133414 -0.976813 -0.167443
f 2572/3535/4776 2571/3534/4776 2570/3533/4776

vn 0.326259 -0.934731 -0.140827
f 2486/3421/4777 2571/3534/4777 2572/3535/4777

vn 0.322144 -0.933759 -0.155941
f 2486/3421/4778 2487/3422/4778 2571/3534/4778

vn -0.157939 -0.919596 0.35972
f 2487/3422/4779 2568/3532/4779 2571/3534/4779

vn 0.318847 -0.72442 -0.611189
v -0.506413 1.64212 -1.36395
vt 0.232001 0.575628
f 2487/3422/4780 2573/3536/4780 2568/3532/4780

vn 0.341738 -0.91978 -0.192924
f 2487/3422/4781 2561/3520/4781 2573/3536/4781

vn 0.0497063 -0.978882 -0.198291
v -0.552115 1.60942 -1.21399
vt 0.240561 0.548697
f 2561/3520/4782 2574/3537/4782 2573/3536/4782

vn 0.134675 -0.956135 0.260132
f 2562/3521/4783 2574/3537/4783 2561/3520/4783

vn -0.531956 0.612535 0.584657
vt 0.258683 0.548697
f 2562/3526/4784 2566/3527/4784 2574/3538/4784

vn -0.707369 0.689132 0.157247
f 2567/3528/4785 2574/3538/4785 2566/3527/4785

v -0.559336 1.64712 -1.40754
vt 0.256646 0.582876
vn -0.700312 0.695314 0.161559
f 2575/3539/4786 2574/3538/4786 2567/3528/4786

vn 0.0665828 -0.978907 -0.193153
vt 0.242599 0.582876
f 2573/3536/4787 2574/3537/4787 2575/3540/4787

vn 0.361808 -0.768688 -0.527459
f 2568/3532/4788 2573/3536/4788 2575/3540/4788

vn -0.288048 0.898267 -0.331882
f 2568/3529/4789 2575/3539/4789 2567/3528/4789

vn 0.397357 -0.669419 -0.627683
v -0.368795 1.75738 -1.62171
vt 0.202203 0.626049
f 2486/3421/4790 2572/3535/4790 2576/3541/4790

vn 0.428822 -0.765441 -0.479804
v -0.548162 1.69331 -1.67981
vt 0.240615 0.633026
f 2576/3541/4791 2572/3535/4791 2577/3542/4791

vn 0.122329 -0.977067 -0.174285
f 2572/3535/4792 2570/3533/4792 2577/3542/4792

vt 0.258628 0.633025
vn -0.739573 0.671924 0.0393659
v -0.516397 1.7257 -1.63597
vt 0.266988 0.62487
f 2577/3543/4793 2570/3531/4793 2578/3544/4793

vn -0.724497 0.687034 0.0555825
f 2578/3544/4794 2570/3531/4794 2569/3530/4794

vn -0.371035 0.919221 0.13178
f 2463/3396/4795 2578/3544/4795 2569/3530/4795

vn -0.117651 0.808136 -0.577126
vt 0.297018 0.626049
f 2463/3396/4796 2576/3545/4796 2578/3544/4796

v -0.492199 1.75094 -1.79971
vt 0.273566 0.657197
vn -0.787003 0.308169 0.53447
f 2579/3546/4797 2576/3545/4797 2463/3396/4797

v -0.523855 1.71705 -1.80959
vt 0.264409 0.658296
vn -0.70862 0.524192 0.472314
f 2580/3547/4798 2576/3545/4798 2579/3546/4798

vn -0.116511 -0.946981 0.299421
vt 0.234831 0.658296
v -0.480632 1.71552 -1.7976
vt 0.225668 0.657196
f 2576/3541/4799 2580/3548/4799 2581/3549/4799

v -0.467243 1.7209 -1.87021
vt 0.224017 0.66934
vn -0.0140225 -0.99698 -0.0763763
f 2582/3550/4800 2581/3549/4800 2580/3548/4800

vn 0.274669 -0.96132 -0.0205104
f 2484/3419/4801 2581/3549/4801 2582/3550/4801

vn 0.27527 -0.959154 -0.0651975
f 2484/3419/4802 2486/3421/4802 2581/3549/4802

vn -0.496048 -0.71918 0.486535
f 2486/3421/4803 2576/3541/4803 2581/3549/4803

v -0.326052 1.78367 -1.83518
vt 0.192897 0.665716
vn 0.434484 -0.604774 -0.667436
f 2583/3551/4804 2484/3419/4804 2582/3550/4804

vn -0.527021 -0.658541 0.537189
v -0.434762 1.73042 -2.00712
vt 0.21518 0.69707
f 2484/3419/4805 2583/3551/4805 2584/3552/4805

vn -0.170737 -0.905527 0.38842
v -0.488389 1.73065 -2.03014
vt 0.226262 0.700201
f 2583/3551/4806 2585/3553/4806 2584/3552/4806

vt 0.272939 0.700201
vn -0.686685 0.601525 0.408205
vt 0.30632 0.665716
v -0.446723 1.76648 -2.01284
vt 0.28397 0.69707
f 2585/3554/4807 2583/3555/4807 2586/3556/4807

vn -0.784381 0.371354 0.496834
f 2586/3556/4808 2583/3555/4808 2465/3398/4808

vn 0.0472862 0.701163 -0.711431
v -0.480007 1.75631 -1.87238
vt 0.275216 0.669341
f 2465/3398/4809 2583/3555/4809 2587/3557/4809

vn -0.0251022 0.852068 -0.52283
v -0.514223 1.72509 -1.92161
vt 0.266244 0.678474
f 2583/3555/4810 2588/3558/4810 2587/3557/4810

vn 0.453195 -0.753778 -0.47585
vt 0.232995 0.678474
f 2583/3551/4811 2582/3550/4811 2588/3559/4811

vn -0.00983378 -0.997321 -0.0724866
f 2582/3550/4812 2580/3548/4812 2588/3559/4812

vn -0.670514 0.741884 -0.00436042
f 2587/3557/4813 2588/3558/4813 2580/3547/4813

vn -0.718819 0.691718 -0.0694583
f 2587/3557/4814 2580/3547/4814 2579/3546/4814

vn -0.316986 0.948279 0.0169186
f 2465/3398/4815 2587/3557/4815 2579/3546/4815

vn -0.317157 0.946931 0.0522833
f 2465/3398/4816 2579/3546/4816 2463/3396/4816

vn -0.236015 0.969614 -0.0643895
f 2467/3400/4817 2586/3556/4817 2465/3398/4817

vn -0.243732 0.969534 -0.024463
v -0.413436 1.77325 -2.0761
vt 0.290102 0.707614
f 2467/3400/4818 2589/3560/4818 2586/3556/4818

vn 0.217383 0.648139 -0.729836
v -0.253574 1.79129 -2.01246
vt 0.322257 0.698677
f 2467/3400/4819 2590/3561/4819 2589/3560/4819

v -0.329395 1.77085 -2.17354
vt 0.308772 0.726687
vn -0.754923 0.592978 0.280122
f 2591/3562/4820 2590/3561/4820 2467/3400/4820

vn -0.600901 0.777818 0.184169
v -0.386222 1.73453 -2.20553
vt 0.295893 0.733509
f 2590/3561/4821 2591/3562/4821 2592/3563/4821

v -0.311706 1.72836 -2.2744
vt 0.310869 0.746157
vn -0.312671 0.854471 -0.414868
f 2593/3564/4822 2592/3563/4822 2591/3562/4822

vt 0.18831 0.746157
vn -0.0139705 -0.997144 0.0742157
v -0.323472 1.73695 -2.16112
vt 0.190407 0.726688
vt 0.203287 0.733509
f 2593/3565/4823 2594/3566/4823 2592/3567/4823

v -0.267353 1.7327 -2.21098
vt 0.179926 0.735147
vn -0.0091739 -0.997163 0.0747153
f 2595/3568/4824 2594/3566/4824 2593/3565/4824

vn 0.105767 -0.973641 0.202078
f 2479/3414/4825 2594/3566/4825 2595/3568/4825

vn 0.123271 -0.981537 0.146253
f 2479/3414/4826 2482/3417/4826 2594/3566/4826

vn -0.613691 -0.603465 0.509131
vt 0.176922 0.698677
f 2594/3566/4827 2482/3417/4827 2590/3569/4827

vn 0.469425 -0.681308 -0.561658
v -0.401376 1.73719 -2.07037
vt 0.209068 0.707614
f 2482/3417/4828 2596/3570/4828 2590/3569/4828

vn 0.215894 -0.976372 0.00938531
f 2482/3417/4829 2584/3552/4829 2596/3570/4829

vn 0.208457 -0.976996 0.0450039
f 2482/3417/4830 2484/3419/4830 2584/3552/4830

vn 0.033743 -0.995478 -0.0888014
f 2596/3570/4831 2584/3552/4831 2585/3553/4831

vn 0.0449623 -0.996887 -0.064765
v -0.44514 1.73856 -2.12191
vt 0.216993 0.716998
f 2596/3570/4832 2585/3553/4832 2597/3571/4832

vn -0.57479 0.79284 -0.202535
vt 0.282186 0.716998
f 2589/3560/4833 2597/3572/4833 2585/3554/4833

vn 0.186577 0.716759 -0.671897
f 2590/3561/4834 2597/3572/4834 2589/3560/4834

vn 0.449678 -0.79704 -0.403133
f 2590/3569/4835 2596/3570/4835 2597/3571/4835

vn -0.581099 0.782979 -0.221964
f 2589/3560/4836 2585/3554/4836 2586/3556/4836

vn -0.280708 -0.851352 0.443174
f 2590/3569/4837 2592/3567/4837 2594/3566/4837

vn 0.498269 -0.700893 -0.51037
v -0.126338 1.78732 -2.14833
vt 0.150233 0.723958
f 2479/3414/4838 2595/3568/4838 2598/3573/4838

vn 0.444982 -0.85924 -0.252382
f 2598/3573/4839 2595/3568/4839 2593/3565/4839

vt 0.348947 0.723958
vn 0.258734 0.671382 -0.69448
v -0.273091 1.76623 -2.22339
vt 0.319253 0.735147
f 2598/3574/4840 2593/3564/4840 2599/3575/4840

vn -0.29646 0.860397 -0.414522
f 2599/3575/4841 2593/3564/4841 2591/3562/4841

vn -0.140554 0.958629 -0.247539
f 2469/3402/4842 2599/3575/4842 2591/3562/4842

vn 0.31935 0.542713 -0.776838
f 2469/3402/4843 2598/3574/4843 2599/3575/4843

vn -0.74212 0.64952 0.165475
f 2472/3405/4844 2598/3574/4844 2469/3402/4844

vn -0.634178 0.766561 0.101008
v -0.228601 1.72558 -2.32178
vt 0.330092 0.756546
f 2598/3574/4845 2472/3405/4845 2600/3576/4845

vt 0.330112 0.756538
vn -0.142287 0.831502 -0.536991
vt 0.341333 0.747104
vt 0.35711 0.753464
vt 0.351896 0.766177
f 2600/3577/4846 2472/3578/4846 2473/3579/4846 2475/3580/4846 

vn -0.0690291 -0.986912 0.145739
vt 0.169087 0.756546
f 2475/3411/4847 2478/3413/4847 2600/3581/4847

vn -0.0572737 -0.986814 0.151388
f 2476/3410/4848 2478/3413/4848 2475/3411/4848

vn -0.526421 -0.654065 0.543213
f 2598/3573/4849 2600/3581/4849 2478/3413/4849

vn -0.740827 -0.425655 0.519609
f 2478/3413/4850 2479/3414/4850 2598/3573/4850

vn -0.165093 0.971544 -0.16984
f 2469/3402/4851 2591/3562/4851 2467/3400/4851

vn -0.129319 0.839951 -0.527029
f 2576/3545/4852 2577/3543/4852 2578/3544/4852

vn -0.364883 0.918194 0.154209
f 2463/3396/4853 2569/3530/4853 2461/3394/4853

vn -0.325224 0.904585 -0.275599
f 2562/3526/4854 2564/3524/4854 2565/3525/4854

vn 0.378494 -0.692912 -0.61369
f 2562/3521/4855 2563/3522/4855 2564/3523/4855

g Mesh22 Component_4_1 skp7E49_1 Model

usemtl _auto_21
v -0.104759 2.98389 0.0151905
vt 0.073933 1.30829
vn 0.197557 -0.709194 -0.676768
v -0.127364 2.83891 0.160522
vt 0.125348 1.31119
v -0.256611 2.9923 -0.0379473
vt 0.064812 1.333
f 2601/3582/4856 2602/3583/4856 2603/3584/4856

vn -0.0505101 -0.703111 -0.709284
v 0.0858685 2.83812 0.146117
vt 0.124922 1.28175
f 2601/3582/4857 2604/3585/4857 2602/3583/4857

v 0.0582186 2.98486 0.00577098
vt 0.073721 1.28284
vn -0.0374219 -0.694387 -0.718628
f 2605/3586/4858 2604/3585/4858 2601/3582/4858

v 0.298503 2.8307 -0.0262783
vt 0.11012 1.24234
vn -0.493155 -0.648038 -0.580383
f 2606/3587/4859 2604/3585/4859 2605/3586/4859

vn -0.553727 -0.506167 -0.661197
v 0.118599 2.67538 0.243288
vt 0.168153 1.27963
f 2604/3585/4860 2606/3587/4860 2607/3588/4860

vn -0.617624 -0.428826 -0.659279
v 0.384419 2.66002 0.00425813
vt 0.158556 1.22994
f 2606/3587/4861 2608/3589/4861 2607/3588/4861

vt 0.609448 1.98054
vn 0.211434 -0.0679825 -0.975025
vt 0.556287 1.9651
v 0.330401 2.84579 -0.0204087
vt 0.560735 1.95963
v 0.41813 2.67119 0.0107844
vt 0.615078 1.97544
f 2608/3590/4862 2606/3591/4862 2609/3592/4862 2610/3593/4862 

v 0.225767 3.00556 -0.0682452
vt 0.515236 1.94058
vn 0.239185 -0.131404 -0.962041
vt 0.553169 1.96374
f 2611/3594/4863 2609/3592/4863 2606/3595/4863

vn 0.843992 0.482784 -0.233662
v 0.333375 2.85788 0.0153154
vt 0.566851 1.95492
f 2611/3594/4864 2612/3596/4864 2609/3592/4864

vn 0.842583 0.498159 -0.204677
v 0.226409 3.01816 -0.0349377
vt 0.522191 1.93707
f 2611/3594/4865 2613/3597/4865 2612/3596/4865

v 0.110737 3.1652 -0.10487
vt 0.486961 1.91875
vn 0.814779 0.536902 -0.218795
f 2614/3598/4866 2613/3597/4866 2611/3594/4866

vn 0.621296 0.676667 0.395111
v 0.146372 3.04188 0.0502882
vt 0.534513 1.92299
f 2613/3597/4867 2614/3598/4867 2615/3599/4867

vn 0.41965 0.755076 0.50374
v 0.056435 3.17739 -0.0779074
vt 0.488858 1.91219
f 2615/3599/4868 2614/3598/4868 2616/3600/4868

vn 0.39728 0.808239 0.434647
v 0.0611853 3.20408 -0.13189
vt 0.48067 1.9142
f 2614/3598/4869 2617/3601/4869 2616/3600/4869

vn 0.683396 0.671072 -0.287458
v 0.109514 3.15603 -0.129184
vt 0.482054 1.92023
f 2617/3601/4870 2614/3598/4870 2618/3602/4870

vn 0.812796 0.530398 -0.240916
f 2618/3602/4871 2614/3598/4871 2611/3594/4871

vn 0.223185 -0.212818 -0.951261
v 0.1962 2.98999 -0.0716989
vt 0.506621 1.94392
f 2618/3602/4872 2611/3594/4872 2619/3603/4872

vn 0.193362 -0.152196 -0.969251
f 2611/3594/4873 2606/3595/4873 2619/3603/4873

vt 0.063441 1.25876
vn -0.414186 -0.485552 -0.769863
f 2619/3604/4874 2606/3587/4874 2605/3586/4874

v 0.0793651 3.14389 -0.123644
vt 0.019237 1.27774
vn -0.393897 -0.548084 -0.737868
f 2620/3605/4875 2619/3604/4875 2605/3586/4875

vn -0.0343861 -0.34295 -0.938724
vt 0.474156 1.92092
f 2618/3602/4876 2619/3603/4876 2620/3606/4876

vn -0.11228 -0.168068 -0.97936
f 2617/3601/4877 2618/3602/4877 2620/3606/4877

vn -0.354253 -0.231114 -0.906141
v 0.029478 3.17929 -0.113171
vt 0.478135 1.91078
f 2617/3601/4878 2620/3606/4878 2621/3607/4878

vt 0.01271 1.28644
vn -0.504624 -0.503573 -0.701263
f 2621/3608/4879 2620/3605/4879 2605/3586/4879

vn -0.118213 -0.530831 -0.839193
v -0.00908042 3.10068 -0.0580133
vt 0.037783 1.29288
f 2621/3608/4880 2605/3586/4880 2622/3609/4880

vn -0.0469146 -0.502637 -0.863224
f 2622/3609/4881 2605/3586/4881 2601/3582/4881

v -0.0658861 3.10241 -0.0564167
vt 0.037533 1.30166
vn -0.0396192 -0.507177 -0.860931
f 2623/3610/4882 2622/3609/4882 2601/3582/4882

v -0.0152573 3.16748 -0.08771
vt 0.01853 1.29383
vn -0.0380597 -0.408859 -0.911803
f 2624/3611/4883 2622/3609/4883 2623/3610/4883

vn -0.368796 -0.405845 -0.836229
f 2621/3608/4884 2622/3609/4884 2624/3611/4884

v 0.0123905 3.22273 -0.0947852
vt 0.48337 1.90876
vn -0.518906 0.151956 -0.841217
vt 0.484068 1.90451
f 2625/3612/4885 2621/3607/4885 2624/3613/4885

vn 0.703725 0.493297 -0.511302
f 2621/3607/4886 2625/3612/4886 2616/3600/4886

vn 0.225153 0.524408 0.821159
v -0.00439854 3.16583 -0.053847
vt 0.493224 1.90533
f 2625/3612/4887 2626/3614/4887 2616/3600/4887

vn -0.839916 0.457693 0.291648
f 2625/3612/4888 2624/3613/4888 2626/3614/4888

v -0.0480238 3.21452 -0.0895779
vt 0.485413 1.89996
vn 0.802715 0.549979 -0.23059
f 2627/3615/4889 2626/3614/4889 2624/3613/4889

vn 0.0782247 0.634412 0.769027
v -0.086933 3.17698 -0.0546504
vt 0.491443 1.89633
f 2627/3615/4890 2628/3616/4890 2626/3614/4890

v -0.0828703 3.17612 -0.0956493
vt 0.48182 1.89643
vn -0.730936 0.676918 -0.0866892
f 2629/3617/4891 2628/3616/4891 2627/3615/4891

v -0.0988492 3.19646 -0.0959104
vt 0.48469 1.8943
vn 0.784392 0.616878 0.0647339
f 2630/3618/4892 2628/3616/4892 2629/3617/4892

vn -0.309144 0.822395 0.477594
v -0.13224 3.15242 -0.0416832
vt 0.495818 1.89073
f 2628/3616/4893 2630/3618/4893 2631/3619/4893

vn -0.886502 0.122806 -0.446131
v -0.108148 3.14988 -0.0902561
vt 0.483971 1.89086
f 2630/3618/4894 2632/3620/4894 2631/3619/4894

vn -0.109006 -0.0983058 -0.989168
f 2630/3618/4895 2629/3617/4895 2632/3620/4895

vt 0.015217 1.30384
vn 0.24048 -0.412298 -0.878738
vt 0.021321 1.30801
f 2629/3621/4896 2623/3610/4896 2632/3622/4896

vn 0.0451383 -0.46124 -0.886126
f 2629/3621/4897 2624/3611/4897 2623/3610/4897

vn 0.122267 0.0457969 -0.99144
f 2627/3615/4898 2624/3613/4898 2629/3617/4898

vn 0.0751115 -0.533606 -0.842391
f 2632/3622/4899 2623/3610/4899 2601/3582/4899

vn 0.391669 -0.487663 -0.780244
v -0.161602 3.14274 -0.112628
vt 0.01962 1.31693
f 2632/3622/4900 2601/3582/4900 2633/3623/4900

vn 0.248053 -0.551877 -0.79618
f 2633/3623/4901 2601/3582/4901 2603/3584/4901

v -0.182105 3.15191 -0.101964
vt 0.485719 1.88476
vn -0.497667 -0.112629 -0.860024
vt 0.480392 1.88463
vt 0.509804 1.86312
f 2634/3624/4902 2633/3625/4902 2603/3626/4902

v -0.132924 3.21213 -0.126955
vt 0.483259 1.8879
vn -0.459174 0.00635481 -0.888324
f 2635/3627/4903 2633/3625/4903 2634/3624/4903

vn 0.401311 -0.341337 -0.849964
f 2635/3627/4904 2632/3620/4904 2633/3625/4904

vn 0.775909 0.519644 0.357681
f 2635/3627/4905 2631/3619/4905 2632/3620/4905

vn -0.34875 0.766375 0.539483
v -0.182005 3.15488 -0.0773537
vt 0.490329 1.88551
f 2631/3619/4906 2635/3627/4906 2636/3628/4906

vn -0.786796 0.613135 -0.0708378
f 2635/3627/4907 2634/3624/4907 2636/3628/4907

vn -0.835036 0.546622 -0.06261
v -0.281079 3.00934 -0.0266606
vt 0.516821 1.86598
f 2634/3624/4908 2637/3629/4908 2636/3628/4908

vn -0.48428 -0.121452 -0.866442
f 2634/3624/4909 2603/3626/4909 2637/3629/4909

vn -0.457487 -0.0697185 -0.886479
v -0.348346 2.83408 0.0218375
vt 0.555359 1.84347
f 2637/3629/4910 2603/3626/4910 2638/3630/4910

vn 0.457766 -0.534014 -0.71083
vt 0.111589 1.34876
f 2603/3584/4911 2602/3583/4911 2638/3631/4911

vn 0.464416 -0.512627 -0.722171
v -0.145613 2.67691 0.263782
vt 0.168781 1.31249
f 2602/3583/4912 2639/3632/4912 2638/3631/4912

vn -0.0590317 -0.531824 -0.844795
f 2602/3583/4913 2604/3585/4913 2639/3632/4913

vn -0.0689698 -0.52163 -0.850379
f 2604/3585/4914 2607/3588/4914 2639/3632/4914

vn -0.0762723 -0.25276 -0.964518
v -0.150077 2.47036 0.318262
vt 0.213941 1.31214
f 2639/3632/4915 2607/3588/4915 2640/3633/4915

vn -0.0781032 -0.25052 -0.964956
v 0.149418 2.46806 0.294617
vt 0.213508 1.27698
f 2607/3588/4916 2641/3634/4916 2640/3633/4916

vn -0.652058 -0.272136 -0.707646
f 2607/3588/4917 2608/3589/4917 2641/3634/4917

vn -0.672954 -0.236357 -0.700905
v 0.437332 2.47048 0.0173701
vt 0.20985 1.22303
f 2608/3589/4918 2642/3635/4918 2641/3634/4918

vn 0.194388 -0.0135852 -0.980831
vt 0.676027 1.99192
f 2610/3593/4919 2642/3636/4919 2608/3590/4919

vn 0.201059 -0.0129031 -0.979494
v 0.471962 2.47544 0.0244132
vt 0.678912 1.98616
f 2610/3593/4920 2643/3637/4920 2642/3636/4920

vn 0.954415 0.251256 -0.161128
v 0.477665 2.47744 0.061311
vt 0.681327 1.98032
f 2610/3593/4921 2644/3638/4921 2643/3637/4921

vn 0.952404 0.245547 -0.180649
v 0.422915 2.6794 0.047165
vt 0.619341 1.97007
f 2610/3593/4922 2645/3639/4922 2644/3638/4922

vn 0.888276 0.408971 -0.209067
f 2609/3592/4923 2645/3639/4923 2610/3593/4923

vn 0.888161 0.407739 -0.211942
f 2609/3592/4924 2612/3596/4924 2645/3639/4924

vn 0.731961 0.457324 0.505062
v 0.289977 2.68762 0.232374
vt 0.635204 1.94011
f 2612/3596/4925 2646/3640/4925 2645/3639/4925

vn 0.754376 0.434754 0.49184
v 0.226276 2.88153 0.15868
vt 0.583127 1.93235
f 2612/3596/4926 2647/3641/4926 2646/3640/4926

vn 0.68978 0.59134 0.417756
f 2613/3597/4927 2647/3641/4927 2612/3596/4927

vn 0.650491 0.620354 0.438203
f 2613/3597/4928 2615/3599/4928 2647/3641/4928

vn 0.391379 0.641205 0.660059
v 0.0800062 2.8908 0.236403
vt 0.590108 1.91297
f 2615/3599/4929 2648/3642/4929 2647/3641/4929

vn 0.314861 0.678856 0.663337
v 0.0394251 3.04589 0.0969449
vt 0.540575 1.90947
f 2615/3599/4930 2649/3643/4930 2648/3642/4930

vn 0.287103 0.751945 0.593422
f 2615/3599/4931 2616/3600/4931 2649/3643/4931

vn 0.0885083 0.791925 0.604169
f 2616/3600/4932 2626/3614/4932 2649/3643/4932

vn 0.0335404 0.78691 0.616155
v -0.0798853 3.04602 0.103277
vt 0.54017 1.89554
f 2649/3643/4933 2626/3614/4933 2650/3644/4933

vn 0.0976299 0.768222 0.632695
f 2626/3614/4934 2628/3616/4934 2650/3644/4934

vn -0.224261 0.745215 0.627981
f 2650/3644/4935 2628/3616/4935 2631/3619/4935

vn -0.272843 0.72591 0.631357
v -0.184389 3.03479 0.0710237
vt 0.535151 1.88263
f 2650/3644/4936 2631/3619/4936 2651/3645/4936

vn -0.378915 0.722312 0.578523
f 2631/3619/4937 2636/3628/4937 2651/3645/4937

vn -0.498134 0.677899 0.540661
v -0.276875 3.02097 0.00313761
vt 0.522881 1.86923
f 2636/3628/4938 2652/3646/4938 2651/3645/4938

vn -0.837753 0.538252 -0.0919496
f 2636/3628/4939 2637/3629/4939 2652/3646/4939

vn -0.865132 0.496387 -0.071743
v -0.373413 2.86179 0.0658912
vt 0.566473 1.85145
f 2637/3629/4940 2653/3647/4940 2652/3646/4940

vn -0.882459 0.422414 -0.206959
v -0.371729 2.85069 0.0360553
vt 0.561095 1.84753
f 2637/3629/4941 2654/3648/4941 2653/3647/4941

vn -0.534166 -0.0287793 -0.844889
f 2637/3629/4942 2638/3630/4942 2654/3648/4942

vn -0.520107 -0.00110589 -0.8541
v -0.426436 2.66403 0.0696107
vt 0.611964 1.82772
f 2654/3648/4943 2638/3630/4943 2655/3649/4943

vn 0.52315 -0.44451 -0.727135
vt 0.160965 1.35991
f 2638/3631/4944 2639/3632/4944 2655/3650/4944

vn 0.561362 -0.222391 -0.79713
f 2639/3632/4945 2640/3633/4945 2655/3650/4945

vn 0.543623 -0.252118 -0.800569
v -0.480063 2.47548 0.0925733
vt 0.212393 1.36634
f 2655/3650/4946 2640/3633/4946 2656/3651/4946

vn 0.564452 0.0437024 -0.824308
v -0.158404 2.24149 0.300426
vt 0.262106 1.31239
f 2656/3651/4947 2640/3633/4947 2657/3652/4947

vn -0.0778384 0.0802727 -0.993729
f 2640/3633/4948 2641/3634/4948 2657/3652/4948

vn -0.0787699 0.0815427 -0.993552
v 0.154739 2.24007 0.275483
vt 0.261517 1.27557
f 2641/3634/4949 2658/3653/4949 2657/3652/4949

vn -0.693152 0.0442016 -0.719435
f 2642/3635/4950 2658/3653/4950 2641/3634/4950

vn -0.653147 -0.04566 -0.755853
v 0.452247 2.27397 0.0163527
vt 0.261203 1.22226
f 2642/3635/4951 2659/3654/4951 2658/3653/4951

vn 0.196507 0.0199897 -0.980299
vt 0.749784 1.99505
f 2643/3637/4952 2659/3655/4952 2642/3636/4952

vn 0.201468 0.0194644 -0.979302
v 0.486936 2.27115 0.023433
vt 0.749066 1.98904
f 2643/3637/4953 2660/3656/4953 2659/3655/4953

vn 0.98503 0.072944 -0.156186
f 2660/3656/4954 2643/3637/4954 2644/3638/4954

vn 0.987203 0.070617 -0.142981
v 0.492699 2.26536 0.0603674
vt 0.748956 1.98292
f 2660/3656/4955 2644/3638/4955 2661/3657/4955

vn 0.794929 0.0536622 0.604325
v 0.340967 2.27742 0.258884
vt 0.74002 1.94779
f 2661/3657/4956 2644/3638/4956 2662/3658/4956

vn 0.804291 0.0362084 0.593132
v 0.329758 2.48992 0.261112
vt 0.685658 1.94566
f 2644/3638/4957 2663/3659/4957 2662/3658/4957

vn 0.785171 0.252474 0.565476
f 2645/3639/4958 2663/3659/4958 2644/3638/4958

vn 0.793506 0.240898 0.558854
f 2645/3639/4959 2646/3640/4959 2663/3659/4959

vn 0.48389 0.220468 0.846903
v 0.125198 2.49859 0.375735
vt 0.686961 1.91736
f 2646/3640/4960 2664/3660/4960 2663/3659/4960

v 0.107218 2.69461 0.33784
vt 0.641237 1.91525
vn 0.494806 0.208469 0.843628
f 2665/3661/4961 2664/3660/4961 2646/3640/4961

vn 0.0802977 0.196282 0.977254
v -0.10686 2.4999 0.394538
vt 0.687325 1.89062
f 2665/3661/4962 2666/3662/4962 2664/3660/4962

v -0.0965469 2.69578 0.35208
vt 0.641292 1.89207
vn 0.0693744 0.207839 0.9757
f 2667/3663/4963 2666/3662/4963 2665/3661/4963

vn -0.351394 0.215964 0.910979
v -0.296294 2.6907 0.276235
vt 0.635619 1.86677
f 2667/3663/4964 2668/3664/4964 2666/3662/4964

v -0.245148 2.88181 0.187568
vt 0.582714 1.87383
vn -0.324056 0.468141 0.82209
f 2669/3665/4965 2668/3664/4965 2667/3663/4965

vn -0.648878 0.456193 0.60897
f 2653/3647/4966 2668/3664/4966 2669/3665/4966

vn -0.637162 0.466791 0.613295
v -0.455163 2.68415 0.116171
vt 0.620033 1.83694
f 2653/3647/4967 2670/3666/4967 2668/3664/4967

vn -0.90896 0.357673 -0.214153
v -0.450906 2.67665 0.0855876
vt 0.616002 1.83244
f 2653/3647/4968 2671/3667/4968 2670/3666/4968

vn -0.913198 0.362403 -0.186368
f 2654/3648/4969 2671/3667/4969 2653/3647/4969

vn -0.543619 0.00844733 -0.839289
f 2654/3648/4970 2655/3649/4970 2671/3667/4970

vn -0.528891 0.0472294 -0.847374
vt 0.678117 1.81658
f 2671/3667/4971 2655/3649/4971 2656/3668/4971

vn -0.552871 0.0512495 -0.83169
v -0.506288 2.48078 0.110334
vt 0.680613 1.8218
f 2671/3667/4972 2656/3668/4972 2672/3669/4972

vn -0.553803 0.045649 -0.831395
v -0.499184 2.27947 0.0945477
vt 0.751721 1.81344
f 2672/3669/4973 2656/3668/4973 2673/3670/4973

vn 0.511425 -0.0585247 -0.857332
vt 0.264285 1.36673
f 2656/3651/4974 2657/3652/4974 2673/3671/4974

vn 0.513477 0.342658 -0.786719
v -0.169096 2.02784 0.200395
vt 0.313316 1.31293
f 2673/3671/4975 2657/3652/4975 2674/3672/4975

vn -0.0667327 0.425832 -0.902338
v 0.118978 2.02575 0.178104
vt 0.313316 1.27722
f 2657/3652/4976 2675/3673/4976 2674/3672/4976

vn -0.07007 0.422331 -0.90373
f 2657/3652/4977 2658/3653/4977 2675/3673/4977

vn -0.558365 0.418613 -0.716235
v 0.409057 2.06493 -0.0251392
vt 0.313316 1.22803
f 2658/3653/4978 2676/3674/4978 2675/3673/4978

vn -0.649112 0.274903 -0.709282
f 2659/3654/4979 2676/3674/4979 2658/3653/4979

vn 0.21163 0.148031 -0.966074
v 0.440634 2.05201 -0.0202014
vt 0.82778 1.98288
vt 0.831426 1.98836
f 2659/3655/4980 2677/3675/4980 2676/3676/4980

vn 0.209338 0.148229 -0.966543
f 2659/3655/4981 2660/3656/4981 2677/3675/4981

vn 0.969373 -0.169418 -0.177802
f 2677/3675/4982 2660/3656/4982 2661/3657/4982

vn 0.971603 -0.178413 -0.155425
v 0.443283 2.03613 0.0145912
vt 0.825139 1.9768
f 2677/3675/4983 2661/3657/4983 2678/3677/4983

vn 0.742297 -0.281452 0.608095
v 0.304615 2.04751 0.189132
vt 0.804232 1.94631
f 2678/3677/4984 2661/3657/4984 2679/3678/4984

vn 0.749624 -0.297847 0.591059
f 2661/3657/4985 2662/3658/4985 2679/3678/4985

vn 0.444124 -0.323689 0.835452
v 0.109305 2.05488 0.295813
vt 0.794971 1.918
f 2662/3658/4986 2680/3679/4986 2679/3678/4986

v 0.127572 2.27955 0.377657
vt 0.737578 1.91805
vn 0.455278 -0.337196 0.824027
f 2681/3680/4987 2680/3679/4987 2662/3658/4987

v -0.112491 2.2799 0.397228
vt 0.738289 1.89016
vn 0.0757141 -0.346727 0.934905
f 2682/3681/4988 2680/3679/4988 2681/3680/4988

vn 0.0776001 -0.345074 0.935362
v -0.111792 2.05734 0.315064
vt 0.795057 1.89059
f 2682/3681/4989 2683/3682/4989 2680/3679/4989

vn -0.313185 -0.329775 0.890597
v -0.345054 2.27954 0.315313
vt 0.741794 1.86
f 2682/3681/4990 2684/3683/4990 2683/3682/4990

v -0.327078 2.49475 0.315478
vt 0.686391 1.86232
vn -0.332137 0.0270191 0.942844
f 2685/3684/4991 2684/3683/4991 2682/3681/4991

vn -0.68616 0.0567565 0.725234
v -0.511396 2.4831 0.142003
vt 0.682815 1.82684
f 2685/3684/4992 2686/3685/4992 2684/3683/4992

vn -0.667991 0.275656 0.691231
f 2670/3666/4993 2686/3685/4993 2685/3684/4993

vn -0.95422 0.244822 -0.171834
f 2672/3669/4994 2686/3685/4994 2670/3666/4994

vn -0.982011 0.0916312 -0.165099
v -0.525803 2.27569 0.112582
vt 0.751397 1.81897
f 2672/3669/4995 2687/3686/4995 2686/3685/4995

vn -0.564658 0.044695 -0.824114
f 2672/3669/4996 2673/3670/4996 2687/3686/4996

vn -0.567195 0.0872851 -0.818945
v -0.464675 2.06965 0.0482846
vt 0.834247 1.82031
f 2673/3670/4997 2688/3687/4997 2687/3686/4997

vn 0.470621 0.263101 -0.842196
vt 0.313316 1.35967
f 2673/3671/4998 2674/3672/4998 2688/3688/4998

vn 0.366734 0.786836 -0.496382
v -0.24646 1.92336 -0.0223915
vt 0.367282 1.32832
f 2674/3672/4999 2689/3689/4999 2688/3688/4999

vn 0.111705 0.562421 -0.819271
v -0.37909 1.91277 -0.0477462
vt 0.367282 1.34802
f 2688/3688/5000 2689/3689/5000 2690/3690/5000

vn -0.598656 0.15451 -0.785963
vt 0.906497 1.83687
v -0.488594 2.05461 0.063547
vt 0.831167 1.82573
f 2688/3687/5001 2690/3691/5001 2691/3692/5001

vn -0.58216 0.173777 -0.794287
v -0.397772 1.88764 -0.0395508
vt 0.900724 1.84154
f 2691/3692/5002 2690/3691/5002 2692/3693/5002

vn -0.656871 0.257218 -0.708773
v -0.216952 1.79775 -0.239752
vt 0.984709 1.8666
f 2690/3691/5003 2693/3694/5003 2692/3693/5003

v -0.206314 1.82689 -0.243298
vt 0.990381 1.86182
vn -0.699858 0.171101 -0.693486
f 2694/3695/5004 2693/3694/5004 2690/3691/5004

vn -0.757157 -0.432247 -0.489772
v -0.213769 1.77098 -0.221049
vt 0.97808 1.87133
f 2693/3694/5005 2695/3696/5005 2692/3693/5005

vn -0.747376 -0.502409 -0.434759
v -0.395864 1.86492 -0.0165717
vt 0.895525 1.84598
f 2695/3696/5006 2696/3697/5006 2692/3693/5006

v -0.156504 1.77637 -0.143937
vt 0.954975 1.88358
vn -0.225551 -0.945801 0.233639
f 2697/3698/5007 2696/3697/5007 2695/3696/5007

vn -0.187592 -0.935918 0.298106
v -0.267785 1.87337 0.0905731
vt 0.871405 1.86832
f 2697/3698/5008 2698/3699/5008 2696/3697/5008

v -0.0856447 1.77895 -0.107053
vt 0.943424 1.89675
vn -0.134385 -0.936591 0.323632
f 2699/3700/5009 2698/3699/5009 2697/3698/5009

vn -0.090204 -0.92841 0.360442
v -0.103644 1.87733 0.141856
vt 0.860298 1.89245
f 2699/3700/5010 2700/3701/5010 2698/3699/5010

v -0.0119766 1.77833 -0.116011
vt 0.943448 1.90968
vn 0.037074 -0.92843 0.369654
f 2701/3702/5011 2700/3701/5011 2699/3700/5011

v 0.067578 1.87639 0.126953
vt 0.860441 1.91655
vn 0.0267627 -0.929997 0.366591
f 2702/3703/5012 2700/3701/5012 2701/3702/5012

vn 0.0589059 -0.690772 0.720669
f 2683/3682/5013 2700/3701/5013 2702/3703/5013

vn -0.223102 -0.68111 0.697363
v -0.32466 2.05232 0.242053
vt 0.805153 1.86181
f 2683/3682/5014 2703/3704/5014 2700/3701/5014

vn -0.300996 -0.31699 0.899399
f 2684/3683/5015 2703/3704/5015 2683/3682/5015

vn -0.641838 -0.286888 0.711153
v -0.530918 2.27129 0.144233
vt 0.751004 1.82423
f 2684/3683/5016 2704/3705/5016 2703/3704/5016

vn -0.677255 0.0701327 0.732398
f 2686/3685/5017 2704/3705/5017 2684/3683/5017

vn -0.985133 0.0892512 -0.146791
f 2687/3686/5018 2704/3705/5018 2686/3685/5018

vn -0.976489 -0.125466 -0.175292
f 2691/3692/5019 2704/3705/5019 2687/3686/5019

vn -0.979077 -0.134326 -0.152857
v -0.49131 2.0411 0.0928154
vt 0.828035 1.83084
f 2691/3692/5020 2705/3706/5020 2704/3705/5020

vn -0.907206 -0.343548 -0.2428
f 2692/3693/5021 2705/3706/5021 2691/3692/5021

vn -0.907665 -0.33366 -0.254588
f 2692/3693/5022 2696/3697/5022 2705/3706/5022

vn -0.470474 -0.635189 0.612527
f 2698/3699/5023 2705/3706/5023 2696/3697/5023

vn -0.482045 -0.65027 0.587181
f 2698/3699/5024 2703/3704/5024 2705/3706/5024

vn -0.206722 -0.669592 0.713381
f 2703/3704/5025 2698/3699/5025 2700/3701/5025

vn -0.631979 -0.270931 0.726085
f 2704/3705/5026 2705/3706/5026 2703/3704/5026

vn -0.57313 0.0843288 -0.815114
f 2687/3686/5027 2688/3687/5027 2691/3692/5027

vn 0.0548819 -0.692932 0.718911
f 2683/3682/5028 2702/3703/5028 2680/3679/5028

vn 0.32742 -0.688613 0.646999
f 2679/3678/5029 2680/3679/5029 2702/3703/5029

vn 0.299095 -0.663481 0.68581
v 0.215194 1.86501 0.0515661
vt 0.873109 1.93962
f 2679/3678/5030 2702/3703/5030 2706/3707/5030

vn 0.103213 -0.933638 0.343027
f 2706/3707/5031 2702/3703/5031 2701/3702/5031

vn 0.16481 -0.94932 0.267637
v 0.0532801 1.77459 -0.169447
vt 0.955572 1.92193
f 2706/3707/5032 2701/3702/5032 2707/3708/5032

vn 0.571037 -0.653895 0.496325
f 2678/3677/5033 2679/3678/5033 2706/3707/5033

vn 0.568153 -0.647575 0.507788
v 0.327838 1.86105 -0.0795223
vt 0.894536 1.96274
f 2678/3677/5034 2706/3707/5034 2708/3709/5034

v 0.331391 1.88654 -0.108531
vt 0.896713 1.96897
vn 0.864216 -0.425659 -0.268225
f 2709/3710/5035 2678/3677/5035 2708/3709/5035

vn 0.863773 -0.43029 -0.262195
f 2709/3710/5036 2677/3675/5036 2678/3677/5036

vn 0.269134 0.309211 -0.912116
f 2676/3676/5037 2677/3675/5037 2709/3710/5037

vn 0.25169 0.317759 -0.914156
v 0.306022 1.90907 -0.107686
vt 0.899679 1.97467
f 2676/3676/5038 2709/3710/5038 2710/3711/5038

vn -0.950425 0.244452 -0.192185
f 2671/3667/5039 2672/3669/5039 2670/3666/5039

vn -0.693167 0.244681 0.677975
f 2670/3666/5040 2685/3684/5040 2668/3664/5040

vn -0.33328 0.235212 0.913017
f 2668/3664/5041 2685/3684/5041 2666/3662/5041

vn -0.338242 0.0201602 0.940843
f 2666/3662/5042 2685/3684/5042 2682/3681/5042

vn 0.0812643 0.0101059 0.996641
f 2666/3662/5043 2682/3681/5043 2681/3680/5043

vn 0.0808155 0.00962533 0.996683
f 2666/3662/5044 2681/3680/5044 2664/3660/5044

vn 0.489203 0.0129576 0.872074
f 2664/3660/5045 2681/3680/5045 2663/3659/5045

vn 0.48639 0.0164992 0.873586
f 2663/3659/5046 2681/3680/5046 2662/3658/5046

vn -0.605839 0.58148 0.542992
f 2652/3646/5047 2653/3647/5047 2669/3665/5047

vn -0.514722 0.639476 0.57108
f 2651/3645/5048 2652/3646/5048 2669/3665/5048

vn -0.286999 0.650019 0.703638
f 2650/3644/5049 2651/3645/5049 2669/3665/5049

vn -0.303339 0.658713 0.688536
v -0.0871675 2.88981 0.249513
vt 0.59057 1.89373
f 2650/3644/5050 2669/3665/5050 2711/3712/5050

vn -0.345437 0.451563 0.822657
f 2711/3712/5051 2669/3665/5051 2667/3663/5051

vn 0.0665315 0.463783 0.883447
f 2648/3642/5052 2711/3712/5052 2667/3663/5052

vn 0.0536752 0.6754 0.735496
f 2649/3643/5053 2711/3712/5053 2648/3642/5053

vn 0.0394911 0.681901 0.730378
f 2650/3644/5054 2711/3712/5054 2649/3643/5054

vn 0.0643578 0.465355 0.882781
f 2648/3642/5055 2667/3663/5055 2665/3661/5055

vn 0.439222 0.459927 0.77172
f 2648/3642/5056 2665/3661/5056 2647/3641/5056

vn 0.460628 0.443526 0.768834
f 2647/3641/5057 2665/3661/5057 2646/3640/5057

vn -0.426403 0.825158 0.370532
f 2617/3601/5058 2621/3607/5058 2616/3600/5058

g Mesh23 Component_4_1 skp7E49_1 Model

v 0.466471 2.02144 -0.641185
vt 0.394082 1.20375
vn -0.111703 0.670963 0.733029
v 0.248256 1.8864 -0.550837
vt 0.340114 1.23509
v 0.380886 1.87945 -0.524256
vt 0.340113 1.21539
f 2712/3713/5059 2713/3714/5059 2714/3715/5059

vn -0.366739 0.848262 0.382039
v 0.170892 1.95887 -0.785998
vt 0.394082 1.25048
f 2712/3713/5060 2715/3716/5060 2713/3714/5060

v 0.500979 2.22277 -0.716199
vt 0.443098 1.19669
vn -0.470626 0.377753 0.797379
f 2716/3717/5061 2715/3716/5061 2712/3713/5061

vn -0.513479 0.448809 0.731375
v 0.1602 2.15651 -0.914789
vt 0.445278 1.25103
f 2716/3717/5062 2717/3718/5062 2715/3716/5062

v 0.481858 2.41716 -0.741525
vt 0.494992 1.19707
vn -0.511428 0.0613689 0.857132
f 2718/3719/5063 2717/3718/5063 2716/3717/5063

vn -0.564451 0.157999 0.810205
v 0.151873 2.38067 -0.964303
vt 0.493445 1.25127
f 2718/3719/5064 2719/3720/5064 2717/3718/5064

v 0.428231 2.60706 -0.745025
vt 0.546423 1.2035
vn -0.543619 -0.138257 0.827866
f 2720/3721/5065 2719/3720/5065 2718/3719/5065

vn -0.561361 -0.109291 0.820322
v 0.147409 2.59278 -0.939099
vt 0.538605 1.25092
f 2720/3721/5066 2721/3722/5066 2719/3720/5066

v 0.350142 2.78211 -0.721383
vt 0.5958 1.21466
vn -0.523152 -0.338972 0.781927
f 2722/3723/5067 2721/3722/5067 2720/3721/5067

vn -0.464419 -0.407114 0.786494
v 0.12916 2.76758 -0.859391
vt 0.582041 1.25223
f 2722/3723/5068 2723/3724/5068 2721/3722/5068

v 0.258407 2.94711 -0.6842
vt 0.642579 1.23041
vn -0.457764 -0.429883 0.778237
f 2724/3725/5069 2723/3724/5069 2722/3723/5069

vn -0.197552 -0.608097 0.76889
v 0.106555 2.93139 -0.73565
vt 0.633457 1.25512
f 2724/3725/5070 2725/3726/5070 2723/3724/5070

v 0.163398 3.10647 -0.631182
vt 0.687771 1.24649
vn -0.248039 -0.435731 0.865225
f 2726/3727/5071 2725/3726/5071 2724/3725/5071

v 0.109944 3.11043 -0.654332
vt 0.68607 1.2554
vn -0.39174 -0.374318 0.840491
f 2727/3728/5072 2725/3726/5072 2726/3727/5072

vn -0.0751187 -0.411178 0.908455
v 0.0676821 3.05872 -0.681233
vt 0.669858 1.26176
f 2727/3728/5073 2728/3729/5073 2725/3726/5073

v 0.0846661 3.13715 -0.65264
vt 0.692176 1.25958
vn -0.240351 -0.286092 0.927568
f 2729/3730/5074 2728/3729/5074 2727/3728/5074

vn -0.0451826 -0.333493 0.941669
v 0.0170532 3.1275 -0.659303
vt 0.688861 1.26959
f 2729/3730/5075 2730/3731/5075 2728/3729/5075

v 0.0498198 3.17434 -0.663999
vt 0.514129 1.64574
vn -0.12229 0.183357 0.97541
vt 0.515475 1.64119
vt 0.51772 1.64927
f 2731/3732/5076 2730/3733/5076 2729/3734/5076

v 0.00619448 3.12115 -0.692607
vt 0.506318 1.64037
vn -0.802694 0.576763 0.151746
f 2732/3735/5077 2730/3733/5077 2731/3732/5077

vn 0.839936 0.412594 -0.352524
v -0.0105945 3.1832 -0.659983
vt 0.516169 1.63694
f 2732/3735/5078 2733/3736/5078 2730/3733/5078

vn -0.225097 0.405001 -0.886175
v -0.0546389 3.13596 -0.670387
vt 0.510684 1.63351
f 2733/3736/5079 2732/3735/5079 2734/3737/5079

vn -0.0883254 0.700204 -0.708459
v -0.0376291 2.98143 -0.825241
vt 0.458968 1.63623
f 2734/3737/5080 2732/3735/5080 2735/3738/5080

vn -0.0333402 0.69356 -0.719627
v 0.0816813 2.98064 -0.831527
vt 0.459373 1.65016
f 2732/3735/5081 2736/3739/5081 2735/3738/5081

v 0.088729 3.13233 -0.693364
vt 0.508099 1.64937
vn -0.0978075 0.672629 -0.733487
f 2737/3740/5082 2736/3739/5082 2732/3735/5082

vn 0.224374 0.650491 -0.725616
v 0.134036 3.10619 -0.702785
vt 0.503725 1.65497
f 2737/3740/5083 2738/3741/5083 2736/3739/5083

vn 0.309409 0.747996 -0.58717
v 0.100645 3.15735 -0.655213
vt 0.514851 1.6514
f 2738/3741/5084 2737/3740/5084 2739/3742/5084

vn -0.784546 0.601757 -0.149585
f 2737/3740/5085 2729/3734/5085 2739/3742/5085

vn 0.730875 0.682465 -0.00795754
f 2737/3740/5086 2731/3732/5086 2729/3734/5086

vn -0.0783881 0.521344 -0.849739
f 2731/3732/5087 2737/3740/5087 2732/3735/5087

vn 0.109041 0.0402726 0.993221
vt 0.515572 1.65484
f 2739/3742/5088 2729/3734/5088 2727/3743/5088

vn 0.886497 0.183689 0.424714
f 2738/3741/5089 2739/3742/5089 2727/3743/5089

vn -0.775901 0.464843 -0.426497
v 0.13472 3.17718 -0.626654
vt 0.516283 1.6578
f 2738/3741/5090 2727/3743/5090 2740/3744/5090

vn -0.401363 -0.21972 0.889174
vt 0.51915 1.66107
f 2740/3744/5091 2727/3743/5091 2726/3745/5091

vn 0.459157 0.129928 0.878802
v 0.183901 3.11409 -0.643021
vt 0.513824 1.66094
f 2740/3744/5092 2726/3745/5092 2741/3746/5092

vn 0.497743 0.00821274 0.867286
vt 0.489738 1.68258
f 2741/3746/5093 2726/3745/5093 2724/3747/5093

vn 0.484265 0.000316063 0.874921
v 0.282875 2.9624 -0.697748
vt 0.482723 1.67972
f 2741/3746/5094 2724/3747/5094 2742/3748/5094

vn 0.457495 0.054342 0.88755
vt 0.444184 1.70223
f 2742/3748/5095 2724/3747/5095 2722/3749/5095

vn 0.534189 0.0891045 0.840656
v 0.373525 2.79657 -0.737773
vt 0.438447 1.69817
f 2742/3748/5096 2722/3749/5096 2743/3750/5096

vn 0.520149 0.117784 0.845915
vt 0.387578 1.71798
f 2743/3750/5097 2722/3749/5097 2720/3751/5097

vn 0.543612 0.125168 0.829951
v 0.452702 2.61734 -0.762605
vt 0.38354 1.71326
f 2743/3750/5098 2720/3751/5098 2744/3752/5098

vn 0.528874 0.164697 0.832567
vt 0.321425 1.72912
f 2744/3752/5099 2720/3751/5099 2718/3753/5099

vn 0.552834 0.166494 0.816489
v 0.508084 2.41993 -0.759849
vt 0.318929 1.7239
f 2744/3752/5100 2718/3753/5100 2745/3754/5100

vn 0.553765 0.160919 0.816976
vt 0.247821 1.73226
f 2745/3754/5101 2718/3753/5101 2716/3755/5101

vn 0.564647 0.158956 0.809881
v 0.527599 2.21653 -0.733532
vt 0.248145 1.72673
f 2745/3754/5102 2716/3755/5102 2746/3756/5102

vn 0.567183 0.200417 0.798835
vt 0.165295 1.72539
f 2716/3755/5103 2712/3757/5103 2746/3756/5103

vn 0.573134 0.196947 0.795443
v 0.490393 2.00442 -0.654207
vt 0.168375 1.71997
f 2746/3756/5104 2712/3757/5104 2747/3758/5104

vn 0.598657 0.262385 0.756812
vt 0.093046 1.70883
f 2712/3757/5105 2714/3759/5105 2747/3758/5105

vn 0.582143 0.282644 0.762379
v 0.399567 1.85342 -0.528874
vt 0.098819 1.70416
f 2747/3758/5106 2714/3759/5106 2748/3760/5106

vn 0.656863 0.353376 0.666075
v 0.218748 1.79227 -0.31811
vt 0.014834 1.67909
f 2714/3759/5107 2749/3761/5107 2748/3760/5107

vn 0.699852 0.26597 0.662923
v 0.20811 1.82161 -0.318653
vt 0.009162 1.68388
f 2714/3759/5108 2750/3762/5108 2749/3761/5108

vn 0.757162 -0.35985 0.545173
v 0.215565 1.76316 -0.332905
vt 0.021462 1.67437
f 2748/3760/5109 2749/3761/5109 2751/3763/5109

v 0.39766 1.82772 -0.548467
vt 0.104018 1.69972
vn 0.747384 -0.436982 0.500464
f 2752/3764/5110 2748/3760/5110 2751/3763/5110

v 0.493105 1.98697 -0.681309
vt 0.171508 1.71486
vn 0.907667 -0.294962 0.29856
f 2753/3765/5111 2748/3760/5111 2752/3764/5111

vn 0.907204 -0.306477 0.288189
f 2753/3765/5112 2747/3758/5112 2748/3760/5112

v 0.532714 2.20776 -0.764263
vt 0.248539 1.72147
vn 0.979086 -0.111777 0.169989
f 2754/3766/5113 2747/3758/5113 2753/3765/5113

vn 0.97649 -0.0998385 0.191047
f 2754/3766/5114 2746/3756/5114 2747/3758/5114

v 0.513192 2.41782 -0.791533
vt 0.316728 1.71886
vn 0.985136 0.108808 0.132924
f 2755/3767/5115 2746/3756/5115 2754/3766/5115

vn 0.982011 0.113717 0.15074
f 2755/3767/5116 2745/3754/5116 2746/3756/5116

v 0.456959 2.62049 -0.793933
vt 0.379509 1.70876
vn 0.954215 0.266371 0.136089
f 2756/3768/5117 2745/3754/5117 2755/3767/5117

vn 0.950444 0.268823 0.156177
f 2756/3768/5118 2744/3752/5118 2745/3754/5118

vn 0.908988 0.384001 0.162123
v 0.375209 2.80342 -0.768866
vt 0.433069 1.69425
f 2756/3768/5119 2757/3769/5119 2744/3752/5119

vn 0.637189 0.376876 -0.672275
v 0.298089 2.60472 -0.953353
vt 0.363923 1.67893
f 2757/3769/5120 2756/3768/5120 2758/3770/5120

vn 0.69318 0.147934 -0.70542
v 0.328874 2.40521 -0.964941
vt 0.313151 1.68338
f 2756/3768/5121 2759/3771/5121 2758/3770/5121

vn 0.66799 0.176781 -0.722868
f 2756/3768/5122 2755/3767/5122 2759/3771/5122

vn 0.68616 -0.0447278 -0.726075
v 0.34685 2.19212 -0.934827
vt 0.257749 1.6857
f 2755/3767/5123 2760/3772/5123 2759/3771/5123

vn 0.677254 -0.0324766 -0.735033
f 2755/3767/5124 2754/3766/5124 2760/3772/5124

vn 0.641837 -0.383065 -0.664309
v 0.326459 1.97731 -0.830656
vt 0.19439 1.68389
f 2754/3766/5125 2761/3773/5125 2760/3772/5125

vn 0.631985 -0.369351 -0.681303
f 2754/3766/5126 2753/3765/5126 2761/3773/5126

vn 0.482054 -0.725661 -0.490959
v 0.26958 1.82118 -0.655744
vt 0.128137 1.67738
f 2753/3765/5127 2762/3774/5127 2761/3773/5127

vn 0.470474 -0.714245 -0.518177
f 2753/3765/5128 2752/3764/5128 2762/3774/5128

vn 0.187583 -0.9683 -0.164946
v 0.1583 1.75777 -0.410017
vt 0.044568 1.66212
f 2752/3764/5129 2763/3775/5129 2762/3774/5129

vn 0.225533 -0.969116 -0.0997479
f 2752/3764/5130 2751/3763/5130 2763/3775/5130

vn 0.134385 -0.972519 -0.190126
v 0.0874408 1.75519 -0.446903
vt 0.056118 1.64895
f 2762/3774/5131 2763/3775/5131 2764/3776/5131

vn 0.0901988 -0.96954 -0.227721
v 0.10544 1.81797 -0.70708
vt 0.139244 1.65325
f 2762/3774/5132 2764/3776/5132 2765/3777/5132

vn -0.0370693 -0.970841 -0.23684
v 0.0137725 1.75581 -0.437944
vt 0.056094 1.63602
f 2765/3777/5133 2764/3776/5133 2766/3778/5133

vn -0.0267727 -0.971966 -0.233592
v -0.0657819 1.81911 -0.692191
vt 0.139101 1.62915
f 2765/3777/5134 2766/3778/5134 2767/3779/5134

vn -0.103207 -0.972291 -0.209757
v -0.213398 1.81833 -0.615955
vt 0.126434 1.60608
f 2766/3778/5135 2768/3780/5135 2767/3779/5135

vn -0.164802 -0.977329 -0.132921
v -0.0514843 1.75955 -0.384508
vt 0.04397 1.62377
f 2766/3778/5136 2769/3781/5136 2768/3780/5136

vn -0.299087 -0.752471 -0.5868
v -0.302819 1.97991 -0.777583
vt 0.19531 1.59939
f 2767/3779/5137 2768/3780/5137 2770/3782/5137

vn -0.571038 -0.716607 -0.400487
v -0.441488 1.99293 -0.603153
vt 0.174403 1.5689
f 2768/3780/5138 2771/3783/5138 2770/3782/5138

vn -0.568156 -0.711945 -0.412715
v -0.326042 1.83265 -0.48559
vt 0.105006 1.58296
f 2768/3780/5139 2772/3784/5139 2771/3783/5139

vn -0.864215 -0.384192 0.324853
v -0.329595 1.86193 -0.460411
vt 0.10283 1.57673
f 2771/3783/5140 2772/3784/5140 2773/3785/5140

vn -0.863773 -0.3896 0.319543
v -0.438838 2.0135 -0.570911
vt 0.171762 1.56282
f 2771/3783/5141 2773/3785/5141 2774/3786/5141

v -0.407261 2.02698 -0.56782
vt 0.168117 1.55734
vn -0.269118 0.433157 0.860204
f 2775/3787/5142 2774/3786/5142 2773/3785/5142

v -0.450451 2.22821 -0.638
vt 0.249758 1.55066
vn -0.211611 0.281048 0.936073
f 2776/3788/5143 2774/3786/5143 2775/3787/5143

vn -0.209366 0.281303 0.936501
v -0.485137 2.22443 -0.644619
vt 0.250477 1.55666
f 2776/3788/5144 2777/3789/5144 2774/3786/5144

v -0.470167 2.4266 -0.674022
vt 0.320631 1.55954
vn -0.201496 0.155564 0.967057
f 2778/3790/5145 2777/3789/5145 2776/3788/5145

v -0.475869 2.42345 -0.710839
vt 0.318215 1.56538
vn -0.985031 0.0939585 0.144518
f 2779/3791/5146 2777/3789/5146 2778/3790/5146

vn -0.987202 0.0898188 0.131773
v -0.490901 2.21356 -0.680387
vt 0.250586 1.56278
f 2779/3791/5147 2780/3792/5147 2777/3789/5147

v -0.339171 2.19788 -0.878652
vt 0.259523 1.59791
vn -0.794935 -0.0309769 -0.605903
f 2781/3793/5148 2780/3792/5148 2779/3791/5148

vn -0.749631 -0.377204 -0.543848
f 2781/3793/5149 2770/3782/5149 2780/3792/5149

vn -0.444123 -0.436808 -0.782275
v -0.107509 1.97236 -0.88425
vt 0.204571 1.6277
f 2781/3793/5150 2782/3794/5150 2770/3782/5150

vn -0.455272 -0.448588 -0.769088
v -0.125775 2.18346 -0.996564
vt 0.261965 1.62765
f 2781/3793/5151 2783/3795/5151 2782/3794/5151

v -0.327962 2.408 -0.910433
vt 0.313884 1.60004
vn -0.486384 -0.105246 -0.867383
f 2784/3796/5152 2783/3795/5152 2781/3793/5152

vn -0.489204 -0.108551 -0.865388
v -0.123402 2.40063 -1.02515
vt 0.312581 1.62834
f 2784/3796/5153 2785/3797/5153 2783/3795/5153

v -0.288181 2.60779 -0.90949
vt 0.364338 1.60559
vn -0.483894 0.100448 -0.869343
f 2786/3798/5154 2785/3797/5154 2784/3796/5154

vn -0.494805 0.0890278 -0.864432
v -0.105422 2.60002 -1.0149
vt 0.358306 1.63045
f 2786/3798/5155 2787/3799/5155 2785/3797/5155

v -0.22448 2.81005 -0.863498
vt 0.416416 1.61335
vn -0.460611 0.332228 -0.823081
f 2788/3800/5156 2787/3799/5156 2786/3798/5156

vn -0.439244 0.348038 -0.828211
v -0.0782104 2.80843 -0.941756
vt 0.409435 1.63273
f 2788/3800/5157 2789/3801/5157 2787/3799/5157

v -0.144576 2.98392 -0.778477
vt 0.465029 1.62271
vn -0.3914 0.543136 -0.742839
f 2790/3802/5158 2789/3801/5158 2788/3800/5158

vn -0.315023 0.579905 -0.751313
f 2790/3802/5159 2735/3738/5159 2789/3801/5159

vn -0.287275 0.662039 -0.692226
f 2734/3737/5160 2735/3738/5160 2790/3802/5160

vn -0.419754 0.677596 -0.603879
v -0.108941 3.12763 -0.64199
vt 0.512582 1.62695
f 2734/3737/5161 2790/3802/5161 2791/3803/5161

vn -0.621307 0.615085 -0.485436
v -0.224613 2.97228 -0.690778
vt 0.477351 1.60863
f 2790/3802/5162 2792/3804/5162 2791/3803/5162

vn -0.650485 0.553359 -0.520253
f 2788/3800/5163 2792/3804/5163 2790/3802/5163

vn -0.689735 0.527499 -0.495994
v -0.331579 2.8066 -0.718238
vt 0.432692 1.59078
f 2788/3800/5164 2793/3805/5164 2792/3804/5164

vn -0.754356 0.362094 -0.547572
f 2786/3798/5165 2793/3805/5165 2788/3800/5165

vn -0.732001 0.38255 -0.563764
v -0.421119 2.62539 -0.724936
vt 0.380202 1.57563
f 2786/3798/5166 2794/3806/5166 2793/3805/5166

vn -0.79352 0.160766 -0.586925
f 2784/3796/5167 2794/3806/5167 2786/3798/5167

vn -0.785169 0.171328 -0.59511
f 2784/3796/5168 2779/3791/5168 2794/3806/5168

vn -0.804292 -0.0466948 -0.592397
f 2784/3796/5169 2781/3793/5169 2779/3791/5169

vn -0.952387 0.268314 0.144797
v -0.416334 2.62232 -0.687766
vt 0.384464 1.57026
f 2794/3806/5170 2779/3791/5170 2795/3807/5170

vn -0.954407 0.271263 0.124595
f 2779/3791/5171 2778/3790/5171 2795/3807/5171

vn -0.201054 0.123541 0.971759
v -0.435536 2.42266 -0.666356
vt 0.323515 1.55378
f 2795/3807/5172 2778/3790/5172 2796/3808/5172

vn -0.196499 0.156228 0.967978
f 2778/3790/5173 2776/3788/5173 2796/3808/5173

vt 0.497537 1.34039
vn 0.653145 0.0599803 0.754854
vt 0.446181 1.34116
v -0.152943 2.15858 -0.889889
vt 0.445868 1.28785
f 2796/3809/5174 2776/3810/5174 2797/3811/5174

vn 0.649109 0.370943 0.664122
vt 0.394082 1.33538
f 2776/3810/5175 2775/3812/5175 2797/3811/5175

vn 0.558366 0.514216 0.651007
v -0.117182 1.9599 -0.763631
vt 0.394082 1.28619
f 2797/3811/5176 2775/3812/5176 2798/3813/5176

vn 0.0700753 0.543991 0.83616
f 2797/3811/5177 2798/3813/5177 2717/3718/5177

vn 0.0667374 0.547266 0.834294
f 2717/3718/5178 2798/3813/5178 2715/3716/5178

v -0.147622 2.38169 -0.94057
vt 0.493878 1.28644
vn 0.0787758 0.219034 0.972532
f 2799/3814/5179 2797/3811/5179 2717/3718/5179

vn 0.693152 0.143904 0.706281
f 2796/3809/5180 2797/3811/5180 2799/3814/5180

v -0.382623 2.61219 -0.67975
vt 0.548831 1.33348
vn 0.672955 -0.13651 0.726977
f 2800/3815/5181 2796/3809/5181 2799/3814/5181

vn -0.19442 0.123054 0.973169
vt 0.390094 1.56516
f 2795/3807/5182 2796/3808/5182 2800/3816/5182

vt 0.390089 1.56516
vn -0.211419 0.0683775 0.975001
v -0.296708 2.78547 -0.673268
vt 0.443251 1.5806
v -0.328605 2.79956 -0.681177
vt 0.438803 1.58607
vt 0.384459 1.57026
f 2800/3817/5183 2801/3818/5183 2802/3819/5183 2795/3820/5183 

vt 0.597268 1.32107
vn 0.617639 -0.332894 0.712534
v -0.116803 2.59415 -0.918594
vt 0.539235 1.28378
f 2801/3821/5184 2800/3815/5184 2803/3822/5184

vn 0.652069 -0.170987 0.738627
f 2800/3815/5185 2799/3814/5185 2803/3822/5185

vn 0.0781007 -0.113774 0.990432
f 2803/3822/5186 2799/3814/5186 2719/3720/5186

vn 0.0778379 0.217792 0.972886
f 2799/3814/5187 2717/3718/5187 2719/3720/5187

vn 0.0762552 -0.11607 0.990309
f 2803/3822/5188 2719/3720/5188 2721/3722/5188

v -0.0840725 2.76883 -0.845017
vt 0.582467 1.28166
vn 0.0689229 -0.398203 0.914705
f 2804/3823/5189 2803/3822/5189 2721/3722/5189

vn 0.553738 -0.409223 0.725197
f 2801/3821/5190 2803/3822/5190 2804/3823/5190

v -0.0564225 2.93365 -0.726458
vt 0.633669 1.28057
vn 0.493151 -0.561002 0.66489
f 2805/3824/5191 2801/3821/5191 2804/3823/5191

v -0.194404 2.94952 -0.650456
vt 0.64395 1.30465
vn 0.414164 -0.373667 0.829965
f 2806/3825/5192 2801/3821/5192 2805/3824/5192

v -0.223971 2.96446 -0.656041
vt 0.484307 1.60512
vn -0.193326 -0.0158509 0.981006
vt 0.446374 1.58196
vt 0.492922 1.60178
f 2807/3826/5193 2801/3827/5193 2806/3828/5193

vn -0.239127 0.00372563 0.970981
vt 0.438808 1.58607
f 2807/3826/5194 2802/3829/5194 2801/3827/5194

vn -0.843997 0.510454 0.164641
f 2793/3805/5195 2802/3829/5195 2807/3826/5195

vn -0.888133 0.433188 0.153515
f 2794/3806/5196 2802/3829/5196 2793/3805/5196

vn -0.888259 0.434076 0.150247
f 2794/3806/5197 2795/3807/5197 2802/3829/5197

vn -0.842559 0.521896 0.133112
f 2793/3805/5198 2807/3826/5198 2792/3804/5198

vn -0.814779 0.562195 0.141674
f 2792/3804/5199 2807/3826/5199 2791/3803/5199

vn -0.812788 0.558815 0.164623
v -0.107718 3.12194 -0.616636
vt 0.517489 1.62547
f 2807/3826/5200 2808/3830/5200 2791/3803/5200

vn -0.223148 -0.0783961 0.971627
f 2808/3830/5201 2807/3826/5201 2806/3828/5201

vn 0.0343592 -0.20898 0.977316
v -0.0775693 3.10914 -0.620433
vt 0.525386 1.62478
f 2808/3830/5202 2806/3828/5202 2809/3831/5202

vt 0.688154 1.28567
vn 0.393857 -0.440086 0.806971
f 2809/3832/5203 2806/3825/5203 2805/3824/5203

v -0.0276822 3.14274 -0.635732
vt 0.694683 1.27697
vn 0.504622 -0.401088 0.764516
f 2810/3833/5204 2809/3832/5204 2805/3824/5204

v -0.0593893 3.16989 -0.620646
vt 0.518872 1.6315
vn 0.354242 -0.102734 0.929494
vt 0.521405 1.63492
f 2811/3834/5205 2809/3831/5205 2810/3835/5205

vn 0.11231 -0.0301182 0.993217
f 2811/3834/5206 2808/3830/5206 2809/3831/5206

vn -0.683342 0.704645 0.191101
f 2811/3834/5207 2791/3803/5207 2808/3830/5207

vn -0.397357 0.739947 -0.542758
f 2734/3737/5208 2791/3803/5208 2811/3834/5208

vn 0.426516 0.765611 -0.481585
f 2810/3835/5209 2734/3737/5209 2811/3834/5209

vn -0.70367 0.559595 0.437837
f 2734/3737/5210 2810/3835/5210 2733/3736/5210

vn 0.518915 0.267485 0.811898
f 2733/3736/5211 2810/3835/5211 2730/3733/5211

vn 0.368764 -0.285634 0.884549
v 0.0108764 3.05725 -0.679414
vt 0.669608 1.27054
f 2810/3833/5212 2812/3836/5212 2730/3731/5212

vn 0.118447 -0.408903 0.904858
f 2810/3833/5213 2805/3824/5213 2812/3836/5213

vn 0.0469238 -0.377548 0.9248
f 2812/3836/5214 2805/3824/5214 2725/3726/5214

vn 0.037435 -0.587665 0.808238
f 2805/3824/5215 2804/3823/5215 2725/3726/5215

vn 0.0504558 -0.597554 0.80024
f 2725/3726/5216 2804/3823/5216 2723/3724/5216

vn 0.0589952 -0.409062 0.910598
f 2804/3823/5217 2721/3722/5217 2723/3724/5217

vn 0.0394728 -0.382465 0.923127
f 2728/3729/5218 2812/3836/5218 2725/3726/5218

vn 0.0379402 -0.278091 0.959805
f 2730/3731/5219 2812/3836/5219 2728/3729/5219

vn -0.0536327 0.566438 -0.822358
v 0.0889635 2.80561 -0.954601
vt 0.408972 1.65197
f 2735/3738/5220 2813/3837/5220 2789/3801/5220

vn -0.039323 0.57365 -0.818156
f 2735/3738/5221 2736/3739/5221 2813/3837/5221

vn 0.303294 0.556508 -0.773506
v 0.246943 2.80632 -0.892145
vt 0.416828 1.67187
f 2736/3739/5222 2814/3838/5222 2813/3837/5222

vn 0.286996 0.545825 -0.787215
v 0.186185 2.97401 -0.798025
vt 0.464391 1.66307
f 2736/3739/5223 2815/3839/5223 2814/3838/5223

vn 0.272856 0.630941 -0.726267
f 2738/3741/5224 2815/3839/5224 2736/3739/5224

v 0.183801 3.11358 -0.667804
vt 0.509213 1.66019
vn 0.379058 0.63473 -0.673374
f 2816/3840/5225 2815/3839/5225 2738/3741/5225

vn 0.498033 0.596096 -0.629787
v 0.278671 2.96979 -0.728878
vt 0.476661 1.67647
f 2816/3840/5226 2817/3841/5226 2815/3839/5226

vn 0.837777 0.545765 0.0164536
f 2817/3841/5227 2816/3840/5227 2742/3748/5227

vn 0.834977 0.55009 -0.0146484
f 2742/3748/5228 2816/3840/5228 2741/3746/5228

vn 0.786604 0.617255 -0.0158298
f 2816/3840/5229 2740/3744/5229 2741/3746/5229

vn 0.348879 0.683839 -0.640818
f 2816/3840/5230 2738/3741/5230 2740/3744/5230

vn 0.865165 0.501482 0.00224083
f 2757/3769/5231 2817/3841/5231 2742/3748/5231

vn 0.605862 0.500243 -0.618618
f 2817/3841/5232 2757/3769/5232 2814/3838/5232

vn 0.648895 0.366992 -0.666522
f 2814/3838/5233 2757/3769/5233 2758/3770/5233

vn 0.324022 0.349162 -0.879259
v 0.098343 2.59918 -1.02916
vt 0.358251 1.65363
f 2814/3838/5234 2758/3770/5234 2818/3842/5234

vn 0.351371 0.0870886 -0.932177
v 0.108656 2.39931 -1.04395
vt 0.312218 1.65508
f 2758/3770/5235 2819/3843/5235 2818/3842/5235

vn 0.33328 0.105842 -0.936868
f 2758/3770/5236 2759/3771/5236 2819/3843/5236

vn 0.338239 -0.110971 -0.934494
v 0.114287 2.18108 -1.01599
vt 0.261253 1.65554
f 2759/3771/5237 2820/3844/5237 2819/3843/5237

vn 0.332138 -0.104461 -0.937429
f 2759/3771/5238 2760/3772/5238 2820/3844/5238

vn 0.313183 -0.450516 -0.836033
v 0.113588 1.97212 -0.903656
vt 0.204486 1.65511
f 2760/3772/5239 2821/3845/5239 2820/3844/5239

vn 0.300989 -0.439075 -0.846533
f 2760/3772/5240 2761/3773/5240 2821/3845/5240

vn 0.223095 -0.771533 -0.59579
f 2761/3773/5241 2765/3777/5241 2821/3845/5241

vn 0.20672 -0.76236 -0.613249
f 2761/3773/5242 2762/3774/5242 2765/3777/5242

vn -0.0589125 -0.784343 -0.617524
f 2821/3845/5243 2765/3777/5243 2767/3779/5243

vn -0.0548689 -0.786247 -0.615472
f 2821/3845/5244 2767/3779/5244 2782/3794/5244

vn -0.327418 -0.771962 -0.544859
f 2767/3779/5245 2770/3782/5245 2782/3794/5245

vn -0.0775919 -0.471897 -0.878233
f 2820/3844/5246 2821/3845/5246 2782/3794/5246

vn -0.0757242 -0.473455 -0.877557
f 2783/3795/5247 2820/3844/5247 2782/3794/5247

vn -0.0812742 -0.128692 -0.988349
f 2819/3843/5248 2820/3844/5248 2783/3795/5248

vn -0.0808051 -0.129195 -0.988321
f 2785/3797/5249 2819/3843/5249 2783/3795/5249

vn -0.080288 0.0583612 -0.995062
f 2787/3799/5250 2819/3843/5250 2785/3797/5250

vn -0.0693516 0.0700361 -0.995131
f 2787/3799/5251 2818/3842/5251 2819/3843/5251

vn -0.0643188 0.337956 -0.938962
f 2789/3801/5252 2818/3842/5252 2787/3799/5252

vn -0.0665074 0.336295 -0.939406
f 2789/3801/5253 2813/3837/5253 2818/3842/5253

vn 0.345419 0.332655 -0.877511
f 2814/3838/5254 2818/3842/5254 2813/3837/5254

vn 0.514619 0.553836 -0.654548
f 2815/3839/5255 2817/3841/5255 2814/3838/5255

vn 0.882455 0.447036 0.146399
f 2757/3769/5256 2742/3748/5256 2743/3750/5256

vn 0.913169 0.384808 0.134336
f 2757/3769/5257 2743/3750/5257 2744/3752/5257

vn -0.742303 -0.363335 -0.563004
f 2770/3782/5258 2771/3783/5258 2780/3792/5258

vn -0.971604 -0.155033 0.178745
f 2780/3792/5259 2771/3783/5259 2774/3786/5259

vn -0.969375 -0.143014 0.19965
f 2780/3792/5260 2774/3786/5260 2777/3789/5260

vn -0.251664 0.441911 0.861034
v -0.304223 1.88412 -0.464383
vt 0.099863 1.57103
f 2775/3787/5261 2773/3785/5261 2822/3846/5261

g Mesh24 Component_4_1 skp7E49_1 Model

v 0.265765 1.92214 -0.0398584
vt 0.364584 1.48561
vn -0.778038 0.608907 -0.154561
v 0.239734 1.92261 0.0930603
vt 0.364584 1.50531
v 0.346474 2.07802 0.167988
vt 0.310617 1.51696
f 2823/3847/5262 2824/3848/5262 2825/3849/5262

vt 0.557867 1.77833
vn -0.773289 0.250239 0.582584
v 0.36065 2.06366 0.192972
vt 0.633196 1.78946
vt 0.630117 1.79489
f 2824/3850/5263 2826/3851/5263 2825/3852/5263

vn -0.780239 0.268814 0.564771
v 0.246157 1.89834 0.113486
vt 0.56364 1.77366
f 2824/3850/5264 2827/3853/5264 2826/3851/5264

v 0.0401721 1.8102 -0.0616118
vt 0.479655 1.74859
vn -0.689103 0.351119 0.633918
f 2828/3854/5265 2827/3853/5265 2824/3850/5265

vn -0.518718 -0.343267 0.783006
v 0.0569628 1.78204 -0.062833
vt 0.486284 1.74386
f 2827/3853/5266 2828/3854/5266 2829/3855/5266

vn -0.468771 -0.417543 0.778403
v 0.267495 1.87399 0.113277
vt 0.568839 1.76922
f 2827/3853/5267 2829/3855/5267 2830/3856/5267

vn 0.167082 -0.941726 0.291953
v 0.134263 1.77805 -0.119959
vt 0.509389 1.73161
f 2830/3856/5268 2829/3855/5268 2831/3857/5268

v 0.374968 1.86602 -0.0145584
vt 0.592959 1.74688
vn 0.232091 -0.939025 0.253706
f 2832/3858/5269 2830/3856/5269 2831/3857/5269

v 0.388904 2.04837 0.196761
vt 0.636329 1.78436
vn 0.566738 -0.641893 0.516509
f 2833/3859/5270 2830/3856/5270 2832/3858/5270

vn -0.277264 -0.250979 0.927434
f 2833/3859/5271 2827/3853/5271 2830/3856/5271

vn -0.26612 -0.261743 0.927724
f 2826/3851/5272 2827/3853/5272 2833/3859/5272

v 0.456255 2.27662 0.220506
vt 0.713361 1.79097
vn -0.16179 -0.0547615 0.985305
f 2834/3860/5273 2826/3851/5273 2833/3859/5273

v 0.424988 2.28285 0.214943
vt 0.712966 1.79623
vn -0.183603 -0.0445404 0.981991
f 2835/3861/5274 2826/3851/5274 2834/3860/5274

vn -0.807269 0.180634 0.561861
f 2825/3852/5275 2826/3851/5275 2835/3861/5275

vn -0.810879 0.183424 0.555725
v 0.407261 2.286 0.188038
vt 0.712643 1.80176
f 2825/3852/5276 2835/3861/5276 2836/3862/5276

v 0.437053 2.48574 0.181193
vt 0.783751 1.7934
vn -0.819005 0.141217 0.556138
f 2837/3863/5277 2836/3862/5277 2835/3861/5277

v 0.418965 2.47987 0.155314
vt 0.786247 1.79862
vn -0.826179 0.141914 0.545242
f 2838/3864/5278 2836/3862/5278 2837/3863/5278

v 0.609989 2.21011 -0.148267
vt 0.259406 1.46968
vn -0.859326 -0.0342523 -0.510279
vt 0.261587 1.52402
vt 0.209695 1.52364
f 2839/3865/5279 2836/3866/5279 2838/3867/5279

vn -0.760898 0.359922 -0.539898
v 0.495297 2.00522 -0.123221
vt 0.310617 1.47022
f 2839/3865/5280 2840/3868/5280 2836/3866/5280

v 0.472915 1.98459 -0.410555
vt 0.310617 1.43452
vn -0.870433 0.49121 0.0325408
f 2841/3869/5281 2840/3868/5281 2839/3865/5281

v 0.585008 2.18859 -0.46067
vt 0.258817 1.43286
vn -0.87207 0.488046 0.036117
f 2842/3870/5282 2841/3869/5282 2839/3865/5282

v 0.2729 2.01749 -0.703644
vt 0.310617 1.38533
vn -0.685289 0.505363 0.524393
f 2843/3871/5283 2841/3869/5283 2842/3870/5283

v 0.328874 2.2196 -0.761073
vt 0.258505 1.37956
vn -0.688378 0.368209 0.624947
f 2844/3872/5284 2843/3871/5284 2842/3870/5284

vt 0.71458 1.62015
vn -0.953386 0.199768 -0.226159
v 0.276926 2.00208 -0.73422
vt 0.636584 1.63232
vt 0.632938 1.62684
f 2844/3873/5285 2845/3874/5285 2843/3875/5285

v 0.33574 2.21388 -0.795444
vt 0.715298 1.62615
vn -0.95385 0.200164 -0.223842
f 2846/3876/5286 2845/3874/5286 2844/3873/5286

vn -0.189169 -0.223843 -0.956091
v 0.372181 2.20515 -0.800611
vt 0.715408 1.63228
f 2846/3876/5287 2847/3877/5287 2845/3874/5287

v 0.387916 2.41719 -0.800369
vt 0.783037 1.63487
vn -0.137694 0.0113454 -0.99041
f 2848/3878/5288 2847/3877/5288 2846/3876/5288

vn 0.606589 -0.0441118 -0.793791
v 0.571056 2.21393 -0.649125
vt 0.724344 1.66741
f 2848/3878/5289 2849/3879/5289 2847/3877/5289

v 0.588101 2.42602 -0.652719
vt 0.778705 1.66953
vn 0.59421 -0.0613484 -0.801967
f 2850/3880/5290 2849/3879/5290 2848/3878/5290

vn 0.872612 -0.0783035 -0.482096
v 0.689686 2.22267 -0.435818
vt 0.726786 1.69714
f 2850/3880/5291 2851/3881/5291 2849/3879/5291

vn 0.870855 -0.0819228 -0.484666
v 0.703049 2.44094 -0.448701
vt 0.777403 1.69783
f 2850/3880/5292 2852/3882/5292 2851/3881/5292

vn 0.860219 0.126712 -0.493931
v 0.573225 2.62753 -0.626933
vt 0.82916 1.67509
f 2850/3880/5293 2853/3883/5293 2852/3882/5293

vn 0.574289 0.145488 -0.805621
v 0.387891 2.62296 -0.759874
vt 0.845023 1.64512
f 2853/3883/5294 2850/3880/5294 2854/3884/5294

vn 0.581707 0.157135 -0.798076
f 2854/3884/5295 2850/3880/5295 2848/3878/5295

vn -0.163158 0.190492 -0.968035
v 0.351025 2.61765 -0.754705
vt 0.849286 1.63975
f 2854/3884/5296 2848/3878/5296 2855/3885/5296

vn -0.143224 0.194688 -0.970352
v 0.350967 2.41816 -0.79472
vt 0.785452 1.62904
f 2855/3885/5297 2848/3878/5297 2856/3886/5297

vn -0.150732 0.0147386 -0.988465
f 2856/3886/5298 2848/3878/5298 2846/3876/5298

vn -0.97556 0.0734535 -0.207091
f 2846/3876/5299 2844/3873/5299 2856/3886/5299

vn -0.976523 0.0743967 -0.202157
v 0.343596 2.41613 -0.759864
vt 0.788336 1.62327
f 2856/3886/5300 2844/3873/5300 2857/3887/5300

vn -0.757198 0.0527176 0.651054
vt 0.20715 1.38032
f 2844/3872/5301 2842/3870/5301 2857/3888/5301

vn -0.7146 0.1424 0.684886
v 0.619999 2.41452 -0.471134
vt 0.210809 1.43427
f 2857/3888/5302 2842/3870/5302 2858/3889/5302

vn -0.985444 0.155777 0.0680698
f 2858/3889/5303 2842/3870/5303 2839/3865/5303

vn -0.985707 0.154469 0.0672334
v 0.643748 2.43605 -0.172413
vt 0.211242 1.46944
f 2858/3889/5304 2839/3865/5304 2859/3890/5304

vn -0.81925 0.061482 -0.570131
f 2859/3890/5305 2839/3865/5305 2838/3867/5305

vn -0.816203 -0.233116 -0.528648
v 0.409209 2.66535 0.0885861
vt 0.158265 1.5172
f 2859/3890/5306 2838/3867/5306 2860/3891/5306

vt 0.852399 1.78748
vn -0.841977 0.142877 0.520251
v 0.426029 2.67851 0.112194
vt 0.848361 1.78276
f 2860/3892/5307 2838/3864/5307 2861/3893/5307

vn -0.826082 0.147449 0.543919
f 2861/3893/5308 2838/3864/5308 2837/3863/5308

v 0.45706 2.68415 0.116068
vt 0.844331 1.77826
vn -0.174803 0.322936 0.930138
f 2862/3894/5309 2861/3893/5309 2837/3863/5309

v 0.419296 2.85872 0.0219117
vt 0.89789 1.76375
vn -0.188861 0.434201 0.880796
f 2863/3895/5310 2861/3893/5310 2862/3894/5310

vn -0.160661 0.437288 0.884854
v 0.388757 2.84963 0.0208607
vt 0.903269 1.76767
f 2863/3895/5311 2864/3896/5311 2861/3893/5311

v 0.337261 3.00553 -0.0809142
vt 0.947544 1.74921
vn -0.177039 0.496332 0.84989
f 2865/3897/5312 2864/3896/5312 2863/3895/5312

vn -0.844857 0.0674013 0.530729
v 0.373416 2.83246 -0.00138069
vt 0.909005 1.77173
f 2865/3897/5313 2866/3898/5313 2864/3896/5313

v 0.324813 2.98765 -0.104193
vt 0.954559 1.75208
vn -0.889187 0.0242157 0.456903
f 2867/3899/5314 2866/3898/5314 2865/3897/5314

v 0.5121 2.81221 -0.221485
vt 0.122648 1.46848
vn -0.746307 -0.51393 -0.422968
vt 0.10889 1.50605
vt 0.062113 1.4903
f 2868/3900/5315 2866/3901/5315 2867/3902/5315

vn -0.75616 -0.492255 -0.431169
v 0.603806 2.64508 -0.191505
vt 0.166082 1.46979
f 2868/3900/5316 2869/3903/5316 2866/3901/5316

v 0.497675 2.79756 -0.434213
vt 0.122222 1.43905
vn -0.879845 -0.466313 0.0917869
f 2870/3904/5317 2869/3903/5317 2868/3900/5317

v 0.583258 2.62656 -0.455066
vt 0.165454 1.43693
vn -0.884696 -0.455106 0.100949
f 2871/3905/5318 2869/3903/5318 2870/3904/5318

vn -0.979801 -0.179091 0.0889723
f 2871/3905/5319 2859/3890/5319 2869/3903/5319

vn -0.980083 -0.176687 0.0906526
f 2858/3889/5320 2859/3890/5320 2871/3905/5320

v 0.343736 2.60934 -0.720334
vt 0.155857 1.38723
vn -0.724899 -0.176067 0.665974
f 2872/3906/5321 2858/3889/5321 2871/3905/5321

vn -0.715684 -0.139495 0.684352
f 2857/3888/5322 2858/3889/5322 2872/3906/5322

vn -0.979384 0.0411698 -0.197769
vt 0.854915 1.63466
f 2857/3887/5323 2872/3907/5323 2855/3885/5323

v 0.325184 2.78732 -0.646654
vt 0.908072 1.65011
vn -0.977396 -0.0145451 -0.210917
v 0.33209 2.79969 -0.679493
vt 0.903624 1.65557
vt 0.849281 1.63976
vt 0.85491 1.63467
f 2873/3908/5324 2874/3909/5324 2855/3910/5324 2872/3911/5324 

vt 0.903629 1.65556
vn -0.968873 -0.0805355 -0.234092
vt 0.911195 1.65145
v 0.295514 2.96931 -0.586466
vt 0.949128 1.67462
f 2874/3912/5325 2873/3913/5325 2875/3914/5325

vn -0.977508 -0.0975172 -0.187
v 0.290982 2.95613 -0.555904
vt 0.957743 1.67128
f 2873/3913/5326 2876/3915/5326 2875/3914/5326

vt 0.107422 1.39964
vn -0.801886 -0.400712 0.44318
v 0.367906 2.95524 -0.417523
vt 0.071022 1.44014
vt 0.060742 1.41606
f 2873/3916/5327 2877/3917/5327 2876/3918/5327

vn -0.624111 -0.57017 0.534221
f 2873/3916/5328 2870/3904/5328 2877/3917/5328

vn -0.694882 -0.419062 0.584402
f 2873/3916/5329 2871/3905/5329 2870/3904/5329

vn -0.687574 -0.33777 0.64277
f 2872/3906/5330 2871/3905/5330 2873/3916/5330

vn -0.765247 -0.638472 0.0821596
v 0.377236 2.96499 -0.254831
vt 0.071235 1.46559
f 2870/3904/5331 2878/3919/5331 2877/3917/5331

vn -0.756534 -0.646889 0.0958662
f 2870/3904/5332 2868/3900/5332 2878/3919/5332

vn -0.724522 -0.67251 -0.15099
f 2878/3919/5333 2868/3900/5333 2867/3902/5333

vn -0.832737 -0.511088 -0.212928
v 0.260807 3.13593 -0.209801
vt 0.016922 1.47422
f 2878/3919/5334 2867/3902/5334 2879/3920/5334

vt 0.983971 1.73057
vn -0.865728 -0.017431 0.500212
v 0.272087 3.14576 -0.189936
vt 0.978645 1.73043
f 2879/3921/5335 2867/3899/5335 2880/3922/5335

vn -0.872812 -0.0267833 0.487322
f 2880/3922/5336 2867/3899/5336 2865/3897/5336

v 0.296845 3.14698 -0.190122
vt 0.974034 1.72968
vn -0.0238992 0.606648 0.794612
f 2881/3923/5337 2880/3922/5337 2865/3897/5337

v 0.251357 3.20401 -0.243308
vt 0.981105 1.7273
vn -0.0274179 0.670037 0.741821
f 2882/3924/5338 2880/3922/5338 2881/3923/5338

vn -0.885687 0.100191 0.453343
f 2882/3924/5339 2879/3921/5339 2880/3922/5339

v 0.283624 3.13776 -0.263515
vt 0.980393 1.72434
vn -0.871698 -0.308452 -0.380788
f 2883/3925/5340 2879/3921/5340 2882/3924/5340

vt 0.018623 1.46531
vn -0.81234 -0.458276 -0.360674
f 2883/3926/5341 2878/3919/5341 2879/3920/5341

v 0.314068 3.08521 -0.302204
vt 0.034834 1.45895
vn -0.877582 -0.477599 -0.0418309
f 2884/3927/5342 2878/3919/5342 2883/3926/5342

v 0.312357 3.07965 -0.35876
vt 0.035084 1.45017
vn -0.894211 -0.442053 0.0705467
f 2885/3928/5343 2878/3919/5343 2884/3927/5343

vn -0.896204 -0.436806 0.0775791
f 2877/3917/5344 2878/3919/5344 2885/3928/5344

vn -0.874173 -0.461585 0.150865
v 0.262816 3.15902 -0.402961
vt 0.01001 1.44374
f 2877/3917/5345 2885/3928/5345 2886/3929/5345

vn -0.862511 -0.320033 0.391988
v 0.287391 3.14861 -0.357391
vt 0.015833 1.45112
f 2886/3929/5346 2885/3928/5346 2887/3930/5346

vn -0.93808 -0.340839 0.0619196
f 2885/3928/5347 2884/3927/5347 2887/3930/5347

vn -0.91614 -0.400488 -0.0172122
v 0.280073 3.16248 -0.290581
vt 0.012518 1.46113
f 2887/3930/5348 2884/3927/5348 2888/3931/5348

vn -0.905374 -0.365944 -0.215364
f 2884/3927/5349 2883/3926/5349 2888/3931/5349

vt 0.982544 1.71877
vn -0.993613 -0.0214269 0.110791
v 0.281231 3.18386 -0.276057
vt 0.979673 1.72089
f 2888/3932/5350 2883/3925/5350 2889/3933/5350

vn -0.436436 0.215042 0.873659
v 0.332257 3.13858 -0.23942
vt 0.968546 1.72447
f 2889/3933/5351 2883/3925/5351 2890/3934/5351

vn 0.393178 0.438102 -0.80838
f 2882/3924/5352 2890/3934/5352 2883/3925/5352

vn 0.591739 0.749313 0.297279
f 2890/3934/5353 2882/3924/5353 2881/3923/5353

v 0.436484 3.01734 -0.178665
vt 0.929213 1.73256
vn 0.627451 0.705044 0.330482
f 2891/3935/5354 2890/3934/5354 2881/3923/5354

v 0.46944 3.01897 -0.283538
vt 0.924194 1.71966
vn 0.680423 0.697541 0.224637
f 2892/3936/5355 2890/3934/5355 2891/3935/5355

vn 0.678416 0.713496 0.175141
v 0.321036 3.16078 -0.28639
vt 0.972921 1.71887
f 2892/3936/5356 2893/3937/5356 2890/3934/5356

vn 0.684749 0.713628 -0.147832
v 0.321059 3.14386 -0.367944
vt 0.971139 1.70987
f 2892/3936/5357 2894/3938/5357 2893/3937/5357

vn 0.669524 0.737891 -0.085166
v 0.463116 3.01097 -0.40258
vt 0.92379 1.70573
f 2892/3936/5358 2895/3939/5358 2894/3938/5358

vn 0.776178 0.624994 -0.0832444
v 0.604423 2.85384 -0.264693
vt 0.873794 1.72147
f 2895/3939/5359 2892/3936/5359 2896/3940/5359

vn 0.732847 0.628747 0.260025
v 0.542074 2.86123 -0.106842
vt 0.88165 1.74137
f 2892/3936/5360 2897/3941/5360 2896/3940/5360

vn 0.747291 0.617913 0.244416
f 2892/3936/5361 2891/3935/5361 2897/3941/5361

vn 0.614321 0.632542 0.4717
v 0.3678 3.01478 -0.0857735
vt 0.941482 1.74597
f 2897/3941/5362 2891/3935/5362 2898/3942/5362

vn 0.586603 0.671811 0.45229
f 2891/3935/5363 2881/3923/5363 2898/3942/5363

vn -0.0547962 0.600335 0.797869
f 2881/3923/5364 2865/3897/5364 2898/3942/5364

vn -0.0374921 0.559135 0.828228
f 2898/3942/5365 2865/3897/5365 2863/3895/5365

vn 0.582222 0.583089 0.56659
f 2897/3941/5366 2898/3942/5366 2863/3895/5366

vn 0.63929 0.456849 0.618544
v 0.617192 2.66845 -0.0420901
vt 0.828744 1.74843
f 2897/3941/5367 2863/3895/5367 2899/3943/5367

vn 0.644354 0.466297 0.606115
f 2899/3943/5368 2863/3895/5368 2862/3894/5368

vn 0.693388 0.24466 0.677757
v 0.642673 2.47286 0.00244523
vt 0.777972 1.75288
f 2899/3943/5369 2862/3894/5369 2900/3944/5369

vn 0.708775 0.272811 0.650547
v 0.468805 2.4862 0.186282
vt 0.781549 1.78835
f 2900/3944/5370 2862/3894/5370 2901/3945/5370

vn -0.154364 0.322149 0.934019
f 2862/3894/5371 2837/3863/5371 2901/3945/5371

vn -0.158335 0.171179 0.972434
f 2901/3945/5372 2837/3863/5372 2835/3861/5372

vn -0.140186 0.167745 0.975812
f 2901/3945/5373 2835/3861/5373 2834/3860/5373

v 0.627494 2.25997 0.0353527
vt 0.72257 1.75519
vn 0.735505 0.066067 0.67429
f 2902/3946/5374 2901/3945/5374 2834/3860/5374

vn 0.727425 0.0538742 0.684069
f 2900/3944/5375 2901/3945/5375 2902/3946/5375

v 0.709234 2.2384 -0.196271
vt 0.726075 1.72504
vn 0.942433 -0.015562 0.334033
f 2903/3947/5376 2900/3944/5376 2902/3946/5376

v 0.721898 2.45712 -0.217209
vt 0.777039 1.72457
vn 0.939959 -0.0218202 0.340588
f 2904/3948/5377 2900/3944/5377 2903/3947/5377

vn 0.927201 0.193783 0.32054
f 2904/3948/5378 2899/3943/5378 2900/3944/5378

v 0.693204 2.65427 -0.241334
vt 0.823072 1.72312
vn 0.923829 0.176053 0.339919
f 2905/3949/5379 2899/3943/5379 2904/3948/5379

vn 0.852765 0.431242 0.294655
f 2905/3949/5380 2897/3941/5380 2899/3943/5380

vn 0.852175 0.41622 0.317109
f 2896/3940/5381 2897/3941/5381 2905/3949/5381

v 0.591416 2.84409 -0.431592
vt 0.874256 1.70223
vn 0.913649 0.395411 -0.0943139
f 2906/3950/5382 2896/3940/5382 2905/3949/5382

vn 0.780833 0.617176 -0.0969228
f 2906/3950/5383 2895/3939/5383 2896/3940/5383

v 0.416291 3.00274 -0.509214
vt 0.929851 1.69221
vn 0.709036 0.607405 -0.358227
f 2907/3951/5384 2895/3939/5384 2906/3950/5384

vn 0.6444 0.686925 -0.335981
v 0.297861 3.1528 -0.42955
vt 0.975506 1.70301
f 2895/3939/5385 2907/3951/5385 2908/3952/5385

vn 0.555217 0.687026 -0.468753
v 0.270114 3.13875 -0.483001
vt 0.977403 1.69645
f 2907/3951/5386 2909/3953/5386 2908/3952/5386

vn 0.441434 0.602543 -0.664889
v 0.329618 2.9795 -0.58782
vt 0.942172 1.67813
f 2909/3953/5387 2907/3951/5387 2910/3954/5387

vn 0.480451 0.541523 -0.689869
v 0.513235 2.83007 -0.577238
vt 0.881237 1.68285
f 2907/3951/5388 2911/3955/5388 2910/3954/5388

vn 0.703149 0.564898 -0.431823
f 2911/3955/5389 2907/3951/5389 2906/3950/5389

vn 0.801919 0.373355 -0.466403
v 0.678922 2.6399 -0.444591
vt 0.823127 1.69995
f 2911/3955/5390 2906/3950/5390 2912/3956/5390

vn 0.913093 0.397178 -0.0922533
f 2912/3956/5391 2906/3950/5391 2905/3949/5391

vn 0.98782 0.134117 -0.0788979
f 2912/3956/5392 2905/3949/5392 2904/3948/5392

vn 0.988566 0.121719 -0.0890047
f 2852/3882/5393 2912/3956/5393 2904/3948/5393

vn 0.856112 0.114229 -0.504008
f 2853/3883/5394 2912/3956/5394 2852/3882/5394

vn 0.797894 0.355729 -0.486644
f 2853/3883/5395 2911/3955/5395 2912/3956/5395

vn 0.52096 0.345783 -0.780407
v 0.368569 2.80904 -0.683128
vt 0.897513 1.66028
f 2911/3955/5396 2853/3883/5396 2913/3957/5396

vn 0.535729 0.368892 -0.759548
f 2913/3957/5397 2853/3883/5397 2854/3884/5397

vn -0.183074 0.35853 -0.915391
f 2913/3957/5398 2854/3884/5398 2874/3912/5398

vn -0.180146 0.359539 -0.915576
f 2874/3912/5399 2854/3884/5399 2855/3885/5399

vn -0.199522 0.437777 -0.876665
f 2875/3914/5400 2913/3957/5400 2874/3912/5400

vn -0.169523 0.451165 -0.876192
f 2910/3954/5401 2913/3957/5401 2875/3914/5401

vn 0.457979 0.511265 -0.72723
f 2910/3954/5402 2911/3955/5402 2913/3957/5402

vn -0.180919 0.492644 -0.851217
f 2909/3953/5403 2910/3954/5403 2875/3914/5403

vn -0.203662 0.487799 -0.848866
v 0.245219 3.13139 -0.481261
vt 0.98231 1.69497
f 2909/3953/5404 2875/3914/5404 2914/3958/5404

vn -0.96379 -0.161187 -0.212431
f 2875/3914/5405 2876/3915/5405 2914/3958/5405

vn -0.96035 -0.273595 0.0536094
v 0.249899 3.12103 -0.450314
vt 0.990207 1.69428
f 2876/3915/5406 2915/3959/5406 2914/3958/5406

vn -0.774318 -0.46662 0.427432
vt 0.016539 1.43504
f 2876/3918/5407 2877/3917/5407 2915/3960/5407

vn -0.734651 -0.41709 0.535093
f 2915/3960/5408 2877/3917/5408 2886/3929/5408

vn -0.920041 -0.142224 0.365099
vt 0.986229 1.70442
v 0.245872 3.18277 -0.436408
vt 0.983694 1.701
f 2915/3959/5409 2886/3961/5409 2916/3962/5409

vn 0.427003 0.825243 0.369651
f 2908/3952/5410 2916/3962/5410 2886/3961/5410

vn 0.489778 0.74649 -0.45041
f 2908/3952/5411 2909/3953/5411 2916/3962/5411

vn -0.240389 0.640062 -0.729749
f 2916/3962/5412 2909/3953/5412 2914/3958/5412

vn -0.988697 -0.0912651 0.118952
f 2914/3958/5413 2915/3959/5413 2916/3962/5413

v 0.284188 3.20215 -0.388849
vt 0.980995 1.70644
vn -0.475712 0.47745 -0.738742
f 2917/3963/5414 2908/3952/5414 2886/3961/5414

vn 0.855723 0.449068 -0.257054
f 2908/3952/5415 2917/3963/5415 2894/3938/5415

vn 0.322777 0.49373 0.807493
vt 0.980296 1.71069
f 2917/3963/5416 2887/3964/5416 2894/3938/5416

vn -0.828538 0.24597 0.503014
f 2886/3961/5417 2887/3964/5417 2917/3963/5417

v 0.288811 3.19783 -0.327985
vt 0.978951 1.71524
vn -0.191765 0.507387 -0.84011
f 2918/3965/5418 2894/3938/5418 2887/3964/5418

vn 0.811315 0.572469 -0.118517
f 2894/3938/5419 2918/3965/5419 2893/3937/5419

vn -0.0393715 0.730726 0.681534
f 2893/3937/5420 2918/3965/5420 2888/3932/5420

vn -0.985821 0.106094 -0.130001
f 2887/3964/5421 2888/3932/5421 2918/3965/5421

vn 0.107466 0.554556 -0.825178
f 2889/3933/5422 2893/3937/5422 2888/3932/5422

vn 0.533773 0.806664 0.253732
f 2890/3934/5423 2893/3937/5423 2889/3933/5423

vn 0.657929 0.739883 -0.140368
f 2895/3939/5424 2908/3952/5424 2894/3938/5424

vn 0.994926 -0.0654238 -0.0764381
f 2852/3882/5425 2904/3948/5425 2851/3881/5425

vn 0.994918 -0.0649717 -0.0769219
f 2851/3881/5426 2904/3948/5426 2903/3947/5426

vn 0.908446 -0.415367 -0.046856
v 0.592371 2.00606 -0.402361
vt 0.669392 1.6972
f 2851/3881/5427 2903/3947/5427 2919/3966/5427

vn 0.909015 -0.413892 -0.0488405
v 0.611746 2.02259 -0.181881
vt 0.669307 1.72461
f 2919/3966/5428 2903/3947/5428 2920/3967/5428

vn 0.865426 -0.368294 0.339701
f 2903/3947/5429 2902/3946/5429 2920/3967/5429

vn 0.875094 -0.357039 0.326701
v 0.538561 2.03752 0.030465
vt 0.659211 1.75339
f 2920/3967/5430 2902/3946/5430 2921/3968/5430

vn 0.689408 -0.290207 0.663699
f 2921/3968/5431 2902/3946/5431 2834/3860/5431

vn 0.705412 -0.276058 0.652829
f 2921/3968/5432 2834/3860/5432 2833/3859/5432

vn 0.540389 -0.654336 0.528984
f 2921/3968/5433 2833/3859/5433 2832/3858/5433

vn 0.664939 -0.701552 0.256282
v 0.426403 1.85494 -0.178325
vt 0.604066 1.72275
f 2921/3968/5434 2832/3858/5434 2922/3969/5434

vn 0.294798 -0.942684 0.156336
v 0.171238 1.77311 -0.190646
vt 0.520939 1.71845
f 2922/3969/5435 2832/3858/5435 2923/3970/5435

vn 0.25751 -0.945182 0.200795
f 2832/3858/5436 2831/3857/5436 2923/3970/5436

vn 0.303984 -0.952222 0.0294319
v 0.162258 1.76797 -0.264135
vt 0.520916 1.70552
f 2922/3969/5437 2923/3970/5437 2924/3971/5437

vn 0.300823 -0.952849 0.0397988
v 0.41147 1.8431 -0.349136
vt 0.603922 1.69865
f 2922/3969/5438 2924/3971/5438 2925/3972/5438

vn 0.277065 -0.960164 -0.0363205
v 0.335473 1.82672 -0.495968
vt 0.591255 1.67558
f 2925/3972/5439 2924/3971/5439 2926/3973/5439

vn 0.200766 -0.974821 -0.097042
v 0.10869 1.76342 -0.329232
vt 0.508791 1.69327
f 2926/3973/5440 2924/3971/5440 2927/3974/5440

v 0.485435 1.99253 -0.597202
vt 0.660131 1.66889
vn 0.63786 -0.728838 -0.248858
f 2928/3975/5441 2925/3972/5441 2926/3973/5441

vn 0.597376 -0.753132 -0.275563
f 2919/3966/5442 2925/3972/5442 2928/3975/5442

vn 0.668817 -0.743421 -0.00301906
f 2920/3967/5443 2925/3972/5443 2919/3966/5443

vn 0.670728 -0.741669 -0.00718829
f 2920/3967/5444 2922/3969/5444 2925/3972/5444

vn 0.648152 -0.710759 0.273352
f 2920/3967/5445 2921/3968/5445 2922/3969/5445

vn 0.810832 -0.411234 -0.416459
f 2849/3879/5446 2919/3966/5446 2928/3975/5446

vn 0.798507 -0.424643 -0.426691
f 2849/3879/5447 2851/3881/5447 2919/3966/5447

vn 0.568836 -0.389819 -0.724201
f 2849/3879/5448 2928/3975/5448 2847/3877/5448

vn 0.58698 -0.374173 -0.717948
v 0.310525 1.98367 -0.735589
vt 0.639225 1.6384
f 2847/3877/5449 2928/3975/5449 2929/3976/5449

vn 0.449503 -0.725084 -0.521729
f 2928/3975/5450 2926/3973/5450 2929/3976/5450

vn 0.461378 -0.719391 -0.519237
v 0.204428 1.82404 -0.608698
vt 0.569828 1.65246
f 2926/3973/5451 2930/3977/5451 2929/3976/5451

vn -0.297263 -0.46521 -0.833795
v 0.177268 1.85118 -0.614159
vt 0.567651 1.64622
f 2929/3976/5452 2930/3977/5452 2931/3978/5452

vn -0.2916 -0.470182 -0.833006
f 2845/3874/5453 2929/3976/5453 2931/3978/5453

vn -0.167516 -0.234486 -0.957577
f 2847/3877/5454 2929/3976/5454 2845/3874/5454

vn -0.888323 0.352378 -0.294469
f 2845/3874/5455 2931/3978/5455 2843/3875/5455

vn -0.889765 0.362262 -0.277642
v 0.179683 1.87531 -0.590413
vt 0.564684 1.64053
f 2843/3875/5456 2931/3978/5456 2932/3979/5456

vn -0.978015 0.0412893 -0.204408
f 2856/3886/5457 2857/3887/5457 2855/3885/5457

vn -0.810696 -0.204992 -0.548408
f 2869/3903/5458 2859/3890/5458 2860/3891/5458

vn -0.756359 -0.428239 -0.494501
f 2869/3903/5459 2860/3891/5459 2866/3901/5459

vn -0.852114 0.0946028 0.514735
f 2866/3898/5460 2860/3892/5460 2864/3896/5460

vn -0.836617 0.104755 0.537678
f 2864/3896/5461 2860/3892/5461 2861/3893/5461

vn -0.82179 0.287602 -0.491881
f 2840/3868/5462 2825/3849/5462 2836/3866/5462

vn -0.440288 0.791967 -0.423007
f 2840/3868/5463 2823/3847/5463 2825/3849/5463

vn -0.679861 0.26736 0.682867
v 0.0386674 1.8387 -0.0742688
vt 0.473983 1.75338
f 2824/3850/5464 2933/3980/5464 2828/3854/5464

g Mesh25 Component_4_1 skp7E49_1 Model

v -0.344678 2.01307 -0.76089
vt 0.704288 1.38902
vn 0.778043 0.624485 0.0683128
v -0.26397 1.88762 -0.53337
vt 0.767002 1.416
v -0.237938 1.8696 -0.665061
vt 0.727601 1.416
f 2934/3981/5465 2935/3982/5465 2936/3983/5465

vn 0.440293 0.843128 0.308671
v -0.493502 1.9815 -0.462382
vt 0.797745 1.38902
f 2935/3982/5466 2934/3981/5466 2937/3984/5466

v -0.405465 2.21624 -0.809689
vt 0.690158 1.36451
vn 0.821792 0.353255 0.447067
f 2938/3985/5467 2937/3984/5467 2934/3981/5467

vn 0.760896 0.43156 0.484555
v -0.608193 2.18788 -0.466095
vt 0.798843 1.36341
f 2938/3985/5468 2939/3986/5468 2937/3984/5468

vn 0.859326 0.0370951 0.510082
v -0.41717 2.41277 -0.804263
vt 0.690928 1.33856
f 2938/3985/5469 2940/3987/5469 2939/3986/5469

v -0.435254 2.41498 -0.830707
vt 0.215574 1.75112
vn 0.826212 0.0646535 -0.559637
vt 0.213069 1.74589
vt 0.286727 1.74276
f 2941/3988/5470 2940/3989/5470 2938/3990/5470

vn 0.826115 0.0702993 -0.559099
v -0.424233 2.61549 -0.789211
vt 0.150921 1.76176
f 2941/3988/5471 2942/3991/5471 2940/3989/5471

v -0.455265 2.62052 -0.793829
vt 0.154956 1.76627
vn 0.174607 0.190332 -0.966067
f 2943/3992/5472 2942/3991/5472 2941/3988/5472

v -0.4175 2.8065 -0.724886
vt 0.101371 1.78078
vn 0.18862 0.307449 -0.932683
f 2944/3993/5473 2942/3991/5473 2943/3992/5473

vn 0.160731 0.309913 -0.93708
v -0.386961 2.79763 -0.722579
vt 0.095991 1.77686
f 2944/3993/5474 2945/3994/5474 2942/3991/5474

v -0.335465 2.96621 -0.643494
vt 0.051678 1.79533
vn 0.177094 0.373144 -0.910714
f 2946/3995/5475 2945/3994/5475 2944/3993/5475

vn 0.844857 -0.00712068 -0.534945
v -0.37162 2.78374 -0.698165
vt 0.090256 1.7728
f 2945/3994/5476 2946/3995/5476 2947/3996/5476

vn 0.889176 -0.0395994 -0.455849
v -0.323017 2.95173 -0.617954
vt 0.044659 1.79246
f 2947/3996/5477 2946/3995/5477 2948/3997/5477

vn 0.872795 -0.0943227 -0.478887
v -0.270292 3.12024 -0.555048
vt 0.020554 1.81412
f 2946/3995/5478 2949/3998/5478 2948/3997/5478

v -0.295049 3.12148 -0.555036
vt 0.025176 1.81487
vn 0.0241914 0.490103 -0.871329
f 2950/3999/5479 2949/3998/5479 2946/3995/5479

v -0.249561 3.18534 -0.510301
vt 0.018093 1.81726
vn 0.0277385 0.560218 -0.827881
f 2951/4000/5480 2949/3998/5480 2950/3999/5480

vn 0.885687 0.0361231 -0.462875
v -0.259011 3.11325 -0.53401
vt 0.015228 1.81398
f 2949/3998/5481 2951/4000/5481 2952/4001/5481

vn 0.871687 -0.25243 0.42005
v -0.281828 3.12255 -0.481073
vt 0.018809 1.82022
f 2952/4001/5482 2951/4000/5482 2953/4002/5482

vn -0.393148 0.546309 0.739581
v -0.330459 3.12001 -0.505049
vt 0.030657 1.82009
f 2951/4000/5483 2954/4003/5483 2953/4002/5483

vn -0.591743 0.700724 -0.39853
f 2951/4000/5484 2950/3999/5484 2954/4003/5484

vn -0.627534 0.652156 -0.425315
v -0.434688 2.99149 -0.548335
vt 0.070016 1.81199
f 2950/3999/5485 2955/4004/5485 2954/4003/5485

vn -0.586652 0.602257 -0.541411
v -0.366004 2.97602 -0.639966
vt 0.057747 1.79858
f 2950/3999/5486 2956/4005/5486 2955/4004/5486

vn 0.0543212 0.483566 -0.873621
f 2950/3999/5487 2946/3995/5487 2956/4005/5487

vn 0.0370622 0.438558 -0.897938
f 2956/4005/5488 2946/3995/5488 2944/3993/5488

vn -0.582246 0.498575 -0.642194
v -0.540276 2.82689 -0.597736
vt 0.117616 1.80318
f 2956/4005/5489 2944/3993/5489 2957/4006/5489

vn -0.639295 0.366369 -0.676073
v -0.615396 2.627 -0.635028
vt 0.170554 1.79611
f 2957/4006/5490 2944/3993/5490 2958/4007/5490

vn -0.644336 0.377405 -0.665129
f 2944/3993/5491 2943/3992/5491 2958/4007/5491

vn -0.693379 0.147937 -0.705224
v -0.640875 2.4271 -0.651909
vt 0.221357 1.79166
f 2958/4007/5492 2943/3992/5492 2959/4008/5492

v -0.467009 2.41473 -0.835812
vt 0.217772 1.75616
vn -0.708778 0.179624 -0.68218
f 2960/4009/5493 2959/4008/5493 2943/3992/5493

vn -0.727428 -0.0418432 -0.684907
v -0.625699 2.2117 -0.654868
vt 0.276792 1.78935
f 2960/4009/5494 2961/4010/5494 2959/4008/5494

v -0.454459 2.20242 -0.840534
vt 0.286009 1.75355
vn -0.7355 -0.0284229 -0.676928
f 2962/4011/5495 2961/4010/5495 2960/4009/5495

vn -0.689401 -0.37976 -0.616853
v -0.536766 1.9921 -0.619067
vt 0.340187 1.79115
f 2962/4011/5496 2963/4012/5496 2961/4010/5496

vn -0.705414 -0.364228 -0.608054
v -0.387109 1.9797 -0.785254
vt 0.363078 1.76016
f 2962/4011/5497 2964/4013/5497 2963/4012/5497

vn 0.161768 -0.191363 -0.968097
v -0.358854 1.99537 -0.783631
vt 0.366215 1.75505
f 2962/4011/5498 2965/4014/5498 2964/4013/5498

v -0.423192 2.20937 -0.835894
vt 0.286404 1.74828
vn 0.183572 -0.180785 -0.966239
f 2966/4015/5499 2965/4014/5499 2962/4011/5499

vn 0.807255 0.100671 -0.581554
vt 0.369286 1.74963
f 2966/4015/5500 2934/4016/5500 2965/4014/5500

vn 0.810877 0.1043 -0.575848
f 2966/4015/5501 2938/3990/5501 2934/4016/5501

vn 0.819005 0.0624373 -0.570379
f 2966/4015/5502 2941/3988/5502 2938/3990/5502

vn 0.158379 0.0341845 -0.986786
f 2941/3988/5503 2966/4015/5503 2960/4009/5503

vn 0.140151 0.0302962 -0.989667
f 2960/4009/5504 2966/4015/5504 2962/4011/5504

vn 0.154415 0.189028 -0.969755
f 2943/3992/5505 2941/3988/5505 2960/4009/5505

vn 0.773283 0.166697 -0.611756
vt 0.441582 1.7662
f 2965/4014/5506 2934/4016/5506 2936/4017/5506

vn 0.780252 0.187629 -0.596659
v -0.244361 1.84272 -0.681911
vt 0.43581 1.77086
f 2965/4014/5507 2936/4017/5507 2967/4018/5507

vn 0.689105 0.259528 -0.676594
v -0.0383764 1.77981 -0.49625
vt 0.519875 1.79595
f 2967/4018/5508 2936/4017/5508 2968/4019/5508

vn 0.679859 0.169711 -0.713436
v -0.0368714 1.8098 -0.487683
vt 0.52553 1.79116
f 2936/4017/5509 2969/4020/5509 2968/4019/5509

vn 0.518716 -0.448902 -0.727613
v -0.0551668 1.75209 -0.491122
vt 0.513227 1.80068
f 2967/4018/5510 2968/4019/5510 2970/4021/5510

vn 0.468749 -0.521841 -0.71271
v -0.265699 1.81864 -0.678315
vt 0.430615 1.77531
f 2967/4018/5511 2970/4021/5511 2971/4022/5511

vn -0.167101 -0.973191 -0.158039
v -0.132467 1.75609 -0.433995
vt 0.490101 1.81294
f 2970/4021/5512 2972/4023/5512 2971/4022/5512

vn -0.232078 -0.965197 -0.120559
v -0.373172 1.82853 -0.550614
vt 0.406478 1.79766
f 2972/4023/5513 2973/4024/5513 2971/4022/5513

vn -0.257491 -0.963933 -0.0673202
v -0.169442 1.76103 -0.363309
vt 0.478538 1.82611
f 2972/4023/5514 2974/4025/5514 2973/4024/5514

vn -0.294803 -0.955266 -0.023613
v -0.424607 1.84036 -0.3869
vt 0.395374 1.82181
f 2974/4025/5515 2975/4026/5515 2973/4024/5515

v -0.160462 1.76617 -0.289822
vt 0.47857 1.83905
vn -0.303991 -0.947047 0.103396
f 2976/4027/5516 2975/4026/5516 2974/4025/5516

vn -0.300825 -0.949114 0.0932037
v -0.409674 1.8524 -0.216102
vt 0.395522 1.84592
f 2976/4027/5517 2977/4028/5517 2975/4026/5517

vn -0.277073 -0.945765 0.169583
v -0.333677 1.85662 -0.06842
vt 0.40819 1.86901
f 2976/4027/5518 2978/4029/5518 2977/4028/5518

v -0.106895 1.77072 -0.224723
vt 0.490712 1.85131
vn -0.20077 -0.95183 0.231757
f 2979/4030/5519 2978/4029/5519 2976/4027/5519

vn -0.637866 -0.687109 0.347862
v -0.483639 2.0349 0.00875325
vt 0.339274 1.87571
f 2978/4029/5520 2980/4031/5520 2977/4028/5520

v -0.308729 2.04539 0.147026
vt 0.360174 1.90622
vn -0.449502 -0.645414 0.617566
f 2981/4032/5521 2980/4031/5521 2978/4029/5521

v -0.370385 2.27377 0.180591
vt 0.283961 1.91234
vn -0.58698 -0.270615 0.763035
f 2982/4033/5522 2980/4031/5522 2981/4032/5522

vn -0.56884 -0.285235 0.771402
v -0.56926 2.26137 0.0293571
vt 0.275021 1.87718
f 2982/4033/5523 2983/4034/5523 2980/4031/5523

v -0.386121 2.48371 0.150842
vt 0.216288 1.90974
vn -0.606593 0.0667951 0.792201
f 2984/4035/5524 2983/4034/5524 2982/4033/5524

vn -0.594214 0.0508625 0.802697
v -0.586306 2.4719 0.00339877
vt 0.220625 1.87506
f 2984/4035/5525 2985/4036/5525 2983/4034/5525

v -0.386095 2.68183 0.0821025
vt 0.154263 1.89948
vn -0.58171 0.266679 0.768437
f 2986/4037/5526 2985/4036/5526 2984/4035/5526

vn -0.57429 0.256194 0.777531
v -0.571429 2.66786 -0.0501833
vt 0.170139 1.8695
f 2986/4037/5527 2987/4038/5527 2985/4036/5527

v -0.366773 2.85542 -0.0197941
vt 0.101742 1.88432
vn -0.535724 0.471021 0.700813
f 2988/4039/5528 2987/4038/5528 2986/4037/5528

v -0.511439 2.86151 -0.127581
vt 0.118028 1.86174
vn -0.520948 0.451027 0.724699
f 2989/4040/5529 2987/4038/5529 2988/4039/5529

v -0.677126 2.65473 -0.232469
vt 0.176174 1.84462
vn -0.797896 0.419995 0.432397
f 2990/4041/5530 2987/4038/5530 2989/4040/5530

vn -0.856111 0.183263 0.483206
v -0.701253 2.45828 -0.200709
vt 0.221927 1.84674
f 2990/4041/5531 2991/4042/5531 2987/4038/5531

v -0.720103 2.44209 -0.432201
vt 0.22229 1.81998
vn -0.988566 0.132921 0.0711981
f 2992/4043/5532 2991/4042/5532 2990/4041/5532

vn -0.994926 -0.0541493 0.0847991
v -0.68789 2.24034 -0.183089
vt 0.272577 1.84743
f 2992/4043/5533 2993/4044/5533 2991/4042/5533

vn -0.994918 -0.053634 0.0852154
v -0.707438 2.22258 -0.422496
vt 0.273287 1.81952
f 2992/4043/5534 2994/4045/5534 2993/4044/5534

vn -0.939956 -0.0690092 -0.334247
f 2959/4008/5535 2994/4045/5535 2992/4043/5535

vn -0.942434 -0.0618864 -0.328616
f 2961/4010/5536 2994/4045/5536 2959/4008/5536

vn -0.865425 -0.411992 -0.285137
v -0.609951 2.00687 -0.40671
vt 0.330092 1.81995
f 2961/4010/5537 2995/4046/5537 2994/4045/5537

vn -0.875092 -0.399038 -0.273831
f 2961/4010/5538 2963/4012/5538 2995/4046/5538

vn -0.648154 -0.741882 -0.171776
f 2975/4026/5539 2995/4046/5539 2963/4012/5539

vn -0.67073 -0.733448 0.110342
f 2977/4028/5540 2995/4046/5540 2975/4026/5540

vn -0.668817 -0.735765 0.106454
v -0.590575 2.02118 -0.186076
vt 0.330012 1.84737
f 2977/4028/5541 2996/4047/5541 2995/4046/5541

vn -0.59738 -0.707451 0.377691
f 2977/4028/5542 2980/4031/5542 2996/4047/5542

vn -0.810835 -0.34927 0.469635
f 2996/4047/5543 2980/4031/5543 2983/4034/5543

vn -0.798505 -0.36113 0.481638
f 2996/4047/5544 2983/4034/5544 2993/4044/5544

vn -0.872611 -0.0104452 0.488303
f 2993/4044/5545 2983/4034/5545 2985/4036/5545

vn -0.870853 -0.0136723 0.491353
f 2991/4042/5546 2993/4044/5546 2985/4036/5546

vn -0.860218 0.194221 0.471491
f 2991/4042/5547 2985/4036/5547 2987/4038/5547

vn -0.908446 -0.404805 0.104209
f 2994/4045/5548 2996/4047/5548 2993/4044/5548

vn -0.909014 -0.403069 0.105969
f 2994/4045/5549 2995/4046/5549 2996/4047/5549

vn -0.664947 -0.730386 -0.156149
f 2973/4024/5550 2975/4026/5550 2963/4012/5550

vn -0.540397 -0.721582 -0.43277
f 2973/4024/5551 2963/4012/5551 2964/4013/5551

vn -0.566729 -0.707533 -0.422155
f 2971/4022/5552 2973/4024/5552 2964/4013/5552

vn 0.277233 -0.377635 -0.883478
f 2964/4013/5553 2967/4018/5553 2971/4022/5553

vn 0.266101 -0.388323 -0.882267
f 2965/4014/5554 2967/4018/5554 2964/4013/5554

vn -0.927201 0.147269 -0.344397
f 2959/4008/5555 2992/4043/5555 2958/4007/5555

vn -0.923831 0.127028 -0.36111
v -0.691408 2.64069 -0.43575
vt 0.176229 1.82143
f 2958/4007/5556 2992/4043/5556 2997/4048/5556

vn -0.98782 0.143788 0.0594686
f 2997/4048/5557 2992/4043/5557 2990/4041/5557

vn -0.913101 0.406134 0.0360913
v -0.58962 2.85514 -0.273761
vt 0.125013 1.84234
f 2997/4048/5558 2990/4041/5558 2998/4049/5558

vn -0.801916 0.434612 0.409931
f 2998/4049/5559 2990/4041/5559 2989/4040/5559

vn -0.703124 0.619512 0.34903
v -0.414495 3.02303 -0.218974
vt 0.06938 1.85237
f 2998/4049/5560 2989/4040/5560 2999/4050/5560

v -0.327823 3.01097 -0.137897
vt 0.05783 1.86646
vn -0.480494 0.632278 0.607742
f 3000/4051/5561 2999/4050/5561 2989/4040/5561

v -0.268318 3.15407 -0.263858
vt 0.021862 1.84812
vn -0.441466 0.689246 0.574498
f 3001/4052/5562 2999/4050/5562 3000/4051/5562

vn -0.55518 0.745581 0.368626
v -0.296065 3.16055 -0.318747
vt 0.023709 1.84156
f 3001/4052/5563 3002/4053/5563 2999/4050/5563

v -0.244076 3.19121 -0.316128
vt 0.015519 1.84357
vn -0.490007 0.801699 0.342303
f 3003/4054/5564 3002/4053/5564 3001/4052/5564

vn -0.427184 0.765505 -0.481162
v -0.261021 3.16301 -0.34594
vt 0.013009 1.84015
f 3003/4054/5565 3004/4055/5565 3002/4053/5565

vn 0.920058 -0.19158 -0.341747
v -0.248103 3.13197 -0.293764
vt 0.008989 1.8503
f 3004/4055/5566 3003/4054/5566 3005/4056/5566

vn 0.988703 -0.106886 -0.105076
v -0.243423 3.14655 -0.264559
vt 0.016978 1.84964
f 3003/4054/5567 3006/4057/5567 3005/4056/5567

vn 0.239942 0.7354 0.63373
f 3006/4057/5568 3003/4054/5568 3001/4052/5568

vn 0.203346 0.601263 0.772744
v -0.293718 3.00068 -0.137822
vt 0.051228 1.86997
f 3001/4052/5569 3007/4058/5569 3006/4057/5569

vn 0.181176 0.606258 0.774356
f 3001/4052/5570 3000/4051/5570 3007/4058/5570

vn 0.169756 0.568617 0.804896
f 3000/4051/5571 2988/4039/5571 3007/4058/5571

vn -0.457978 0.607466 0.649031
f 3000/4051/5572 2989/4040/5572 2988/4039/5572

vn 0.199393 0.555583 0.807199
v -0.330294 2.84566 -0.022092
vt 0.095638 1.88904
f 3007/4058/5573 2988/4039/5573 3008/4059/5573

vn 0.182956 0.48247 0.856592
f 2988/4039/5574 2986/4037/5574 3008/4059/5574

vn 0.180025 0.483495 0.856635
v -0.34923 2.67586 0.077724
vt 0.150001 1.90486
f 3008/4059/5575 2986/4037/5575 3009/4060/5575

vn 0.163064 0.323372 0.932116
f 2986/4037/5576 2984/4035/5576 3009/4060/5576

vn 0.143233 0.327826 0.933817
v -0.349171 2.48388 0.145112
vt 0.213873 1.91558
f 3009/4060/5577 2984/4035/5577 3010/4061/5577

vn 0.150744 0.15217 0.976791
v -0.333944 2.28169 0.17426
vt 0.284068 1.91847
f 3010/4061/5578 2984/4035/5578 3011/4062/5578

vn 0.137698 0.149079 0.979191
f 2984/4035/5579 2982/4033/5579 3011/4062/5579

vn 0.189184 -0.0886016 0.977936
v -0.27513 2.06343 0.143108
vt 0.362822 1.9123
f 3011/4062/5580 2982/4033/5580 3012/4063/5580

vn 0.167527 -0.098936 0.980891
f 2982/4033/5581 2981/4032/5581 3012/4063/5581

vn 0.2916 -0.349671 0.890337
v -0.175472 1.89729 0.0452176
vt 0.431804 1.89838
f 3012/4063/5582 2981/4032/5582 3013/4064/5582

vn 0.297256 -0.344643 0.890427
v -0.202632 1.86965 0.0435872
vt 0.429607 1.89214
f 2981/4032/5583 3014/4065/5583 3013/4064/5583

vn -0.461375 -0.640125 0.614307
f 3014/4065/5584 2981/4032/5584 2978/4029/5584

vn 0.888322 0.389925 0.242576
v -0.271104 2.07443 0.110686
vt 0.366457 1.91778
f 3013/4064/5585 3015/4066/5585 3012/4063/5585

v -0.177887 1.91788 0.0183443
vt 0.43478 1.90408
vn 0.889766 0.397382 0.224509
f 3016/4067/5586 3015/4066/5586 3013/4064/5586

vn 0.953384 0.229299 0.196167
v -0.327078 2.28257 0.139425
vt 0.284788 1.92448
f 3015/4066/5587 3017/4068/5587 3012/4063/5587

v -0.583212 2.21005 -0.153738
vt 0.872469 1.36311
vn 0.688379 0.277646 -0.67011
vt 0.979077 1.36297
vt 0.967521 1.38902
f 3018/4069/5588 3017/4070/5588 3015/4071/5588

vn 0.757197 -0.0384019 -0.652056
v -0.3418 2.47702 0.110878
vt 0.977547 1.33729
f 3018/4069/5589 3019/4072/5589 3017/4070/5589

v -0.618203 2.43524 -0.174818
vt 0.869673 1.33912
vn 0.7146 0.0456965 -0.698039
f 3020/4073/5590 3019/4072/5590 3018/4069/5590

vn 0.715684 -0.233399 -0.658272
v -0.34194 2.66283 0.0448419
vt 0.963759 1.31165
f 3020/4073/5591 3021/4074/5591 3019/4072/5591

v -0.581462 2.64297 -0.220239
vt 0.864354 1.31644
vn 0.724895 -0.267048 -0.63499
f 3022/4075/5592 3021/4074/5592 3020/4073/5592

vn 0.687584 -0.423898 -0.589524
v -0.323388 2.82885 -0.052893
vt 0.939005 1.28742
f 3022/4075/5593 3023/4076/5593 3021/4074/5593

v -0.495879 2.80939 -0.264686
vt 0.860142 1.29481
vn 0.694901 -0.49633 -0.520356
f 3024/4077/5594 3023/4076/5594 3022/4075/5594

vn 0.624167 -0.63893 -0.449648
v -0.366111 2.96324 -0.303162
vt 0.857972 1.26922
f 3023/4076/5595 3024/4077/5595 3025/4078/5595

v -0.37544 2.95026 -0.46563
vt 0.807043 1.26932
vn 0.76529 -0.643643 0.00747458
f 3026/4079/5596 3025/4078/5596 3024/4077/5596

vn 0.896225 -0.44331 -0.0160484
v -0.310561 3.07828 -0.378668
vt 0.837869 1.25124
f 3026/4079/5597 3027/4080/5597 3025/4078/5597

vn 0.894174 -0.447645 -0.00813666
v -0.312273 3.07589 -0.435447
vt 0.820291 1.25113
f 3026/4079/5598 3028/4081/5598 3027/4080/5598

vt 0.807596 1.24304
vn 0.877574 -0.467159 0.107827
f 2953/4082/5599 3028/4081/5599 3026/4079/5599

vn 0.90538 -0.332388 0.264206
v -0.278277 3.15079 -0.457708
vt 0.815936 1.23998
f 2953/4082/5600 3029/4083/5600 3028/4081/5600

vn 0.993614 -0.0366343 -0.106718
v -0.279436 3.16995 -0.475066
vt 0.019537 1.82367
vt 0.016708 1.82579
f 2953/4002/5601 3030/4084/5601 3029/4085/5601

vn 0.436489 0.0914058 -0.895054
f 3030/4084/5602 2953/4002/5602 2954/4003/5602

vn -0.533568 0.763558 -0.36371
v -0.31924 3.14853 -0.461625
vt 0.026289 1.82569
f 3030/4084/5603 2954/4003/5603 3031/4086/5603

vn -0.678455 0.682121 -0.272782
v -0.467644 3.00769 -0.444711
vt 0.075039 1.8249
f 3031/4086/5604 2954/4003/5604 3032/4087/5604

vn -0.680457 0.659449 -0.319539
f 2955/4004/5605 3032/4087/5605 2954/4003/5605

vn -0.747305 0.577863 -0.32804
f 2957/4006/5606 3032/4087/5606 2955/4004/5606

vn -0.732773 0.586469 -0.345105
v -0.602628 2.84157 -0.440393
vt 0.125476 1.82309
f 2957/4006/5607 3033/4088/5607 3032/4087/5607

vn -0.852155 0.368002 -0.37203
f 2957/4006/5608 2997/4048/5608 3033/4088/5608

vn -0.852747 0.386087 -0.351794
f 2958/4007/5609 2997/4048/5609 2957/4006/5609

vn -0.913658 0.404669 0.038381
f 3033/4088/5610 2997/4048/5610 2998/4049/5610

vn -0.780825 0.624668 0.0101043
v -0.46132 3.01635 -0.325714
vt 0.075446 1.83884
f 3033/4088/5611 2998/4049/5611 3034/4089/5611

vn -0.70901 0.651355 0.270264
f 3034/4089/5612 2998/4049/5612 2999/4050/5612

vn -0.644364 0.727011 0.237171
f 3002/4053/5613 3034/4089/5613 2999/4050/5613

vn -0.6579 0.752243 0.0360218
v -0.31926 3.14312 -0.378511
vt 0.028068 1.8347
f 3002/4053/5614 3035/4090/5614 3034/4089/5614

vn -0.855725 0.480475 0.192037
v -0.282392 3.20375 -0.36592
vt 0.018212 1.83813
f 3035/4090/5615 3002/4053/5615 3036/4091/5615

vn 0.475633 0.575671 0.665114
f 3036/4091/5616 3002/4053/5616 3004/4055/5616

v -0.285595 3.14635 -0.389621
vt 0.018906 1.83388
vn 0.828544 0.173563 -0.532345
f 3037/4092/5617 3036/4091/5617 3004/4055/5617

vn -0.322662 0.376542 -0.868393
f 3036/4091/5618 3037/4092/5618 3035/4090/5618

v -0.287012 3.19103 -0.42559
vt 0.020262 1.82932
vn 0.191972 0.619119 0.761471
f 3038/4093/5619 3035/4090/5619 3037/4092/5619

vn -0.81137 0.583311 0.0377716
f 3031/4086/5620 3035/4090/5620 3038/4093/5620

vn -0.684786 0.727216 0.0471698
f 3031/4086/5621 3032/4087/5621 3035/4090/5621

vn -0.669516 0.742568 -0.0184649
f 3035/4090/5622 3032/4087/5622 3034/4089/5622

vn -0.776133 0.630552 -0.00464499
f 3032/4087/5623 3033/4088/5623 3034/4089/5623

vn 0.0395729 0.628627 -0.776699
f 3038/4093/5624 3029/4085/5624 3031/4086/5624

vn 0.985834 0.123039 0.113986
f 3029/4085/5625 3038/4093/5625 3037/4092/5625

vn 0.916151 -0.39418 0.0727306
vt 0.835956 1.24164
f 3029/4083/5626 3037/4094/5626 3028/4081/5626

vn 0.938046 -0.34624 -0.0137236
f 3028/4081/5627 3037/4094/5627 3027/4080/5627

vn 0.862511 -0.371596 -0.343497
vt 0.850684 1.23872
f 3037/4094/5628 3004/4095/5628 3027/4080/5628

vn 0.874143 -0.478115 -0.0853209
f 3027/4080/5629 3004/4095/5629 3025/4078/5629

vn 0.734628 -0.487499 -0.471876
vt 0.868116 1.24197
f 3004/4095/5630 3005/4096/5630 3025/4078/5630

vn 0.74587 -0.49694 -0.443541
v -0.27985 2.97617 -0.172588
vt 0.90583 1.26415
f 3025/4078/5631 3005/4096/5631 3039/4097/5631

vn 0.972327 -0.230001 -0.0409903
vt 0.041473 1.87331
f 3005/4056/5632 3006/4057/5632 3039/4098/5632

vn 0.929075 0.00103313 0.369889
f 3006/4057/5633 3007/4058/5633 3039/4098/5633

vn 0.932746 0.0169452 0.360135
vt 0.08805 1.89315
f 3039/4098/5634 3007/4058/5634 3023/4099/5634

vn 0.968877 -0.0471867 0.243004
f 3007/4058/5635 3008/4059/5635 3023/4099/5635

vt 0.150012 1.90485
vn 0.977399 0.0149436 0.210876
vt 0.144376 1.90994
vt 0.0911899 1.89449
vt 0.0956493 1.88903
f 3009/4100/5636 3021/4101/5636 3023/4102/5636 3008/4103/5636 

vt 0.144365 1.90995
vn 0.979393 0.068283 0.190068
vt 0.210985 1.92135
f 3021/4104/5637 3009/4060/5637 3019/4105/5637

vn 0.978014 0.0693328 0.196674
f 3009/4060/5638 3010/4061/5638 3019/4105/5638

vn 0.976523 0.101807 0.189838
f 3019/4105/5639 3010/4061/5639 3017/4068/5639

vn 0.975563 0.10156 0.194838
f 3017/4068/5640 3010/4061/5640 3011/4062/5640

vn 0.953854 0.22937 0.193784
f 3017/4068/5641 3011/4062/5641 3012/4063/5641

vn 0.71891 -0.553789 -0.420102
f 3025/4078/5642 3039/4097/5642 3023/4076/5642

vn -0.107395 0.664109 0.739882
f 3030/4084/5643 3031/4086/5643 3029/4085/5643

vn -0.614331 0.560722 -0.555147
f 2956/4005/5644 2957/4006/5644 2955/4004/5644

vt 0.789756 1.24218
vn 0.812306 -0.403624 0.421007
f 2952/4106/5645 2953/4082/5645 3026/4079/5645

vt 0.757608 1.26477
vn 0.832713 -0.476529 0.281974
f 2948/4107/5646 2952/4106/5646 3026/4079/5646

vn 0.865695 -0.0868396 -0.492981
f 2948/3997/5647 2949/3998/5647 2952/4001/5647

vn 0.724566 -0.644898 0.243126
v -0.510304 2.7943 -0.477385
vt 0.801245 1.29504
f 2948/4107/5648 3026/4079/5648 3040/4108/5648

vn 0.756579 -0.653884 -0.0049264
f 3040/4108/5649 3026/4079/5649 3024/4077/5649

v -0.60201 2.62463 -0.483812
vt 0.798651 1.31676
vn 0.879838 -0.474562 -0.0260055
f 3041/4109/5650 3040/4108/5650 3024/4077/5650

vt 0.726103 1.28816
vn 0.756171 -0.427471 0.495453
f 2947/4110/5651 3040/4108/5651 3041/4109/5651

vn 0.746333 -0.450045 0.490353
f 2947/4110/5652 2948/4107/5652 3040/4108/5652

v -0.407413 2.60574 -0.764002
vt 0.703795 1.31285
vn 0.75637 -0.35525 0.549273
f 3042/4111/5653 2947/4110/5653 3041/4109/5653

vt 0.146882 1.75704
vn 0.85211 0.0220549 -0.522899
f 3042/4112/5654 2945/3994/5654 2947/3996/5654

vn 0.836624 0.0289106 -0.547014
f 2942/3991/5655 2945/3994/5655 3042/4112/5655

vn 0.841989 0.0690672 -0.535056
f 2940/3989/5656 2942/3991/5656 3042/4112/5656

vn 0.816203 -0.157263 0.555951
v -0.641952 2.41498 -0.473629
vt 0.799323 1.33933
f 2940/3987/5657 3042/4111/5657 3043/4113/5657

vn 0.8107 -0.126689 0.57159
f 3042/4111/5658 3041/4109/5658 3043/4113/5658

vn 0.9798 -0.189737 -0.0631855
f 3041/4109/5659 3022/4075/5659 3043/4113/5659

vn 0.884689 -0.46474 -0.0366363
f 3041/4109/5660 3024/4077/5660 3022/4075/5660

vn 0.980082 -0.187593 -0.0651816
f 3043/4113/5661 3022/4075/5661 3020/4073/5661

vn 0.985708 0.143607 -0.088075
f 3043/4113/5662 3020/4073/5662 2939/3986/5662

vn 0.985444 0.144789 -0.0890875
f 2939/3986/5663 3020/4073/5663 3018/4069/5663

vn 0.87207 0.47827 -0.103689
v -0.471119 2.00106 -0.174971
vt 0.869167 1.38902
f 2939/3986/5664 3018/4069/5664 3044/4114/5664

vn 0.685289 0.427461 -0.589623
f 3044/4114/5665 3018/4069/5665 3015/4071/5665

vn 0.870432 0.481902 -0.100587
f 2939/3986/5666 3044/4114/5666 2937/3984/5666

vn 0.819249 0.14023 0.556028
f 2940/3987/5667 3043/4113/5667 2939/3986/5667

g Mesh26 Component_4_1 skp7E49_1 Model

v -0.329004 2.98783 -0.538315
vt 0.20772 1.1324
vn -0.731217 0.639805 -0.236585
v -0.357983 3.00187 -0.410764
vt 0.244984 1.13455
v -0.213794 3.1304 -0.508838
vt 0.200783 1.16759
f 3045/4115/5668 3046/4116/5668 3047/4117/5668

vn -0.876062 0.415447 -0.244786
v -0.465148 2.78889 -0.388696
vt 0.254031 1.09826
f 3045/4115/5669 3048/4118/5669 3046/4116/5669

v -0.42847 2.76603 -0.551856
vt 0.213403 1.09641
vn -0.876557 0.408631 -0.254299
f 3049/4119/5670 3048/4118/5670 3045/4115/5670

vn -0.962329 0.136064 -0.235392
v -0.504426 2.55613 -0.362664
vt 0.257743 1.06906
f 3049/4119/5671 3050/4120/5671 3048/4118/5671

vn -0.96424 0.155435 -0.214667
v -0.46591 2.53558 -0.550553
vt 0.214142 1.06885
f 3049/4119/5672 3051/4121/5672 3050/4120/5672

v -0.315681 2.75232 -0.707045
vt 0.167508 1.09617
vn -0.797125 0.126161 -0.590487
f 3052/4122/5673 3051/4121/5673 3049/4119/5673

v -0.340827 2.52227 -0.720875
vt 0.167128 1.06894
vn -0.795322 0.122625 -0.593654
f 3053/4123/5674 3051/4121/5674 3052/4122/5674

vn -0.766729 -0.354223 -0.5354
v -0.223127 1.97127 -0.524883
vt 0.166683 1.00663
f 3053/4123/5675 3054/4124/5675 3051/4121/5675

vn -0.571433 -0.380664 -0.72702
v -0.133645 1.96312 -0.590949
vt 0.134558 1.00663
f 3053/4123/5676 3055/4125/5676 3054/4124/5676

vn -0.545918 -0.376228 -0.748616
v -0.178981 2.52051 -0.838012
vt 0.122522 1.0691
f 3053/4123/5677 3056/4126/5677 3055/4125/5677

vn -0.581814 0.112027 -0.80557
f 3052/4122/5678 3056/4126/5678 3053/4123/5678

vn -0.587199 0.107025 -0.802336
v -0.16279 2.75013 -0.819231
vt 0.122087 1.0967
f 3052/4122/5679 3057/4127/5679 3056/4126/5679

v -0.125785 2.96614 -0.738121
vt 0.125891 1.13158
vn -0.544938 0.374971 -0.74996
f 3058/4128/5680 3057/4127/5680 3052/4122/5680

vn -0.143597 0.369361 -0.918124
v 0.0472526 2.75623 -0.84963
vt 0.069807 1.0988
f 3058/4128/5681 3059/4129/5681 3057/4127/5681

v 0.0458417 2.96697 -0.753163
vt 0.076762 1.1357
vn -0.0814678 0.414377 -0.906452
f 3060/4130/5682 3059/4129/5682 3058/4128/5682

vn 0.273524 0.401853 -0.873899
v 0.200694 2.75072 -0.804139
vt 0.028569 1.09995
f 3060/4130/5683 3061/4131/5683 3059/4129/5683

vn 0.189768 0.351941 -0.916584
v 0.188071 2.96052 -0.726194
vt 0.03542 1.13884
f 3060/4130/5684 3062/4132/5684 3061/4131/5684

v 0.151189 3.09547 -0.639359
vt 0.050031 1.16529
vn 0.178262 0.566441 -0.804591
f 3063/4133/5685 3062/4132/5685 3060/4130/5685

vn 0.954554 0.0753322 0.288361
v 0.171419 2.95686 -0.670116
vt 0.021297 1.1457
f 3062/4132/5686 3063/4133/5686 3064/4134/5686

vn 0.939609 0.062469 0.3365
v 0.139017 3.06487 -0.599689
vt 0.036155 1.16785
f 3064/4134/5687 3063/4133/5687 3065/4135/5687

vn 0.813693 0.312057 0.490433
v 0.0780936 3.18155 -0.572856
vt 0.063124 1.18436
f 3063/4133/5688 3066/4136/5688 3065/4135/5688

vn 0.140655 0.677317 -0.72212
v 0.0374119 3.11013 -0.647774
vt 0.087692 1.16977
f 3066/4136/5689 3063/4133/5689 3067/4137/5689

vn 0.135064 0.592575 -0.794111
f 3067/4137/5690 3063/4133/5690 3060/4130/5690

vn -0.073443 0.588452 -0.805189
f 3067/4137/5691 3060/4130/5691 3058/4128/5691

v -0.0775835 3.12847 -0.611619
vt 0.132424 1.17292
vn -0.138126 0.633981 -0.760913
f 3068/4138/5692 3067/4137/5692 3058/4128/5692

v -0.0123283 3.18681 -0.583941
vt 0.112203 1.18081
vn -0.163665 0.566276 -0.807803
f 3069/4139/5693 3067/4137/5693 3068/4138/5693

vn 0.89458 0.361243 0.263117
v 0.0382544 3.08214 -0.612209
vt 0.087938 1.17657
f 3067/4137/5694 3069/4139/5694 3070/4140/5694

vt 0.858739 1.10313
vn 0.209434 -0.15933 0.964755
v -0.0647489 3.11175 -0.584957
vt 0.823386 1.11388
vt 0.816215 1.08902
f 3069/4141/5695 3071/4142/5695 3070/4143/5695

vn -0.659178 0.452244 0.600799
vt 0.13144 1.181
f 3068/4138/5696 3071/4144/5696 3069/4139/5696

vn 0.894976 0.41117 -0.17308
v -0.0992365 3.20025 -0.553062
vt 0.151112 1.18101
f 3068/4138/5697 3072/4145/5697 3071/4144/5697

vn -0.225334 0.574153 -0.78713
v -0.165414 3.13192 -0.583956
vt 0.167051 1.16892
f 3072/4145/5698 3068/4138/5698 3073/4146/5698

vn -0.208126 0.638923 -0.740582
f 3073/4146/5699 3068/4138/5699 3058/4128/5699

vn -0.463239 0.541591 -0.701491
v -0.247924 2.97043 -0.654152
vt 0.167645 1.13085
f 3073/4146/5700 3058/4128/5700 3074/4147/5700

vn -0.522138 0.350732 -0.777406
f 3074/4147/5701 3058/4128/5701 3052/4122/5701

vn -0.735427 0.366655 -0.569835
f 3052/4122/5702 3045/4115/5702 3074/4147/5702

vn -0.737346 0.365362 -0.568182
f 3052/4122/5703 3049/4119/5703 3045/4115/5703

vn -0.610223 0.600061 -0.517257
f 3074/4147/5704 3045/4115/5704 3047/4117/5704

vn -0.705493 0.553075 -0.443156
f 3074/4147/5705 3047/4117/5705 3073/4146/5705

v -0.157716 3.17223 -0.517817
vt 0.185456 1.17354
vn -0.593187 0.716285 -0.367513
f 3075/4148/5706 3073/4146/5706 3047/4117/5706

vn 0.82597 0.433505 -0.360344
v -0.132477 3.09583 -0.551881
vt 0.170929 1.1763
f 3073/4146/5707 3075/4148/5707 3076/4149/5707

vt 0.809515 1.13114
vn 0.811807 0.00785306 0.583872
vt 0.843618 1.14335
v -0.178232 3.09844 -0.4883
vt 0.808397 1.14991
f 3076/4150/5708 3075/4151/5708 3077/4152/5708

vn -0.157239 0.404176 0.901065
vt 0.199944 1.17574
f 3075/4148/5709 3047/4117/5709 3077/4153/5709

v -0.182146 3.18201 -0.472549
vt 0.214198 1.17469
vn 0.60543 0.174713 -0.776486
f 3078/4154/5710 3077/4153/5710 3047/4117/5710

vn 0.966586 -0.0030326 0.256324
vt 0.842563 1.15655
v -0.1962 3.11925 -0.420296
vt 0.812066 1.16593
f 3077/4152/5711 3078/4155/5711 3079/4156/5711

vn 0.350979 0.551456 0.756776
v -0.235831 3.15575 -0.428513
vt 0.232711 1.1709
vt 0.230358 1.17882
f 3078/4154/5712 3080/4157/5712 3079/4158/5712

vn -0.640885 0.66391 -0.385345
f 3078/4154/5713 3047/4117/5713 3080/4157/5713

vn -0.745909 0.548562 -0.377756
f 3047/4117/5714 3046/4116/5714 3080/4157/5714

v -0.326217 3.00253 -0.285991
vt 0.282079 1.13769
vn -0.758275 0.623741 0.189649
v -0.226174 3.14053 -0.339771
vt 0.266197 1.17141
vt 0.23985 1.17311
vt 0.245018 1.13448
f 3081/4159/5715 3082/4160/5715 3080/4161/5715 3046/4162/5715 

vt 0.266172 1.17148
vn -0.711807 0.633909 0.302474
vt 0.282046 1.13776
v -0.179324 3.14663 -0.242295
vt 0.304245 1.17496
f 3082/4163/5716 3081/4164/5716 3083/4165/5716

vn -0.708341 0.6195 0.338337
v -0.264048 3.0033 -0.15723
vt 0.324762 1.14177
f 3081/4164/5717 3084/4166/5717 3083/4165/5717

vn -0.801822 0.457486 0.384431
v -0.413301 2.79093 -0.215805
vt 0.300707 1.09915
f 3081/4164/5718 3085/4167/5718 3084/4166/5718

vn -0.86211 0.438827 0.253372
f 3048/4118/5719 3085/4167/5719 3081/4164/5719

vn -0.941003 0.190102 0.279954
f 3048/4118/5720 3050/4120/5720 3085/4167/5720

vn -0.928507 0.147115 0.340927
v -0.435313 2.55971 -0.17598
vt 0.305541 1.06452
f 3050/4120/5721 3086/4168/5721 3085/4167/5721

vn -0.894969 -0.292403 0.336943
v -0.306911 1.98583 -0.332948
vt 0.22717 1.00663
f 3050/4120/5722 3087/4169/5722 3086/4168/5722

vn -0.931036 -0.330512 -0.154708
f 3051/4121/5723 3087/4169/5723 3050/4120/5723

vn -0.926098 -0.33587 -0.171852
v -0.286817 1.98096 -0.431721
vt 0.198706 1.00663
f 3051/4121/5724 3088/4170/5724 3087/4169/5724

vn -0.786854 -0.361286 -0.500333
f 3051/4121/5725 3054/4124/5725 3088/4170/5725

vn -0.938452 -0.269176 0.216454
v -0.28435 1.99012 -0.229802
vt 0.256306 1.00663
f 3087/4169/5726 3089/4171/5726 3086/4168/5726

vn -0.793654 -0.262218 0.548958
v -0.222042 2.00249 -0.13381
vt 0.288229 1.00663
f 3089/4171/5727 3090/4172/5727 3086/4168/5727

v -0.302618 2.56405 -0.0585937
vt 0.353221 1.05652
vn -0.64677 -0.191678 0.738206
f 3091/4173/5728 3086/4168/5728 3090/4172/5728

v -0.315727 2.79629 -0.0777641
vt 0.351041 1.10126
vn -0.662833 0.0243614 0.74837
f 3092/4174/5729 3086/4168/5729 3091/4173/5729

vn -0.807313 0.173981 0.563893
f 3085/4167/5730 3086/4168/5730 3092/4174/5730

vn -0.759109 0.389676 0.521446
f 3085/4167/5731 3092/4174/5731 3084/4166/5731

vn -0.862739 0.456614 0.217224
f 3046/4116/5732 3048/4118/5732 3081/4164/5732

v -0.0995538 3.13847 -0.156709
vt 0.341022 1.17497
vn -0.529377 0.642042 0.554565
f 3093/4175/5733 3083/4165/5733 3084/4166/5733

v -0.111002 3.20144 -0.225954
vt 0.324259 1.18595
vn -0.584101 0.550126 0.596814
f 3094/4176/5734 3083/4165/5734 3093/4175/5734

vn -0.107119 0.404316 -0.908325
v -0.156019 3.12011 -0.256847
vt 0.304034 1.18048
f 3094/4176/5735 3095/4177/5735 3083/4165/5735

vt 0.850169 1.20969
vn 0.675052 -0.0957777 -0.731527
v -0.0928172 3.10396 -0.196409
vt 0.815422 1.2195
vt 0.813145 1.20234
f 3094/4178/5736 3096/4179/5736 3095/4180/5736

vn 0.982706 0.185082 0.00582647
vt 0.352529 1.17896
f 3094/4176/5737 3093/4175/5737 3096/4181/5737

vn 0.977174 -0.0474541 0.207071
v -0.112253 2.99276 -0.130177
vt 0.375307 1.1602
f 3096/4181/5738 3093/4175/5738 3097/4182/5738

vn 0.948927 -0.0254384 0.314469
v -0.131046 3.01059 -0.0720232
vt 0.365825 1.15236
f 3093/4175/5739 3098/4183/5739 3097/4182/5739

vn -0.466716 0.565309 0.680148
f 3093/4175/5740 3084/4166/5740 3098/4183/5740

vn 0.508146 -0.50455 -0.69801
vt 0.768351 1.22893
v -0.205214 2.98971 -0.195649
vt 0.757265 1.20892
f 3096/4179/5741 3097/4184/5741 3099/4185/5741

vn 0.519605 -0.515712 -0.681214
f 3095/4180/5742 3096/4179/5742 3099/4185/5742

v -0.227884 3.03197 -0.316913
vt 0.774465 1.18693
vn 0.829318 -0.461028 -0.31573
f 3100/4186/5743 3095/4180/5743 3099/4185/5743

v -0.191188 3.107 -0.344254
vt 0.808623 1.18324
vn 0.827424 -0.498734 -0.258136
f 3101/4187/5744 3095/4180/5744 3100/4186/5744

vn 0.913823 -0.232778 -0.332779
v -0.154409 3.21346 -0.317718
vt 0.850517 1.19278
f 3101/4187/5745 3102/4188/5745 3095/4180/5745

vt 0.281985 1.18452
vn 0.0809783 0.214646 -0.973329
vt 0.263349 1.17755
f 3102/4189/5746 3101/4190/5746 3082/4163/5746

v -0.183019 3.19316 -0.398516
vt 0.246173 1.17892
vn 0.504097 0.425528 0.75154
f 3103/4191/5747 3082/4163/5747 3101/4190/5747

vn -0.638796 0.743722 0.197021
f 3103/4191/5748 3080/4157/5748 3082/4163/5748

vn 0.372571 0.200557 -0.906072
f 3103/4191/5749 3079/4158/5749 3080/4157/5749

vn 0.984768 -0.149395 -0.0889548
vt 0.845136 1.17187
f 3079/4156/5750 3103/4192/5750 3101/4187/5750

vn 0.870154 -0.474293 -0.133709
f 3079/4156/5751 3101/4187/5751 3100/4186/5751

vn 0.882572 -0.456026 -0.114483
v -0.269563 2.97398 -0.407233
vt 0.747764 1.16995
f 3079/4156/5752 3100/4186/5752 3104/4193/5752

vn 0.84958 -0.397934 0.346211
f 3077/4152/5753 3079/4156/5753 3104/4193/5753

v -0.248459 2.967 -0.508546
vt 0.747538 1.15029
vn 0.848472 -0.485698 0.21022
f 3105/4194/5754 3077/4152/5754 3104/4193/5754

vn 0.710934 -0.461562 0.530597
f 3076/4150/5755 3077/4152/5755 3105/4194/5755

v -0.184791 2.95857 -0.628886
vt 0.744872 1.1252
vn 0.738681 -0.521274 0.427345
f 3106/4195/5756 3076/4150/5756 3105/4194/5756

vn 0.199128 -0.536105 0.820329
v -0.0685602 3.00601 -0.626092
vt 0.777881 1.10827
f 3076/4150/5757 3106/4195/5757 3107/4196/5757

vn 0.475873 -0.333716 0.813743
f 3071/4142/5758 3076/4150/5758 3107/4196/5758

vt 0.858739 1.12721
vn 0.460474 -0.136665 0.87709
f 3072/4197/5759 3076/4150/5759 3071/4142/5759

vn -0.56981 0.190433 0.799407
f 3072/4145/5760 3073/4146/5760 3076/4149/5760

vn 0.139235 -0.363378 0.921179
f 3071/4142/5761 3107/4196/5761 3070/4143/5761

vn 0.252371 -0.504692 0.825588
v 0.0389852 2.962 -0.685876
vt 0.761481 1.08429
f 3070/4143/5762 3107/4196/5762 3108/4198/5762

vn -0.191969 -0.513854 0.836123
vt 0.820167 1.06899
f 3070/4143/5763 3108/4198/5763 3065/4199/5763

vn -0.118962 -0.567138 0.814986
vt 0.774812 1.06025
f 3065/4199/5764 3108/4198/5764 3064/4200/5764

vt 0.858739 1.08397
vn -0.168565 -0.303647 0.937755
f 3066/4201/5765 3070/4143/5765 3065/4199/5765

vn -0.93013 0.277547 0.240472
f 3067/4137/5766 3070/4140/5766 3066/4136/5766

vn -0.722931 0.618066 0.308811
f 3082/4163/5767 3083/4165/5767 3102/4189/5767

vn 0.750141 0.352079 0.559759
f 3102/4189/5768 3083/4165/5768 3095/4177/5768

v 0.176914 2.76055 -0.734728
vt 0.008881 1.10487
vn 0.957733 -0.0653889 0.280127
f 3109/4202/5769 3062/4132/5769 3064/4134/5769

vn 0.940984 -0.0666606 0.331821
f 3061/4131/5770 3062/4132/5770 3109/4202/5770

vn 0.938173 -0.0902457 0.334198
v 0.160199 2.54574 -0.745813
vt 0.008881 1.05879
f 3061/4131/5771 3109/4202/5771 3110/4203/5771

v 0.186833 2.51846 -0.817601
vt 0.031643 1.06154
vn 0.924919 -0.0767769 0.37233
f 3111/4204/5772 3061/4131/5772 3110/4203/5772

vn 0.285305 0.0384802 -0.957664
f 3059/4129/5773 3061/4131/5773 3111/4204/5773

vn 0.389508 0.105401 -0.914972
v 0.0406563 2.52565 -0.879
vt 0.070566 1.06849
f 3059/4129/5774 3111/4204/5774 3112/4205/5774

vn 0.343011 -0.376215 -0.8607
v 0.0742645 1.96112 -0.618848
vt 0.077022 1.00663
f 3112/4205/5775 3111/4204/5775 3113/4206/5775

vn 0.928775 -0.0569852 0.366238
f 3111/4204/5776 3110/4203/5776 3113/4206/5776

vn 0.840971 -0.00611545 0.541045
v 0.0296548 1.98475 -0.549242
vt 0.054882 1.00663
f 3110/4203/5777 3114/4207/5777 3113/4206/5777

vn -0.0436509 -0.42027 -0.906348
v -0.0245435 1.96199 -0.614495
vt 0.10337 1.00663
f 3112/4205/5778 3113/4206/5778 3115/4208/5778

vn -0.158626 -0.404342 -0.900747
f 3112/4205/5779 3115/4208/5779 3056/4126/5779

vn -0.196395 -0.410643 -0.890394
f 3056/4126/5780 3115/4208/5780 3055/4125/5780

vn -0.184759 0.0930459 -0.978369
f 3057/4127/5781 3112/4205/5781 3056/4126/5781

vn -0.145705 0.129105 -0.980868
f 3059/4129/5782 3112/4205/5782 3057/4127/5782

g Mesh27 Component_4_1 skp7E49_1 Model

v 0.139354 3.02852 -0.0299082
vt 0.857782 1.55998
vn 0.199843 0.703996 0.681508
v -0.00970471 3.15763 -0.119567
vt 0.813189 1.59401
v 0.0138223 3.02613 0.00936871
vt 0.820187 1.55787
f 3116/4209/5783 3117/4210/5783 3118/4211/5783

v 0.0680489 3.17025 -0.149872
vt 0.845399 1.5977
vn 0.16565 0.68436 0.710078
f 3119/4212/5784 3117/4210/5784 3116/4209/5784

vn 0.155026 0.705444 0.691603
v 0.00893864 3.20314 -0.170174
vt 0.826722 1.60156
f 3119/4212/5785 3120/4213/5785 3117/4210/5785

vn 0.501095 0.440888 -0.744662
v 0.0573189 3.13624 -0.177229
vt 0.843026 1.60472
f 3120/4213/5786 3119/4212/5786 3121/4214/5786

v 0.0740077 3.20655 -0.20706
vt 0.858981 1.60482
vn -0.96497 0.255087 0.0613537
f 3122/4215/5787 3121/4214/5787 3119/4212/5787

vt 0.200054 1.98921
vn -0.578256 -0.198501 -0.791339
v 0.119766 3.11584 -0.217745
vt 0.177914 1.97015
vt 0.211618 1.97195
f 3122/4216/5788 3123/4217/5788 3121/4218/5788

vn 0.394322 0.301206 -0.868208
v 0.143135 3.14932 -0.195518
vt 0.879158 1.59774
vt 0.87631 1.60343
f 3122/4215/5789 3124/4219/5789 3123/4220/5789

vn 0.501006 0.706127 0.500376
f 3124/4219/5790 3122/4215/5790 3119/4212/5790

vn 0.506194 0.691207 0.515752
f 3124/4219/5791 3119/4212/5791 3116/4209/5791

v 0.231304 3.01422 -0.118894
vt 0.895173 1.56318
vn 0.576138 0.654022 0.490224
f 3125/4221/5792 3124/4219/5792 3116/4209/5792

vn 0.647734 0.649019 0.399019
v 0.203978 3.14363 -0.285031
vt 0.917569 1.60103
f 3125/4221/5793 3126/4222/5793 3124/4219/5793

vn 0.760602 0.566866 0.316462
v 0.300594 2.99052 -0.242979
vt 0.938269 1.56733
f 3126/4222/5794 3125/4221/5794 3127/4223/5794

vn 0.810757 0.457348 0.365385
v 0.322697 2.80208 -0.0561528
vt 0.914 1.52436
f 3127/4223/5795 3125/4221/5795 3128/4224/5795

vn 0.676483 0.461239 0.574133
v 0.199133 2.82125 0.0740321
vt 0.866909 1.52345
f 3125/4221/5796 3129/4225/5796 3128/4224/5796

vn 0.646657 0.482699 0.590624
f 3125/4221/5797 3116/4209/5797 3129/4225/5797

vn 0.251641 0.490869 0.834101
f 3116/4209/5798 3118/4211/5798 3129/4225/5798

vn 0.243281 0.485142 0.839911
v 0.0384584 2.81338 0.12512
vt 0.82592 1.52165
f 3118/4211/5799 3130/4226/5799 3129/4225/5799

vn -0.10239 0.466228 0.878719
v -0.127842 3.01605 -0.00178813
vt 0.779755 1.55631
f 3118/4211/5800 3131/4227/5800 3130/4226/5800

vn -0.105525 0.686524 0.719409
f 3117/4210/5801 3131/4227/5801 3118/4211/5801

v -0.0986988 3.16405 -0.124512
vt 0.779156 1.59405
vn 0.00327521 0.637911 0.770103
f 3132/4228/5802 3131/4227/5802 3117/4210/5802

vn -0.432772 0.624398 0.650258
v -0.25298 3.00479 -0.0742673
vt 0.73763 1.55669
f 3132/4228/5803 3133/4229/5803 3131/4227/5803

v -0.175967 3.18143 -0.178207
vt 0.744221 1.59851
vn -0.369616 0.585655 0.721382
f 3134/4230/5804 3133/4229/5804 3132/4228/5804

v -0.249108 3.13484 -0.265125
vt 0.699092 1.59538
vn -0.763674 0.540624 0.352883
f 3135/4231/5805 3133/4229/5805 3134/4230/5805

vn -0.666829 0.622062 0.410339
v -0.34624 2.99504 -0.211035
vt 0.688064 1.56055
f 3135/4231/5806 3136/4232/5806 3133/4229/5806

v -0.290139 3.11272 -0.370378
vt 0.661096 1.59207
vn -0.775596 0.606526 0.174863
f 3137/4233/5807 3136/4232/5807 3135/4231/5807

vn -0.79876 0.582851 0.149223
v -0.379258 2.98486 -0.347988
vt 0.646355 1.56493
f 3137/4233/5808 3138/4234/5808 3136/4232/5808

vn -0.22385 -0.0146274 -0.974514
v -0.322707 2.97637 -0.36085
vt 0.632106 1.5713
f 3137/4233/5809 3139/4235/5809 3138/4234/5809

vn -0.173263 -0.0274079 -0.984494
v -0.251629 3.07894 -0.376215
vt 0.647096 1.59364
f 3137/4233/5810 3140/4236/5810 3139/4235/5810

v -0.207863 3.19745 -0.345534
vt 0.674305 1.6103
vn 0.0554099 0.231 -0.971375
f 3141/4237/5811 3140/4236/5811 3137/4233/5811

vt 0.401591 1.97137
vn 0.939528 -0.308404 -0.14891
vt 0.375781 1.99352
v -0.227947 3.10528 -0.281348
vt 0.362385 1.97082
f 3140/4238/5812 3141/4239/5812 3142/4240/5812

vn 0.77735 0.236524 0.582909
vt 0.699339 1.60244
f 3141/4237/5813 3135/4231/5813 3142/4241/5813

vn -0.730753 0.667143 0.144641
f 3137/4233/5814 3135/4231/5814 3141/4237/5814

v -0.171912 3.20929 -0.262501
vt 0.72382 1.60672
vn -0.267354 0.309389 -0.912579
f 3143/4242/5815 3142/4241/5815 3135/4231/5815

vn 0.719097 -0.271493 -0.639681
vt 0.338484 1.9942
v -0.151112 3.13804 -0.208881
vt 0.314718 1.97643
f 3142/4240/5816 3143/4243/5816 3144/4244/5816

vn 0.902458 0.394199 0.173712
vt 0.743229 1.60691
f 3143/4242/5817 3134/4230/5817 3144/4245/5817

vn -0.683768 0.701996 0.199156
f 3143/4242/5818 3135/4231/5818 3134/4230/5818

v -0.100969 3.22466 -0.204037
vt 0.763075 1.60692
vn -0.466825 0.316434 -0.825799
f 3145/4246/5819 3144/4245/5819 3134/4230/5819

vt 0.291705 1.99583
vn 0.519268 -0.255007 -0.815679
v -0.0896361 3.12288 -0.165004
vt 0.280106 1.97052
f 3145/4247/5820 3146/4248/5820 3144/4244/5820

vn 0.987029 0.140026 0.0785298
vt 0.783068 1.60216
f 3145/4246/5821 3132/4228/5821 3146/4249/5821

vn -0.23908 0.768998 0.592859
f 3132/4228/5822 3145/4246/5822 3134/4230/5822

v -0.04126 3.20736 -0.173864
vt 0.797724 1.6004
vn -0.750202 0.372277 -0.54645
f 3147/4250/5823 3146/4249/5823 3132/4228/5823

vt 0.255565 1.98842
vn 0.0973366 -0.158782 -0.982504
v -0.0116722 3.12161 -0.157075
vt 0.242807 1.97004
f 3147/4251/5824 3148/4252/5824 3146/4248/5824

vn 0.919107 0.258999 -0.296921
vt 0.812341 1.6016
f 3147/4250/5825 3117/4210/5825 3148/4253/5825

vn 0.0163464 0.742032 0.670165
f 3117/4210/5826 3147/4250/5826 3132/4228/5826

vn -0.962968 0.217922 -0.15875
f 3120/4213/5827 3148/4253/5827 3117/4210/5827

vt 0.229881 1.98787
vn -0.262052 -0.088154 -0.961019
f 3120/4254/5828 3121/4218/5828 3148/4252/5828

vn -0.141297 -0.505925 -0.850926
v 0.0994743 2.99753 -0.101758
vt 0.203784 1.93851
f 3121/4218/5829 3149/4255/5829 3148/4252/5829

vn -0.585275 -0.517503 -0.624215
v 0.157201 3.04071 -0.191682
vt 0.17074 1.95233
f 3121/4218/5830 3150/4256/5830 3149/4255/5830

vn -0.579262 -0.509373 -0.636392
f 3121/4218/5831 3123/4217/5831 3150/4256/5831

v 0.178656 3.11706 -0.295293
vt 0.140728 1.97251
vn -0.67703 -0.518503 -0.522289
f 3151/4257/5832 3150/4256/5832 3123/4217/5832

vn -0.66906 -0.525362 -0.525693
v 0.255745 2.98834 -0.264759
vt 0.127922 1.94336
f 3151/4257/5833 3152/4258/5833 3150/4256/5833

v 0.200131 3.09425 -0.372824
vt 0.107323 1.9737
vn -0.846734 -0.525998 -0.0797927
f 3153/4259/5834 3152/4258/5834 3151/4257/5834

v 0.26035 2.97812 -0.377058
vt 0.088973 1.94914
vn -0.887648 -0.46049 0.0054705
f 3154/4260/5835 3152/4258/5835 3153/4259/5835

v 0.237875 3.12199 -0.3926
vt 0.954673 1.60084
vn -0.365877 -0.156274 -0.917449
vt 0.989263 1.58592
vt 0.966283 1.60485
f 3155/4261/5836 3154/4262/5836 3153/4263/5836

vn -0.248586 -0.142341 -0.958094
v 0.319054 2.98808 -0.393769
vt 0.979696 1.57801
f 3155/4261/5837 3156/4264/5837 3154/4262/5837

vn 0.85156 0.515407 0.0959197
f 3156/4264/5838 3155/4261/5838 3127/4223/5838

vn 0.818086 0.556287 0.145873
f 3155/4261/5839 3126/4222/5839 3127/4223/5839

vn 0.841723 0.515159 0.161595
v 0.18758 3.19242 -0.355166
vt 0.937761 1.6119
f 3155/4261/5840 3157/4265/5840 3126/4222/5840

vn -0.51237 0.088143 -0.85423
f 3157/4265/5841 3155/4261/5841 3153/4263/5841

vn -0.966433 -0.0796241 -0.244269
vt 0.126421 1.99183
f 3153/4259/5842 3151/4257/5842 3157/4266/5842

vn -0.713876 0.48548 0.504669
vt 0.917356 1.60638
f 3157/4265/5843 3151/4267/5843 3126/4222/5843

v 0.130732 3.21653 -0.273705
vt 0.895112 1.61046
vn 0.113001 0.26243 -0.958312
f 3158/4268/5844 3126/4222/5844 3151/4267/5844

vn 0.672429 0.610665 0.418243
f 3126/4222/5845 3158/4268/5845 3124/4219/5845

vn -0.85259 0.321729 0.411801
f 3158/4268/5846 3123/4220/5846 3124/4219/5846

vn -0.770585 -0.243443 -0.589011
vt 0.159345 1.99202
f 3151/4257/5847 3123/4217/5847 3158/4269/5847

vn -0.227895 -0.559426 -0.796935
v -0.00199073 2.99748 -0.0727075
vt 0.24207 1.93851
f 3148/4252/5848 3149/4255/5848 3159/4270/5848

vn 0.0750863 -0.556523 -0.827432
f 3146/4248/5849 3148/4252/5849 3159/4270/5849

vn -0.026192 -0.604374 -0.79627
v -0.137193 2.99776 -0.0684723
vt 0.286394 1.93851
f 3146/4248/5850 3159/4270/5850 3160/4271/5850

vn 0.573973 -0.625708 -0.528247
v -0.191131 3.03761 -0.174285
vt 0.32192 1.95233
f 3146/4248/5851 3160/4271/5851 3161/4272/5851

vn 0.444925 -0.445006 -0.777181
f 3144/4244/5852 3146/4248/5852 3161/4272/5852

vn 0.704206 -0.465328 -0.53625
f 3142/4240/5853 3144/4244/5853 3161/4272/5853

vn 0.556516 -0.602457 -0.572132
v -0.299212 2.99367 -0.233144
vt 0.367146 1.94199
f 3161/4272/5854 3162/4273/5854 3142/4240/5854

vn 0.830942 -0.553764 -0.0536788
f 3140/4238/5855 3142/4240/5855 3162/4273/5855

vn 0.814717 -0.575377 -0.0719563
vt 0.414878 1.94711
f 3140/4238/5856 3162/4273/5856 3139/4274/5856

vn -0.240869 -0.152308 -0.958532
v -0.403162 2.7894 -0.310924
vt 0.614953 1.5301
f 3138/4234/5857 3139/4235/5857 3163/4275/5857

vn -0.187594 -0.160807 -0.968994
v -0.475607 2.78547 -0.296245
vt 0.636925 1.52521
f 3138/4234/5858 3163/4275/5858 3164/4276/5858

vn -0.184791 -0.19267 -0.963707
v -0.41372 2.57828 -0.26669
vt 0.619579 1.48361
f 3163/4275/5859 3165/4277/5859 3164/4276/5859

vn -0.142338 -0.181325 -0.973068
v -0.490703 2.55709 -0.251482
vt 0.642544 1.48663
f 3164/4276/5860 3165/4277/5860 3166/4278/5860

vn -0.151423 -0.151034 -0.976862
v -0.303284 1.99016 -0.192878
vt 0.688326 1.4355
f 3165/4277/5861 3167/4279/5861 3166/4278/5861

vn 0.0470966 -0.115678 -0.99217
v -0.219419 2.00905 -0.1911
vt 0.66599 1.4355
f 3165/4277/5862 3168/4280/5862 3167/4279/5862

vn -0.87791 -0.247875 0.409672
v -0.266192 1.99734 -0.10905
vt 0.714908 1.4355
f 3166/4278/5863 3167/4279/5863 3169/4281/5863

vn -0.930813 -0.363408 0.0390148
v -0.49325 2.58054 -0.0938886
vt 0.681813 1.49387
f 3166/4278/5864 3169/4281/5864 3170/4282/5864

vn -0.723282 -0.297792 0.623044
v -0.348333 2.58442 0.076201
vt 0.734231 1.49471
f 3169/4281/5865 3171/4283/5865 3170/4282/5865

vn -0.695845 -0.302844 0.651218
v -0.191233 2.00259 -0.026512
vt 0.746374 1.4355
f 3169/4281/5866 3172/4284/5866 3171/4283/5866

vn -0.396502 -0.262362 0.879746
v -0.166106 2.58374 0.158126
vt 0.779233 1.49457
f 3171/4283/5867 3172/4284/5867 3173/4285/5867

vn -0.365355 -0.267478 0.891612
v -0.0889246 2.00919 0.0173911
vt 0.778784 1.4355
f 3173/4285/5868 3172/4284/5868 3174/4286/5868

v 0.0443812 2.58674 0.18088
vt 0.826666 1.49441
vn -0.100566 -0.249433 0.963156
f 3175/4287/5869 3173/4285/5869 3174/4286/5869

vn -0.107774 0.234853 0.966038
f 3130/4226/5870 3173/4285/5870 3175/4287/5870

v -0.156717 2.81452 0.118975
vt 0.779617 1.52139
vn -0.0300334 0.168366 0.985267
f 3176/4288/5871 3173/4285/5871 3130/4226/5871

vn -0.40362 0.168962 0.89919
f 3176/4288/5872 3171/4283/5872 3173/4285/5872

vn -0.473653 0.236743 0.848296
v -0.324564 2.80833 0.0269865
vt 0.733791 1.52174
f 3176/4288/5873 3177/4289/5873 3171/4283/5873

vn -0.428098 0.508884 0.746839
f 3131/4227/5874 3177/4289/5874 3176/4288/5874

vn -0.459345 0.533411 0.710264
f 3131/4227/5875 3133/4229/5875 3177/4289/5875

v -0.430035 2.79519 -0.147939
vt 0.681047 1.52342
vn -0.760391 0.494214 0.421376
f 3178/4290/5876 3177/4289/5876 3133/4229/5876

vn -0.811948 0.355666 0.462863
f 3178/4290/5877 3170/4282/5877 3177/4289/5877

vn -0.96149 0.26916 -0.0555847
f 3166/4278/5878 3170/4282/5878 3178/4290/5878

vn -0.951294 0.118653 0.284537
f 3164/4276/5879 3166/4278/5879 3178/4290/5879

vn -0.866783 0.43845 0.237591
f 3164/4276/5880 3178/4290/5880 3136/4232/5880

vn -0.747076 0.463641 0.476356
f 3136/4232/5881 3178/4290/5881 3133/4229/5881

vn -0.868019 0.464782 0.174702
f 3138/4234/5882 3164/4276/5882 3136/4232/5882

vn -0.74539 0.21763 0.630104
f 3170/4282/5883 3171/4283/5883 3177/4289/5883

vn -0.023926 0.516396 0.856015
f 3131/4227/5884 3176/4288/5884 3130/4226/5884

vn 0.306081 0.23497 0.922553
v 0.227203 2.58983 0.119435
vt 0.870654 1.49454
f 3130/4226/5885 3175/4287/5885 3179/4291/5885

vn 0.311882 -0.255704 0.915066
v 0.119665 2.00867 -0.00631325
vt 0.839808 1.4355
f 3179/4291/5886 3175/4287/5886 3180/4292/5886

vn 0.294275 -0.259533 0.919807
v 0.0239918 2.01293 0.0254996
vt 0.811092 1.4355
f 3175/4287/5887 3181/4293/5887 3180/4292/5887

vn -0.0606349 -0.258889 0.964002
f 3175/4287/5888 3174/4286/5888 3181/4293/5888

v 0.35414 2.56974 -0.032626
vt 0.918877 1.48982
vn 0.720928 -0.271372 0.637668
f 3182/4294/5889 3179/4291/5889 3180/4292/5889

vn 0.767669 0.166556 0.618824
f 3128/4224/5890 3179/4291/5890 3182/4294/5890

vn 0.723848 0.216337 0.655165
f 3128/4224/5891 3129/4225/5891 3179/4291/5891

vn 0.286029 0.21777 0.933147
f 3129/4225/5892 3130/4226/5892 3179/4291/5892

v 0.393492 2.78712 -0.209022
vt 0.964782 1.52647
vn 0.901309 0.162633 0.401488
f 3183/4295/5893 3128/4224/5893 3182/4294/5893

vn 0.831723 0.437028 0.342408
f 3127/4223/5894 3128/4224/5894 3183/4295/5894

vn 0.979416 -0.0138952 0.201375
v 0.389468 2.55379 -0.205553
vt 0.966981 1.48133
f 3183/4295/5895 3182/4294/5895 3184/4296/5895

vn 0.949555 -0.228256 0.215048
v 0.250275 1.9993 -0.179488
vt 0.901412 1.4355
f 3184/4296/5896 3182/4294/5896 3185/4297/5896

vn 0.855244 -0.269653 0.442544
v 0.197753 2.0008 -0.0770712
vt 0.869204 1.4355
f 3185/4297/5897 3182/4294/5897 3186/4298/5897

vn 0.63997 -0.233107 0.732189
f 3182/4294/5898 3180/4292/5898 3186/4298/5898

g Mesh28 Component_4_1 skp7E49_1 Model

v 0.317876 2.98625 -0.560647
vt 0.523804 1.05793
vn 0.531349 0.61565 -0.58193
v 0.221321 2.98514 -0.649991
vt 0.486514 1.05581
v 0.226193 3.13167 -0.49052
vt 0.530745 1.02249
f 3187/4299/5899 3188/4300/5899 3189/4301/5899

vn 0.624396 0.385059 -0.679602
v 0.268707 2.76494 -0.731215
vt 0.47746 1.09212
f 3187/4299/5900 3190/4302/5900 3188/4300/5900

vn 0.633244 0.379276 -0.674649
v 0.392704 2.76151 -0.616755
vt 0.518117 1.09396
f 3187/4299/5901 3191/4303/5901 3190/4302/5901

vn 0.837448 0.377498 -0.395192
v 0.471208 2.77091 -0.441422
vt 0.564044 1.09419
f 3191/4303/5902 3187/4299/5902 3192/4304/5902

vn 0.837836 0.379066 -0.39286
v 0.37846 2.98597 -0.431711
vt 0.563907 1.0596
f 3187/4299/5903 3193/4305/5903 3192/4304/5903

vn 0.715725 0.612804 -0.334976
f 3187/4299/5904 3189/4301/5904 3193/4305/5904

vn 0.702164 0.552616 -0.448977
v 0.266807 3.14396 -0.411871
vt 0.564502 1.0219
f 3189/4301/5905 3194/4306/5905 3193/4305/5905

vn 0.615663 0.665516 -0.421956
v 0.198068 3.18864 -0.441698
vt 0.546084 1.01584
f 3194/4306/5906 3189/4301/5906 3195/4307/5906

vn -0.700346 0.232571 -0.674853
v 0.192598 3.09997 -0.46658
vt 0.531586 1.01465
f 3189/4301/5907 3196/4308/5907 3195/4307/5907

v 0.175902 3.18102 -0.486443
vt 0.517322 1.01468
vn 0.357616 0.291121 0.887333
f 3197/4309/5908 3196/4308/5908 3189/4301/5908

vt 0.892694 1.08166
vn -0.704553 0.0286343 0.709074
v 0.141575 3.11244 -0.517782
vt 0.923191 1.07228
vt 0.926859 1.0883
f 3197/4310/5909 3198/4311/5909 3196/4312/5909

v 0.166286 3.14714 -0.551779
vt 0.498795 1.01941
vn -0.862529 0.489793 -0.127068
vt 0.50115 1.01156
f 3199/4313/5910 3198/4314/5910 3197/4309/5910

v 0.111705 3.18432 -0.524838
vt 0.485324 1.01146
vn 0.584332 0.316175 0.747389
f 3200/4315/5911 3198/4314/5911 3199/4313/5911

vt 0.89012 1.06634
vn -0.406465 -0.0795527 0.910197
v 0.0741157 3.09263 -0.549638
vt 0.926634 1.05496
f 3200/4316/5912 3201/4317/5912 3198/4311/5912

v 0.0860519 3.1255 -0.590395
vt 0.465311 1.01967
vn -0.927591 0.372492 0.0287312
vt 0.468136 1.01384
f 3202/4318/5913 3201/4319/5913 3200/4315/5913

vn 0.801833 0.328097 0.499416
v 0.0263708 3.19776 -0.542049
vt 0.449487 1.00586
f 3202/4318/5914 3203/4320/5914 3201/4319/5914

vn 0.079914 0.599035 -0.796725
v -0.0214555 3.12537 -0.601274
vt 0.427212 1.01612
f 3203/4320/5915 3202/4318/5915 3204/4321/5915

vn 0.084719 0.53055 -0.843409
v 0.0976071 2.9747 -0.684096
vt 0.449426 1.05266
f 3202/4318/5916 3205/4322/5916 3204/4321/5916

vn 0.183776 0.528905 -0.828545
f 3202/4318/5917 3188/4300/5917 3205/4322/5917

vn 0.231443 0.560628 -0.795067
f 3199/4313/5918 3188/4300/5918 3202/4318/5918

vn 0.666267 0.538854 -0.515485
f 3188/4300/5919 3199/4313/5919 3189/4301/5919

vn 0.613266 0.66069 -0.43289
f 3189/4301/5920 3199/4313/5920 3197/4309/5920

vn 0.141563 0.708612 -0.691252
f 3199/4313/5921 3202/4318/5921 3200/4315/5921

vn 0.216166 0.378509 -0.900002
f 3188/4300/5922 3190/4302/5922 3205/4322/5922

vn 0.185655 0.357088 -0.915434
v 0.0932985 2.75204 -0.771822
vt 0.430752 1.09119
f 3205/4322/5923 3190/4302/5923 3206/4323/5923

vn 0.217171 0.102645 -0.970722
v 0.279916 2.52879 -0.753679
vt 0.473746 1.12092
f 3190/4302/5924 3207/4324/5924 3206/4323/5924

vn 0.676293 0.101502 -0.729606
f 3190/4302/5925 3191/4303/5925 3207/4324/5925

vn 0.658174 0.118451 -0.743489
v 0.424223 2.53032 -0.625686
vt 0.517378 1.12115
f 3191/4303/5926 3208/4325/5926 3207/4324/5926

vn 0.901074 0.138718 -0.410882
f 3208/4325/5927 3191/4303/5927 3192/4304/5927

vn 0.903125 0.135642 -0.407389
v 0.509628 2.54244 -0.432321
vt 0.564425 1.12101
f 3208/4325/5928 3192/4304/5928 3209/4326/5928

vn 0.980085 0.160134 -0.11743
v 0.530007 2.56271 -0.2346
vt 0.609062 1.12072
f 3192/4304/5929 3210/4327/5929 3209/4326/5929

vn 0.980286 0.15453 -0.123128
v 0.491815 2.78966 -0.253833
vt 0.609498 1.09373
f 3192/4304/5930 3211/4328/5930 3210/4327/5930

vn 0.897731 0.41759 -0.140346
v 0.390192 2.99786 -0.284373
vt 0.60569 1.05926
f 3192/4304/5931 3212/4329/5931 3211/4328/5931

vn 0.911476 0.397812 -0.104675
f 3192/4304/5932 3193/4305/5932 3212/4329/5932

vn 0.804958 0.582834 -0.11112
f 3193/4305/5933 3194/4306/5933 3212/4329/5933

vn 0.806276 0.580161 -0.115459
v 0.260101 3.17147 -0.320474
vt 0.599153 1.01845
f 3194/4306/5934 3213/4330/5934 3212/4329/5934

vn 0.678255 0.7159 -0.165706
v 0.2029 3.21257 -0.377053
vt 0.580452 1.00937
f 3194/4306/5935 3214/4331/5935 3213/4330/5935

vn -0.417208 0.0711854 -0.906019
v 0.224807 3.10678 -0.395453
vt 0.560622 1.01409
f 3214/4331/5936 3194/4306/5936 3215/4332/5936

vn -0.0744358 0.471947 0.878479
f 3195/4307/5937 3215/4332/5937 3194/4306/5937

vn -0.907054 -0.060942 0.41658
vt 0.925742 1.10707
vt 0.891638 1.09485
f 3196/4312/5938 3215/4333/5938 3195/4334/5938

v 0.253144 2.96736 -0.503555
vt 0.987719 1.08792
vn -0.785964 -0.470634 0.400955
f 3216/4335/5939 3215/4333/5939 3196/4312/5939

vn -0.711339 -0.515239 0.478043
v 0.324422 2.97536 -0.388869
vt 0.990385 1.11301
f 3216/4335/5940 3217/4336/5940 3215/4333/5940

vn -0.781172 -0.600649 -0.170268
v 0.262385 3.02923 -0.294297
vt 0.957376 1.12993
f 3215/4333/5941 3217/4336/5941 3218/4337/5941

vn -0.920763 -0.387522 0.0449718
v 0.218555 3.13012 -0.322308
vt 0.91187 1.12432
f 3215/4333/5942 3218/4337/5942 3219/4338/5942

vn -0.843447 -0.448515 -0.295687
v 0.192387 3.10977 -0.216802
vt 0.919041 1.14918
f 3219/4338/5943 3218/4337/5943 3220/4339/5943

vn -0.808869 -0.572024 -0.136088
v 0.26292 2.99827 -0.167336
vt 0.973775 1.15392
f 3218/4337/5944 3221/4340/5944 3220/4339/5944

vn -0.552115 -0.604148 -0.574608
v 0.127142 3.09895 -0.142734
vt 0.915089 1.16922
f 3221/4340/5945 3222/4341/5945 3220/4339/5945

vn -0.530232 -0.559354 -0.637163
v 0.163296 2.99585 -0.0823128
vt 0.960445 1.17796
f 3222/4341/5946 3221/4340/5946 3223/4342/5946

vt 0.69549 1.02254
vn -0.772632 0.0967642 0.627436
vt 0.710358 1.0447
v 0.14587 3.12839 -0.124211
vt 0.681604 1.0235
f 3222/4343/5947 3223/4344/5947 3224/4345/5947

vn -0.575597 0.17672 0.79841
v 0.205268 3.0019 -0.0533923
vt 0.696225 1.0508
f 3224/4345/5948 3223/4344/5948 3225/4346/5948

vn -0.572313 0.0615048 0.817726
v 0.235359 2.80988 -0.0178889
vt 0.722783 1.08557
f 3225/4346/5949 3223/4344/5949 3226/4347/5949

vn -0.753407 0.00351028 0.657545
v 0.284025 2.80883 0.0378778
vt 0.703475 1.09081
f 3225/4346/5950 3226/4347/5950 3227/4348/5950

vn -0.751793 -0.0795233 0.654586
v 0.266101 2.59634 -0.00852429
vt 0.722783 1.13168
f 3226/4347/5951 3228/4349/5951 3227/4348/5951

vn -0.780451 -0.0698382 0.621304
v 0.316451 2.57835 0.052702
vt 0.700005 1.12872
f 3228/4349/5952 3229/4350/5952 3227/4348/5952

v 0.23912 1.99813 -0.0789117
vt 0.654594 1.18388
vn -0.777352 -0.038817 0.627867
f 3230/4351/5953 3229/4350/5953 3228/4349/5953

v 0.293428 1.99426 -0.153008
vt 0.628228 1.18388
vn 0.777906 -0.235798 0.582462
f 3231/4352/5954 3229/4350/5954 3230/4351/5954

v 0.463908 2.58481 -0.0186192
vt 0.661055 1.12136
vn 0.424315 -0.315635 0.848723
f 3232/4353/5955 3229/4350/5955 3231/4352/5955

v 0.416646 2.81351 -0.0596417
vt 0.661814 1.09199
vn 0.413747 0.242881 0.877395
f 3233/4354/5956 3229/4350/5956 3232/4353/5956

vn 0.584029 0.133663 0.800652
f 3233/4354/5957 3227/4348/5957 3229/4350/5957

v 0.317322 3.01064 -0.128779
vt 0.654855 1.05552
vn 0.501448 0.500234 0.705915
f 3234/4355/5958 3227/4348/5958 3233/4354/5958

vn 0.446615 0.524771 0.724672
f 3234/4355/5959 3225/4346/5959 3227/4348/5959

v 0.230927 3.14851 -0.198605
vt 0.643916 1.02195
vn 0.412016 0.603795 0.682403
f 3235/4356/5960 3225/4346/5960 3234/4355/5960

vn 0.449431 0.587703 0.672768
f 3235/4356/5961 3224/4345/5961 3225/4346/5961

vn 0.347713 0.725629 0.593767
v 0.132464 3.20678 -0.212152
vt 0.668501 1.00602
f 3235/4356/5962 3236/4357/5962 3224/4345/5962

vn 0.248008 0.19866 -0.94817
vt 0.643671 1.01381
f 3236/4357/5963 3235/4356/5963 3220/4358/5963

v 0.186934 3.20769 -0.285354
vt 0.619389 1.00957
vn -0.684386 0.392205 0.614648
f 3237/4359/5964 3220/4358/5964 3235/4356/5964

vn -0.928564 -0.246183 -0.277781
vt 0.876517 1.13508
f 3219/4338/5965 3220/4339/5965 3237/4360/5965

vn -0.277264 0.318766 -0.906373
vt 0.600137 1.00938
f 3237/4359/5966 3213/4330/5966 3219/4361/5966

vn 0.529986 0.801203 0.277828
f 3213/4330/5967 3237/4359/5967 3235/4356/5967

vn 0.735491 0.611707 0.291319
f 3213/4330/5968 3235/4356/5968 3212/4329/5968

vn 0.735615 0.610073 0.294418
f 3212/4329/5969 3235/4356/5969 3234/4355/5969

vn 0.792066 0.514371 0.328715
f 3212/4329/5970 3234/4355/5970 3233/4354/5970

vn 0.848269 0.45402 0.272591
f 3212/4329/5971 3233/4354/5971 3211/4328/5971

vn 0.913547 0.24678 0.323313
f 3211/4328/5972 3233/4354/5972 3232/4353/5972

vn 0.945306 0.182017 0.270677
f 3211/4328/5973 3232/4353/5973 3210/4327/5973

vn 0.893485 -0.327793 0.306979
f 3210/4327/5974 3232/4353/5974 3231/4352/5974

v 0.327571 1.98633 -0.258981
vt 0.597018 1.18388
vn 0.892228 -0.326563 0.311905
f 3238/4362/5975 3210/4327/5975 3231/4352/5975

vn 0.942432 -0.328317 -0.0634762
f 3209/4326/5976 3210/4327/5976 3238/4362/5976

vn 0.936798 -0.336522 -0.0957196
v 0.314747 1.98212 -0.369687
vt 0.56487 1.18388
f 3209/4326/5977 3238/4362/5977 3239/4363/5977

vn 0.867298 -0.342075 -0.361633
f 3208/4325/5978 3209/4326/5978 3239/4363/5978

vn 0.847485 -0.353966 -0.395571
v 0.265519 1.97817 -0.471622
vt 0.532825 1.18388
f 3208/4325/5979 3239/4363/5979 3240/4364/5979

vn 0.631819 -0.371431 -0.680326
v 0.189941 1.97148 -0.538157
vt 0.504341 1.18388
f 3208/4325/5980 3240/4364/5980 3241/4365/5980

vn 0.619128 -0.368194 -0.693624
f 3208/4325/5981 3241/4365/5981 3207/4324/5981

vn 0.174062 -0.379502 -0.90867
v 0.0838657 2.51703 -0.786323
vt 0.425914 1.12568
f 3207/4324/5982 3241/4365/5982 3242/4366/5982

vn 0.298474 -0.3465 -0.889298
v 0.0892924 1.96633 -0.569933
vt 0.475184 1.18388
f 3242/4366/5983 3241/4365/5983 3243/4367/5983

vn -0.0615901 -0.365551 -0.928751
v -0.0255387 1.97236 -0.56469
vt 0.443239 1.18388
f 3242/4366/5984 3243/4367/5984 3244/4368/5984

v -0.0841566 2.51711 -0.729976
vt 0.3782 1.13394
vn -0.302794 -0.306403 -0.902459
f 3245/4369/5985 3242/4366/5985 3244/4368/5985

v -0.0750687 2.74886 -0.756097
vt 0.380382 1.08917
vn -0.316587 -0.0939734 -0.943897
f 3246/4370/5986 3242/4366/5986 3245/4369/5986

vn -0.0940125 0.0650717 -0.993442
f 3206/4323/5987 3242/4366/5987 3246/4370/5987

vn 0.160832 0.0543518 -0.985484
f 3206/4323/5988 3207/4324/5988 3242/4366/5988

v -0.0426827 2.96316 -0.689478
vt 0.40668 1.04864
vn -0.0942231 0.308492 -0.946549
f 3247/4371/5989 3206/4323/5989 3246/4370/5989

vn 0.00557194 0.366474 -0.930412
f 3205/4322/5990 3206/4323/5990 3247/4371/5990

vn -0.0056219 0.47828 -0.878189
f 3204/4321/5991 3205/4322/5991 3247/4371/5991

vn -0.359792 0.481629 -0.799114
v -0.133547 3.10723 -0.561736
vt 0.390409 1.01506
f 3204/4321/5992 3247/4371/5992 3248/4372/5992

vn -0.388395 0.461995 -0.797314
v -0.183235 2.96954 -0.617317
vt 0.365588 1.03804
f 3248/4372/5993 3247/4371/5993 3249/4373/5993

vn -0.754492 0.00736329 0.656267
v -0.145883 2.96337 -0.574304
vt 0.356099 1.0302
f 3249/4373/5994 3250/4374/5994 3248/4372/5994

vn -0.667646 -0.00778581 0.744438
v -0.105099 3.08183 -0.536489
vt 0.378893 1.01142
f 3248/4372/5995 3250/4374/5995 3251/4375/5995

vt 0.919836 1.0187
vn 0.434304 -0.406161 0.803999
vt 0.966905 1.00928
v -0.0421927 2.96273 -0.630636
vt 0.977991 1.02928
f 3251/4376/5996 3250/4377/5996 3252/4378/5996

v -0.0197725 3.09867 -0.56369
vt 0.922111 1.03586
vn 0.350806 -0.459652 0.815877
f 3253/4379/5997 3251/4376/5997 3252/4378/5997

v -0.0738837 3.17889 -0.54851
vt 0.885088 1.02851
vn 0.299758 0.0217294 0.953768
f 3254/4380/5998 3251/4376/5998 3253/4379/5998

vt 0.407183 1.00443
vn -0.498598 0.26269 0.826071
f 3254/4381/5999 3248/4372/5999 3251/4375/5999

vn -0.360895 0.451162 -0.816215
f 3254/4381/6000 3204/4321/6000 3248/4372/6000

vn 0.814009 0.490143 0.311687
vt 0.427422 1.0099
f 3204/4321/6001 3254/4381/6001 3253/4382/6001

vn -0.890349 0.351407 0.289467
f 3204/4321/6002 3253/4382/6002 3203/4320/6002

vt 0.88474 1.04543
vn -0.155413 -0.141163 0.977711
f 3203/4383/6003 3253/4379/6003 3201/4317/6003

vn -0.160726 -0.418155 0.894043
v 0.0733776 3.01308 -0.586979
vt 0.960791 1.05128
f 3253/4379/6004 3255/4384/6004 3201/4317/6004

vn -0.157573 -0.415245 0.895959
f 3253/4379/6005 3252/4378/6005 3255/4384/6005

vn -0.290759 -0.404332 0.867165
f 3198/4311/6006 3201/4317/6006 3255/4384/6006

vn -0.336568 -0.371561 0.865254
v 0.173216 2.96029 -0.570809
vt 0.987493 1.06825
f 3198/4311/6007 3255/4384/6007 3256/4385/6007

vn -0.703234 -0.359936 0.613113
f 3256/4385/6008 3196/4312/6008 3198/4311/6008

vn -0.552067 -0.448103 0.703154
f 3196/4312/6009 3256/4385/6009 3216/4335/6009

vn -0.460829 0.428531 0.777173
f 3214/4331/6010 3219/4361/6010 3213/4330/6010

vn -0.979716 -0.19938 -0.0201088
vt 0.876517 1.11099
f 3215/4333/6011 3219/4338/6011 3214/4386/6011

vn -0.665682 -0.380452 -0.641968
vt 0.876517 1.15423
f 3220/4339/6012 3222/4341/6012 3236/4387/6012

vn -0.866354 0.299884 0.399376
f 3236/4357/6013 3222/4343/6013 3224/4345/6013

v 0.199865 2.01163 -0.154212
vt 0.676749 1.18388
vn -0.887687 -0.014116 0.460231
f 3257/4388/6014 3230/4351/6014 3228/4349/6014

g Mesh29 Component_4_1 skp7E49_1 Model

v 0.132409 3.161 -0.44879
vt 0.550788 1.44281
vn 0.501518 0.287447 -0.815999
v 0.173013 3.04203 -0.465745
vt 0.574414 1.44888
v 0.0818665 3.05257 -0.518051
vt 0.532727 1.46029
f 3258/4389/6015 3259/4390/6015 3260/4391/6015

vn 0.852968 0.34671 -0.390177
v 0.201085 3.03286 -0.412524
vt 0.582328 1.43624
f 3259/4390/6016 3258/4389/6016 3261/4392/6016

vn 0.59014 0.496446 0.636613
v 0.137902 3.08089 -0.391409
vt 0.55893 1.43176
f 3258/4389/6017 3262/4393/6017 3261/4392/6017

vn -0.774701 0.332241 0.53801
v 0.106769 3.08196 -0.436898
vt 0.539794 1.43961
f 3258/4389/6018 3263/4394/6018 3262/4393/6018

vn -0.490368 0.283076 0.824262
v 0.061339 3.08795 -0.465983
vt 0.525513 1.44885
f 3258/4389/6019 3264/4395/6019 3263/4394/6019

vn -0.488672 0.619919 -0.613922
f 3258/4389/6020 3260/4391/6020 3264/4395/6020

vn 0.925369 0.359366 0.12062
v 0.0394503 3.15498 -0.497764
vt 0.511952 1.45173
f 3260/4391/6021 3265/4396/6021 3264/4395/6021

vn 0.0727661 0.222714 -0.972164
v -0.0105463 3.06499 -0.522122
vt 0.493164 1.45875
f 3265/4396/6022 3260/4391/6022 3266/4397/6022

v 0.00855817 3.13235 -0.536976
vt 0.499378 1.46203
vn -0.0135533 0.218984 0.975634
f 3267/4398/6023 3266/4397/6023 3260/4391/6023

vn 0.353831 0.104602 0.929442
v -0.0444475 3.06824 -0.509582
vt 0.477372 1.4602
f 3267/4398/6024 3268/4399/6024 3266/4397/6024

v -0.0641975 2.99476 -0.607337
vt 0.467988 1.48223
vn -0.795944 0.550104 -0.252704
f 3269/4400/6025 3268/4399/6025 3267/4398/6025

vn 0.824098 0.360143 -0.437218
v -0.0727248 3.13324 -0.509341
vt 0.464564 1.4557
f 3269/4400/6026 3270/4401/6026 3268/4399/6026

vn -0.389558 0.515908 -0.762944
v -0.125801 3.00307 -0.570266
vt 0.440307 1.47414
f 3270/4401/6027 3269/4400/6027 3271/4402/6027

vn -0.76702 0.500586 -0.401365
v -0.139829 3.02567 -0.515264
vt 0.437887 1.46145
f 3271/4402/6028 3272/4403/6028 3270/4401/6028

vn 0.972829 0.115621 0.200588
v -0.149279 3.1019 -0.51337
vt 0.429586 1.45839
f 3271/4402/6029 3273/4404/6029 3272/4403/6029

vn 0.417696 0.525801 -0.740988
v -0.177589 2.98277 -0.61386
vt 0.417676 1.48197
f 3273/4404/6030 3271/4402/6030 3274/4405/6030

vn -0.603634 0.592992 -0.532904
v -0.262397 2.98567 -0.514574
vt 0.383752 1.46009
f 3274/4405/6031 3275/4406/6031 3273/4404/6031

vn -0.63259 0.610719 0.476291
v -0.171219 3.04203 -0.465745
vt 0.42076 1.45071
f 3275/4406/6032 3276/4407/6032 3273/4404/6032

v -0.180387 3.11948 -0.430842
vt 0.418691 1.43842
vn 0.211064 0.422279 -0.881551
f 3277/4408/6033 3276/4407/6033 3275/4406/6033

vn 0.990243 0.134182 -0.0376055
v -0.170197 3.06347 -0.362331
vt 0.421827 1.42638
f 3276/4407/6034 3277/4408/6034 3278/4409/6034

vn -0.351845 0.698392 0.623261
v -0.253952 3.00932 -0.348933
vt 0.385559 1.42272
f 3278/4409/6035 3277/4408/6035 3279/4410/6035

vn -0.84256 0.537542 -0.0337854
f 3275/4406/6036 3279/4410/6036 3277/4408/6036

v -0.144209 3.14884 -0.297114
vt 0.43505 1.41027
vn -0.496711 0.617289 -0.610108
f 3280/4411/6037 3278/4409/6037 3279/4410/6037

vn 0.863647 0.112487 -0.491386
v -0.126757 3.08181 -0.281785
vt 0.44463 1.40977
f 3278/4409/6038 3280/4411/6038 3281/4412/6038

vn 0.632217 -0.0125561 -0.77469
v -0.0987763 3.08574 -0.259014
vt 0.450177 1.40168
f 3280/4411/6039 3282/4413/6039 3281/4412/6039

vn 0.196517 0.60666 0.770289
v -0.175038 3.02128 -0.188787
vt 0.421286 1.38485
f 3280/4411/6040 3283/4414/6040 3282/4413/6040

vn -0.527502 0.620383 0.580402
v -0.21494 3.02072 -0.224455
vt 0.402128 1.39287
f 3280/4411/6041 3284/4415/6041 3283/4414/6041

vn -0.804846 0.558378 0.20109
f 3279/4410/6042 3284/4415/6042 3280/4411/6042

vn -0.77376 0.319365 -0.547084
v -0.0840428 3.1559 -0.238899
vt 0.461956 1.3981
f 3282/4413/6043 3283/4414/6043 3285/4416/6043

vn -0.497909 0.577418 0.647051
v -0.11446 3.03233 -0.152032
vt 0.44752 1.37558
f 3285/4416/6044 3283/4414/6044 3286/4417/6044

vn 0.0799724 0.559999 0.824625
v -0.0585648 3.04988 -0.169372
vt 0.468613 1.38147
f 3285/4416/6045 3286/4417/6045 3287/4418/6045

v -0.0476834 3.14112 -0.176211
vt 0.477147 1.37955
vn -0.28524 -0.0377711 -0.957712
f 3288/4419/6046 3287/4418/6046 3286/4417/6046

vn -0.0475956 -0.0690198 -0.996479
v 0.00054262 3.062 -0.173034
vt 0.49442 1.37967
f 3288/4419/6047 3289/4420/6047 3287/4418/6047

vn 0.833055 0.515793 0.199943
v 0.00089723 3.01747 -0.0596473
vt 0.496663 1.35611
f 3288/4419/6048 3290/4421/6048 3289/4420/6048

vn -0.131402 0.652186 0.746583
v -0.126165 3.0197 -0.0839635
vt 0.445229 1.36065
f 3288/4419/6049 3291/4422/6049 3290/4421/6049

vn -0.856204 0.514025 -0.051897
f 3288/4419/6050 3286/4417/6050 3291/4422/6050

v 0.0472564 3.13314 -0.192434
vt 0.517894 1.38615
vn -0.783852 0.577143 0.229091
f 3292/4423/6051 3289/4420/6051 3290/4421/6051

vn -0.485366 0.0813153 -0.870521
v 0.0910219 3.07325 -0.222431
vt 0.535485 1.39305
f 3292/4423/6052 3293/4424/6052 3289/4420/6052

vn 0.765 0.62878 -0.139319
v 0.143759 3.02529 -0.149285
vt 0.558254 1.376
f 3293/4424/6053 3292/4423/6053 3294/4425/6053

vn 0.391557 0.621751 0.678313
f 3292/4423/6054 3290/4421/6054 3294/4425/6054

v 0.145277 3.15331 -0.282016
vt 0.557474 1.40688
vn -0.291087 0.690267 0.662419
f 3295/4426/6055 3293/4424/6055 3294/4425/6055

v 0.139995 3.08044 -0.301559
vt 0.552543 1.4107
vn -0.841702 0.195932 -0.503139
f 3296/4427/6056 3293/4424/6056 3295/4426/6056

vn 0.789986 0.327012 0.518637
v 0.0885165 3.17022 -0.279761
vt 0.533138 1.40806
f 3296/4427/6057 3297/4428/6057 3293/4424/6057

vn 0.490629 0.460832 -0.739538
v 0.0769595 3.10782 -0.326316
vt 0.531475 1.41513
f 3297/4428/6058 3296/4427/6058 3298/4429/6058

vn 0.0595746 0.741456 0.668351
v 0.0992673 3.14739 -0.372207
vt 0.538343 1.42605
f 3296/4427/6059 3299/4430/6059 3298/4429/6059

vn 0.782415 0.609715 0.126784
v 0.145916 3.08028 -0.337363
vt 0.562294 1.41765
f 3299/4430/6060 3296/4427/6060 3300/4431/6060

vn -0.980022 0.114617 -0.162543
f 3300/4431/6061 3296/4427/6061 3295/4426/6061

vn 0.597694 0.48758 -0.636418
v 0.240822 3.01356 -0.299352
vt 0.599496 1.41122
f 3295/4426/6062 3301/4432/6062 3300/4431/6062

vn 0.809823 0.519959 0.271716
v 0.218894 3.01574 -0.238176
vt 0.593412 1.39551
f 3301/4432/6063 3295/4426/6063 3302/4433/6063

vn 0.676474 0.526211 0.515253
f 3295/4426/6064 3294/4425/6064 3302/4433/6064

v 0.167425 3.15041 -0.367894
vt 0.565793 1.42631
vn -0.0704183 0.41625 0.906519
f 3303/4434/6065 3300/4431/6065 3301/4432/6065

vn -0.955664 0.294442 0.00306789
v 0.14597 3.08077 -0.36674
vt 0.559999 1.42531
f 3303/4434/6066 3304/4435/6066 3300/4431/6066

vn -0.910483 0.285428 0.299251
f 3262/4393/6067 3304/4435/6067 3303/4434/6067

vn 0.800749 0.540057 -0.259112
f 3262/4393/6068 3299/4430/6068 3304/4435/6068

vn 0.699785 0.541212 -0.466252
f 3263/4394/6069 3299/4430/6069 3262/4393/6069

vn -0.0570232 0.698621 -0.713216
v 0.0579973 3.11153 -0.404038
vt 0.522772 1.43387
f 3299/4430/6070 3263/4394/6070 3305/4436/6070

vn 0.668342 0.420623 0.61351
v 0.0560901 3.16215 -0.436667
vt 0.516442 1.43961
f 3263/4394/6071 3306/4437/6071 3305/4436/6071

vn 0.538232 0.342381 -0.770118
f 3306/4437/6072 3263/4394/6072 3264/4395/6072

vn -0.0905978 0.360428 -0.928377
v 0.00135651 3.13017 -0.443741
vt 0.497611 1.44195
f 3306/4437/6073 3264/4395/6073 3307/4438/6073

vn -0.0106103 0.45428 -0.890796
v 0.00145509 3.09844 -0.45992
vt 0.497532 1.44855
f 3307/4438/6074 3264/4395/6074 3308/4439/6074

vn 0.169657 0.466885 0.867891
f 3265/4396/6075 3308/4439/6075 3264/4395/6075

vn -0.856745 0.504703 -0.106123
f 3266/4397/6076 3308/4439/6076 3265/4396/6076

vn 0.77775 0.478624 -0.407461
v -0.0457639 3.17376 -0.461587
vt 0.476237 1.44602
f 3266/4397/6077 3309/4440/6077 3308/4439/6077

vn -0.285415 0.393884 -0.873724
f 3309/4440/6078 3266/4397/6078 3268/4399/6078

vn -0.320517 0.388899 -0.863728
v -0.073166 3.07144 -0.497484
vt 0.465337 1.45649
f 3309/4440/6079 3268/4399/6079 3310/4441/6079

vn 0.398601 0.170064 0.901219
f 3270/4401/6080 3310/4441/6080 3268/4399/6080

vn 0.722952 0.125201 0.679459
v -0.0902861 3.07457 -0.479844
vt 0.455985 1.45317
f 3270/4401/6081 3311/4442/6081 3310/4441/6081

vn -0.769528 0.455396 0.447706
f 3272/4403/6082 3311/4442/6082 3270/4401/6082

v -0.129446 3.14706 -0.448915
vt 0.441378 1.44234
vn 0.166965 0.461859 -0.871096
f 3312/4443/6083 3311/4442/6083 3272/4403/6083

vn 0.861764 0.287054 0.418286
v -0.114242 3.08196 -0.435562
vt 0.452355 1.44233
f 3311/4442/6084 3312/4443/6084 3313/4444/6084

vn 0.974589 0.2141 -0.0658617
v -0.112812 3.09441 -0.373946
vt 0.444864 1.42927
f 3312/4443/6085 3314/4445/6085 3313/4444/6085

vn -0.286103 0.753109 0.592429
f 3314/4445/6086 3312/4443/6086 3278/4409/6086

vn -0.923107 0.378249 -0.069285
f 3276/4407/6087 3278/4409/6087 3312/4443/6087

vn -0.719652 0.379408 -0.581507
f 3272/4403/6088 3276/4407/6088 3312/4443/6088

vn 0.854568 0.0932452 0.5109
f 3272/4403/6089 3273/4404/6089 3276/4407/6089

v -0.123738 3.15252 -0.344665
vt 0.4454 1.42132
vn -0.368526 0.362106 -0.856194
f 3315/4446/6090 3314/4445/6090 3278/4409/6090

vn 0.639408 0.438442 -0.631605
v -0.0755043 3.10777 -0.326903
vt 0.461307 1.4175
f 3314/4445/6091 3315/4446/6091 3316/4447/6091

vn 0.314615 0.623224 0.715968
f 3315/4446/6092 3281/4412/6092 3316/4447/6092

vn -0.850452 0.369375 0.374559
f 3278/4409/6093 3281/4412/6093 3315/4446/6093

vn -0.701444 0.496947 -0.510901
v -0.0501185 3.17957 -0.291912
vt 0.475496 1.40925
f 3316/4447/6094 3281/4412/6094 3317/4448/6094

vn -0.581746 0.520757 0.624807
f 3317/4448/6095 3281/4412/6095 3282/4413/6095

vn -0.557303 0.516854 0.649827
v -0.0737725 3.08943 -0.2405
vt 0.463533 1.39814
f 3317/4448/6096 3282/4413/6096 3318/4449/6096

vn 0.581083 0.109206 -0.806484
f 3285/4416/6097 3318/4449/6097 3282/4413/6097

vn 0.228392 0.0586948 -0.971798
v -0.0497843 3.09169 -0.234725
vt 0.473498 1.39583
f 3285/4416/6098 3319/4450/6098 3318/4449/6098

vn 0.798996 0.452059 0.396544
f 3285/4416/6099 3287/4418/6099 3319/4450/6099

vn -0.711835 0.631149 0.308126
v 0.00282689 3.14533 -0.223066
vt 0.498302 1.39547
f 3319/4450/6100 3287/4418/6100 3320/4451/6100

vn -0.0525671 0.515064 0.855539
f 3320/4451/6101 3287/4418/6101 3289/4420/6101

vn 0.377571 0.468988 0.79843
f 3320/4451/6102 3289/4420/6102 3293/4424/6102

vn 0.632723 0.773882 -0.0277148
v 0.054165 3.1017 -0.269512
vt 0.520108 1.40332
f 3293/4424/6103 3321/4452/6103 3320/4451/6103

vn -0.588568 0.400093 0.702505
f 3297/4428/6104 3321/4452/6104 3293/4424/6104

vn -0.868512 0.389512 -0.306541
f 3298/4429/6105 3321/4452/6105 3297/4428/6105

v 0.0623915 3.13766 -0.336697
vt 0.521722 1.41872
vn 0.779054 0.508052 0.367367
f 3322/4453/6106 3321/4452/6106 3298/4429/6106

vn 0.825563 0.449203 0.341558
v 0.0269796 3.17198 -0.296235
vt 0.509503 1.41336
f 3322/4453/6107 3323/4454/6107 3321/4452/6107

vn 0.39599 0.841634 -0.367213
v 0.0396471 3.14264 -0.349814
vt 0.513559 1.42075
f 3322/4453/6108 3324/4455/6108 3323/4454/6108

vn -0.218337 0.72463 0.653636
v 0.042897 3.17343 -0.382857
vt 0.514613 1.42566
f 3322/4453/6109 3325/4456/6109 3324/4455/6109

vn 0.867254 0.497496 0.0191809
v 0.0779991 3.11168 -0.36843
vt 0.52876 1.42551
f 3325/4456/6110 3322/4453/6110 3326/4457/6110

vn 0.887923 0.455563 0.0636841
f 3326/4457/6111 3322/4453/6111 3298/4429/6111

vn -0.857683 0.513525 0.0259052
f 3299/4430/6112 3326/4457/6112 3298/4429/6112

vn -0.75789 0.496154 0.423596
f 3305/4436/6113 3326/4457/6113 3299/4430/6113

vn 0.814214 0.355646 -0.45888
f 3305/4436/6114 3325/4456/6114 3326/4457/6114

vn 0.34519 0.378138 -0.858985
v 0.0269248 3.11216 -0.416245
vt 0.509309 1.43407
f 3325/4456/6115 3305/4436/6115 3327/4458/6115

vn -0.306041 0.5076 0.805408
f 3306/4437/6116 3327/4458/6116 3305/4436/6116

vn 0.198095 0.269435 0.942424
v 0.00604716 3.13634 -0.41877
vt 0.498947 1.43704
f 3306/4437/6117 3328/4459/6117 3327/4458/6117

vn -0.488951 0.863785 -0.121661
f 3306/4437/6118 3307/4438/6118 3328/4459/6118

vn 0.600686 0.742523 -0.296371
v -0.0258836 3.16667 -0.407505
vt 0.487134 1.43608
f 3328/4459/6119 3307/4438/6119 3329/4460/6119

vn -0.370168 0.500612 -0.782536
v -0.0370495 3.10693 -0.440441
vt 0.483206 1.44301
f 3329/4460/6120 3307/4438/6120 3330/4461/6120

vn -0.331174 0.427877 -0.840979
f 3307/4438/6121 3308/4439/6121 3330/4461/6121

vn 0.482887 0.320791 0.814809
f 3309/4440/6122 3330/4461/6122 3308/4439/6122

vn 0.86983 0.248319 0.426302
v -0.0562031 3.11153 -0.404038
vt 0.471802 1.4369
f 3309/4440/6123 3331/4462/6123 3330/4461/6123

vn -0.59588 0.596848 0.537308
f 3309/4440/6124 3313/4444/6124 3331/4462/6124

vn -0.761621 0.430952 -0.483956
f 3311/4442/6125 3313/4444/6125 3309/4440/6125

vn -0.620312 0.402372 -0.673282
f 3309/4440/6126 3310/4441/6126 3311/4442/6126

v -0.0769516 3.15659 -0.390055
vt 0.464824 1.42943
vn 0.273211 0.39762 -0.87593
f 3332/4463/6127 3331/4462/6127 3313/4444/6127

vn 0.869222 0.458026 -0.186188
v -0.0511734 3.11531 -0.371246
vt 0.476149 1.43088
f 3331/4462/6128 3332/4463/6128 3333/4464/6128

vn 0.728118 0.149956 -0.668848
v -0.0389616 3.14104 -0.352184
vt 0.478775 1.42454
f 3332/4463/6129 3334/4465/6129 3333/4464/6129

vn 0.0667464 0.944778 0.320841
v -0.0610565 3.13761 -0.33749
vt 0.471368 1.42114
f 3334/4465/6130 3332/4463/6130 3335/4466/6130

vn -0.73732 0.532823 0.415282
f 3332/4463/6131 3314/4445/6131 3335/4466/6131

vn -0.872202 0.482995 -0.0773238
f 3313/4444/6132 3314/4445/6132 3332/4463/6132

vn -0.737565 0.512871 0.439274
f 3314/4445/6133 3316/4447/6133 3335/4466/6133

vn -0.467915 0.487906 0.736887
v -0.0338983 3.11653 -0.306286
vt 0.48093 1.41369
f 3335/4466/6134 3316/4447/6134 3336/4467/6134

vn 0.373192 0.296457 -0.879114
f 3317/4448/6135 3336/4467/6135 3316/4447/6135

vn 0.0132052 0.225506 -0.974152
v 0.00089723 3.11841 -0.305379
vt 0.494313 1.41174
f 3317/4448/6136 3337/4468/6136 3336/4467/6136

vn 0.773775 0.60197 0.197245
v 0.00089723 3.09588 -0.236621
vt 0.494541 1.40057
f 3337/4468/6137 3317/4448/6137 3338/4469/6137

vn -0.0137526 0.545316 0.838118
f 3317/4448/6138 3319/4450/6138 3338/4469/6138

vn -0.245452 0.528063 0.812959
f 3317/4448/6139 3318/4449/6139 3319/4450/6139

vn -0.0579783 0.265996 -0.962229
f 3320/4451/6140 3338/4469/6140 3319/4450/6140

vn -0.52868 0.243501 -0.813145
f 3320/4451/6141 3321/4452/6141 3338/4469/6141

vn 0.429141 0.461272 0.776574
f 3323/4454/6142 3338/4469/6142 3321/4452/6142

vn -0.89968 0.414848 0.135932
f 3337/4468/6143 3338/4469/6143 3323/4454/6143

vn -0.573719 0.401228 -0.714047
v 0.0269405 3.11846 -0.326276
vt 0.503927 1.41733
f 3323/4454/6144 3339/4470/6144 3337/4468/6144

vn -0.930878 0.179338 -0.318282
f 3324/4455/6145 3339/4470/6145 3323/4454/6145

v 0.0318254 3.11808 -0.352417
vt 0.505838 1.42138
vn -0.931873 0.315699 -0.178734
f 3340/4471/6146 3339/4470/6146 3324/4455/6146

vn 0.802355 0.579836 0.14148
v -0.013591 3.17675 -0.335321
vt 0.488573 1.42038
f 3340/4471/6147 3341/4472/6147 3339/4470/6147

vn 0.463168 0.55893 -0.687803
v 0 3.1208 -0.37164
vt 0.496367 1.4274
f 3341/4472/6148 3340/4471/6148 3342/4473/6148

vn -0.511161 0.071995 0.856465
f 3324/4455/6149 3342/4473/6149 3340/4471/6149

vn -0.612893 0.607301 0.505518
f 3325/4456/6150 3342/4473/6150 3324/4455/6150

v 0.0018748 3.11422 -0.407546
vt 0.50102 1.43295
vn -0.781749 0.604874 -0.151644
f 3343/4474/6151 3342/4473/6151 3325/4456/6151

vn 0.986143 -0.146261 0.0782894
f 3328/4459/6152 3342/4473/6152 3343/4474/6152

vn 0.710417 0.636174 0.300982
f 3328/4459/6153 3329/4460/6153 3342/4473/6153

vn 0.308879 0.687844 0.65686
v -0.0310083 3.11798 -0.354106
vt 0.482994 1.42782
f 3342/4473/6154 3329/4460/6154 3344/4475/6154

vn -0.54208 0.646187 0.537207
f 3329/4460/6155 3333/4464/6155 3344/4475/6155

vn -0.871549 0.484096 0.0778109
f 3329/4460/6156 3331/4462/6156 3333/4464/6156

vn -0.787622 0.403796 -0.465404
f 3330/4461/6157 3331/4462/6157 3329/4460/6157

vn 0.602508 0.270377 -0.75092
f 3334/4465/6158 3344/4475/6158 3333/4464/6158

vn -0.483519 -0.0941866 -0.870252
f 3334/4465/6159 3342/4473/6159 3344/4475/6159

vn -0.156855 0.510613 -0.845382
f 3341/4472/6160 3342/4473/6160 3334/4465/6160

vn -0.494512 0.632704 -0.595939
f 3341/4472/6161 3334/4465/6161 3335/4466/6161

vn -0.451185 0.506414 0.734831
f 3341/4472/6162 3335/4466/6162 3336/4467/6162

vn -0.0474137 0.44672 0.893417
f 3341/4472/6163 3336/4467/6163 3337/4468/6163

vn 0.54644 0.485797 0.682206
f 3341/4472/6164 3337/4468/6164 3339/4470/6164

vn 0.331372 0.376438 0.865151
f 3328/4459/6165 3343/4474/6165 3327/4458/6165

vn -0.243885 0.512337 -0.823426
f 3325/4456/6166 3327/4458/6166 3343/4474/6166

vn 0.81838 0.574573 0.0109537
f 3299/4430/6167 3300/4431/6167 3304/4435/6167

vn -0.0546685 0.340695 -0.938583
f 3303/4434/6168 3261/4392/6168 3262/4393/6168

vn 0.714951 0.417623 -0.560746
v 0.242953 3.01701 -0.370947
vt 0.601857 1.42859
f 3261/4392/6169 3303/4434/6169 3345/4476/6169

vn 0.86962 0.491225 0.0495859
f 3345/4476/6170 3303/4434/6170 3301/4432/6170

v 0.190314 3.12067 -0.42659
vt 0.579518 1.44127
vn -0.698846 0.0287603 0.714694
f 3346/4477/6171 3261/4392/6171 3345/4476/6171

vn -0.886425 -0.0348017 0.461563
f 3259/4390/6172 3261/4392/6172 3346/4477/6172

vn -0.173587 0.469281 -0.865819
v 0.26419 2.98567 -0.514574
vt 0.608869 1.46063
f 3346/4477/6173 3347/4478/6173 3259/4390/6173

vn 0.725828 0.607495 -0.322682
v 0.307685 2.9987 -0.392206
vt 0.62707 1.43477
f 3347/4478/6174 3346/4477/6174 3348/4479/6174

vn 0.397628 0.582488 0.708942
f 3346/4477/6175 3345/4476/6175 3348/4479/6175

vn 0.633046 0.576515 0.516608
v 0.136582 3.1131 -0.500413
vt 0.553632 1.45584
f 3347/4478/6176 3349/4480/6176 3259/4390/6176

vn 0.416012 0.500924 -0.758953
v 0.115263 2.99342 -0.591094
vt 0.546989 1.47969
f 3349/4480/6177 3347/4478/6177 3350/4481/6177

vn -0.435754 0.591579 -0.678346
f 3349/4480/6178 3350/4481/6178 3260/4391/6178

vn 0.745236 0.642216 -0.179392
f 3350/4481/6179 3267/4398/6179 3260/4391/6179

vn 0.240605 0.50714 -0.827598
v -0.0136241 2.99606 -0.626946
vt 0.490391 1.48756
f 3267/4398/6180 3350/4481/6180 3351/4482/6180

vn -0.31233 0.558224 -0.768659
f 3267/4398/6181 3351/4482/6181 3269/4400/6181

vn -0.474308 0.177495 0.862281
f 3349/4480/6182 3260/4391/6182 3259/4390/6182

